customer_id,total_orders,days_since_last_purchase,last_purchase_date,churned
5,3,146,2024-10-23 11:58:00,1
6,2,18,2025-02-28 01:55:00,0
7,5,6,2025-03-12 12:46:00,0
8,4,116,2024-11-22 00:23:00,0
9,4,1,2025-03-17 20:04:00,0
11,1,185,2024-09-14 11:46:00,1
14,3,93,2024-12-15 21:09:00,0
15,4,138,2024-10-31 08:42:00,1
17,4,10,2025-03-08 02:24:00,0
18,1,273,2024-06-18 06:33:00,1
19,3,25,2025-02-21 18:15:00,0
20,5,6,2025-03-12 00:29:00,0
21,5,54,2025-01-23 21:38:00,0
23,1,63,2025-01-14 23:22:00,0
28,3,147,2024-10-22 14:51:00,1
30,1,21,2025-02-25 19:27:00,0
37,1,27,2025-02-19 09:46:00,0
38,2,26,2025-02-20 09:36:00,0
39,4,123,2024-11-15 19:43:00,1
40,1,271,2024-06-20 08:55:00,1
41,4,32,2025-02-14 08:14:00,0
43,6,4,2025-03-14 03:38:00,0
44,3,67,2025-01-10 10:25:00,0
45,3,25,2025-02-21 17:09:00,0
46,3,37,2025-02-09 03:46:00,0
52,1,62,2025-01-15 05:27:00,0
53,5,31,2025-02-15 10:42:00,0
54,3,45,2025-02-01 18:53:00,0
55,5,15,2025-03-03 05:53:00,0
56,2,23,2025-02-23 12:23:00,0
60,1,86,2024-12-22 08:49:00,0
62,4,59,2025-01-18 11:03:00,0
65,1,20,2025-02-26 02:10:00,0
67,4,99,2024-12-09 05:37:00,0
69,2,227,2024-08-03 10:47:00,1
70,3,-1,2025-03-19 08:28:00,0
71,1,160,2024-10-09 19:29:00,1
72,6,13,2025-03-05 23:38:00,0
75,6,89,2024-12-19 09:26:00,0
76,1,275,2024-06-16 19:41:00,1
85,3,1,2025-03-17 05:11:00,0
86,1,318,2024-05-04 10:58:00,1
88,2,48,2025-01-29 20:11:00,0
89,7,21,2025-02-25 03:26:00,0
93,2,207,2024-08-23 02:38:00,1
94,2,44,2025-02-02 10:20:00,0
98,1,41,2025-02-05 22:55:00,0
100,1,17,2025-03-01 09:53:00,0
101,2,320,2024-05-02 17:34:00,1
103,2,200,2024-08-30 09:39:00,1
105,2,336,2024-04-16 11:26:00,1
106,4,206,2024-08-24 14:33:00,1
107,4,191,2024-09-08 01:48:00,1
109,6,46,2025-01-31 01:18:00,0
110,2,151,2024-10-18 05:01:00,1
113,6,37,2025-02-09 15:09:00,0
115,4,154,2024-10-15 23:48:00,1
119,2,87,2024-12-21 21:23:00,0
121,4,1,2025-03-17 21:30:00,0
122,3,27,2025-02-19 22:33:00,0
123,3,153,2024-10-16 14:23:00,1
125,2,143,2024-10-26 10:38:00,1
126,6,28,2025-02-18 08:07:00,0
129,8,20,2025-02-26 02:32:00,0
130,6,100,2024-12-08 01:29:00,0
131,3,124,2024-11-14 14:49:00,1
133,6,41,2025-02-05 23:06:00,0
135,2,0,2025-03-18 13:33:00,0
142,6,8,2025-03-10 21:16:00,0
144,5,14,2025-03-04 10:11:00,0
145,3,261,2024-06-30 07:08:00,1
146,3,26,2025-02-20 11:01:00,0
149,5,31,2025-02-15 18:04:00,0
151,4,105,2024-12-03 11:49:00,0
154,8,90,2024-12-18 23:59:00,0
156,2,15,2025-03-03 18:08:00,0
158,5,48,2025-01-29 16:07:00,0
159,1,311,2024-05-11 12:41:00,1
160,4,7,2025-03-11 18:30:00,0
162,1,283,2024-06-08 04:06:00,1
163,4,44,2025-02-02 04:58:00,0
166,2,210,2024-08-20 07:41:00,1
167,1,352,2024-03-31 03:19:00,1
168,1,155,2024-10-14 13:04:00,1
177,5,128,2024-11-10 16:04:00,1
179,3,23,2025-02-23 11:23:00,0
182,6,31,2025-02-15 09:40:00,0
184,3,19,2025-02-27 06:54:00,0
185,3,148,2024-10-21 20:35:00,1
192,4,106,2024-12-02 00:01:00,0
195,1,4,2025-03-14 01:37:00,0
197,2,115,2024-11-23 04:21:00,0
199,2,85,2024-12-23 16:46:00,0
200,2,268,2024-06-23 07:00:00,1
205,3,86,2024-12-22 18:26:00,0
208,3,173,2024-09-26 01:12:00,1
209,2,40,2025-02-06 00:59:00,0
210,4,36,2025-02-10 05:38:00,0
211,7,45,2025-02-01 13:05:00,0
213,4,110,2024-11-28 05:33:00,0
224,3,46,2025-01-31 10:30:00,0
229,1,191,2024-09-08 22:54:00,1
231,4,76,2025-01-01 13:26:00,0
233,6,23,2025-02-23 01:05:00,0
234,3,174,2024-09-25 13:26:00,1
235,3,111,2024-11-27 22:56:00,0
236,1,9,2025-03-09 19:24:00,0
237,2,158,2024-10-11 07:00:00,1
238,3,48,2025-01-29 10:14:00,0
239,2,114,2024-11-24 03:45:00,0
240,2,91,2024-12-17 04:19:00,0
241,1,145,2024-10-24 14:16:00,1
243,3,168,2024-10-01 07:40:00,1
249,3,55,2025-01-22 14:40:00,0
250,3,24,2025-02-22 20:38:00,0
253,3,94,2024-12-14 11:10:00,0
259,1,137,2024-11-01 13:11:00,1
262,4,23,2025-02-23 20:39:00,0
264,1,23,2025-02-23 03:36:00,0
265,2,122,2024-11-16 15:02:00,1
267,2,3,2025-03-15 16:02:00,0
272,1,298,2024-05-24 01:17:00,1
273,7,70,2025-01-07 06:51:00,0
274,1,87,2024-12-21 14:58:00,0
277,2,201,2024-08-29 12:44:00,1
278,4,17,2025-03-01 13:51:00,0
280,2,138,2024-10-31 21:14:00,1
281,4,24,2025-02-22 01:46:00,0
283,3,80,2024-12-28 19:58:00,0
287,3,6,2025-03-12 09:19:00,0
288,3,223,2024-08-07 23:41:00,1
293,4,6,2025-03-12 16:40:00,0
299,4,135,2024-11-03 17:18:00,1
300,2,265,2024-06-26 09:00:00,1
303,5,21,2025-02-25 09:39:00,0
307,4,53,2025-01-24 18:31:00,0
309,4,85,2024-12-23 14:16:00,0
312,4,29,2025-02-17 08:54:00,0
314,2,57,2025-01-20 10:01:00,0
316,5,25,2025-02-21 05:23:00,0
317,2,50,2025-01-27 21:28:00,0
318,6,82,2024-12-26 12:39:00,0
320,2,145,2024-10-24 16:09:00,1
321,3,70,2025-01-07 12:50:00,0
322,5,140,2024-10-29 13:07:00,1
324,2,33,2025-02-13 00:53:00,0
325,3,18,2025-02-28 06:28:00,0
326,8,6,2025-03-12 07:15:00,0
327,2,115,2024-11-23 06:51:00,0
330,4,110,2024-11-28 06:32:00,0
332,3,90,2024-12-18 03:12:00,0
334,6,7,2025-03-11 21:49:00,0
335,4,83,2024-12-25 08:13:00,0
337,4,32,2025-02-14 15:33:00,0
338,1,153,2024-10-16 11:46:00,1
339,5,37,2025-02-09 05:08:00,0
345,2,7,2025-03-11 17:17:00,0
346,2,216,2024-08-14 17:01:00,1
348,1,166,2024-10-03 16:37:00,1
351,2,3,2025-03-15 10:09:00,0
352,2,145,2024-10-24 23:45:00,1
354,1,317,2024-05-05 16:21:00,1
360,1,118,2024-11-20 12:35:00,0
365,3,109,2024-11-29 04:44:00,0
367,3,55,2025-01-22 15:51:00,0
368,5,169,2024-09-30 17:07:00,1
369,2,283,2024-06-08 00:47:00,1
370,3,96,2024-12-12 08:55:00,0
373,6,75,2025-01-02 04:45:00,0
374,3,23,2025-02-23 09:25:00,0
376,4,145,2024-10-24 22:03:00,1
378,4,19,2025-02-27 12:51:00,0
379,2,38,2025-02-08 03:40:00,0
380,9,40,2025-02-06 16:37:00,0
381,9,2,2025-03-16 01:58:00,0
382,1,124,2024-11-14 17:14:00,1
383,2,67,2025-01-10 15:02:00,0
384,5,55,2025-01-22 12:09:00,0
385,2,29,2025-02-17 14:30:00,0
386,2,178,2024-09-21 17:16:00,1
387,2,111,2024-11-27 06:19:00,0
388,2,289,2024-06-02 02:07:00,1
389,2,181,2024-09-18 18:10:00,1
390,2,109,2024-11-29 06:52:00,0
393,2,46,2025-01-31 19:06:00,0
394,1,99,2024-12-09 08:34:00,0
395,3,111,2024-11-27 10:55:00,0
396,3,20,2025-02-26 19:27:00,0
397,3,147,2024-10-22 21:34:00,1
398,1,271,2024-06-20 02:15:00,1
399,3,93,2024-12-15 18:10:00,0
400,2,180,2024-09-19 08:22:00,1
407,4,138,2024-10-31 21:52:00,1
410,1,28,2025-02-18 01:03:00,0
411,4,131,2024-11-07 12:10:00,1
412,1,318,2024-05-04 20:17:00,1
414,1,230,2024-07-31 14:09:00,1
417,5,29,2025-02-17 08:46:00,0
420,5,30,2025-02-16 05:05:00,0
421,2,7,2025-03-11 10:27:00,0
423,3,72,2025-01-05 09:17:00,0
425,6,15,2025-03-03 08:08:00,0
427,1,188,2024-09-11 14:03:00,1
431,3,59,2025-01-18 20:24:00,0
433,4,59,2025-01-18 01:09:00,0
435,3,134,2024-11-04 04:48:00,1
442,6,61,2025-01-16 03:10:00,0
443,3,101,2024-12-07 02:18:00,0
444,4,26,2025-02-20 10:03:00,0
446,5,66,2025-01-11 21:04:00,0
447,5,35,2025-02-11 17:26:00,0
448,2,8,2025-03-10 23:20:00,0
449,2,173,2024-09-26 20:40:00,1
452,2,171,2024-09-28 18:27:00,1
454,2,109,2024-11-29 11:32:00,0
455,2,38,2025-02-08 07:55:00,0
457,4,64,2025-01-13 16:38:00,0
459,2,82,2024-12-26 01:24:00,0
460,6,55,2025-01-22 20:17:00,0
461,5,88,2024-12-20 07:23:00,0
463,3,94,2024-12-14 16:29:00,0
464,2,123,2024-11-15 02:23:00,1
465,6,39,2025-02-07 06:26:00,0
467,4,1,2025-03-17 04:42:00,0
469,5,76,2025-01-01 09:11:00,0
470,3,5,2025-03-13 23:00:00,0
472,2,52,2025-01-25 22:41:00,0
473,1,301,2024-05-21 22:17:00,1
474,5,69,2025-01-08 00:18:00,0
478,3,62,2025-01-15 13:45:00,0
480,2,52,2025-01-25 09:51:00,0
484,4,9,2025-03-09 20:44:00,0
486,5,67,2025-01-10 05:54:00,0
489,1,37,2025-02-09 02:55:00,0
490,2,161,2024-10-08 00:42:00,1
491,4,40,2025-02-06 03:30:00,0
493,1,171,2024-09-28 21:46:00,1
494,6,16,2025-03-02 17:19:00,0
495,5,12,2025-03-06 06:12:00,0
502,4,59,2025-01-18 04:18:00,0
508,1,189,2024-09-10 17:19:00,1
511,5,106,2024-12-02 04:25:00,0
514,5,29,2025-02-17 08:08:00,0
515,4,173,2024-09-26 07:30:00,1
517,3,132,2024-11-06 13:24:00,1
519,3,20,2025-02-26 17:21:00,0
520,2,222,2024-08-08 08:11:00,1
521,1,348,2024-04-04 02:30:00,1
522,3,76,2025-01-01 09:54:00,0
530,2,114,2024-11-24 09:57:00,0
531,5,107,2024-12-01 08:18:00,0
534,4,43,2025-02-03 00:39:00,0
537,1,3,2025-03-15 10:08:00,0
538,5,9,2025-03-09 12:47:00,0
539,2,92,2024-12-16 03:52:00,0
540,1,358,2024-03-25 23:15:00,1
542,2,258,2024-07-03 17:32:00,1
543,4,157,2024-10-12 17:31:00,1
544,4,11,2025-03-07 09:50:00,0
545,1,81,2024-12-27 13:08:00,0
547,6,27,2025-02-19 14:11:00,0
549,4,167,2024-10-02 00:02:00,1
550,4,64,2025-01-13 11:42:00,0
551,3,98,2024-12-10 21:03:00,0
552,2,123,2024-11-15 07:10:00,1
553,3,151,2024-10-18 00:26:00,1
554,3,69,2025-01-08 14:02:00,0
557,4,193,2024-09-06 03:47:00,1
558,3,5,2025-03-13 21:35:00,0
559,3,10,2025-03-08 03:41:00,0
561,2,19,2025-02-27 22:01:00,0
562,3,7,2025-03-11 17:54:00,0
566,5,7,2025-03-11 11:28:00,0
567,4,71,2025-01-06 10:54:00,0
568,2,7,2025-03-11 08:38:00,0
571,2,121,2024-11-17 00:30:00,1
572,4,134,2024-11-04 14:48:00,1
573,4,74,2025-01-03 09:14:00,0
574,4,9,2025-03-09 20:09:00,0
577,2,154,2024-10-15 12:11:00,1
580,4,70,2025-01-07 03:13:00,0
581,7,18,2025-02-28 21:42:00,0
582,2,81,2024-12-27 01:31:00,0
583,2,97,2024-12-11 10:48:00,0
584,1,358,2024-03-25 05:37:00,1
585,4,168,2024-10-01 03:22:00,1
586,3,14,2025-03-04 13:49:00,0
587,2,14,2025-03-04 21:33:00,0
588,2,143,2024-10-26 01:28:00,1
590,2,4,2025-03-14 22:14:00,0
591,1,231,2024-07-30 04:57:00,1
592,1,183,2024-09-16 00:06:00,1
594,2,145,2024-10-24 18:25:00,1
596,2,178,2024-09-21 04:20:00,1
597,3,114,2024-11-24 21:25:00,0
600,3,95,2024-12-13 05:01:00,0
601,6,52,2025-01-25 17:44:00,0
604,3,134,2024-11-04 01:11:00,1
607,2,78,2024-12-30 21:28:00,0
608,1,243,2024-07-18 02:54:00,1
609,1,144,2024-10-25 09:02:00,1
614,3,94,2024-12-14 04:02:00,0
617,1,206,2024-08-24 09:20:00,1
618,3,27,2025-02-19 01:00:00,0
619,2,272,2024-06-19 02:18:00,1
620,8,30,2025-02-16 10:24:00,0
621,5,13,2025-03-05 14:18:00,0
624,5,48,2025-01-29 17:39:00,0
628,6,9,2025-03-09 03:25:00,0
631,1,286,2024-06-05 12:20:00,1
635,1,38,2025-02-08 19:07:00,0
636,2,281,2024-06-10 21:31:00,1
642,7,36,2025-02-10 04:33:00,0
643,1,147,2024-10-22 20:56:00,1
644,2,217,2024-08-13 03:44:00,1
651,1,337,2024-04-15 20:16:00,1
654,1,119,2024-11-19 01:44:00,0
655,2,226,2024-08-04 01:47:00,1
656,4,60,2025-01-17 05:12:00,0
664,2,41,2025-02-05 19:08:00,0
668,2,325,2024-04-27 07:05:00,1
670,3,108,2024-11-30 10:04:00,0
677,4,95,2024-12-13 16:16:00,0
678,2,52,2025-01-25 05:41:00,0
680,3,74,2025-01-03 08:39:00,0
682,5,200,2024-08-30 06:35:00,1
687,1,230,2024-07-31 06:05:00,1
690,4,14,2025-03-04 02:43:00,0
693,4,142,2024-10-27 23:10:00,1
697,2,292,2024-05-30 04:05:00,1
698,3,44,2025-02-02 17:51:00,0
700,3,60,2025-01-17 08:06:00,0
702,5,264,2024-06-27 22:11:00,1
705,3,29,2025-02-17 02:03:00,0
709,2,237,2024-07-24 05:12:00,1
710,2,48,2025-01-29 21:00:00,0
713,3,94,2024-12-14 21:43:00,0
715,2,114,2024-11-24 11:29:00,0
718,2,91,2024-12-17 19:26:00,0
720,2,230,2024-07-31 02:50:00,1
721,5,16,2025-03-02 10:22:00,0
722,3,72,2025-01-05 04:56:00,0
724,3,3,2025-03-15 20:28:00,0
729,3,41,2025-02-05 19:42:00,0
731,4,29,2025-02-17 06:09:00,0
734,4,99,2024-12-09 00:24:00,0
738,2,20,2025-02-26 03:14:00,0
747,4,40,2025-02-06 10:08:00,0
748,2,210,2024-08-20 23:33:00,1
752,4,52,2025-01-25 23:28:00,0
753,5,141,2024-10-28 21:49:00,1
757,2,290,2024-06-01 01:26:00,1
758,1,47,2025-01-30 01:43:00,0
759,2,194,2024-09-05 00:04:00,1
763,4,65,2025-01-12 23:42:00,0
764,4,88,2024-12-20 15:08:00,0
768,6,66,2025-01-11 14:10:00,0
771,2,142,2024-10-27 14:32:00,1
772,2,274,2024-06-17 12:27:00,1
773,4,46,2025-01-31 13:24:00,0
774,4,29,2025-02-17 05:11:00,0
778,3,42,2025-02-04 02:13:00,0
780,2,166,2024-10-03 12:47:00,1
781,2,70,2025-01-07 09:51:00,0
783,3,21,2025-02-25 06:57:00,0
785,1,103,2024-12-05 09:41:00,0
786,2,28,2025-02-18 13:22:00,0
787,6,65,2025-01-12 23:31:00,0
788,4,33,2025-02-13 03:05:00,0
790,1,111,2024-11-27 12:28:00,0
792,2,89,2024-12-19 16:57:00,0
794,6,43,2025-02-03 11:30:00,0
795,1,325,2024-04-27 18:03:00,1
796,3,178,2024-09-21 16:17:00,1
797,3,0,2025-03-18 06:25:00,0
799,2,44,2025-02-02 14:56:00,0
804,3,71,2025-01-06 03:38:00,0
805,3,52,2025-01-25 08:53:00,0
808,7,16,2025-03-02 00:34:00,0
809,4,26,2025-02-20 12:10:00,0
810,6,37,2025-02-09 12:14:00,0
815,2,138,2024-10-31 23:38:00,1
816,4,99,2024-12-09 08:51:00,0
819,6,5,2025-03-13 05:54:00,0
820,3,16,2025-03-02 07:44:00,0
821,2,87,2024-12-21 23:18:00,0
823,4,58,2025-01-19 01:03:00,0
824,3,35,2025-02-11 14:18:00,0
828,1,74,2025-01-03 14:48:00,0
831,4,50,2025-01-27 15:04:00,0
836,4,35,2025-02-11 16:57:00,0
837,4,132,2024-11-06 18:02:00,1
839,5,36,2025-02-10 16:10:00,0
841,4,90,2024-12-18 12:48:00,0
842,9,5,2025-03-13 20:32:00,0
843,3,101,2024-12-07 14:38:00,0
845,6,15,2025-03-03 16:21:00,0
848,3,19,2025-02-27 23:50:00,0
850,1,356,2024-03-27 06:03:00,1
856,1,316,2024-05-06 12:41:00,1
861,3,83,2024-12-25 03:48:00,0
867,1,273,2024-06-18 01:39:00,1
868,2,126,2024-11-12 13:58:00,1
870,2,178,2024-09-21 04:32:00,1
871,3,65,2025-01-12 15:32:00,0
872,5,32,2025-02-14 03:54:00,0
874,2,235,2024-07-26 19:47:00,1
877,2,58,2025-01-19 14:32:00,0
881,2,172,2024-09-27 06:52:00,1
882,4,229,2024-08-01 01:02:00,1
883,4,-1,2025-03-19 03:43:00,0
884,4,92,2024-12-16 21:57:00,0
888,3,176,2024-09-23 23:34:00,1
892,3,48,2025-01-29 05:04:00,0
894,3,16,2025-03-02 00:11:00,0
897,2,218,2024-08-12 15:24:00,1
898,2,1,2025-03-17 00:04:00,0
901,1,140,2024-10-29 20:22:00,1
902,2,141,2024-10-28 21:08:00,1
903,2,150,2024-10-19 19:33:00,1
904,1,322,2024-04-30 02:22:00,1
905,5,49,2025-01-28 19:41:00,0
906,6,27,2025-02-19 13:56:00,0
909,2,108,2024-11-30 01:42:00,0
910,5,92,2024-12-16 21:08:00,0
911,2,297,2024-05-25 08:24:00,1
913,4,25,2025-02-21 17:31:00,0
916,3,103,2024-12-05 08:27:00,0
918,1,87,2024-12-21 08:39:00,0
921,2,225,2024-08-05 21:00:00,1
924,2,69,2025-01-08 16:40:00,0
926,2,56,2025-01-21 16:58:00,0
929,1,291,2024-05-31 15:48:00,1
930,2,13,2025-03-05 13:47:00,0
932,4,197,2024-09-02 16:52:00,1
933,4,232,2024-07-29 21:10:00,1
934,8,10,2025-03-08 09:31:00,0
935,4,32,2025-02-14 12:40:00,0
936,1,193,2024-09-06 11:46:00,1
943,2,209,2024-08-21 08:09:00,1
944,3,60,2025-01-17 12:46:00,0
945,2,177,2024-09-22 05:32:00,1
946,8,26,2025-02-20 14:28:00,0
947,1,156,2024-10-13 04:14:00,1
948,5,5,2025-03-13 20:23:00,0
951,3,42,2025-02-04 21:45:00,0
958,2,207,2024-08-23 12:52:00,1
959,7,147,2024-10-22 22:15:00,1
962,1,151,2024-10-18 06:44:00,1
965,3,126,2024-11-12 13:24:00,1
966,4,58,2025-01-19 06:50:00,0
967,4,83,2024-12-25 08:11:00,0
970,2,34,2025-02-12 13:01:00,0
971,9,4,2025-03-14 03:19:00,0
974,2,60,2025-01-17 19:28:00,0
975,2,120,2024-11-18 20:28:00,0
983,2,84,2024-12-24 10:16:00,0
984,4,99,2024-12-09 19:25:00,0
985,3,28,2025-02-18 00:25:00,0
987,4,3,2025-03-15 08:57:00,0
988,4,269,2024-06-22 18:38:00,1
991,2,143,2024-10-26 17:28:00,1
993,6,66,2025-01-11 06:23:00,0
994,7,77,2024-12-31 11:03:00,0
996,3,103,2024-12-05 14:04:00,0
997,1,349,2024-04-03 18:11:00,1
1000,3,39,2025-02-07 01:10:00,0
1001,2,48,2025-01-29 16:34:00,0
1004,5,39,2025-02-07 16:48:00,0
1005,2,57,2025-01-20 07:56:00,0
1007,3,251,2024-07-10 17:16:00,1
1008,4,4,2025-03-14 03:24:00,0
1009,5,76,2025-01-01 10:29:00,0
1011,2,31,2025-02-15 09:53:00,0
1014,3,171,2024-09-28 20:25:00,1
1016,2,26,2025-02-20 23:15:00,0
1018,5,71,2025-01-06 14:08:00,0
1021,2,134,2024-11-04 00:58:00,1
1022,4,63,2025-01-14 23:43:00,0
1023,1,253,2024-07-08 10:38:00,1
1024,4,25,2025-02-21 16:25:00,0
1025,7,8,2025-03-10 09:48:00,0
1027,2,91,2024-12-17 13:07:00,0
1029,3,68,2025-01-09 17:40:00,0
1030,3,94,2024-12-14 10:00:00,0
1031,3,223,2024-08-07 05:05:00,1
1037,3,225,2024-08-05 16:42:00,1
1038,6,171,2024-09-28 13:06:00,1
1039,2,276,2024-06-15 14:32:00,1
1042,2,12,2025-03-06 05:51:00,0
1043,7,3,2025-03-15 16:06:00,0
1045,2,150,2024-10-19 12:28:00,1
1048,1,254,2024-07-07 18:31:00,1
1049,4,14,2025-03-04 06:23:00,0
1050,2,-1,2025-03-19 09:01:00,0
1051,3,213,2024-08-17 17:57:00,1
1053,1,103,2024-12-05 14:28:00,0
1054,3,9,2025-03-09 12:46:00,0
1056,5,0,2025-03-18 09:54:00,0
1057,1,221,2024-08-09 01:41:00,1
1060,5,54,2025-01-23 01:08:00,0
1061,5,88,2024-12-20 05:06:00,0
1062,7,14,2025-03-04 04:54:00,0
1065,1,56,2025-01-21 11:23:00,0
1066,4,1,2025-03-17 06:12:00,0
1067,2,37,2025-02-09 18:28:00,0
1068,6,83,2024-12-25 06:59:00,0
1071,7,92,2024-12-16 17:34:00,0
1075,4,0,2025-03-18 12:43:00,0
1076,2,227,2024-08-03 08:08:00,1
1079,1,149,2024-10-20 07:18:00,1
1081,3,33,2025-02-13 12:20:00,0
1082,7,0,2025-03-18 21:44:00,0
1084,1,237,2024-07-24 02:55:00,1
1086,1,162,2024-10-07 02:30:00,1
1087,1,188,2024-09-11 04:13:00,1
1089,4,19,2025-02-27 14:53:00,0
1090,2,44,2025-02-02 17:35:00,0
1093,6,17,2025-03-01 22:00:00,0
1095,1,203,2024-08-27 13:06:00,1
1097,1,294,2024-05-28 18:15:00,1
1098,2,222,2024-08-08 11:12:00,1
1101,3,21,2025-02-25 21:09:00,0
1102,3,74,2025-01-03 10:47:00,0
1103,6,94,2024-12-14 17:05:00,0
1105,1,192,2024-09-07 22:59:00,1
1106,2,126,2024-11-12 05:58:00,1
1107,2,124,2024-11-14 22:58:00,1
1110,1,320,2024-05-02 22:41:00,1
1111,2,20,2025-02-26 09:54:00,0
1112,2,291,2024-05-31 03:47:00,1
1116,2,97,2024-12-11 08:16:00,0
1117,1,172,2024-09-27 10:43:00,1
1119,4,139,2024-10-30 07:08:00,1
1120,1,268,2024-06-23 08:53:00,1
1123,4,71,2025-01-06 12:39:00,0
1128,3,274,2024-06-17 16:47:00,1
1130,1,81,2024-12-27 08:48:00,0
1131,3,100,2024-12-08 10:43:00,0
1135,4,10,2025-03-08 18:02:00,0
1136,5,58,2025-01-19 06:20:00,0
1137,1,263,2024-06-28 04:16:00,1
1138,2,56,2025-01-21 12:20:00,0
1141,4,48,2025-01-29 11:52:00,0
1144,2,180,2024-09-19 05:01:00,1
1146,5,72,2025-01-05 09:42:00,0
1150,2,102,2024-12-06 14:49:00,0
1152,4,20,2025-02-26 11:30:00,0
1153,2,217,2024-08-13 12:39:00,1
1155,4,85,2024-12-23 02:51:00,0
1157,5,235,2024-07-26 09:03:00,1
1158,1,114,2024-11-24 10:50:00,0
1162,3,63,2025-01-14 08:54:00,0
1164,2,165,2024-10-04 00:17:00,1
1166,6,77,2024-12-31 06:09:00,0
1167,2,44,2025-02-02 03:45:00,0
1169,2,34,2025-02-12 13:30:00,0
1170,1,165,2024-10-04 07:01:00,1
1172,3,219,2024-08-11 11:07:00,1
1173,4,117,2024-11-21 13:04:00,0
1176,3,11,2025-03-07 06:15:00,0
1177,4,110,2024-11-28 14:29:00,0
1182,1,298,2024-05-24 08:30:00,1
1183,2,21,2025-02-25 07:36:00,0
1184,3,155,2024-10-14 05:32:00,1
1187,2,110,2024-11-28 12:04:00,0
1188,2,174,2024-09-25 04:29:00,1
1189,3,88,2024-12-20 01:03:00,0
1191,5,21,2025-02-25 12:44:00,0
1192,3,97,2024-12-11 10:52:00,0
1193,3,138,2024-10-31 16:31:00,1
1198,6,19,2025-02-27 03:08:00,0
1200,2,138,2024-10-31 05:13:00,1
1202,2,193,2024-09-06 18:18:00,1
1209,2,88,2024-12-20 15:29:00,0
1211,6,13,2025-03-05 14:53:00,0
1214,3,71,2025-01-06 03:07:00,0
1215,3,24,2025-02-22 02:37:00,0
1217,2,160,2024-10-09 04:33:00,1
1219,4,135,2024-11-03 20:14:00,1
1220,2,183,2024-09-16 12:12:00,1
1223,1,149,2024-10-20 19:44:00,1
1224,5,73,2025-01-04 11:08:00,0
1226,5,61,2025-01-16 10:34:00,0
1229,4,84,2024-12-24 07:56:00,0
1230,3,48,2025-01-29 00:31:00,0
1231,2,26,2025-02-20 22:19:00,0
1234,4,25,2025-02-21 18:01:00,0
1238,1,247,2024-07-14 05:03:00,1
1239,2,14,2025-03-04 21:49:00,0
1240,6,93,2024-12-15 04:25:00,0
1241,3,126,2024-11-12 05:27:00,1
1245,3,30,2025-02-16 01:46:00,0
1246,2,44,2025-02-02 08:51:00,0
1248,5,61,2025-01-16 05:49:00,0
1249,3,205,2024-08-25 12:28:00,1
1250,2,31,2025-02-15 21:02:00,0
1251,2,158,2024-10-11 21:56:00,1
1255,2,125,2024-11-13 05:00:00,1
1256,5,153,2024-10-16 17:29:00,1
1259,1,96,2024-12-12 10:30:00,0
1263,2,162,2024-10-07 06:49:00,1
1264,5,14,2025-03-05 00:00:00,0
1265,1,281,2024-06-10 10:55:00,1
1266,3,249,2024-07-12 02:06:00,1
1267,1,156,2024-10-13 12:38:00,1
1270,8,110,2024-11-28 21:36:00,0
1271,3,93,2024-12-15 11:34:00,0
1273,1,317,2024-05-05 19:44:00,1
1275,3,153,2024-10-16 12:33:00,1
1277,4,55,2025-01-22 12:27:00,0
1278,2,36,2025-02-10 09:03:00,0
1279,1,339,2024-04-13 04:14:00,1
1280,1,75,2025-01-02 21:50:00,0
1281,7,25,2025-02-21 02:32:00,0
1282,2,23,2025-02-23 02:58:00,0
1283,6,59,2025-01-18 22:13:00,0
1285,1,352,2024-03-31 07:42:00,1
1286,5,16,2025-03-02 19:34:00,0
1289,2,153,2024-10-16 07:48:00,1
1290,1,67,2025-01-10 11:17:00,0
1291,5,40,2025-02-06 06:57:00,0
1292,6,164,2024-10-05 18:16:00,1
1294,5,141,2024-10-28 23:27:00,1
1295,2,83,2024-12-25 13:06:00,0
1296,3,80,2024-12-28 13:19:00,0
1297,2,135,2024-11-03 01:20:00,1
1298,1,73,2025-01-04 00:44:00,0
1300,3,29,2025-02-17 17:20:00,0
1301,1,336,2024-04-16 11:09:00,1
1302,1,11,2025-03-07 06:03:00,0
1304,5,162,2024-10-07 16:22:00,1
1305,3,32,2025-02-14 10:07:00,0
1306,2,160,2024-10-09 13:20:00,1
1308,3,60,2025-01-17 04:51:00,0
1310,5,44,2025-02-02 02:26:00,0
1312,2,28,2025-02-18 18:59:00,0
1313,5,30,2025-02-16 04:47:00,0
1314,5,100,2024-12-08 07:10:00,0
1316,2,117,2024-11-21 13:16:00,0
1322,3,41,2025-02-05 01:54:00,0
1323,3,63,2025-01-14 17:54:00,0
1325,5,44,2025-02-02 05:06:00,0
1326,1,123,2024-11-15 01:24:00,1
1327,5,1,2025-03-17 21:57:00,0
1328,2,206,2024-08-24 02:38:00,1
1330,5,80,2024-12-28 16:20:00,0
1331,1,164,2024-10-05 18:40:00,1
1332,3,223,2024-08-07 01:59:00,1
1335,3,-1,2025-03-19 00:23:00,0
1336,5,16,2025-03-02 18:54:00,0
1337,2,17,2025-03-01 05:27:00,0
1339,2,203,2024-08-27 09:00:00,1
1343,4,12,2025-03-06 09:05:00,0
1344,3,55,2025-01-22 04:50:00,0
1345,2,269,2024-06-22 14:59:00,1
1353,2,36,2025-02-10 19:53:00,0
1355,1,336,2024-04-16 09:52:00,1
1358,3,80,2024-12-28 16:19:00,0
1359,4,113,2024-11-25 04:12:00,0
1360,1,110,2024-11-28 14:18:00,0
1362,2,269,2024-06-22 04:26:00,1
1365,6,94,2024-12-14 03:44:00,0
1366,3,10,2025-03-08 21:54:00,0
1367,7,92,2024-12-16 06:06:00,0
1368,3,177,2024-09-22 05:30:00,1
1370,4,42,2025-02-04 09:12:00,0
1371,3,54,2025-01-23 20:02:00,0
1372,2,128,2024-11-10 04:53:00,1
1374,2,63,2025-01-14 03:47:00,0
1375,1,347,2024-04-05 10:11:00,1
1377,2,143,2024-10-26 06:15:00,1
1379,2,107,2024-12-01 05:03:00,0
1380,6,5,2025-03-13 06:01:00,0
1381,1,318,2024-05-04 15:23:00,1
1386,2,64,2025-01-13 19:23:00,0
1387,5,2,2025-03-16 12:08:00,0
1389,1,349,2024-04-03 12:01:00,1
1391,1,200,2024-08-30 10:09:00,1
1392,1,91,2024-12-17 17:17:00,0
1398,2,123,2024-11-15 23:29:00,1
1401,2,39,2025-02-07 00:16:00,0
1402,3,14,2025-03-04 21:33:00,0
1403,3,3,2025-03-15 08:32:00,0
1407,2,142,2024-10-27 03:38:00,1
1412,6,59,2025-01-18 16:27:00,0
1413,2,41,2025-02-05 12:59:00,0
1415,4,3,2025-03-15 14:57:00,0
1416,6,34,2025-02-12 07:00:00,0
1418,2,7,2025-03-11 04:46:00,0
1420,2,82,2024-12-26 13:10:00,0
1421,2,74,2025-01-03 22:25:00,0
1422,3,101,2024-12-07 10:10:00,0
1425,2,82,2024-12-26 08:25:00,0
1427,2,162,2024-10-07 11:10:00,1
1428,2,70,2025-01-07 21:02:00,0
1430,1,255,2024-07-06 07:22:00,1
1432,4,92,2024-12-16 00:50:00,0
1433,1,96,2024-12-12 12:07:00,0
1435,2,179,2024-09-20 09:27:00,1
1436,5,76,2025-01-01 20:44:00,0
1439,4,5,2025-03-13 12:59:00,0
1442,1,281,2024-06-10 00:03:00,1
1444,2,213,2024-08-17 23:11:00,1
1445,6,61,2025-01-16 00:53:00,0
1447,1,252,2024-07-09 11:09:00,1
1448,3,195,2024-09-04 05:31:00,1
1449,8,15,2025-03-03 18:12:00,0
1450,5,68,2025-01-09 12:43:00,0
1451,2,92,2024-12-16 01:53:00,0
1461,1,255,2024-07-06 05:53:00,1
1462,4,135,2024-11-03 12:02:00,1
1464,4,15,2025-03-03 14:24:00,0
1465,3,109,2024-11-29 11:30:00,0
1466,3,46,2025-01-31 08:07:00,0
1467,3,77,2024-12-31 23:34:00,0
1468,4,43,2025-02-03 22:50:00,0
1473,3,160,2024-10-09 06:20:00,1
1474,4,117,2024-11-21 19:09:00,0
1476,2,77,2024-12-31 04:42:00,0
1479,3,17,2025-03-01 02:20:00,0
1480,2,158,2024-10-11 14:47:00,1
1482,1,249,2024-07-12 01:30:00,1
1483,2,26,2025-02-20 18:54:00,0
1485,6,76,2025-01-01 02:50:00,0
1487,1,324,2024-04-28 01:47:00,1
1488,3,51,2025-01-26 08:13:00,0
1490,4,18,2025-02-28 08:57:00,0
1491,3,139,2024-10-30 03:03:00,1
1493,4,169,2024-09-30 16:56:00,1
1494,1,304,2024-05-18 09:46:00,1
1495,3,9,2025-03-09 07:48:00,0
1496,3,62,2025-01-15 08:43:00,0
1497,6,39,2025-02-07 22:08:00,0
1498,7,93,2024-12-15 14:17:00,0
1501,3,17,2025-03-01 03:31:00,0
1502,1,109,2024-11-29 14:18:00,0
1503,1,237,2024-07-24 07:46:00,1
1504,3,158,2024-10-11 10:43:00,1
1505,4,46,2025-01-31 11:33:00,0
1506,3,119,2024-11-19 18:41:00,0
1507,2,90,2024-12-18 20:45:00,0
1511,1,181,2024-09-18 02:30:00,1
1512,3,190,2024-09-09 17:33:00,1
1513,1,187,2024-09-12 22:27:00,1
1514,1,188,2024-09-11 22:59:00,1
1518,2,70,2025-01-07 13:18:00,0
1519,1,210,2024-08-20 10:11:00,1
1520,3,221,2024-08-09 01:17:00,1
1522,4,23,2025-02-23 08:51:00,0
1526,4,211,2024-08-19 23:49:00,1
1527,1,354,2024-03-29 02:59:00,1
1529,1,313,2024-05-09 20:19:00,1
1530,1,229,2024-08-01 02:53:00,1
1537,3,40,2025-02-06 11:50:00,0
1538,2,91,2024-12-17 11:32:00,0
1539,3,101,2024-12-07 01:49:00,0
1543,4,20,2025-02-26 18:52:00,0
1549,4,23,2025-02-23 09:13:00,0
1551,1,196,2024-09-03 22:40:00,1
1553,2,51,2025-01-26 18:22:00,0
1554,1,166,2024-10-03 09:41:00,1
1555,5,21,2025-02-25 13:27:00,0
1556,4,106,2024-12-02 03:17:00,0
1557,2,166,2024-10-03 04:15:00,1
1562,5,58,2025-01-19 07:13:00,0
1565,5,14,2025-03-04 16:15:00,0
1566,3,37,2025-02-09 15:15:00,0
1569,1,101,2024-12-07 15:25:00,0
1570,4,191,2024-09-08 16:52:00,1
1574,3,23,2025-02-23 23:49:00,0
1575,4,160,2024-10-09 02:00:00,1
1577,4,25,2025-02-21 17:00:00,0
1578,3,43,2025-02-03 00:10:00,0
1579,6,90,2024-12-18 03:23:00,0
1580,1,92,2024-12-16 05:07:00,0
1581,4,77,2024-12-31 14:30:00,0
1582,1,245,2024-07-16 11:51:00,1
1584,3,23,2025-02-23 16:56:00,0
1586,2,99,2024-12-09 10:07:00,0
1587,3,134,2024-11-04 20:10:00,1
1589,3,184,2024-09-15 09:47:00,1
1590,2,27,2025-02-19 07:21:00,0
1592,3,78,2024-12-30 10:11:00,0
1596,5,54,2025-01-23 10:50:00,0
1597,2,66,2025-01-11 00:01:00,0
1600,4,58,2025-01-19 11:02:00,0
1602,1,216,2024-08-14 21:36:00,1
1603,5,62,2025-01-15 05:11:00,0
1604,2,110,2024-11-28 19:21:00,0
1605,5,34,2025-02-12 18:37:00,0
1607,4,63,2025-01-14 12:13:00,0
1609,3,192,2024-09-07 00:11:00,1
1610,1,18,2025-02-28 08:28:00,0
1616,5,49,2025-01-28 12:01:00,0
1617,2,222,2024-08-08 19:37:00,1
1618,2,87,2024-12-21 16:42:00,0
1619,2,144,2024-10-25 10:15:00,1
1622,3,44,2025-02-02 11:01:00,0
1629,6,122,2024-11-16 09:59:00,1
1630,2,268,2024-06-23 21:03:00,1
1634,4,56,2025-01-21 09:27:00,0
1649,4,27,2025-02-19 06:04:00,0
1650,3,31,2025-02-15 00:02:00,0
1653,4,47,2025-01-30 00:53:00,0
1654,1,171,2024-09-28 01:21:00,1
1656,3,272,2024-06-19 13:53:00,1
1657,6,18,2025-02-28 16:33:00,0
1662,5,69,2025-01-08 18:46:00,0
1663,1,258,2024-07-03 09:13:00,1
1664,2,99,2024-12-09 20:57:00,0
1665,2,30,2025-02-16 14:10:00,0
1666,3,60,2025-01-17 02:33:00,0
1668,4,139,2024-10-30 21:35:00,1
1669,2,6,2025-03-12 20:57:00,0
1673,5,72,2025-01-05 21:46:00,0
1675,4,8,2025-03-10 04:15:00,0
1676,4,47,2025-01-30 12:04:00,0
1679,2,67,2025-01-10 13:04:00,0
1680,1,184,2024-09-15 02:43:00,1
1684,5,72,2025-01-05 11:39:00,0
1688,5,53,2025-01-24 23:03:00,0
1689,3,114,2024-11-24 11:02:00,0
1690,3,33,2025-02-13 19:46:00,0
1691,2,134,2024-11-04 22:34:00,1
1692,1,280,2024-06-11 00:37:00,1
1693,1,133,2024-11-05 01:29:00,1
1694,3,10,2025-03-08 05:19:00,0
1695,2,204,2024-08-26 01:53:00,1
1700,5,5,2025-03-13 11:42:00,0
1701,2,200,2024-08-30 16:57:00,1
1702,2,142,2024-10-27 05:05:00,1
1703,5,65,2025-01-12 22:12:00,0
1704,1,308,2024-05-14 05:01:00,1
1706,3,11,2025-03-07 08:11:00,0
1707,3,18,2025-02-28 06:29:00,0
1708,5,16,2025-03-02 21:30:00,0
1711,3,272,2024-06-19 04:17:00,1
1712,2,22,2025-02-24 13:26:00,0
1720,3,35,2025-02-11 20:44:00,0
1721,2,118,2024-11-20 18:49:00,0
1725,3,107,2024-12-01 18:56:00,0
1726,2,52,2025-01-25 04:43:00,0
1727,4,279,2024-06-12 06:22:00,1
1729,2,221,2024-08-09 08:00:00,1
1732,5,35,2025-02-11 03:43:00,0
1733,2,4,2025-03-14 21:03:00,0
1735,2,59,2025-01-18 00:40:00,0
1736,5,82,2024-12-26 18:49:00,0
1739,3,5,2025-03-13 02:39:00,0
1740,5,175,2024-09-24 16:50:00,1
1741,3,209,2024-08-21 07:01:00,1
1743,2,68,2025-01-09 21:46:00,0
1745,3,119,2024-11-19 14:58:00,0
1748,4,29,2025-02-17 04:38:00,0
1751,2,182,2024-09-17 03:28:00,1
1753,3,73,2025-01-04 10:14:00,0
1755,4,52,2025-01-25 20:32:00,0
1762,3,153,2024-10-16 14:01:00,1
1769,1,306,2024-05-16 08:23:00,1
1771,3,74,2025-01-03 04:29:00,0
1772,3,109,2024-11-29 19:37:00,0
1777,5,3,2025-03-15 18:58:00,0
1778,4,18,2025-02-28 07:43:00,0
1781,4,2,2025-03-16 18:34:00,0
1786,1,291,2024-05-31 21:48:00,1
1787,3,82,2024-12-26 03:01:00,0
1788,1,344,2024-04-08 20:36:00,1
1794,2,54,2025-01-23 13:22:00,0
1797,3,120,2024-11-18 00:30:00,0
1798,3,64,2025-01-13 10:31:00,0
1799,1,110,2024-11-28 14:18:00,0
1800,2,9,2025-03-09 13:43:00,0
1802,5,4,2025-03-14 19:15:00,0
1804,4,22,2025-02-24 00:37:00,0
1805,1,210,2024-08-20 13:52:00,1
1806,3,27,2025-02-19 09:43:00,0
1807,2,20,2025-02-26 11:42:00,0
1809,2,201,2024-08-29 23:59:00,1
1811,1,140,2024-10-29 03:05:00,1
1812,3,191,2024-09-08 22:16:00,1
1814,2,96,2024-12-12 14:19:00,0
1815,5,18,2025-02-28 00:27:00,0
1818,3,67,2025-01-10 21:05:00,0
1819,2,30,2025-02-16 20:54:00,0
1820,4,96,2024-12-12 08:36:00,0
1821,1,82,2024-12-26 19:09:00,0
1823,2,110,2024-11-28 10:43:00,0
1824,2,17,2025-03-01 03:26:00,0
1826,3,2,2025-03-16 00:01:00,0
1828,4,69,2025-01-08 21:27:00,0
1831,1,179,2024-09-20 14:41:00,1
1833,2,114,2024-11-24 06:37:00,0
1835,2,196,2024-09-03 22:11:00,1
1840,2,64,2025-01-13 18:48:00,0
1846,3,172,2024-09-27 01:56:00,1
1847,2,3,2025-03-15 00:47:00,0
1853,1,218,2024-08-12 01:05:00,1
1855,2,156,2024-10-13 23:59:00,1
1856,6,94,2024-12-14 22:37:00,0
1861,1,83,2024-12-25 11:43:00,0
1862,1,205,2024-08-25 20:11:00,1
1863,1,285,2024-06-06 22:49:00,1
1864,4,90,2024-12-18 11:31:00,0
1865,2,160,2024-10-09 09:41:00,1
1866,3,170,2024-09-29 19:53:00,1
1867,3,58,2025-01-19 01:53:00,0
1870,4,46,2025-01-31 14:37:00,0
1872,3,116,2024-11-22 06:29:00,0
1875,3,252,2024-07-09 15:58:00,1
1876,2,186,2024-09-13 00:40:00,1
1879,4,121,2024-11-17 00:37:00,1
1881,2,12,2025-03-06 08:34:00,0
1882,3,38,2025-02-08 16:16:00,0
1884,2,148,2024-10-21 23:55:00,1
1885,3,42,2025-02-04 04:21:00,0
1887,4,67,2025-01-10 03:50:00,0
1889,3,213,2024-08-17 13:35:00,1
1892,5,81,2024-12-27 19:21:00,0
1893,4,134,2024-11-04 20:12:00,1
1894,4,54,2025-01-23 06:17:00,0
1896,2,116,2024-11-22 17:52:00,0
1899,8,54,2025-01-23 09:57:00,0
1900,5,22,2025-02-24 00:03:00,0
1901,6,97,2024-12-11 13:03:00,0
1902,1,85,2024-12-23 19:23:00,0
1903,4,160,2024-10-09 11:21:00,1
1908,1,180,2024-09-19 17:21:00,1
1911,1,56,2025-01-21 16:32:00,0
1912,4,137,2024-11-01 03:37:00,1
1914,3,254,2024-07-07 00:41:00,1
1915,2,55,2025-01-22 10:50:00,0
1916,2,96,2024-12-12 15:35:00,0
1918,1,149,2024-10-20 13:42:00,1
1926,2,74,2025-01-03 17:50:00,0
1927,4,43,2025-02-03 09:01:00,0
1928,4,24,2025-02-22 15:36:00,0
1929,3,118,2024-11-20 09:16:00,0
1930,3,126,2024-11-12 02:40:00,1
1933,2,8,2025-03-10 19:52:00,0
1934,3,123,2024-11-15 09:43:00,1
1936,6,35,2025-02-11 17:10:00,0
1940,3,0,2025-03-18 13:32:00,0
1941,7,154,2024-10-15 23:16:00,1
1944,4,64,2025-01-13 13:50:00,0
1947,6,33,2025-02-13 11:31:00,0
1949,1,285,2024-06-06 22:03:00,1
1951,3,66,2025-01-11 14:36:00,0
1952,3,14,2025-03-04 01:03:00,0
1957,2,64,2025-01-13 22:17:00,0
1958,3,112,2024-11-26 21:08:00,0
1959,3,97,2024-12-11 22:54:00,0
1961,3,115,2024-11-23 13:08:00,0
1962,3,-1,2025-03-19 01:18:00,0
1967,3,24,2025-02-22 09:30:00,0
1968,6,83,2024-12-25 08:17:00,0
1974,5,15,2025-03-03 11:57:00,0
1975,4,1,2025-03-17 15:49:00,0
1976,2,264,2024-06-27 16:39:00,1
1978,1,343,2024-04-09 00:09:00,1
1979,1,184,2024-09-15 23:52:00,1
1980,3,93,2024-12-15 21:49:00,0
1983,1,353,2024-03-30 06:19:00,1
1984,2,13,2025-03-05 15:03:00,0
1985,3,2,2025-03-16 20:57:00,0
1987,2,188,2024-09-11 06:57:00,1
1992,3,107,2024-12-01 05:44:00,0
1995,3,47,2025-01-30 08:12:00,0
1999,2,207,2024-08-23 19:54:00,1
2000,3,303,2024-05-19 09:53:00,1
2001,3,92,2024-12-16 21:36:00,0
2002,2,143,2024-10-26 18:52:00,1
2003,2,65,2025-01-12 23:52:00,0
2004,2,47,2025-01-30 09:17:00,0
2005,2,167,2024-10-02 02:10:00,1
2008,3,0,2025-03-18 05:42:00,0
2011,1,165,2024-10-04 22:42:00,1
2012,2,215,2024-08-15 08:54:00,1
2014,3,18,2025-02-28 22:03:00,0
2018,3,28,2025-02-18 14:02:00,0
2019,4,39,2025-02-07 23:05:00,0
2021,1,40,2025-02-06 23:22:00,0
2022,2,194,2024-09-05 02:47:00,1
2023,1,125,2024-11-13 16:44:00,1
2025,2,324,2024-04-28 10:26:00,1
2026,7,51,2025-01-26 19:38:00,0
2027,3,19,2025-02-27 12:48:00,0
2031,6,71,2025-01-06 21:33:00,0
2034,4,88,2024-12-20 19:02:00,0
2039,5,37,2025-02-09 05:40:00,0
2043,3,176,2024-09-23 16:58:00,1
2048,1,20,2025-02-26 15:07:00,0
2050,4,33,2025-02-13 07:49:00,0
2051,3,26,2025-02-20 00:49:00,0
2052,2,84,2024-12-24 12:47:00,0
2057,3,102,2024-12-06 00:20:00,0
2061,1,70,2025-01-07 21:31:00,0
2064,5,39,2025-02-07 11:46:00,0
2065,2,41,2025-02-05 22:50:00,0
2067,1,237,2024-07-24 01:02:00,1
2070,6,100,2024-12-08 04:00:00,0
2072,3,73,2025-01-04 07:24:00,0
2073,3,180,2024-09-19 23:28:00,1
2076,2,55,2025-01-22 06:54:00,0
2078,3,55,2025-01-22 23:57:00,0
2079,3,200,2024-08-30 01:22:00,1
2084,5,39,2025-02-07 17:25:00,0
2085,3,183,2024-09-16 14:29:00,1
2086,2,224,2024-08-06 20:27:00,1
2089,4,95,2024-12-13 21:27:00,0
2092,3,164,2024-10-05 10:35:00,1
2095,5,20,2025-02-26 07:01:00,0
2097,1,255,2024-07-06 09:38:00,1
2100,2,247,2024-07-14 02:56:00,1
2101,4,4,2025-03-14 03:49:00,0
2102,2,119,2024-11-19 06:17:00,0
2103,1,324,2024-04-28 06:59:00,1
2105,4,229,2024-08-01 22:45:00,1
2109,3,11,2025-03-07 03:52:00,0
2110,4,78,2024-12-30 07:46:00,0
2111,2,49,2025-01-28 04:13:00,0
2115,2,60,2025-01-17 08:20:00,0
2120,2,20,2025-02-26 18:10:00,0
2121,2,101,2024-12-07 17:25:00,0
2122,3,47,2025-01-30 09:12:00,0
2128,2,255,2024-07-06 21:49:00,1
2129,1,308,2024-05-14 17:38:00,1
2130,1,255,2024-07-06 11:21:00,1
2132,3,255,2024-07-06 22:40:00,1
2133,5,17,2025-03-01 14:16:00,0
2134,5,15,2025-03-03 05:01:00,0
2136,1,190,2024-09-09 12:30:00,1
2143,4,19,2025-02-27 20:14:00,0
2144,3,16,2025-03-02 22:18:00,0
2145,1,295,2024-05-27 07:54:00,1
2146,4,79,2024-12-29 04:30:00,0
2148,1,22,2025-02-24 06:20:00,0
2149,2,271,2024-06-20 00:51:00,1
2150,4,133,2024-11-05 17:47:00,1
2151,3,118,2024-11-20 23:23:00,0
2154,2,4,2025-03-14 20:32:00,0
2155,2,281,2024-06-10 19:58:00,1
2157,5,85,2024-12-23 11:57:00,0
2159,1,28,2025-02-18 22:33:00,0
2160,3,50,2025-01-27 23:42:00,0
2163,3,15,2025-03-03 16:51:00,0
2164,1,199,2024-08-31 12:04:00,1
2165,4,19,2025-02-27 15:39:00,0
2169,4,7,2025-03-11 07:28:00,0
2170,2,116,2024-11-22 03:16:00,0
2171,2,181,2024-09-18 22:36:00,1
2172,3,58,2025-01-19 07:13:00,0
2175,3,245,2024-07-16 20:30:00,1
2176,4,76,2025-01-01 16:21:00,0
2178,5,92,2024-12-16 08:03:00,0
2179,3,18,2025-02-28 17:48:00,0
2180,4,94,2024-12-14 05:56:00,0
2181,5,51,2025-01-26 23:49:00,0
2185,2,200,2024-08-30 04:12:00,1
2189,6,22,2025-02-24 12:42:00,0
2190,5,65,2025-01-12 13:04:00,0
2191,2,23,2025-02-23 19:34:00,0
2192,2,72,2025-01-05 07:03:00,0
2193,4,107,2024-12-01 01:56:00,0
2197,1,288,2024-06-03 01:47:00,1
2200,1,265,2024-06-26 00:56:00,1
2201,2,116,2024-11-22 12:01:00,0
2202,2,48,2025-01-29 23:18:00,0
2205,2,175,2024-09-24 15:23:00,1
2207,4,52,2025-01-25 16:00:00,0
2208,4,115,2024-11-23 01:57:00,0
2209,1,88,2024-12-20 10:30:00,0
2212,4,7,2025-03-11 18:54:00,0
2214,2,109,2024-11-29 03:47:00,0
2215,2,122,2024-11-16 02:31:00,1
2216,1,228,2024-08-02 03:56:00,1
2217,3,99,2024-12-09 20:12:00,0
2219,2,54,2025-01-23 07:04:00,0
2227,4,113,2024-11-25 04:38:00,0
2228,1,1,2025-03-17 01:11:00,0
2229,3,69,2025-01-08 17:47:00,0
2232,4,90,2024-12-18 00:31:00,0
2234,2,194,2024-09-05 07:50:00,1
2236,2,62,2025-01-15 12:35:00,0
2238,5,90,2024-12-18 14:34:00,0
2240,3,37,2025-02-09 20:37:00,0
2242,6,33,2025-02-13 16:44:00,0
2243,3,75,2025-01-02 16:21:00,0
2245,5,-1,2025-03-19 04:51:00,0
2247,2,167,2024-10-02 19:17:00,1
2250,2,95,2024-12-13 13:12:00,0
2251,3,50,2025-01-27 10:53:00,0
2253,3,108,2024-11-30 05:19:00,0
2258,5,36,2025-02-10 14:00:00,0
2261,4,59,2025-01-18 10:10:00,0
2266,2,190,2024-09-09 22:43:00,1
2269,1,225,2024-08-05 08:32:00,1
2271,6,20,2025-02-26 06:50:00,0
2272,3,139,2024-10-30 11:19:00,1
2273,5,124,2024-11-14 12:58:00,1
2276,2,246,2024-07-15 16:58:00,1
2278,2,148,2024-10-21 23:47:00,1
2279,3,25,2025-02-21 23:44:00,0
2280,4,9,2025-03-09 20:58:00,0
2287,2,203,2024-08-27 18:16:00,1
2290,1,342,2024-04-10 03:42:00,1
2295,4,64,2025-01-13 00:17:00,0
2296,2,122,2024-11-16 18:57:00,1
2298,5,46,2025-01-31 01:11:00,0
2301,2,270,2024-06-21 04:40:00,1
2302,2,64,2025-01-13 15:43:00,0
2303,3,3,2025-03-15 09:06:00,0
2306,2,46,2025-01-31 15:14:00,0
2307,3,136,2024-11-02 04:54:00,1
2309,7,139,2024-10-30 15:29:00,1
2311,3,98,2024-12-10 14:56:00,0
2312,4,255,2024-07-06 11:36:00,1
2313,1,210,2024-08-20 04:26:00,1
2318,3,2,2025-03-16 13:35:00,0
2319,5,44,2025-02-02 22:09:00,0
2320,6,23,2025-02-23 05:43:00,0
2321,2,86,2024-12-22 17:21:00,0
2322,8,53,2025-01-24 12:56:00,0
2326,2,24,2025-02-22 02:58:00,0
2327,8,3,2025-03-15 10:58:00,0
2328,1,324,2024-04-28 05:04:00,1
2329,3,26,2025-02-20 09:05:00,0
2330,1,248,2024-07-13 07:02:00,1
2339,3,6,2025-03-12 11:37:00,0
2342,3,87,2024-12-21 02:40:00,0
2343,4,151,2024-10-18 00:59:00,1
2348,1,315,2024-05-07 15:38:00,1
2350,3,171,2024-09-28 13:50:00,1
2352,4,25,2025-02-21 01:32:00,0
2353,3,214,2024-08-16 14:23:00,1
2354,3,87,2024-12-21 12:03:00,0
2355,2,277,2024-06-14 04:00:00,1
2356,1,323,2024-04-29 19:24:00,1
2361,2,11,2025-03-07 11:35:00,0
2362,2,141,2024-10-28 11:57:00,1
2364,2,97,2024-12-11 12:59:00,0
2365,3,34,2025-02-12 19:54:00,0
2366,3,79,2024-12-29 00:15:00,0
2367,4,87,2024-12-21 23:34:00,0
2370,1,181,2024-09-18 22:52:00,1
2371,8,107,2024-12-01 10:25:00,0
2374,3,96,2024-12-12 09:59:00,0
2377,1,194,2024-09-05 07:56:00,1
2379,3,29,2025-02-17 12:43:00,0
2380,2,178,2024-09-21 05:46:00,1
2382,1,214,2024-08-16 19:23:00,1
2385,3,15,2025-03-03 09:07:00,0
2386,2,183,2024-09-16 14:26:00,1
2387,2,224,2024-08-06 09:56:00,1
2390,6,22,2025-02-24 17:00:00,0
2395,4,119,2024-11-19 03:06:00,0
2396,5,123,2024-11-15 02:11:00,1
2400,1,293,2024-05-29 09:09:00,1
2403,1,237,2024-07-24 23:49:00,1
2406,3,95,2024-12-13 23:25:00,0
2407,3,13,2025-03-05 01:24:00,0
2411,2,30,2025-02-16 01:33:00,0
2412,3,119,2024-11-19 15:14:00,0
2413,5,114,2024-11-24 02:39:00,0
2415,1,9,2025-03-09 14:37:00,0
2416,3,53,2025-01-24 00:02:00,0
2417,1,360,2024-03-23 01:19:00,1
2418,4,14,2025-03-04 21:25:00,0
2421,5,160,2024-10-09 07:16:00,1
2422,5,90,2024-12-18 08:51:00,0
2423,3,28,2025-02-18 20:09:00,0
2424,2,275,2024-06-16 05:01:00,1
2429,3,140,2024-10-29 16:34:00,1
2432,3,58,2025-01-19 21:13:00,0
2433,2,109,2024-11-29 05:55:00,0
2435,2,50,2025-01-27 11:47:00,0
2438,2,164,2024-10-05 13:56:00,1
2442,5,22,2025-02-24 11:36:00,0
2444,2,234,2024-07-27 23:31:00,1
2445,2,145,2024-10-24 05:03:00,1
2450,2,176,2024-09-23 09:21:00,1
2451,3,8,2025-03-10 07:27:00,0
2452,2,58,2025-01-19 07:32:00,0
2453,2,102,2024-12-06 06:16:00,0
2454,3,28,2025-02-18 23:15:00,0
2455,4,109,2024-11-29 18:05:00,0
2457,3,55,2025-01-22 09:31:00,0
2458,1,19,2025-02-27 12:46:00,0
2459,2,65,2025-01-12 00:21:00,0
2460,3,29,2025-02-17 11:54:00,0
2461,1,279,2024-06-12 13:45:00,1
2462,2,154,2024-10-15 05:00:00,1
2464,3,79,2024-12-29 15:25:00,0
2467,2,62,2025-01-15 20:13:00,0
2468,4,53,2025-01-24 04:39:00,0
2470,1,44,2025-02-02 11:39:00,0
2472,4,53,2025-01-24 09:54:00,0
2473,2,168,2024-10-01 17:32:00,1
2475,1,262,2024-06-29 16:33:00,1
2479,5,74,2025-01-03 23:51:00,0
2481,2,145,2024-10-24 21:25:00,1
2482,1,3,2025-03-15 22:47:00,0
2487,4,121,2024-11-17 05:17:00,1
2493,3,104,2024-12-04 06:10:00,0
2494,5,15,2025-03-03 23:36:00,0
2495,1,179,2024-09-20 16:51:00,1
2497,1,300,2024-05-22 14:42:00,1
2500,1,242,2024-07-19 13:42:00,1
2501,3,69,2025-01-08 18:07:00,0
2502,4,22,2025-02-24 13:30:00,0
2503,5,34,2025-02-12 21:02:00,0
2507,4,39,2025-02-07 08:43:00,0
2508,3,45,2025-02-01 19:39:00,0
2512,4,103,2024-12-05 22:19:00,0
2515,4,16,2025-03-02 07:20:00,0
2517,4,232,2024-07-29 07:55:00,1
2518,2,94,2024-12-14 10:29:00,0
2519,1,311,2024-05-11 06:31:00,1
2520,2,65,2025-01-12 14:43:00,0
2522,1,338,2024-04-14 20:39:00,1
2523,2,281,2024-06-10 07:28:00,1
2524,2,217,2024-08-13 07:44:00,1
2528,6,8,2025-03-10 11:21:00,0
2529,2,118,2024-11-20 22:23:00,0
2531,3,7,2025-03-11 06:43:00,0
2533,8,17,2025-03-01 21:09:00,0
2535,4,94,2024-12-14 15:58:00,0
2536,2,196,2024-09-03 03:01:00,1
2542,2,120,2024-11-18 14:48:00,0
2547,4,258,2024-07-03 16:57:00,1
2549,5,2,2025-03-16 17:24:00,0
2550,7,27,2025-02-19 09:16:00,0
2551,5,98,2024-12-10 22:08:00,0
2553,1,41,2025-02-05 15:38:00,0
2556,3,58,2025-01-19 17:06:00,0
2560,1,362,2024-03-21 04:49:00,1
2561,4,44,2025-02-02 02:24:00,0
2562,5,10,2025-03-08 13:39:00,0
2563,5,200,2024-08-30 02:14:00,1
2564,3,86,2024-12-22 20:15:00,0
2565,7,64,2025-01-13 21:00:00,0
2567,2,109,2024-11-29 03:43:00,0
2568,3,133,2024-11-05 22:14:00,1
2572,2,214,2024-08-16 11:01:00,1
2574,3,38,2025-02-08 11:09:00,0
2577,1,298,2024-05-24 19:16:00,1
2579,3,14,2025-03-04 11:23:00,0
2581,3,161,2024-10-08 08:43:00,1
2583,4,6,2025-03-12 10:24:00,0
2585,1,361,2024-03-22 13:32:00,1
2586,3,116,2024-11-22 03:06:00,0
2587,2,167,2024-10-02 23:42:00,1
2588,2,113,2024-11-25 22:19:00,0
2589,3,69,2025-01-08 05:51:00,0
2591,1,285,2024-06-06 21:58:00,1
2592,1,247,2024-07-14 20:57:00,1
2593,1,326,2024-04-26 01:12:00,1
2595,1,45,2025-02-01 03:43:00,0
2597,3,22,2025-02-24 09:45:00,0
2598,8,66,2025-01-11 21:44:00,0
2599,2,92,2024-12-16 00:35:00,0
2601,3,136,2024-11-02 21:26:00,1
2606,6,82,2024-12-26 13:59:00,0
2607,4,106,2024-12-02 02:31:00,0
2608,2,55,2025-01-22 08:38:00,0
2612,3,-1,2025-03-19 05:07:00,0
2614,3,4,2025-03-14 23:27:00,0
2617,4,178,2024-09-21 06:34:00,1
2618,2,185,2024-09-14 05:26:00,1
2621,2,223,2024-08-07 21:43:00,1
2622,3,52,2025-01-25 04:54:00,0
2623,1,101,2024-12-07 02:05:00,0
2624,4,20,2025-02-26 01:36:00,0
2625,3,222,2024-08-08 16:40:00,1
2627,3,69,2025-01-08 19:38:00,0
2628,2,15,2025-03-03 15:33:00,0
2629,3,187,2024-09-12 11:00:00,1
2631,2,181,2024-09-18 14:12:00,1
2632,5,112,2024-11-26 09:20:00,0
2636,3,27,2025-02-19 17:35:00,0
2639,2,165,2024-10-04 02:00:00,1
2641,1,327,2024-04-25 18:15:00,1
2643,2,126,2024-11-12 04:55:00,1
2646,4,141,2024-10-28 12:33:00,1
2648,2,149,2024-10-20 18:26:00,1
2649,5,174,2024-09-25 08:46:00,1
2650,1,273,2024-06-18 05:08:00,1
2651,1,16,2025-03-02 12:39:00,0
2653,2,30,2025-02-16 10:21:00,0
2654,1,125,2024-11-13 16:21:00,1
2656,2,74,2025-01-03 23:58:00,0
2662,4,74,2025-01-03 05:02:00,0
2664,2,127,2024-11-11 07:49:00,1
2666,3,98,2024-12-10 18:22:00,0
2667,1,208,2024-08-22 06:58:00,1
2668,5,104,2024-12-04 00:32:00,0
2670,2,122,2024-11-16 14:17:00,1
2671,2,117,2024-11-21 14:39:00,0
2672,4,37,2025-02-09 04:51:00,0
2673,4,17,2025-03-01 18:09:00,0
2675,3,172,2024-09-27 01:41:00,1
2676,1,329,2024-04-23 16:51:00,1
2677,3,300,2024-05-22 11:24:00,1
2678,3,136,2024-11-02 13:34:00,1
2681,3,124,2024-11-14 01:12:00,1
2682,5,7,2025-03-11 08:40:00,0
2683,1,258,2024-07-03 11:24:00,1
2684,5,46,2025-01-31 12:55:00,0
2685,1,260,2024-07-01 02:55:00,1
2690,3,128,2024-11-10 11:19:00,1
2691,1,187,2024-09-12 20:38:00,1
2692,6,34,2025-02-12 21:15:00,0
2693,2,46,2025-01-31 18:49:00,0
2695,4,81,2024-12-27 00:38:00,0
2696,5,41,2025-02-05 22:48:00,0
2697,6,81,2024-12-27 21:04:00,0
2698,3,248,2024-07-13 14:34:00,1
2699,3,94,2024-12-14 00:09:00,0
2702,2,38,2025-02-08 05:53:00,0
2704,3,90,2024-12-18 06:16:00,0
2706,4,1,2025-03-17 13:26:00,0
2710,5,3,2025-03-15 10:45:00,0
2711,2,26,2025-02-20 05:42:00,0
2712,2,102,2024-12-06 09:51:00,0
2717,4,165,2024-10-04 17:44:00,1
2718,2,222,2024-08-08 03:32:00,1
2720,2,141,2024-10-28 20:27:00,1
2722,3,121,2024-11-17 10:41:00,1
2723,6,15,2025-03-03 17:07:00,0
2724,9,12,2025-03-06 13:14:00,0
2726,1,77,2024-12-31 12:15:00,0
2731,1,339,2024-04-13 03:51:00,1
2734,1,197,2024-09-02 11:47:00,1
2735,2,259,2024-07-02 20:17:00,1
2737,1,199,2024-08-31 03:15:00,1
2739,5,19,2025-02-27 22:22:00,0
2741,5,19,2025-02-27 00:30:00,0
2742,1,298,2024-05-24 16:58:00,1
2743,5,106,2024-12-02 15:30:00,0
2745,4,136,2024-11-02 20:41:00,1
2746,2,30,2025-02-16 15:54:00,0
2748,4,111,2024-11-27 20:40:00,0
2755,4,37,2025-02-09 07:10:00,0
2757,1,348,2024-04-04 16:55:00,1
2758,5,77,2024-12-31 00:04:00,0
2759,2,82,2024-12-26 07:44:00,0
2760,1,340,2024-04-12 17:49:00,1
2761,1,186,2024-09-13 22:48:00,1
2762,3,22,2025-02-24 23:09:00,0
2763,5,95,2024-12-13 17:50:00,0
2764,4,30,2025-02-16 16:16:00,0
2766,3,22,2025-02-24 19:15:00,0
2767,1,104,2024-12-04 15:23:00,0
2768,5,17,2025-03-01 04:51:00,0
2774,1,351,2024-04-01 09:46:00,1
2778,1,337,2024-04-15 12:00:00,1
2784,4,162,2024-10-07 19:14:00,1
2787,3,46,2025-01-31 06:46:00,0
2789,3,146,2024-10-23 05:39:00,1
2792,1,264,2024-06-27 06:17:00,1
2793,2,11,2025-03-07 10:20:00,0
2796,2,16,2025-03-02 18:20:00,0
2797,2,125,2024-11-13 18:08:00,1
2798,5,3,2025-03-15 16:32:00,0
2800,3,251,2024-07-10 20:34:00,1
2807,1,191,2024-09-08 06:32:00,1
2809,2,117,2024-11-21 22:16:00,0
2812,4,94,2024-12-14 18:47:00,0
2813,3,67,2025-01-10 15:47:00,0
2814,1,313,2024-05-09 12:09:00,1
2815,3,-1,2025-03-19 09:51:00,0
2816,3,115,2024-11-23 10:45:00,0
2817,7,125,2024-11-13 06:25:00,1
2819,1,314,2024-05-08 19:09:00,1
2820,2,12,2025-03-06 08:32:00,0
2821,3,101,2024-12-07 22:36:00,0
2822,2,256,2024-07-05 02:12:00,1
2823,2,30,2025-02-16 22:37:00,0
2825,6,44,2025-02-02 16:01:00,0
2826,2,361,2024-03-22 19:37:00,1
2828,2,64,2025-01-13 09:17:00,0
2831,5,12,2025-03-06 08:23:00,0
2832,2,91,2024-12-17 18:04:00,0
2833,4,72,2025-01-05 11:02:00,0
2834,2,67,2025-01-10 08:43:00,0
2836,3,206,2024-08-24 03:46:00,1
2838,3,108,2024-11-30 21:25:00,0
2841,4,120,2024-11-18 07:58:00,0
2842,7,65,2025-01-12 10:28:00,0
2845,2,28,2025-02-18 16:55:00,0
2846,2,276,2024-06-15 18:52:00,1
2848,4,109,2024-11-29 19:32:00,0
2852,3,130,2024-11-08 18:59:00,1
2853,1,297,2024-05-25 17:52:00,1
2854,1,197,2024-09-02 23:04:00,1
2855,2,246,2024-07-15 22:26:00,1
2857,2,18,2025-02-28 22:39:00,0
2858,2,147,2024-10-22 01:35:00,1
2859,4,35,2025-02-11 16:30:00,0
2860,5,55,2025-01-22 07:16:00,0
2861,1,80,2024-12-28 22:10:00,0
2863,3,152,2024-10-17 20:33:00,1
2864,6,14,2025-03-04 23:27:00,0
2865,2,246,2024-07-15 21:46:00,1
2868,3,3,2025-03-15 05:22:00,0
2869,3,180,2024-09-19 04:39:00,1
2872,5,40,2025-02-06 00:22:00,0
2873,2,7,2025-03-11 14:59:00,0
2876,5,32,2025-02-14 13:18:00,0
2877,4,31,2025-02-15 01:13:00,0
2878,3,44,2025-02-02 22:06:00,0
2883,1,95,2024-12-13 09:15:00,0
2885,1,148,2024-10-21 07:53:00,1
2890,6,18,2025-02-28 18:25:00,0
2892,7,13,2025-03-05 06:54:00,0
2893,5,28,2025-02-18 22:45:00,0
2894,3,16,2025-03-02 21:32:00,0
2895,3,13,2025-03-05 06:12:00,0
2897,3,113,2024-11-25 05:23:00,0
2901,3,25,2025-02-21 18:31:00,0
2904,5,5,2025-03-13 07:36:00,0
2908,5,18,2025-02-28 19:31:00,0
2910,1,177,2024-09-22 07:02:00,1
2913,5,66,2025-01-11 06:12:00,0
2915,3,66,2025-01-11 14:26:00,0
2917,2,297,2024-05-25 05:53:00,1
2920,1,66,2025-01-11 06:23:00,0
2922,3,60,2025-01-17 07:25:00,0
2923,3,99,2024-12-09 20:54:00,0
2924,2,195,2024-09-04 06:42:00,1
2927,1,361,2024-03-22 11:59:00,1
2928,3,108,2024-11-30 12:51:00,0
2929,3,164,2024-10-05 14:23:00,1
2931,4,42,2025-02-04 04:48:00,0
2932,2,180,2024-09-19 05:46:00,1
2935,2,62,2025-01-15 08:56:00,0
2943,2,100,2024-12-08 06:14:00,0
2944,2,271,2024-06-20 11:47:00,1
2945,2,13,2025-03-05 00:08:00,0
2946,1,260,2024-07-01 17:28:00,1
2947,2,342,2024-04-10 16:33:00,1
2948,2,51,2025-01-26 22:06:00,0
2951,2,312,2024-05-10 22:41:00,1
2952,2,96,2024-12-12 03:23:00,0
2955,6,63,2025-01-14 08:09:00,0
2959,2,173,2024-09-26 12:19:00,1
2960,4,47,2025-01-30 18:49:00,0
2961,2,129,2024-11-09 16:37:00,1
2963,2,55,2025-01-22 13:09:00,0
2969,2,152,2024-10-17 14:11:00,1
2970,3,55,2025-01-22 21:46:00,0
2971,3,64,2025-01-13 14:18:00,0
2973,2,73,2025-01-04 09:10:00,0
2974,2,49,2025-01-28 12:39:00,0
2975,3,242,2024-07-19 01:08:00,1
2976,5,4,2025-03-14 15:38:00,0
2982,6,18,2025-02-28 07:17:00,0
2984,1,63,2025-01-14 07:16:00,0
2985,2,146,2024-10-23 11:31:00,1
2987,2,263,2024-06-28 10:24:00,1
2988,4,2,2025-03-16 14:07:00,0
2990,4,94,2024-12-14 12:34:00,0
2991,3,15,2025-03-03 05:27:00,0
2992,3,94,2024-12-14 12:26:00,0
2994,1,23,2025-02-23 16:40:00,0
2995,1,305,2024-05-17 05:04:00,1
2998,5,66,2025-01-11 05:44:00,0
2999,1,264,2024-06-27 16:04:00,1
3000,1,353,2024-03-30 16:37:00,1
3003,1,290,2024-06-01 09:44:00,1
3004,2,162,2024-10-07 04:17:00,1
3008,2,172,2024-09-27 18:20:00,1
3010,6,76,2025-01-01 16:48:00,0
3011,2,124,2024-11-14 14:19:00,1
3012,2,63,2025-01-14 21:29:00,0
3014,1,318,2024-05-04 22:05:00,1
3015,3,135,2024-11-03 21:39:00,1
3017,1,330,2024-04-22 10:34:00,1
3018,2,12,2025-03-06 16:37:00,0
3019,2,71,2025-01-06 11:45:00,0
3020,3,4,2025-03-14 02:23:00,0
3025,1,326,2024-04-26 15:39:00,1
3026,2,310,2024-05-12 23:37:00,1
3027,5,23,2025-02-23 14:54:00,0
3030,1,343,2024-04-09 00:48:00,1
3031,2,83,2024-12-25 13:06:00,0
3034,3,222,2024-08-08 03:42:00,1
3037,3,113,2024-11-25 22:30:00,0
3039,2,87,2024-12-21 20:31:00,0
3041,2,144,2024-10-25 18:09:00,1
3042,4,125,2024-11-13 15:32:00,1
3044,1,337,2024-04-15 05:48:00,1
3046,3,11,2025-03-07 19:47:00,0
3048,3,18,2025-02-28 01:18:00,0
3051,4,8,2025-03-10 19:08:00,0
3053,1,357,2024-03-26 17:59:00,1
3054,3,48,2025-01-29 19:20:00,0
3058,5,19,2025-02-27 04:16:00,0
3059,2,7,2025-03-11 12:33:00,0
3063,2,53,2025-01-24 22:55:00,0
3065,2,222,2024-08-08 17:21:00,1
3066,3,36,2025-02-10 03:25:00,0
3070,3,3,2025-03-15 14:47:00,0
3074,4,96,2024-12-12 14:35:00,0
3075,1,246,2024-07-15 07:23:00,1
3077,1,50,2025-01-27 04:58:00,0
3078,2,230,2024-07-31 05:20:00,1
3084,2,203,2024-08-27 01:49:00,1
3087,3,81,2024-12-27 01:19:00,0
3088,2,47,2025-01-30 19:59:00,0
3089,2,24,2025-02-22 12:38:00,0
3090,1,268,2024-06-23 00:25:00,1
3092,3,21,2025-02-25 14:37:00,0
3093,3,147,2024-10-22 23:49:00,1
3094,5,14,2025-03-04 16:57:00,0
3095,3,144,2024-10-25 21:57:00,1
3097,1,223,2024-08-07 07:18:00,1
3098,3,45,2025-02-01 12:09:00,0
3100,4,59,2025-01-18 04:25:00,0
3104,3,155,2024-10-14 15:21:00,1
3106,3,146,2024-10-23 09:33:00,1
3107,3,17,2025-03-01 00:04:00,0
3108,1,99,2024-12-09 02:01:00,0
3112,2,312,2024-05-10 17:13:00,1
3115,3,138,2024-10-31 07:28:00,1
3116,1,4,2025-03-14 13:28:00,0
3118,2,187,2024-09-12 02:32:00,1
3119,5,10,2025-03-08 18:34:00,0
3120,6,48,2025-01-29 20:02:00,0
3121,4,11,2025-03-07 17:48:00,0
3123,2,224,2024-08-06 04:42:00,1
3124,3,18,2025-02-28 06:13:00,0
3127,5,40,2025-02-06 01:58:00,0
3129,6,39,2025-02-07 18:51:00,0
3130,1,57,2025-01-20 14:12:00,0
3132,1,130,2024-11-08 11:01:00,1
3133,5,79,2024-12-29 13:44:00,0
3134,2,25,2025-02-21 17:54:00,0
3135,3,8,2025-03-10 01:35:00,0
3136,5,21,2025-02-25 13:53:00,0
3140,1,7,2025-03-11 23:10:00,0
3141,5,35,2025-02-11 08:56:00,0
3142,1,101,2024-12-07 08:23:00,0
3144,3,27,2025-02-19 07:46:00,0
3145,3,72,2025-01-05 21:42:00,0
3147,1,288,2024-06-03 06:50:00,1
3148,4,182,2024-09-17 01:40:00,1
3149,2,87,2024-12-21 13:11:00,0
3150,2,142,2024-10-27 19:49:00,1
3153,2,228,2024-08-02 04:22:00,1
3154,1,249,2024-07-12 21:09:00,1
3157,3,214,2024-08-16 09:16:00,1
3159,3,18,2025-02-28 21:40:00,0
3160,2,29,2025-02-17 22:57:00,0
3161,1,304,2024-05-18 22:53:00,1
3164,3,3,2025-03-15 14:37:00,0
3165,2,79,2024-12-29 07:55:00,0
3168,4,171,2024-09-28 15:54:00,1
3170,5,21,2025-02-25 17:45:00,0
3173,3,138,2024-10-31 01:25:00,1
3175,4,56,2025-01-21 20:50:00,0
3177,4,59,2025-01-18 21:05:00,0
3179,2,68,2025-01-09 23:27:00,0
3180,2,130,2024-11-08 10:04:00,1
3181,1,276,2024-06-15 12:29:00,1
3182,1,110,2024-11-28 05:06:00,0
3184,5,89,2024-12-19 12:03:00,0
3187,6,27,2025-02-19 20:04:00,0
3189,3,0,2025-03-18 16:08:00,0
3191,3,4,2025-03-14 10:24:00,0
3192,2,201,2024-08-29 15:37:00,1
3193,4,24,2025-02-22 20:02:00,0
3197,5,179,2024-09-20 21:12:00,1
3201,1,246,2024-07-15 01:01:00,1
3202,3,50,2025-01-27 10:22:00,0
3206,3,146,2024-10-24 00:00:00,1
3207,4,17,2025-03-01 05:23:00,0
3208,2,14,2025-03-04 22:25:00,0
3212,4,195,2024-09-04 11:22:00,1
3213,3,144,2024-10-25 22:19:00,1
3216,1,186,2024-09-13 09:09:00,1
3220,3,134,2024-11-04 20:23:00,1
3221,4,16,2025-03-02 06:39:00,0
3224,2,23,2025-02-23 08:05:00,0
3225,5,72,2025-01-05 15:41:00,0
3226,2,167,2024-10-02 17:16:00,1
3227,1,343,2024-04-09 21:44:00,1
3228,1,355,2024-03-28 02:53:00,1
3231,2,142,2024-10-27 13:05:00,1
3233,4,116,2024-11-22 20:58:00,0
3234,2,7,2025-03-11 06:33:00,0
3237,3,28,2025-02-18 18:48:00,0
3239,1,38,2025-02-08 23:50:00,0
3242,3,221,2024-08-09 00:18:00,1
3243,4,81,2024-12-27 22:58:00,0
3244,1,128,2024-11-10 03:59:00,1
3245,4,52,2025-01-25 17:29:00,0
3246,3,22,2025-02-24 11:31:00,0
3249,2,240,2024-07-21 06:57:00,1
3250,1,156,2024-10-13 00:49:00,1
3251,1,219,2024-08-11 03:48:00,1
3252,1,60,2025-01-17 00:14:00,0
3253,2,31,2025-02-15 13:17:00,0
3254,2,54,2025-01-23 16:15:00,0
3256,2,218,2024-08-12 08:27:00,1
3257,1,282,2024-06-09 17:45:00,1
3258,3,30,2025-02-16 20:40:00,0
3260,7,-1,2025-03-19 01:38:00,0
3261,1,266,2024-06-25 22:05:00,1
3262,2,91,2024-12-17 10:19:00,0
3263,4,20,2025-02-26 15:13:00,0
3266,3,80,2024-12-28 10:59:00,0
3267,2,3,2025-03-15 03:37:00,0
3271,4,1,2025-03-17 22:32:00,0
3274,2,14,2025-03-04 09:58:00,0
3276,1,320,2024-05-02 11:26:00,1
3279,4,116,2024-11-22 16:31:00,0
3280,7,12,2025-03-06 18:33:00,0
3282,1,355,2024-03-28 15:39:00,1
3287,4,146,2024-10-23 22:02:00,1
3292,2,204,2024-08-26 17:44:00,1
3293,2,142,2024-10-27 02:09:00,1
3294,3,85,2024-12-23 19:12:00,0
3298,1,210,2024-08-20 01:35:00,1
3300,2,20,2025-02-26 08:18:00,0
3301,3,80,2024-12-28 22:27:00,0
3303,1,82,2024-12-26 23:35:00,0
3305,1,223,2024-08-07 12:21:00,1
3310,3,236,2024-07-25 03:41:00,1
3315,3,9,2025-03-09 01:24:00,0
3317,2,26,2025-02-20 19:46:00,0
3320,3,7,2025-03-11 05:18:00,0
3325,5,9,2025-03-09 16:48:00,0
3329,3,23,2025-02-23 17:02:00,0
3331,2,201,2024-08-29 05:34:00,1
3333,1,310,2024-05-12 14:16:00,1
3335,6,57,2025-01-20 10:42:00,0
3336,3,0,2025-03-18 14:57:00,0
3339,5,11,2025-03-07 07:42:00,0
3340,2,294,2024-05-28 17:05:00,1
3345,3,7,2025-03-11 15:20:00,0
3346,2,266,2024-06-25 19:38:00,1
3352,4,45,2025-02-01 18:38:00,0
3354,3,152,2024-10-17 13:43:00,1
3358,4,11,2025-03-07 23:34:00,0
3359,3,80,2024-12-28 00:29:00,0
3362,1,179,2024-09-20 14:56:00,1
3363,3,31,2025-02-15 02:09:00,0
3367,1,222,2024-08-08 07:28:00,1
3368,3,29,2025-02-17 02:06:00,0
3369,2,220,2024-08-10 12:10:00,1
3370,2,29,2025-02-17 19:47:00,0
3372,1,80,2024-12-28 05:06:00,0
3373,3,19,2025-02-27 20:57:00,0
3374,5,100,2024-12-08 07:36:00,0
3377,4,207,2024-08-23 07:54:00,1
3383,3,16,2025-03-02 15:16:00,0
3385,2,9,2025-03-09 23:26:00,0
3386,3,82,2024-12-26 23:51:00,0
3391,3,97,2024-12-11 08:09:00,0
3393,3,128,2024-11-10 00:26:00,1
3394,3,96,2024-12-12 05:43:00,0
3396,1,7,2025-03-11 09:54:00,0
3398,2,235,2024-07-26 23:37:00,1
3401,4,12,2025-03-06 21:15:00,0
3402,3,129,2024-11-09 07:28:00,1
3403,2,81,2024-12-27 20:26:00,0
3411,3,35,2025-02-11 17:27:00,0
3412,1,35,2025-02-11 23:50:00,0
3414,3,51,2025-01-26 15:43:00,0
3417,3,214,2024-08-16 17:34:00,1
3418,3,166,2024-10-03 05:42:00,1
3419,6,195,2024-09-04 09:23:00,1
3422,5,163,2024-10-06 19:56:00,1
3424,2,144,2024-10-25 19:20:00,1
3427,3,149,2024-10-20 20:09:00,1
3430,2,169,2024-09-30 09:47:00,1
3431,2,211,2024-08-19 20:32:00,1
3432,4,112,2024-11-26 00:13:00,0
3436,2,245,2024-07-16 10:32:00,1
3437,4,117,2024-11-21 00:12:00,0
3439,2,110,2024-11-28 01:03:00,0
3442,4,203,2024-08-27 11:00:00,1
3443,1,349,2024-04-03 21:16:00,1
3444,2,122,2024-11-16 14:10:00,1
3445,3,34,2025-02-12 09:43:00,0
3446,1,140,2024-10-29 19:31:00,1
3447,4,103,2024-12-05 07:01:00,0
3449,4,27,2025-02-19 22:48:00,0
3453,2,21,2025-02-25 12:42:00,0
3460,6,28,2025-02-18 08:08:00,0
3461,2,205,2024-08-25 12:25:00,1
3462,2,88,2024-12-20 11:40:00,0
3464,8,1,2025-03-17 22:18:00,0
3465,1,348,2024-04-04 14:25:00,1
3468,5,39,2025-02-07 18:30:00,0
3471,2,164,2024-10-05 15:21:00,1
3476,3,78,2024-12-30 10:35:00,0
3479,4,2,2025-03-16 12:25:00,0
3480,3,63,2025-01-14 12:22:00,0
3481,2,87,2024-12-21 09:20:00,0
3482,3,98,2024-12-10 22:35:00,0
3484,5,55,2025-01-22 10:11:00,0
3485,1,234,2024-07-27 09:25:00,1
3486,1,70,2025-01-07 08:58:00,0
3487,3,209,2024-08-21 21:27:00,1
3490,5,25,2025-02-21 08:51:00,0
3492,1,22,2025-02-24 23:56:00,0
3494,3,19,2025-02-27 04:52:00,0
3495,2,26,2025-02-20 00:57:00,0
3496,2,118,2024-11-20 10:39:00,0
3497,4,15,2025-03-03 01:57:00,0
3501,1,357,2024-03-26 08:12:00,1
3502,4,72,2025-01-05 00:38:00,0
3503,5,18,2025-02-28 01:42:00,0
3504,6,15,2025-03-03 03:29:00,0
3505,6,-1,2025-03-19 00:25:00,0
3509,3,68,2025-01-09 09:20:00,0
3511,2,127,2024-11-11 21:52:00,1
3513,1,335,2024-04-17 08:02:00,1
3515,5,275,2024-06-16 22:38:00,1
3517,2,67,2025-01-10 18:45:00,0
3519,1,360,2024-03-23 05:49:00,1
3521,1,229,2024-08-01 18:30:00,1
3525,1,88,2024-12-20 08:44:00,0
3532,2,26,2025-02-20 16:39:00,0
3533,2,35,2025-02-11 09:13:00,0
3535,3,58,2025-01-19 05:19:00,0
3536,2,155,2024-10-14 14:43:00,1
3538,3,194,2024-09-05 22:02:00,1
3544,3,86,2024-12-22 20:39:00,0
3545,5,51,2025-01-26 01:07:00,0
3546,3,21,2025-02-25 01:56:00,0
3547,4,0,2025-03-18 06:13:00,0
3550,2,292,2024-05-30 18:58:00,1
3552,7,55,2025-01-22 01:47:00,0
3553,1,97,2024-12-11 07:10:00,0
3554,2,34,2025-02-12 04:04:00,0
3555,4,158,2024-10-11 04:41:00,1
3560,2,69,2025-01-08 02:46:00,0
3562,5,57,2025-01-20 03:40:00,0
3563,3,116,2024-11-22 13:28:00,0
3564,4,164,2024-10-05 05:29:00,1
3567,6,16,2025-03-02 21:18:00,0
3569,1,128,2024-11-10 06:30:00,1
3574,5,100,2024-12-08 21:47:00,0
3581,3,54,2025-01-23 16:54:00,0
3582,4,27,2025-02-19 17:24:00,0
3584,1,104,2024-12-04 22:55:00,0
3586,2,107,2024-12-01 11:12:00,0
3590,4,64,2025-01-13 07:27:00,0
3599,5,123,2024-11-15 15:20:00,1
3600,3,33,2025-02-13 15:30:00,0
3602,1,299,2024-05-23 12:29:00,1
3605,4,34,2025-02-12 06:40:00,0
3607,3,7,2025-03-11 22:37:00,0
3608,1,320,2024-05-02 08:45:00,1
3610,4,93,2024-12-15 20:16:00,0
3615,2,274,2024-06-17 11:13:00,1
3616,5,12,2025-03-06 04:45:00,0
3617,3,45,2025-02-01 03:50:00,0
3619,5,31,2025-02-15 12:28:00,0
3622,3,88,2024-12-20 00:49:00,0
3624,1,157,2024-10-12 21:27:00,1
3625,5,134,2024-11-04 10:26:00,1
3627,4,173,2024-09-26 12:31:00,1
3628,6,103,2024-12-05 06:10:00,0
3629,2,178,2024-09-21 08:45:00,1
3630,2,294,2024-05-28 16:14:00,1
3631,3,92,2024-12-16 11:42:00,0
3632,2,168,2024-10-01 21:01:00,1
3634,4,82,2024-12-26 06:53:00,0
3637,2,19,2025-02-27 16:40:00,0
3638,2,104,2024-12-04 20:32:00,0
3639,3,7,2025-03-11 13:41:00,0
3645,2,310,2024-05-12 15:53:00,1
3646,3,155,2024-10-14 20:45:00,1
3648,4,188,2024-09-11 21:33:00,1
3649,3,96,2024-12-12 03:51:00,0
3653,5,14,2025-03-04 13:03:00,0
3656,2,49,2025-01-28 03:42:00,0
3657,2,238,2024-07-23 18:32:00,1
3658,4,13,2025-03-05 18:09:00,0
3659,1,108,2024-11-30 21:07:00,0
3667,2,120,2024-11-18 08:21:00,0
3670,5,5,2025-03-13 19:59:00,0
3671,2,30,2025-02-16 04:50:00,0
3672,1,107,2024-12-01 15:39:00,0
3673,2,72,2025-01-05 11:54:00,0
3674,3,80,2024-12-28 14:40:00,0
3675,1,124,2024-11-14 22:57:00,1
3678,4,24,2025-02-22 12:32:00,0
3679,6,8,2025-03-10 08:33:00,0
3683,2,40,2025-02-06 03:44:00,0
3688,2,34,2025-02-12 18:43:00,0
3689,6,25,2025-02-21 09:58:00,0
3690,1,276,2024-06-15 06:38:00,1
3691,3,87,2024-12-21 00:18:00,0
3693,3,11,2025-03-07 06:52:00,0
3695,1,79,2024-12-29 11:38:00,0
3697,2,330,2024-04-22 07:45:00,1
3704,4,72,2025-01-05 14:51:00,0
3706,1,180,2024-09-19 21:46:00,1
3707,3,45,2025-02-01 02:15:00,0
3708,7,11,2025-03-07 12:14:00,0
3711,7,24,2025-02-22 16:34:00,0
3712,7,41,2025-02-05 00:56:00,0
3713,1,5,2025-03-13 08:24:00,0
3716,3,326,2024-04-26 23:41:00,1
3718,2,130,2024-11-08 03:12:00,1
3719,2,152,2024-10-17 23:57:00,1
3722,3,20,2025-02-26 00:58:00,0
3724,3,23,2025-02-23 09:50:00,0
3725,2,191,2024-09-08 22:09:00,1
3731,1,65,2025-01-12 20:47:00,0
3732,6,134,2024-11-04 10:23:00,1
3735,3,42,2025-02-04 16:28:00,0
3737,4,115,2024-11-23 08:34:00,0
3739,2,160,2024-10-09 22:07:00,1
3740,2,59,2025-01-18 15:32:00,0
3741,3,95,2024-12-13 14:43:00,0
3745,4,166,2024-10-03 08:28:00,1
3748,3,86,2024-12-22 03:56:00,0
3750,4,37,2025-02-09 07:25:00,0
3751,2,48,2025-01-29 14:26:00,0
3753,3,149,2024-10-20 22:24:00,1
3756,4,94,2024-12-14 07:51:00,0
3757,2,52,2025-01-25 03:03:00,0
3759,1,198,2024-09-01 19:01:00,1
3761,5,0,2025-03-18 00:03:00,0
3762,4,246,2024-07-15 08:04:00,1
3763,2,180,2024-09-19 00:29:00,1
3768,2,277,2024-06-14 16:44:00,1
3769,1,312,2024-05-10 21:44:00,1
3772,4,127,2024-11-11 20:56:00,1
3777,4,56,2025-01-21 09:14:00,0
3778,4,23,2025-02-23 22:03:00,0
3779,2,212,2024-08-18 23:51:00,1
3781,6,39,2025-02-07 00:13:00,0
3782,5,143,2024-10-26 09:12:00,1
3784,2,140,2024-10-29 06:39:00,1
3786,5,87,2024-12-21 12:21:00,0
3789,1,243,2024-07-18 04:12:00,1
3790,4,60,2025-01-17 17:02:00,0
3791,2,45,2025-02-01 05:45:00,0
3794,2,260,2024-07-01 02:10:00,1
3796,2,86,2024-12-22 18:25:00,0
3800,3,153,2024-10-16 04:09:00,1
3801,7,68,2025-01-09 12:34:00,0
3803,7,64,2025-01-13 14:39:00,0
3809,3,46,2025-01-31 04:41:00,0
3811,6,147,2024-10-22 01:41:00,1
3812,1,103,2024-12-05 15:36:00,0
3813,1,266,2024-06-25 16:32:00,1
3814,1,238,2024-07-23 12:30:00,1
3815,3,184,2024-09-15 15:14:00,1
3816,5,14,2025-03-04 23:22:00,0
3817,3,21,2025-02-25 16:52:00,0
3818,2,131,2024-11-07 22:25:00,1
3819,7,27,2025-02-19 22:49:00,0
3820,6,6,2025-03-12 19:23:00,0
3822,1,98,2024-12-10 04:25:00,0
3825,7,100,2024-12-08 12:50:00,0
3827,1,22,2025-02-24 09:10:00,0
3830,4,4,2025-03-14 18:34:00,0
3831,1,130,2024-11-08 22:01:00,1
3832,3,165,2024-10-04 21:59:00,1
3833,1,8,2025-03-10 13:56:00,0
3834,3,148,2024-10-21 00:21:00,1
3835,3,72,2025-01-05 19:32:00,0
3837,3,26,2025-02-20 01:26:00,0
3838,2,20,2025-02-26 10:01:00,0
3839,2,37,2025-02-09 17:15:00,0
3840,3,79,2024-12-29 04:19:00,0
3841,1,0,2025-03-18 08:06:00,0
3843,2,163,2024-10-06 15:47:00,1
3847,6,53,2025-01-24 17:21:00,0
3849,10,81,2024-12-27 14:58:00,0
3850,2,114,2024-11-24 16:41:00,0
3851,3,129,2024-11-09 19:51:00,1
3854,4,9,2025-03-09 15:57:00,0
3858,4,167,2024-10-02 04:46:00,1
3859,3,59,2025-01-18 21:00:00,0
3863,2,180,2024-09-19 00:55:00,1
3865,3,132,2024-11-06 19:33:00,1
3870,2,85,2024-12-23 10:09:00,0
3871,1,184,2024-09-15 09:11:00,1
3874,3,66,2025-01-11 09:36:00,0
3875,5,1,2025-03-17 01:01:00,0
3876,3,47,2025-01-30 15:10:00,0
3877,2,95,2024-12-13 18:53:00,0
3883,8,29,2025-02-17 17:36:00,0
3885,1,56,2025-01-21 01:58:00,0
3886,4,2,2025-03-16 22:16:00,0
3893,2,175,2024-09-24 03:53:00,1
3894,1,310,2024-05-12 16:07:00,1
3898,2,122,2024-11-16 03:43:00,1
3900,3,32,2025-02-14 06:02:00,0
3905,1,302,2024-05-20 07:45:00,1
3907,5,0,2025-03-18 09:06:00,0
3911,2,87,2024-12-21 10:53:00,0
3913,3,17,2025-03-01 18:07:00,0
3916,5,68,2025-01-09 15:08:00,0
3917,4,168,2024-10-01 15:47:00,1
3918,4,80,2024-12-28 09:59:00,0
3920,3,7,2025-03-11 20:31:00,0
3921,1,7,2025-03-11 07:54:00,0
3925,3,109,2024-11-29 09:09:00,0
3927,3,64,2025-01-13 23:42:00,0
3933,4,233,2024-07-28 13:01:00,1
3934,3,61,2025-01-16 13:44:00,0
3936,2,57,2025-01-20 03:47:00,0
3937,1,61,2025-01-16 18:24:00,0
3940,3,91,2024-12-17 11:50:00,0
3941,4,89,2024-12-19 08:26:00,0
3945,8,19,2025-02-27 08:34:00,0
3946,3,52,2025-01-25 08:46:00,0
3947,3,8,2025-03-10 19:57:00,0
3949,3,13,2025-03-05 15:14:00,0
3950,2,35,2025-02-11 11:11:00,0
3951,5,5,2025-03-13 15:11:00,0
3956,1,244,2024-07-17 08:10:00,1
3958,2,30,2025-02-16 14:43:00,0
3959,3,94,2024-12-14 04:38:00,0
3960,3,12,2025-03-06 05:30:00,0
3963,2,37,2025-02-09 22:37:00,0
3964,7,19,2025-02-27 21:14:00,0
3966,3,54,2025-01-23 22:57:00,0
3967,4,159,2024-10-10 02:52:00,1
3968,1,204,2024-08-26 04:22:00,1
3971,3,91,2024-12-17 23:54:00,0
3976,8,48,2025-01-29 04:58:00,0
3978,4,16,2025-03-02 21:13:00,0
3979,2,87,2024-12-21 20:53:00,0
3980,9,66,2025-01-11 20:30:00,0
3986,1,197,2024-09-02 15:37:00,1
3988,4,100,2024-12-08 17:05:00,0
3989,1,216,2024-08-14 17:40:00,1
3994,5,52,2025-01-25 14:05:00,0
3995,3,7,2025-03-11 20:05:00,0
3997,2,273,2024-06-18 14:25:00,1
3998,1,235,2024-07-26 04:47:00,1
3999,1,326,2024-04-26 07:50:00,1
4001,2,50,2025-01-27 01:17:00,0
4002,1,195,2024-09-04 21:43:00,1
4006,2,60,2025-01-17 11:12:00,0
4009,5,87,2024-12-21 00:57:00,0
4010,5,100,2024-12-08 07:13:00,0
4011,3,85,2024-12-23 10:38:00,0
4012,3,38,2025-02-08 06:24:00,0
4021,5,114,2024-11-24 07:15:00,0
4022,2,138,2024-10-31 11:33:00,1
4027,2,45,2025-02-01 02:44:00,0
4034,1,120,2024-11-18 08:02:00,0
4036,7,142,2024-10-27 10:27:00,1
4037,2,197,2024-09-02 23:27:00,1
4038,6,1,2025-03-17 08:38:00,0
4040,1,261,2024-06-30 09:37:00,1
4041,2,132,2024-11-06 23:25:00,1
4042,3,167,2024-10-02 04:36:00,1
4045,5,15,2025-03-03 23:55:00,0
4046,9,9,2025-03-09 18:02:00,0
4048,2,297,2024-05-25 11:50:00,1
4051,5,10,2025-03-08 22:04:00,0
4052,2,305,2024-05-17 08:09:00,1
4053,2,41,2025-02-05 09:18:00,0
4054,3,22,2025-02-24 08:33:00,0
4058,2,152,2024-10-17 09:44:00,1
4059,2,188,2024-09-11 12:17:00,1
4060,1,186,2024-09-13 16:54:00,1
4061,2,281,2024-06-10 15:37:00,1
4065,1,172,2024-09-27 04:41:00,1
4067,1,238,2024-07-23 14:00:00,1
4068,2,284,2024-06-07 04:55:00,1
4070,4,188,2024-09-11 01:20:00,1
4071,5,31,2025-02-15 09:38:00,0
4072,3,179,2024-09-20 00:43:00,1
4073,1,279,2024-06-12 20:09:00,1
4074,4,78,2024-12-30 06:23:00,0
4077,2,34,2025-02-12 19:31:00,0
4081,3,12,2025-03-06 21:52:00,0
4083,2,298,2024-05-24 09:55:00,1
4089,3,2,2025-03-16 19:53:00,0
4090,1,349,2024-04-03 18:37:00,1
4091,2,80,2024-12-28 15:41:00,0
4092,2,92,2024-12-16 12:12:00,0
4097,2,345,2024-04-07 11:37:00,1
4098,1,129,2024-11-09 15:20:00,1
4103,2,65,2025-01-12 10:50:00,0
4104,2,91,2024-12-17 01:46:00,0
4107,4,136,2024-11-02 20:08:00,1
4109,5,9,2025-03-09 11:16:00,0
4110,2,262,2024-06-29 04:32:00,1
4113,1,299,2024-05-23 18:16:00,1
4118,1,176,2024-09-23 15:32:00,1
4120,6,6,2025-03-12 00:29:00,0
4122,4,1,2025-03-17 18:27:00,0
4125,1,256,2024-07-05 18:50:00,1
4126,1,213,2024-08-17 02:54:00,1
4129,3,31,2025-02-15 05:22:00,0
4130,2,37,2025-02-09 09:23:00,0
4133,2,174,2024-09-25 10:23:00,1
4134,3,63,2025-01-14 20:30:00,0
4135,2,30,2025-02-16 21:37:00,0
4136,4,35,2025-02-11 14:05:00,0
4139,1,63,2025-01-14 03:01:00,0
4142,5,4,2025-03-14 08:26:00,0
4144,4,36,2025-02-10 15:29:00,0
4146,3,33,2025-02-13 23:57:00,0
4147,4,2,2025-03-16 19:11:00,0
4148,3,109,2024-11-29 15:12:00,0
4149,1,167,2024-10-02 00:14:00,1
4150,3,33,2025-02-13 04:06:00,0
4151,6,12,2025-03-06 04:03:00,0
4153,6,152,2024-10-17 20:48:00,1
4155,7,28,2025-02-18 13:23:00,0
4157,4,17,2025-03-01 10:52:00,0
4158,3,1,2025-03-17 08:30:00,0
4159,4,69,2025-01-08 19:50:00,0
4161,1,140,2024-10-29 16:31:00,1
4162,6,126,2024-11-12 19:01:00,1
4163,2,5,2025-03-13 06:06:00,0
4165,4,81,2024-12-27 19:16:00,0
4169,3,170,2024-09-29 13:46:00,1
4171,3,158,2024-10-11 15:56:00,1
4172,3,36,2025-02-10 19:12:00,0
4175,2,229,2024-08-01 00:55:00,1
4176,2,29,2025-02-17 13:26:00,0
4178,2,77,2024-12-31 06:09:00,0
4181,2,204,2024-08-26 22:19:00,1
4182,3,17,2025-03-01 02:30:00,0
4183,2,194,2024-09-05 05:17:00,1
4184,4,39,2025-02-07 04:26:00,0
4186,2,0,2025-03-18 20:45:00,0
4187,2,21,2025-02-25 00:01:00,0
4188,6,74,2025-01-03 00:18:00,0
4189,6,47,2025-01-30 13:53:00,0
4190,4,42,2025-02-04 12:37:00,0
4192,3,6,2025-03-12 13:47:00,0
4193,4,0,2025-03-18 15:11:00,0
4194,7,19,2025-02-27 06:50:00,0
4195,4,146,2024-10-23 07:57:00,1
4196,1,109,2024-11-29 11:22:00,0
4197,2,55,2025-01-22 06:32:00,0
4199,1,76,2025-01-01 21:15:00,0
4201,1,282,2024-06-09 03:28:00,1
4202,1,122,2024-11-16 04:28:00,1
4203,3,96,2024-12-12 04:30:00,0
4204,2,267,2024-06-24 05:45:00,1
4207,5,13,2025-03-05 21:16:00,0
4208,4,3,2025-03-15 04:41:00,0
4209,3,80,2024-12-28 17:32:00,0
4210,3,282,2024-06-09 04:26:00,1
4211,2,208,2024-08-22 04:49:00,1
4212,2,73,2025-01-04 12:10:00,0
4213,4,67,2025-01-10 05:02:00,0
4214,2,115,2024-11-23 20:15:00,0
4217,7,11,2025-03-07 01:10:00,0
4218,3,104,2024-12-04 02:19:00,0
4222,1,126,2024-11-12 09:20:00,1
4223,3,164,2024-10-05 11:28:00,1
4228,3,113,2024-11-25 16:43:00,0
4229,2,118,2024-11-20 14:40:00,0
4231,5,4,2025-03-14 19:55:00,0
4232,3,116,2024-11-22 22:36:00,0
4233,1,54,2025-01-23 11:23:00,0
4235,5,170,2024-09-29 15:29:00,1
4236,2,92,2024-12-16 07:47:00,0
4237,6,214,2024-08-16 09:23:00,1
4240,4,50,2025-01-27 21:48:00,0
4242,4,29,2025-02-17 07:35:00,0
4245,2,152,2024-10-17 14:41:00,1
4246,3,76,2025-01-01 16:17:00,0
4247,4,134,2024-11-04 17:54:00,1
4249,6,32,2025-02-14 15:49:00,0
4250,2,126,2024-11-12 12:36:00,1
4253,3,121,2024-11-17 19:40:00,1
4255,4,52,2025-01-25 09:00:00,0
4256,7,31,2025-02-15 15:16:00,0
4258,2,121,2024-11-17 10:16:00,1
4259,1,320,2024-05-02 12:25:00,1
4261,2,203,2024-08-27 08:18:00,1
4262,1,70,2025-01-07 07:19:00,0
4264,1,334,2024-04-18 04:20:00,1
4266,5,0,2025-03-18 20:21:00,0
4267,3,15,2025-03-03 16:29:00,0
4270,5,127,2024-11-11 09:52:00,1
4272,1,172,2024-09-27 07:39:00,1
4277,3,115,2024-11-23 19:36:00,0
4280,5,13,2025-03-05 08:11:00,0
4281,2,154,2024-10-15 01:51:00,1
4282,2,2,2025-03-16 10:04:00,0
4284,5,86,2024-12-22 12:26:00,0
4285,2,103,2024-12-05 12:24:00,0
4286,3,117,2024-11-21 09:29:00,0
4288,2,15,2025-03-03 20:38:00,0
4289,3,102,2024-12-06 23:32:00,0
4293,1,40,2025-02-06 20:18:00,0
4296,4,129,2024-11-09 03:26:00,1
4297,2,94,2024-12-14 08:21:00,0
4298,3,11,2025-03-07 14:49:00,0
4299,8,28,2025-02-18 22:50:00,0
4300,1,13,2025-03-05 07:59:00,0
4303,2,33,2025-02-13 12:05:00,0
4306,4,98,2024-12-10 13:44:00,0
4307,4,36,2025-02-10 08:37:00,0
4308,2,56,2025-01-21 05:06:00,0
4309,4,50,2025-01-27 22:17:00,0
4310,4,35,2025-02-11 10:18:00,0
4313,3,3,2025-03-15 01:00:00,0
4316,3,234,2024-07-27 14:47:00,1
4317,6,3,2025-03-15 13:24:00,0
4323,2,82,2024-12-26 11:59:00,0
4327,3,62,2025-01-15 05:51:00,0
4328,5,16,2025-03-02 12:44:00,0
4329,1,342,2024-04-10 15:45:00,1
4330,4,17,2025-03-01 20:43:00,0
4332,4,42,2025-02-04 16:09:00,0
4333,2,86,2024-12-22 18:47:00,0
4334,3,163,2024-10-06 17:17:00,1
4335,2,62,2025-01-15 21:51:00,0
4336,5,60,2025-01-17 11:07:00,0
4337,2,124,2024-11-14 19:50:00,1
4339,3,22,2025-02-24 14:53:00,0
4341,5,7,2025-03-11 07:53:00,0
4342,1,145,2024-10-24 06:20:00,1
4346,3,51,2025-01-26 11:39:00,0
4347,3,113,2024-11-25 06:54:00,0
4348,8,1,2025-03-17 09:55:00,0
4351,5,13,2025-03-05 12:12:00,0
4352,2,33,2025-02-13 15:23:00,0
4355,3,60,2025-01-17 11:43:00,0
4357,5,32,2025-02-14 07:11:00,0
4358,6,26,2025-02-20 19:40:00,0
4359,5,102,2024-12-06 17:14:00,0
4360,4,176,2024-09-23 01:58:00,1
4362,2,20,2025-02-26 18:22:00,0
4365,3,76,2025-01-01 11:34:00,0
4366,3,160,2024-10-09 05:47:00,1
4369,2,130,2024-11-08 05:32:00,1
4370,2,70,2025-01-07 02:55:00,0
4372,2,182,2024-09-17 20:50:00,1
4373,2,57,2025-01-20 17:36:00,0
4375,3,109,2024-11-29 04:16:00,0
4378,1,66,2025-01-11 04:26:00,0
4379,5,19,2025-02-27 23:35:00,0
4380,4,111,2024-11-27 00:29:00,0
4381,3,165,2024-10-04 00:07:00,1
4382,1,170,2024-09-29 20:22:00,1
4388,1,267,2024-06-24 17:58:00,1
4393,2,54,2025-01-23 02:10:00,0
4395,5,53,2025-01-24 01:10:00,0
4396,3,191,2024-09-08 13:27:00,1
4397,3,219,2024-08-11 16:46:00,1
4400,2,139,2024-10-30 15:52:00,1
4401,3,89,2024-12-19 10:46:00,0
4403,2,158,2024-10-11 00:27:00,1
4404,3,15,2025-03-03 21:13:00,0
4406,6,61,2025-01-16 22:45:00,0
4407,2,103,2024-12-05 12:19:00,0
4408,1,132,2024-11-06 17:17:00,1
4410,3,92,2024-12-16 13:28:00,0
4411,3,92,2024-12-16 16:04:00,0
4413,1,104,2024-12-04 14:25:00,0
4417,1,224,2024-08-06 21:14:00,1
4420,1,348,2024-04-04 17:03:00,1
4421,2,72,2025-01-05 16:34:00,0
4424,4,3,2025-03-15 17:16:00,0
4425,1,199,2024-08-31 00:55:00,1
4426,1,285,2024-06-06 04:04:00,1
4428,3,32,2025-02-14 20:57:00,0
4430,2,108,2024-11-30 22:47:00,0
4434,2,74,2025-01-03 17:34:00,0
4439,6,112,2024-11-26 17:27:00,0
4441,3,107,2024-12-01 01:06:00,0
4444,5,20,2025-02-26 09:54:00,0
4445,4,20,2025-02-26 04:14:00,0
4447,1,39,2025-02-07 11:33:00,0
4448,2,167,2024-10-02 06:13:00,1
4449,5,73,2025-01-04 07:10:00,0
4450,4,148,2024-10-21 08:18:00,1
4451,2,91,2024-12-17 11:34:00,0
4453,5,108,2024-11-30 17:24:00,0
4454,4,76,2025-01-01 03:43:00,0
4456,1,262,2024-06-29 17:42:00,1
4461,1,181,2024-09-18 06:40:00,1
4462,2,1,2025-03-17 05:12:00,0
4464,2,-1,2025-03-19 02:12:00,0
4465,4,25,2025-02-21 06:07:00,0
4466,3,31,2025-02-15 06:28:00,0
4469,1,177,2024-09-22 17:28:00,1
4472,2,141,2024-10-28 20:35:00,1
4474,5,169,2024-09-30 12:00:00,1
4475,2,2,2025-03-16 23:53:00,0
4476,1,125,2024-11-13 16:54:00,1
4480,5,10,2025-03-08 11:55:00,0
4481,2,165,2024-10-04 21:59:00,1
4482,2,184,2024-09-15 08:05:00,1
4483,1,217,2024-08-13 22:33:00,1
4485,2,79,2024-12-29 08:48:00,0
4486,4,120,2024-11-18 23:07:00,0
4488,1,79,2024-12-29 21:22:00,0
4490,5,23,2025-02-23 05:48:00,0
4493,6,7,2025-03-11 10:16:00,0
4494,2,3,2025-03-15 11:47:00,0
4496,1,216,2024-08-14 03:46:00,1
4497,1,40,2025-02-06 15:51:00,0
4499,4,66,2025-01-11 04:09:00,0
4503,2,135,2024-11-03 02:41:00,1
4504,3,10,2025-03-08 13:24:00,0
4505,3,79,2024-12-29 08:21:00,0
4507,2,96,2024-12-12 05:32:00,0
4508,2,245,2024-07-16 18:50:00,1
4509,1,271,2024-06-20 06:06:00,1
4511,2,234,2024-07-27 23:33:00,1
4516,4,63,2025-01-14 16:53:00,0
4517,1,92,2024-12-16 17:30:00,0
4518,4,116,2024-11-22 01:37:00,0
4519,1,200,2024-08-30 03:37:00,1
4521,1,291,2024-05-31 09:19:00,1
4522,3,219,2024-08-11 21:25:00,1
4524,4,70,2025-01-07 07:07:00,0
4525,2,146,2024-10-23 01:35:00,1
4527,2,49,2025-01-28 14:19:00,0
4529,3,35,2025-02-11 19:41:00,0
4532,3,97,2024-12-11 16:07:00,0
4536,2,106,2024-12-02 04:10:00,0
4538,3,8,2025-03-10 16:52:00,0
4539,1,77,2024-12-31 11:13:00,0
4541,1,243,2024-07-18 13:38:00,1
4542,2,83,2024-12-25 08:40:00,0
4543,3,214,2024-08-16 05:56:00,1
4544,4,59,2025-01-18 04:23:00,0
4546,3,56,2025-01-21 07:27:00,0
4549,2,34,2025-02-12 13:21:00,0
4551,2,53,2025-01-24 09:32:00,0
4552,2,172,2024-09-27 20:54:00,1
4553,5,36,2025-02-10 17:50:00,0
4554,4,157,2024-10-12 07:50:00,1
4555,7,28,2025-02-18 03:43:00,0
4556,5,57,2025-01-20 17:55:00,0
4557,1,50,2025-01-27 20:57:00,0
4558,1,91,2024-12-17 15:23:00,0
4560,3,84,2024-12-24 00:01:00,0
4562,3,69,2025-01-08 00:39:00,0
4564,1,84,2024-12-24 04:12:00,0
4565,2,5,2025-03-13 23:30:00,0
4566,6,133,2024-11-05 06:03:00,1
4568,4,137,2024-11-01 10:08:00,1
4570,2,13,2025-03-05 23:58:00,0
4571,1,145,2024-10-24 12:14:00,1
4572,2,172,2024-09-27 16:24:00,1
4573,6,42,2025-02-04 17:46:00,0
4579,1,215,2024-08-16 00:00:00,1
4581,2,221,2024-08-09 01:10:00,1
4582,3,103,2024-12-05 12:05:00,0
4585,1,175,2024-09-24 06:34:00,1
4586,6,6,2025-03-12 22:58:00,0
4587,5,34,2025-02-12 01:51:00,0
4590,4,122,2024-11-16 15:49:00,1
4591,2,211,2024-08-19 17:10:00,1
4594,6,38,2025-02-08 22:29:00,0
4595,4,-1,2025-03-19 08:05:00,0
4600,1,174,2024-09-25 19:36:00,1
4601,5,132,2024-11-06 05:39:00,1
4602,4,9,2025-03-09 12:17:00,0
4605,3,224,2024-08-06 15:33:00,1
4606,5,98,2024-12-10 16:30:00,0
4607,1,27,2025-02-19 08:29:00,0
4608,1,141,2024-10-28 04:52:00,1
4609,5,19,2025-02-27 20:04:00,0
4612,3,146,2024-10-23 13:12:00,1
4614,9,13,2025-03-05 05:58:00,0
4615,1,196,2024-09-03 06:34:00,1
4616,1,118,2024-11-20 11:55:00,0
4617,4,32,2025-02-14 15:00:00,0
4618,1,161,2024-10-08 19:23:00,1
4619,3,2,2025-03-16 01:15:00,0
4620,6,62,2025-01-15 06:16:00,0
4623,2,139,2024-10-30 13:22:00,1
4625,2,243,2024-07-18 15:14:00,1
4628,3,67,2025-01-10 01:38:00,0
4630,5,121,2024-11-17 09:07:00,1
4632,3,81,2024-12-27 21:33:00,0
4635,3,31,2025-02-15 15:36:00,0
4637,1,87,2024-12-21 04:16:00,0
4638,4,133,2024-11-05 04:52:00,1
4641,3,72,2025-01-05 04:22:00,0
4644,1,193,2024-09-06 12:11:00,1
4645,4,25,2025-02-21 06:39:00,0
4646,2,5,2025-03-13 08:22:00,0
4647,2,179,2024-09-20 22:53:00,1
4648,3,184,2024-09-15 15:31:00,1
4649,6,91,2024-12-17 07:04:00,0
4650,2,70,2025-01-07 17:53:00,0
4655,4,42,2025-02-04 18:26:00,0
4656,1,74,2025-01-03 00:24:00,0
4661,4,45,2025-02-01 04:40:00,0
4662,2,52,2025-01-25 14:17:00,0
4666,2,206,2024-08-24 07:00:00,1
4671,4,167,2024-10-02 16:31:00,1
4672,5,0,2025-03-18 22:28:00,0
4675,5,6,2025-03-12 14:56:00,0
4677,3,26,2025-02-21 00:00:00,0
4678,1,199,2024-08-31 02:57:00,1
4683,7,33,2025-02-13 01:53:00,0
4686,6,211,2024-08-19 10:17:00,1
4690,1,206,2024-08-24 08:30:00,1
4692,4,147,2024-10-22 22:14:00,1
4693,3,33,2025-02-13 02:47:00,0
4694,2,114,2024-11-24 09:26:00,0
4696,2,223,2024-08-07 06:04:00,1
4700,2,63,2025-01-14 07:07:00,0
4702,1,348,2024-04-04 17:20:00,1
4703,5,134,2024-11-04 16:50:00,1
4704,2,187,2024-09-12 13:15:00,1
4706,3,63,2025-01-14 18:20:00,0
4708,3,109,2024-11-29 18:06:00,0
4712,5,57,2025-01-20 01:02:00,0
4717,5,24,2025-02-22 18:53:00,0
4718,5,94,2024-12-14 15:23:00,0
4720,3,49,2025-01-28 11:01:00,0
4721,2,41,2025-02-05 22:19:00,0
4722,6,17,2025-03-01 18:05:00,0
4723,2,139,2024-10-30 06:30:00,1
4724,2,204,2024-08-26 20:41:00,1
4725,5,55,2025-01-22 05:00:00,0
4727,2,31,2025-02-15 15:58:00,0
4732,2,177,2024-09-22 17:50:00,1
4733,5,68,2025-01-09 04:33:00,0
4735,1,21,2025-02-25 19:52:00,0
4736,4,169,2024-09-30 19:27:00,1
4738,2,77,2024-12-31 20:25:00,0
4739,1,18,2025-02-28 19:44:00,0
4740,1,95,2024-12-13 13:17:00,0
4741,3,26,2025-02-20 08:31:00,0
4742,4,93,2024-12-15 08:58:00,0
4746,4,27,2025-02-19 10:50:00,0
4751,1,325,2024-04-27 05:06:00,1
4752,4,37,2025-02-09 10:23:00,0
4754,4,60,2025-01-17 02:32:00,0
4755,2,195,2024-09-04 12:13:00,1
4757,1,178,2024-09-21 22:51:00,1
4759,3,31,2025-02-15 23:32:00,0
4761,3,40,2025-02-06 21:49:00,0
4762,8,122,2024-11-16 04:36:00,1
4764,2,7,2025-03-11 15:38:00,0
4765,2,18,2025-02-28 07:11:00,0
4766,4,107,2024-12-01 01:11:00,0
4769,3,101,2024-12-07 15:40:00,0
4771,4,82,2024-12-26 04:45:00,0
4772,6,60,2025-01-17 01:37:00,0
4774,3,18,2025-02-28 09:53:00,0
4775,4,107,2024-12-01 08:52:00,0
4778,4,88,2024-12-20 06:16:00,0
4779,5,13,2025-03-05 04:07:00,0
4780,3,24,2025-02-22 16:27:00,0
4781,2,90,2024-12-18 14:50:00,0
4782,1,14,2025-03-04 07:05:00,0
4785,4,50,2025-01-27 10:35:00,0
4789,2,74,2025-01-03 05:53:00,0
4790,1,195,2024-09-04 23:41:00,1
4791,3,165,2024-10-04 12:38:00,1
4793,2,142,2024-10-27 15:05:00,1
4797,1,7,2025-03-11 01:30:00,0
4799,2,101,2024-12-07 15:44:00,0
4800,3,45,2025-02-01 00:25:00,0
4801,3,58,2025-01-19 15:59:00,0
4803,3,116,2024-11-22 08:28:00,0
4804,3,226,2024-08-04 18:47:00,1
4805,8,46,2025-01-31 02:51:00,0
4807,1,44,2025-02-02 17:11:00,0
4808,3,151,2024-10-18 04:36:00,1
4809,4,57,2025-01-20 09:41:00,0
4810,3,112,2024-11-26 09:38:00,0
4815,4,156,2024-10-13 01:28:00,1
4816,4,34,2025-02-12 08:02:00,0
4818,2,29,2025-02-17 17:53:00,0
4820,5,54,2025-01-23 00:54:00,0
4821,6,0,2025-03-18 18:16:00,0
4822,6,23,2025-02-23 08:45:00,0
4823,7,84,2024-12-24 02:05:00,0
4824,4,47,2025-01-30 13:39:00,0
4825,3,20,2025-02-26 18:24:00,0
4826,2,18,2025-02-28 19:38:00,0
4828,3,18,2025-02-28 18:09:00,0
4830,4,11,2025-03-07 23:17:00,0
4831,3,35,2025-02-11 17:21:00,0
4832,4,22,2025-02-24 19:42:00,0
4837,1,202,2024-08-28 16:25:00,1
4840,3,33,2025-02-13 20:45:00,0
4842,1,210,2024-08-20 18:07:00,1
4846,2,241,2024-07-20 11:36:00,1
4849,4,60,2025-01-17 08:35:00,0
4851,4,129,2024-11-09 09:26:00,1
4853,4,0,2025-03-18 08:31:00,0
4855,4,46,2025-01-31 10:31:00,0
4856,2,154,2024-10-15 14:04:00,1
4857,4,166,2024-10-03 12:35:00,1
4858,3,81,2024-12-27 19:23:00,0
4860,3,8,2025-03-10 21:08:00,0
4864,4,84,2024-12-24 23:56:00,0
4866,2,229,2024-08-01 03:40:00,1
4867,2,93,2024-12-15 12:53:00,0
4868,1,183,2024-09-16 10:45:00,1
4873,5,226,2024-08-04 15:39:00,1
4874,2,3,2025-03-15 08:28:00,0
4877,2,50,2025-01-27 20:32:00,0
4878,4,82,2024-12-26 07:44:00,0
4879,3,115,2024-11-23 07:21:00,0
4883,5,110,2024-11-28 04:39:00,0
4884,2,33,2025-02-13 07:43:00,0
4885,6,47,2025-01-30 15:31:00,0
4887,1,191,2024-09-08 05:01:00,1
4888,3,45,2025-02-01 20:25:00,0
4890,1,24,2025-02-22 05:09:00,0
4891,4,43,2025-02-03 17:13:00,0
4892,7,73,2025-01-04 03:04:00,0
4893,2,219,2024-08-11 08:15:00,1
4894,4,87,2024-12-21 16:04:00,0
4896,3,79,2024-12-29 21:22:00,0
4897,1,111,2024-11-27 21:04:00,0
4903,2,25,2025-02-21 02:16:00,0
4905,2,238,2024-07-23 02:02:00,1
4909,3,21,2025-02-25 04:10:00,0
4913,2,0,2025-03-18 21:56:00,0
4915,6,32,2025-02-14 18:11:00,0
4916,1,13,2025-03-05 23:39:00,0
4924,1,289,2024-06-02 13:55:00,1
4925,4,21,2025-02-25 08:13:00,0
4926,5,76,2025-01-01 19:47:00,0
4932,4,30,2025-02-16 10:11:00,0
4935,1,298,2024-05-24 02:37:00,1
4936,5,11,2025-03-07 17:04:00,0
4937,6,46,2025-01-31 02:31:00,0
4938,1,209,2024-08-21 15:46:00,1
4939,3,7,2025-03-11 03:05:00,0
4942,7,53,2025-01-24 23:51:00,0
4943,4,139,2024-10-30 11:08:00,1
4944,2,300,2024-05-22 14:30:00,1
4945,2,110,2024-11-28 22:07:00,0
4946,2,85,2024-12-23 16:33:00,0
4948,2,132,2024-11-06 20:04:00,1
4949,3,150,2024-10-19 19:43:00,1
4950,1,20,2025-02-26 06:32:00,0
4951,2,72,2025-01-05 10:09:00,0
4952,2,53,2025-01-24 16:14:00,0
4954,3,82,2024-12-26 13:03:00,0
4955,7,33,2025-02-13 03:27:00,0
4956,1,174,2024-09-25 15:23:00,1
4961,3,194,2024-09-05 06:56:00,1
4967,1,151,2024-10-18 05:58:00,1
4978,3,179,2024-09-20 15:27:00,1
4979,2,309,2024-05-13 14:45:00,1
4980,1,349,2024-04-03 13:28:00,1
4981,1,61,2025-01-16 07:52:00,0
4982,1,64,2025-01-13 05:19:00,0
4984,6,69,2025-01-08 05:17:00,0
4987,6,75,2025-01-02 15:12:00,0
4988,3,69,2025-01-08 10:55:00,0
4992,3,256,2024-07-05 14:48:00,1
4995,2,64,2025-01-13 12:42:00,0
4996,3,61,2025-01-16 05:08:00,0
4998,3,198,2024-09-01 05:22:00,1
4999,4,131,2024-11-07 05:58:00,1
5003,1,304,2024-05-18 15:16:00,1
5006,2,95,2024-12-13 20:35:00,0
5009,3,99,2024-12-09 02:01:00,0
5010,2,129,2024-11-09 23:36:00,1
5017,2,349,2024-04-03 01:24:00,1
5018,4,111,2024-11-27 12:06:00,0
5019,2,27,2025-02-19 20:26:00,0
5021,6,33,2025-02-13 10:02:00,0
5022,3,220,2024-08-10 08:14:00,1
5023,3,173,2024-09-26 05:35:00,1
5024,2,97,2024-12-11 23:11:00,0
5025,2,62,2025-01-15 12:59:00,0
5026,1,201,2024-08-29 20:41:00,1
5029,3,0,2025-03-18 16:06:00,0
5031,1,13,2025-03-05 08:21:00,0
5038,1,56,2025-01-21 16:13:00,0
5039,5,3,2025-03-15 19:16:00,0
5042,9,49,2025-01-28 01:57:00,0
5044,1,7,2025-03-11 01:28:00,0
5046,3,82,2024-12-26 13:46:00,0
5048,5,31,2025-02-15 18:48:00,0
5049,4,13,2025-03-05 11:27:00,0
5056,4,196,2024-09-03 01:11:00,1
5058,3,37,2025-02-09 09:17:00,0
5060,3,47,2025-01-30 09:37:00,0
5062,1,179,2024-09-20 16:55:00,1
5063,6,26,2025-02-20 01:39:00,0
5067,2,77,2024-12-31 21:12:00,0
5068,1,337,2024-04-15 08:58:00,1
5069,5,131,2024-11-07 14:40:00,1
5070,1,235,2024-07-26 06:47:00,1
5071,2,80,2024-12-28 07:25:00,0
5072,2,68,2025-01-09 17:03:00,0
5075,3,100,2024-12-08 00:09:00,0
5076,5,39,2025-02-07 05:41:00,0
5078,3,242,2024-07-19 21:31:00,1
5079,2,222,2024-08-08 11:17:00,1
5080,1,76,2025-01-01 13:15:00,0
5081,2,29,2025-02-17 16:46:00,0
5083,2,50,2025-01-27 12:33:00,0
5085,4,78,2024-12-30 17:33:00,0
5086,1,210,2024-08-20 05:31:00,1
5087,1,78,2024-12-30 10:15:00,0
5090,5,25,2025-02-21 20:04:00,0
5092,3,107,2024-12-01 09:03:00,0
5093,2,36,2025-02-10 20:26:00,0
5095,2,40,2025-02-06 08:30:00,0
5096,4,62,2025-01-15 21:43:00,0
5097,4,7,2025-03-11 13:01:00,0
5098,2,240,2024-07-21 14:22:00,1
5099,3,48,2025-01-29 06:10:00,0
5101,4,64,2025-01-13 13:12:00,0
5106,5,109,2024-11-29 10:18:00,0
5110,3,56,2025-01-21 08:51:00,0
5113,4,126,2024-11-12 03:04:00,1
5114,1,5,2025-03-13 00:21:00,0
5115,3,216,2024-08-14 22:33:00,1
5118,6,15,2025-03-03 01:01:00,0
5119,2,12,2025-03-06 03:33:00,0
5125,4,37,2025-02-09 11:04:00,0
5128,3,51,2025-01-26 11:14:00,0
5129,4,102,2024-12-06 20:58:00,0
5131,8,37,2025-02-09 21:42:00,0
5133,3,185,2024-09-14 04:04:00,1
5136,1,114,2024-11-24 03:36:00,0
5137,1,205,2024-08-25 07:04:00,1
5139,2,142,2024-10-27 12:43:00,1
5140,3,141,2024-10-28 09:28:00,1
5141,5,62,2025-01-15 04:46:00,0
5142,1,233,2024-07-28 22:07:00,1
5143,4,88,2024-12-20 08:13:00,0
5146,3,62,2025-01-15 23:33:00,0
5151,1,182,2024-09-17 15:08:00,1
5152,1,9,2025-03-09 08:01:00,0
5156,1,316,2024-05-06 15:40:00,1
5161,2,88,2024-12-20 20:20:00,0
5163,3,83,2024-12-25 18:07:00,0
5164,3,141,2024-10-28 21:11:00,1
5166,3,129,2024-11-09 17:52:00,1
5167,4,94,2024-12-14 12:58:00,0
5168,1,21,2025-02-25 20:03:00,0
5173,4,99,2024-12-09 12:00:00,0
5175,2,248,2024-07-13 19:45:00,1
5177,3,44,2025-02-02 18:52:00,0
5181,2,129,2024-11-09 08:52:00,1
5182,2,274,2024-06-17 08:26:00,1
5183,2,276,2024-06-15 10:40:00,1
5184,5,38,2025-02-08 14:37:00,0
5186,1,62,2025-01-15 05:33:00,0
5187,3,37,2025-02-09 23:46:00,0
5188,2,186,2024-09-13 05:25:00,1
5189,3,95,2024-12-13 00:12:00,0
5190,1,115,2024-11-23 02:58:00,0
5192,2,138,2024-10-31 19:51:00,1
5193,2,200,2024-08-30 15:04:00,1
5197,5,19,2025-02-27 11:45:00,0
5201,3,125,2024-11-13 03:19:00,1
5205,2,39,2025-02-07 05:39:00,0
5206,1,187,2024-09-12 15:55:00,1
5209,2,159,2024-10-10 19:50:00,1
5212,4,76,2025-01-01 08:28:00,0
5214,5,163,2024-10-06 05:10:00,1
5215,4,27,2025-02-19 18:49:00,0
5216,1,206,2024-08-24 13:06:00,1
5217,4,14,2025-03-04 09:27:00,0
5221,4,32,2025-02-14 14:29:00,0
5225,3,2,2025-03-16 20:24:00,0
5227,3,23,2025-02-23 07:51:00,0
5228,3,51,2025-01-26 19:45:00,0
5229,3,40,2025-02-06 12:50:00,0
5230,2,9,2025-03-09 12:07:00,0
5232,1,251,2024-07-10 04:33:00,1
5233,6,16,2025-03-02 07:34:00,0
5235,1,333,2024-04-19 10:20:00,1
5240,1,42,2025-02-04 21:07:00,0
5241,1,252,2024-07-09 04:48:00,1
5242,4,21,2025-02-25 01:43:00,0
5244,4,66,2025-01-11 08:40:00,0
5245,1,88,2024-12-20 03:27:00,0
5246,5,26,2025-02-20 03:59:00,0
5247,2,102,2024-12-06 15:27:00,0
5248,2,230,2024-07-31 10:48:00,1
5249,1,308,2024-05-14 03:00:00,1
5251,3,152,2024-10-17 13:21:00,1
5252,4,84,2024-12-24 18:37:00,0
5259,1,104,2024-12-04 21:25:00,0
5263,3,42,2025-02-04 08:31:00,0
5264,3,32,2025-02-14 00:45:00,0
5265,3,5,2025-03-13 11:36:00,0
5266,3,81,2024-12-27 23:54:00,0
5267,2,108,2024-11-30 21:07:00,0
5269,2,34,2025-02-12 02:55:00,0
5271,2,36,2025-02-10 20:41:00,0
5272,4,79,2024-12-29 01:26:00,0
5275,5,11,2025-03-07 03:11:00,0
5277,6,34,2025-02-12 03:49:00,0
5279,10,4,2025-03-14 04:09:00,0
5283,2,87,2024-12-21 18:00:00,0
5285,2,145,2024-10-24 17:29:00,1
5287,3,98,2024-12-10 03:48:00,0
5290,3,68,2025-01-09 02:50:00,0
5294,1,99,2024-12-09 08:13:00,0
5297,2,201,2024-08-29 05:06:00,1
5298,4,35,2025-02-11 12:52:00,0
5299,2,161,2024-10-08 05:46:00,1
5303,1,290,2024-06-01 05:41:00,1
5306,5,189,2024-09-10 22:54:00,1
5310,1,338,2024-04-14 02:43:00,1
5314,3,44,2025-02-02 01:49:00,0
5316,3,3,2025-03-15 10:18:00,0
5318,2,233,2024-07-28 18:32:00,1
5320,4,19,2025-02-27 04:37:00,0
5321,6,97,2024-12-11 10:13:00,0
5322,4,1,2025-03-17 06:52:00,0
5323,2,47,2025-01-30 14:11:00,0
5324,2,234,2024-07-27 04:53:00,1
5326,2,17,2025-03-01 08:46:00,0
5327,4,84,2024-12-24 02:48:00,0
5329,3,214,2024-08-16 06:05:00,1
5331,1,180,2024-09-19 11:48:00,1
5332,1,12,2025-03-06 15:37:00,0
5333,1,76,2025-01-01 11:06:00,0
5335,4,79,2024-12-29 07:54:00,0
5338,1,53,2025-01-24 03:34:00,0
5340,4,58,2025-01-19 04:59:00,0
5342,1,248,2024-07-13 10:45:00,1
5343,6,6,2025-03-12 01:01:00,0
5345,3,20,2025-02-26 00:50:00,0
5347,2,112,2024-11-26 22:18:00,0
5348,2,55,2025-01-22 10:25:00,0
5353,2,18,2025-02-28 07:27:00,0
5355,4,36,2025-02-10 08:49:00,0
5356,3,113,2024-11-25 19:09:00,0
5357,2,0,2025-03-18 15:41:00,0
5358,5,16,2025-03-02 13:39:00,0
5359,3,16,2025-03-02 18:43:00,0
5361,4,239,2024-07-22 08:41:00,1
5362,2,10,2025-03-08 11:16:00,0
5364,1,165,2024-10-04 22:15:00,1
5366,5,118,2024-11-20 02:34:00,0
5370,2,71,2025-01-06 22:33:00,0
5371,2,87,2024-12-21 02:45:00,0
5372,2,153,2024-10-16 11:54:00,1
5373,6,-1,2025-03-19 03:11:00,0
5377,3,14,2025-03-04 16:25:00,0
5379,3,5,2025-03-13 03:04:00,0
5380,3,71,2025-01-06 16:42:00,0
5383,2,23,2025-02-23 10:46:00,0
5387,5,62,2025-01-15 00:55:00,0
5388,1,112,2024-11-26 15:25:00,0
5389,2,33,2025-02-13 08:51:00,0
5390,1,43,2025-02-03 04:34:00,0
5392,3,27,2025-02-19 14:46:00,0
5394,7,50,2025-01-27 14:13:00,0
5395,3,79,2024-12-29 04:49:00,0
5396,4,2,2025-03-16 15:27:00,0
5397,3,144,2024-10-25 17:55:00,1
5398,3,165,2024-10-04 11:49:00,1
5399,2,96,2024-12-12 08:38:00,0
5400,5,8,2025-03-10 09:53:00,0
5401,2,281,2024-06-10 14:09:00,1
5404,2,107,2024-12-01 07:21:00,0
5405,3,82,2024-12-26 16:06:00,0
5407,1,13,2025-03-05 14:51:00,0
5410,4,115,2024-11-23 02:13:00,0
5411,5,11,2025-03-07 11:16:00,0
5413,1,291,2024-05-31 11:16:00,1
5415,4,30,2025-02-16 00:59:00,0
5418,2,14,2025-03-04 16:28:00,0
5419,1,343,2024-04-09 04:54:00,1
5420,2,218,2024-08-12 13:30:00,1
5421,3,182,2024-09-17 00:33:00,1
5425,6,21,2025-02-25 13:58:00,0
5426,7,121,2024-11-17 15:13:00,1
5428,1,357,2024-03-26 23:12:00,1
5429,7,2,2025-03-16 14:25:00,0
5431,4,7,2025-03-11 17:26:00,0
5432,2,29,2025-02-17 20:14:00,0
5437,5,86,2024-12-22 16:17:00,0
5439,2,218,2024-08-12 07:44:00,1
5440,4,76,2025-01-01 14:12:00,0
5441,5,135,2024-11-03 20:01:00,1
5443,2,115,2024-11-23 09:34:00,0
5445,2,62,2025-01-15 01:28:00,0
5447,2,10,2025-03-08 23:45:00,0
5452,3,111,2024-11-27 14:12:00,0
5457,3,58,2025-01-19 02:39:00,0
5458,6,38,2025-02-08 13:17:00,0
5459,2,122,2024-11-16 12:52:00,1
5461,5,27,2025-02-19 16:29:00,0
5462,1,268,2024-06-23 00:33:00,1
5464,4,55,2025-01-22 12:02:00,0
5469,2,83,2024-12-25 18:51:00,0
5470,4,96,2024-12-12 15:17:00,0
5471,1,217,2024-08-13 05:12:00,1
5472,5,39,2025-02-07 05:30:00,0
5474,5,19,2025-02-27 10:08:00,0
5476,4,115,2024-11-23 07:52:00,0
5480,6,168,2024-10-01 16:33:00,1
5481,7,75,2025-01-02 01:54:00,0
5486,2,84,2024-12-24 00:37:00,0
5487,4,69,2025-01-08 14:05:00,0
5489,7,63,2025-01-14 04:55:00,0
5493,4,54,2025-01-23 23:15:00,0
5494,1,195,2024-09-04 05:27:00,1
5497,2,118,2024-11-20 07:16:00,0
5498,6,176,2024-09-23 23:53:00,1
5501,2,163,2024-10-06 14:11:00,1
5502,2,62,2025-01-15 01:32:00,0
5504,1,192,2024-09-07 01:21:00,1
5506,2,21,2025-02-25 22:00:00,0
5508,3,23,2025-02-23 09:13:00,0
5509,6,7,2025-03-11 12:16:00,0
5512,3,68,2025-01-09 01:11:00,0
5513,4,32,2025-02-14 23:16:00,0
5516,4,158,2024-10-11 06:12:00,1
5517,1,349,2024-04-03 12:08:00,1
5520,1,318,2024-05-04 21:15:00,1
5522,2,232,2024-07-29 07:42:00,1
5523,4,28,2025-02-18 03:48:00,0
5525,6,74,2025-01-03 05:26:00,0
5530,6,135,2024-11-03 07:40:00,1
5531,5,53,2025-01-24 22:02:00,0
5535,3,98,2024-12-10 02:09:00,0
5539,2,263,2024-06-28 19:59:00,1
5540,3,29,2025-02-17 09:36:00,0
5543,2,119,2024-11-19 22:52:00,0
5547,3,52,2025-01-25 02:24:00,0
5548,4,72,2025-01-05 11:36:00,0
5554,1,316,2024-05-06 17:48:00,1
5555,1,264,2024-06-27 00:20:00,1
5556,3,26,2025-02-20 12:08:00,0
5557,2,140,2024-10-29 08:17:00,1
5558,2,309,2024-05-13 04:45:00,1
5559,3,21,2025-02-25 00:12:00,0
5560,3,1,2025-03-17 09:15:00,0
5561,2,170,2024-09-29 19:16:00,1
5562,1,197,2024-09-02 00:33:00,1
5563,2,155,2024-10-14 11:22:00,1
5564,3,100,2024-12-08 14:11:00,0
5565,5,110,2024-11-28 08:27:00,0
5566,2,232,2024-07-29 20:39:00,1
5567,2,132,2024-11-06 08:54:00,1
5570,2,26,2025-02-20 16:40:00,0
5572,2,165,2024-10-04 12:32:00,1
5573,3,108,2024-11-30 11:27:00,0
5574,2,64,2025-01-13 00:59:00,0
5576,4,102,2024-12-06 00:46:00,0
5579,2,114,2024-11-24 08:31:00,0
5581,1,20,2025-02-26 22:27:00,0
5583,3,208,2024-08-22 13:50:00,1
5585,6,89,2024-12-19 12:07:00,0
5586,3,6,2025-03-12 04:25:00,0
5588,3,73,2025-01-04 12:03:00,0
5590,2,90,2024-12-18 00:04:00,0
5591,6,120,2024-11-18 20:04:00,0
5594,2,67,2025-01-10 09:03:00,0
5597,2,210,2024-08-20 16:09:00,1
5599,5,19,2025-02-27 14:01:00,0
5603,2,39,2025-02-07 07:46:00,0
5604,2,224,2024-08-06 01:19:00,1
5605,2,249,2024-07-12 06:47:00,1
5606,6,69,2025-01-08 19:10:00,0
5610,3,238,2024-07-23 23:12:00,1
5611,3,70,2025-01-07 18:00:00,0
5612,3,44,2025-02-02 17:42:00,0
5613,1,102,2024-12-06 00:55:00,0
5617,6,125,2024-11-13 17:24:00,1
5619,6,36,2025-02-10 03:54:00,0
5620,1,228,2024-08-02 16:36:00,1
5621,1,306,2024-05-16 19:05:00,1
5622,1,162,2024-10-07 02:32:00,1
5623,3,103,2024-12-05 01:51:00,0
5624,3,38,2025-02-08 09:41:00,0
5625,2,193,2024-09-06 06:18:00,1
5626,7,51,2025-01-26 13:34:00,0
5630,2,190,2024-09-09 17:42:00,1
5631,4,230,2024-07-31 20:56:00,1
5632,4,16,2025-03-02 17:57:00,0
5636,2,190,2024-09-09 18:05:00,1
5638,1,100,2024-12-08 01:42:00,0
5639,5,33,2025-02-13 22:07:00,0
5640,4,66,2025-01-11 19:15:00,0
5645,4,29,2025-02-17 04:50:00,0
5647,1,226,2024-08-04 13:02:00,1
5649,3,60,2025-01-17 06:23:00,0
5650,3,223,2024-08-07 17:48:00,1
5652,1,300,2024-05-22 08:05:00,1
5653,4,26,2025-02-20 11:43:00,0
5659,5,31,2025-02-15 22:14:00,0
5661,2,8,2025-03-10 22:12:00,0
5662,2,156,2024-10-13 00:15:00,1
5667,4,71,2025-01-06 04:29:00,0
5668,2,159,2024-10-10 22:15:00,1
5669,3,134,2024-11-04 16:05:00,1
5670,3,74,2025-01-03 22:06:00,0
5672,8,150,2024-10-19 11:02:00,1
5673,3,33,2025-02-13 21:32:00,0
5676,5,16,2025-03-02 08:55:00,0
5677,5,28,2025-02-18 12:25:00,0
5682,1,316,2024-05-06 02:35:00,1
5683,3,108,2024-11-30 09:34:00,0
5685,3,39,2025-02-07 01:43:00,0
5688,4,5,2025-03-13 12:14:00,0
5689,4,148,2024-10-21 12:43:00,1
5690,4,12,2025-03-06 11:05:00,0
5694,5,79,2024-12-29 19:03:00,0
5695,2,28,2025-02-18 10:27:00,0
5696,2,245,2024-07-16 16:08:00,1
5697,3,190,2024-09-09 22:29:00,1
5698,3,59,2025-01-18 10:37:00,0
5699,5,44,2025-02-02 07:48:00,0
5700,1,175,2024-09-24 03:49:00,1
5702,4,81,2024-12-27 23:37:00,0
5708,1,242,2024-07-19 03:21:00,1
5709,2,102,2024-12-06 23:48:00,0
5710,4,15,2025-03-03 12:43:00,0
5712,3,14,2025-03-04 11:02:00,0
5713,3,42,2025-02-04 11:53:00,0
5714,1,281,2024-06-10 17:05:00,1
5715,1,65,2025-01-12 22:38:00,0
5716,3,62,2025-01-15 18:56:00,0
5719,2,49,2025-01-28 23:07:00,0
5720,2,132,2024-11-06 07:05:00,1
5723,3,25,2025-02-21 04:03:00,0
5725,2,276,2024-06-15 18:17:00,1
5727,3,111,2024-11-27 20:19:00,0
5728,2,91,2024-12-17 12:04:00,0
5729,6,37,2025-02-09 21:07:00,0
5733,4,43,2025-02-03 09:51:00,0
5742,3,69,2025-01-08 23:35:00,0
5743,3,83,2024-12-25 06:05:00,0
5745,1,263,2024-06-28 00:33:00,1
5748,4,29,2025-02-17 15:36:00,0
5751,6,23,2025-02-23 07:28:00,0
5752,1,106,2024-12-02 01:28:00,0
5753,1,64,2025-01-13 11:09:00,0
5754,3,61,2025-01-16 01:00:00,0
5755,4,238,2024-07-23 01:59:00,1
5757,2,154,2024-10-15 10:25:00,1
5758,1,200,2024-08-30 04:11:00,1
5760,4,60,2025-01-17 20:20:00,0
5761,4,37,2025-02-09 19:44:00,0
5765,2,46,2025-01-31 19:53:00,0
5766,1,261,2024-06-30 18:11:00,1
5767,2,7,2025-03-11 01:06:00,0
5768,3,48,2025-01-29 06:53:00,0
5773,1,338,2024-04-14 04:08:00,1
5778,2,99,2024-12-09 08:09:00,0
5779,3,79,2024-12-29 18:34:00,0
5780,5,152,2024-10-17 11:51:00,1
5786,1,357,2024-03-26 15:19:00,1
5787,3,40,2025-02-06 18:41:00,0
5789,1,282,2024-06-09 19:01:00,1
5790,1,109,2024-11-29 03:30:00,0
5793,2,112,2024-11-26 08:07:00,0
5794,2,65,2025-01-12 05:12:00,0
5799,1,1,2025-03-17 07:06:00,0
5800,7,27,2025-02-19 10:44:00,0
5801,4,0,2025-03-18 15:11:00,0
5802,2,108,2024-11-30 07:40:00,0
5805,2,159,2024-10-10 20:13:00,1
5807,6,23,2025-02-23 19:40:00,0
5809,2,253,2024-07-08 19:52:00,1
5810,6,14,2025-03-04 23:46:00,0
5814,3,28,2025-02-18 05:16:00,0
5816,2,256,2024-07-05 01:42:00,1
5817,6,64,2025-01-13 11:55:00,0
5819,3,84,2024-12-24 23:02:00,0
5821,4,190,2024-09-09 18:41:00,1
5823,4,44,2025-02-02 23:26:00,0
5824,2,60,2025-01-17 17:27:00,0
5825,6,31,2025-02-15 20:25:00,0
5828,2,60,2025-01-17 15:39:00,0
5829,1,329,2024-04-23 11:33:00,1
5830,1,73,2025-01-04 11:35:00,0
5833,2,53,2025-01-24 04:49:00,0
5835,5,37,2025-02-09 20:26:00,0
5836,2,282,2024-06-09 18:36:00,1
5838,6,8,2025-03-10 17:07:00,0
5840,2,91,2024-12-17 18:59:00,0
5843,4,28,2025-02-18 21:06:00,0
5844,2,153,2024-10-16 03:15:00,1
5849,5,108,2024-11-30 05:53:00,0
5850,5,30,2025-02-16 12:41:00,0
5856,3,1,2025-03-17 18:39:00,0
5858,4,74,2025-01-03 02:25:00,0
5863,2,262,2024-06-29 10:38:00,1
5864,3,170,2024-09-29 14:54:00,1
5865,4,63,2025-01-14 23:55:00,0
5866,3,30,2025-02-16 09:34:00,0
5868,3,136,2024-11-02 10:01:00,1
5870,1,8,2025-03-10 20:29:00,0
5871,1,19,2025-02-27 17:47:00,0
5873,4,1,2025-03-17 07:08:00,0
5874,2,89,2024-12-19 18:43:00,0
5876,4,96,2024-12-12 01:48:00,0
5878,2,78,2024-12-30 01:32:00,0
5880,3,12,2025-03-06 01:49:00,0
5882,4,29,2025-02-17 08:40:00,0
5883,3,5,2025-03-13 01:27:00,0
5884,3,55,2025-01-22 09:39:00,0
5885,4,250,2024-07-11 19:42:00,1
5886,1,21,2025-02-25 20:52:00,0
5888,1,60,2025-01-17 03:26:00,0
5893,3,8,2025-03-10 03:05:00,0
5900,5,29,2025-02-17 00:59:00,0
5901,1,6,2025-03-12 19:14:00,0
5902,3,189,2024-09-10 15:35:00,1
5904,1,348,2024-04-04 21:07:00,1
5905,2,108,2024-11-30 10:14:00,0
5908,5,24,2025-02-22 06:02:00,0
5910,3,224,2024-08-06 01:28:00,1
5911,1,10,2025-03-08 05:01:00,0
5914,6,85,2024-12-23 15:36:00,0
5915,1,78,2024-12-30 20:07:00,0
5916,3,134,2024-11-04 16:49:00,1
5917,2,23,2025-02-23 07:55:00,0
5918,7,21,2025-02-25 06:26:00,0
5919,6,40,2025-02-06 23:30:00,0
5921,3,74,2025-01-03 16:50:00,0
5923,1,16,2025-03-02 13:18:00,0
5924,1,270,2024-06-21 13:01:00,1
5925,4,6,2025-03-12 01:35:00,0
5927,6,10,2025-03-08 04:23:00,0
5928,3,132,2024-11-06 03:30:00,1
5930,1,222,2024-08-08 01:12:00,1
5931,3,90,2024-12-18 11:42:00,0
5933,1,292,2024-05-30 07:57:00,1
5936,5,90,2024-12-18 06:16:00,0
5937,2,129,2024-11-09 07:39:00,1
5938,4,97,2024-12-11 10:52:00,0
5941,4,99,2024-12-09 10:28:00,0
5944,3,5,2025-03-13 11:38:00,0
5947,1,68,2025-01-09 20:35:00,0
5948,2,178,2024-09-21 23:09:00,1
5952,3,3,2025-03-15 21:00:00,0
5953,4,197,2024-09-02 10:42:00,1
5955,4,111,2024-11-27 07:29:00,0
5959,1,56,2025-01-21 14:43:00,0
5961,3,193,2024-09-06 07:56:00,1
5964,1,99,2024-12-09 05:58:00,0
5965,1,130,2024-11-08 16:55:00,1
5966,3,176,2024-09-23 12:09:00,1
5971,1,166,2024-10-03 18:26:00,1
5976,2,327,2024-04-25 06:19:00,1
5979,5,98,2024-12-10 17:39:00,0
5980,2,166,2024-10-03 10:48:00,1
5981,5,35,2025-02-11 20:49:00,0
5982,5,149,2024-10-20 05:24:00,1
5984,4,14,2025-03-04 23:42:00,0
5985,7,103,2024-12-05 09:59:00,0
5989,6,51,2025-01-26 03:22:00,0
5991,3,76,2025-01-01 14:34:00,0
5992,3,113,2024-11-25 07:35:00,0
5994,3,286,2024-06-05 13:38:00,1
5997,3,233,2024-07-28 13:38:00,1
5999,2,215,2024-08-15 22:57:00,1
6001,3,94,2024-12-14 07:23:00,0
6002,3,24,2025-02-22 19:06:00,0
6003,2,56,2025-01-21 02:42:00,0
6004,7,12,2025-03-06 08:57:00,0
6005,3,68,2025-01-09 11:46:00,0
6006,4,86,2024-12-22 10:48:00,0
6008,3,102,2024-12-06 10:39:00,0
6011,3,55,2025-01-22 22:39:00,0
6012,1,144,2024-10-25 23:44:00,1
6014,4,1,2025-03-17 02:25:00,0
6015,3,265,2024-06-26 16:54:00,1
6017,3,163,2024-10-06 10:21:00,1
6018,3,24,2025-02-22 22:38:00,0
6019,3,171,2024-09-28 05:22:00,1
6020,5,56,2025-01-21 08:20:00,0
6021,3,162,2024-10-07 09:02:00,1
6022,2,327,2024-04-25 00:09:00,1
6025,3,1,2025-03-17 03:43:00,0
6026,1,163,2024-10-06 19:17:00,1
6028,3,83,2024-12-25 11:58:00,0
6030,1,201,2024-08-29 19:29:00,1
6032,4,79,2024-12-29 03:53:00,0
6033,3,176,2024-09-23 14:08:00,1
6034,3,12,2025-03-06 05:55:00,0
6035,5,242,2024-07-19 16:55:00,1
6036,2,218,2024-08-12 13:04:00,1
6038,1,201,2024-08-29 18:16:00,1
6041,2,180,2024-09-19 01:41:00,1
6042,2,68,2025-01-09 12:09:00,0
6043,3,29,2025-02-17 03:12:00,0
6044,2,26,2025-02-20 22:48:00,0
6048,2,280,2024-06-11 11:59:00,1
6049,3,29,2025-02-17 22:53:00,0
6050,2,76,2025-01-01 03:09:00,0
6051,1,28,2025-02-18 13:32:00,0
6054,1,261,2024-06-30 09:17:00,1
6055,1,244,2024-07-17 12:45:00,1
6060,2,4,2025-03-14 10:11:00,0
6063,3,67,2025-01-10 06:50:00,0
6065,3,178,2024-09-21 10:59:00,1
6066,3,75,2025-01-02 01:39:00,0
6072,4,15,2025-03-03 07:23:00,0
6073,3,14,2025-03-04 18:53:00,0
6074,4,54,2025-01-23 03:08:00,0
6078,2,90,2024-12-18 02:38:00,0
6080,4,37,2025-02-09 12:35:00,0
6084,1,163,2024-10-06 08:49:00,1
6087,4,87,2024-12-21 09:20:00,0
6089,3,77,2024-12-31 19:15:00,0
6093,2,51,2025-01-26 17:09:00,0
6097,6,4,2025-03-14 08:27:00,0
6099,1,181,2024-09-18 11:05:00,1
6103,6,17,2025-03-01 10:15:00,0
6104,2,34,2025-02-12 23:02:00,0
6106,1,66,2025-01-11 03:46:00,0
6107,1,4,2025-03-14 02:25:00,0
6112,2,46,2025-01-31 18:50:00,0
6113,1,229,2024-08-01 09:34:00,1
6114,7,111,2024-11-27 05:50:00,0
6115,2,20,2025-02-26 14:16:00,0
6116,6,31,2025-02-15 03:15:00,0
6117,1,95,2024-12-13 21:03:00,0
6121,3,44,2025-02-02 11:22:00,0
6122,4,18,2025-02-28 09:41:00,0
6123,8,15,2025-03-03 12:12:00,0
6126,2,249,2024-07-12 15:55:00,1
6132,2,78,2024-12-30 09:52:00,0
6135,3,24,2025-02-22 02:30:00,0
6141,4,77,2024-12-31 10:07:00,0
6143,2,138,2024-10-31 17:44:00,1
6144,2,48,2025-01-29 00:08:00,0
6145,7,29,2025-02-17 09:04:00,0
6153,2,59,2025-01-18 15:37:00,0
6155,5,42,2025-02-04 11:41:00,0
6157,5,5,2025-03-13 12:05:00,0
6158,4,263,2024-06-28 06:38:00,1
6161,3,146,2024-10-23 15:14:00,1
6162,3,175,2024-09-24 13:52:00,1
6164,1,77,2024-12-31 16:51:00,0
6165,2,38,2025-02-08 16:20:00,0
6166,9,5,2025-03-13 22:04:00,0
6168,4,36,2025-02-10 07:54:00,0
6172,4,13,2025-03-05 07:19:00,0
6173,2,167,2024-10-02 01:12:00,1
6174,3,10,2025-03-08 20:20:00,0
6176,3,75,2025-01-02 10:44:00,0
6182,4,10,2025-03-08 02:18:00,0
6185,4,120,2024-11-18 13:04:00,0
6187,2,31,2025-02-15 06:39:00,0
6191,4,35,2025-02-11 07:17:00,0
6194,1,245,2024-07-16 14:47:00,1
6197,2,22,2025-02-24 00:26:00,0
6199,3,13,2025-03-05 08:04:00,0
6200,2,1,2025-03-17 19:07:00,0
6201,2,131,2024-11-07 18:03:00,1
6202,1,13,2025-03-05 01:35:00,0
6205,2,210,2024-08-20 20:34:00,1
6206,3,157,2024-10-12 21:36:00,1
6207,2,93,2024-12-15 03:14:00,0
6209,2,57,2025-01-20 07:07:00,0
6211,5,170,2024-09-29 04:17:00,1
6212,4,50,2025-01-27 21:57:00,0
6214,4,141,2024-10-28 14:04:00,1
6216,4,98,2024-12-10 21:46:00,0
6217,4,27,2025-02-19 00:50:00,0
6220,5,6,2025-03-12 10:41:00,0
6222,1,295,2024-05-27 21:20:00,1
6225,1,332,2024-04-20 20:51:00,1
6226,3,64,2025-01-13 21:31:00,0
6228,4,61,2025-01-16 16:06:00,0
6230,4,131,2024-11-07 19:15:00,1
6231,4,89,2024-12-19 03:07:00,0
6232,4,16,2025-03-02 05:40:00,0
6234,2,154,2024-10-15 07:41:00,1
6236,1,364,2024-03-19 17:56:00,1
6237,3,32,2025-02-14 22:32:00,0
6240,2,49,2025-01-28 20:04:00,0
6241,3,4,2025-03-14 01:54:00,0
6242,3,87,2024-12-21 03:13:00,0
6244,3,38,2025-02-08 19:05:00,0
6247,4,162,2024-10-07 17:28:00,1
6248,2,205,2024-08-25 21:40:00,1
6250,1,88,2024-12-20 08:19:00,0
6253,7,7,2025-03-11 17:43:00,0
6255,6,67,2025-01-10 19:55:00,0
6257,3,7,2025-03-11 18:09:00,0
6258,4,121,2024-11-17 21:39:00,1
6259,7,157,2024-10-12 08:42:00,1
6262,3,126,2024-11-12 19:13:00,1
6263,3,48,2025-01-29 00:27:00,0
6266,4,103,2024-12-05 21:02:00,0
6270,2,134,2024-11-04 08:58:00,1
6271,1,144,2024-10-25 05:53:00,1
6273,2,311,2024-05-11 22:25:00,1
6274,2,229,2024-08-01 11:57:00,1
6276,1,334,2024-04-18 17:11:00,1
6277,1,222,2024-08-08 18:20:00,1
6283,3,105,2024-12-03 07:49:00,0
6285,4,70,2025-01-07 05:00:00,0
6291,1,182,2024-09-17 05:59:00,1
6292,3,13,2025-03-05 10:28:00,0
6294,3,67,2025-01-10 08:09:00,0
6295,4,119,2024-11-19 22:59:00,0
6296,2,191,2024-09-08 16:45:00,1
6299,2,134,2024-11-04 12:43:00,1
6305,2,173,2024-09-26 12:48:00,1
6306,1,41,2025-02-05 19:31:00,0
6308,1,161,2024-10-08 04:44:00,1
6309,5,100,2024-12-08 17:51:00,0
6310,1,151,2024-10-18 05:44:00,1
6313,3,2,2025-03-16 23:22:00,0
6317,3,73,2025-01-04 13:33:00,0
6318,2,298,2024-05-24 09:15:00,1
6319,3,170,2024-09-29 17:28:00,1
6325,1,90,2024-12-18 09:02:00,0
6326,4,2,2025-03-16 04:56:00,0
6328,3,28,2025-02-18 12:07:00,0
6329,1,35,2025-02-11 12:21:00,0
6331,2,79,2024-12-29 14:51:00,0
6332,2,15,2025-03-03 19:52:00,0
6333,1,174,2024-09-25 13:49:00,1
6335,4,17,2025-03-01 17:14:00,0
6336,3,2,2025-03-16 11:44:00,0
6337,4,226,2024-08-04 09:13:00,1
6341,4,194,2024-09-05 20:42:00,1
6343,5,109,2024-11-29 08:47:00,0
6344,5,83,2024-12-25 17:54:00,0
6347,3,74,2025-01-03 03:37:00,0
6348,1,58,2025-01-19 02:55:00,0
6349,3,130,2024-11-08 20:23:00,1
6352,3,134,2024-11-04 20:46:00,1
6353,3,41,2025-02-05 01:24:00,0
6356,5,66,2025-01-11 05:30:00,0
6357,3,88,2024-12-20 08:19:00,0
6360,5,97,2024-12-11 06:29:00,0
6361,4,83,2024-12-25 03:18:00,0
6362,2,150,2024-10-19 00:09:00,1
6365,5,77,2024-12-31 08:33:00,0
6366,3,111,2024-11-27 00:05:00,0
6367,4,108,2024-11-30 23:24:00,0
6369,3,208,2024-08-22 23:46:00,1
6370,2,190,2024-09-09 09:36:00,1
6371,4,142,2024-10-27 00:56:00,1
6372,2,60,2025-01-17 18:50:00,0
6375,1,82,2024-12-26 12:35:00,0
6378,4,25,2025-02-21 14:23:00,0
6379,3,69,2025-01-08 20:33:00,0
6381,3,75,2025-01-02 19:53:00,0
6382,4,56,2025-01-21 16:59:00,0
6383,4,59,2025-01-18 19:37:00,0
6388,5,19,2025-02-27 09:06:00,0
6391,1,310,2024-05-12 09:38:00,1
6394,7,43,2025-02-03 07:15:00,0
6398,2,168,2024-10-01 02:20:00,1
6400,2,121,2024-11-17 14:27:00,1
6401,6,44,2025-02-02 21:01:00,0
6405,2,226,2024-08-04 06:19:00,1
6408,3,159,2024-10-10 20:54:00,1
6409,3,118,2024-11-20 10:30:00,0
6410,4,21,2025-02-25 20:20:00,0
6411,2,277,2024-06-14 00:49:00,1
6412,2,26,2025-02-20 08:34:00,0
6414,3,108,2024-11-30 09:07:00,0
6415,3,203,2024-08-27 13:25:00,1
6419,2,57,2025-01-20 06:06:00,0
6421,4,114,2024-11-24 11:55:00,0
6424,3,124,2024-11-14 01:04:00,1
6425,2,61,2025-01-16 19:47:00,0
6429,1,2,2025-03-16 12:10:00,0
6430,4,1,2025-03-17 21:00:00,0
6431,2,40,2025-02-06 07:40:00,0
6433,7,112,2024-11-26 03:43:00,0
6437,3,116,2024-11-22 00:28:00,0
6439,4,15,2025-03-03 02:31:00,0
6441,2,28,2025-02-18 10:52:00,0
6443,2,179,2024-09-20 10:08:00,1
6446,3,49,2025-01-28 10:37:00,0
6447,6,30,2025-02-16 04:49:00,0
6448,5,63,2025-01-14 09:50:00,0
6449,3,19,2025-02-27 16:17:00,0
6450,5,19,2025-02-27 17:18:00,0
6452,2,41,2025-02-05 06:43:00,0
6457,2,34,2025-02-12 12:21:00,0
6460,8,72,2025-01-05 20:34:00,0
6464,3,64,2025-01-13 20:13:00,0
6467,5,142,2024-10-27 05:59:00,1
6468,3,88,2024-12-20 17:49:00,0
6469,2,36,2025-02-10 15:19:00,0
6470,2,170,2024-09-29 17:04:00,1
6471,1,175,2024-09-24 00:32:00,1
6473,2,49,2025-01-28 19:43:00,0
6475,5,8,2025-03-10 11:59:00,0
6479,3,21,2025-02-25 20:55:00,0
6480,3,186,2024-09-13 21:05:00,1
6482,2,312,2024-05-10 23:30:00,1
6486,5,8,2025-03-10 12:45:00,0
6487,1,321,2024-05-01 14:58:00,1
6489,3,27,2025-02-19 16:29:00,0
6490,1,348,2024-04-04 23:58:00,1
6492,4,133,2024-11-05 20:12:00,1
6493,5,167,2024-10-02 09:53:00,1
6494,2,138,2024-10-31 16:12:00,1
6495,3,181,2024-09-18 13:08:00,1
6496,4,84,2024-12-24 03:29:00,0
6498,1,120,2024-11-18 10:44:00,0
6499,2,23,2025-02-23 20:38:00,0
6501,1,101,2024-12-07 09:12:00,0
6502,5,80,2024-12-28 17:43:00,0
6503,3,4,2025-03-14 00:02:00,0
6505,2,79,2024-12-29 11:14:00,0
6506,7,52,2025-01-25 05:01:00,0
6507,4,84,2024-12-24 08:19:00,0
6509,5,106,2024-12-02 11:49:00,0
6510,2,184,2024-09-15 23:56:00,1
6511,2,30,2025-02-16 15:16:00,0
6514,2,85,2024-12-23 12:25:00,0
6517,6,101,2024-12-07 21:40:00,0
6518,4,112,2024-11-26 20:39:00,0
6519,2,198,2024-09-01 02:14:00,1
6520,6,132,2024-11-06 05:08:00,1
6522,3,117,2024-11-21 08:56:00,0
6525,1,322,2024-04-30 14:21:00,1
6527,3,106,2024-12-02 22:05:00,0
6528,2,163,2024-10-06 22:22:00,1
6529,3,11,2025-03-07 20:38:00,0
6531,4,57,2025-01-20 02:24:00,0
6532,3,311,2024-05-11 23:40:00,1
6533,2,1,2025-03-17 11:39:00,0
6538,5,17,2025-03-01 09:32:00,0
6539,1,111,2024-11-27 08:18:00,0
6540,2,206,2024-08-24 22:27:00,1
6541,3,168,2024-10-01 06:44:00,1
6542,3,72,2025-01-05 13:06:00,0
6543,2,184,2024-09-15 00:31:00,1
6545,3,143,2024-10-26 12:21:00,1
6546,3,52,2025-01-25 10:54:00,0
6549,1,310,2024-05-12 13:19:00,1
6551,3,287,2024-06-04 04:46:00,1
6554,3,32,2025-02-14 01:34:00,0
6555,3,46,2025-01-31 19:12:00,0
6556,1,148,2024-10-21 02:00:00,1
6557,2,139,2024-10-30 01:22:00,1
6562,4,114,2024-11-24 17:26:00,0
6570,4,48,2025-01-29 07:42:00,0
6571,2,95,2024-12-13 14:31:00,0
6575,4,69,2025-01-08 22:16:00,0
6576,2,100,2024-12-08 22:13:00,0
6577,2,237,2024-07-24 22:32:00,1
6579,6,22,2025-02-24 04:25:00,0
6580,5,31,2025-02-15 20:08:00,0
6581,5,41,2025-02-05 22:24:00,0
6582,4,72,2025-01-05 17:19:00,0
6584,5,81,2024-12-27 00:21:00,0
6588,4,54,2025-01-23 02:33:00,0
6590,4,38,2025-02-08 02:32:00,0
6592,2,149,2024-10-20 07:20:00,1
6594,2,249,2024-07-12 07:59:00,1
6595,4,33,2025-02-13 14:22:00,0
6597,4,34,2025-02-12 16:11:00,0
6601,3,97,2024-12-11 02:18:00,0
6602,5,2,2025-03-16 09:43:00,0
6603,1,64,2025-01-13 17:01:00,0
6604,3,136,2024-11-02 05:39:00,1
6605,2,168,2024-10-01 17:33:00,1
6606,9,53,2025-01-24 04:54:00,0
6607,5,78,2024-12-30 16:33:00,0
6608,4,37,2025-02-09 12:55:00,0
6609,5,13,2025-03-05 02:34:00,0
6610,5,18,2025-02-28 08:31:00,0
6614,1,45,2025-02-01 22:56:00,0
6615,5,21,2025-02-25 02:53:00,0
6616,7,103,2024-12-05 13:04:00,0
6618,2,3,2025-03-15 02:00:00,0
6621,3,42,2025-02-04 21:36:00,0
6622,3,106,2024-12-02 12:09:00,0
6624,4,126,2024-11-12 17:05:00,1
6627,5,134,2024-11-04 04:36:00,1
6628,4,31,2025-02-15 16:25:00,0
6630,2,51,2025-01-26 19:30:00,0
6633,4,186,2024-09-13 19:10:00,1
6634,3,233,2024-07-28 07:27:00,1
6635,4,197,2024-09-02 03:50:00,1
6636,1,256,2024-07-05 01:39:00,1
6637,1,188,2024-09-11 18:30:00,1
6640,3,133,2024-11-05 14:54:00,1
6642,2,69,2025-01-08 13:03:00,0
6645,2,22,2025-02-24 14:34:00,0
6646,7,22,2025-02-24 18:00:00,0
6647,3,0,2025-03-18 08:18:00,0
6648,1,311,2024-05-11 14:01:00,1
6649,1,278,2024-06-13 14:12:00,1
6650,5,4,2025-03-14 03:55:00,0
6651,2,18,2025-02-28 01:47:00,0
6654,5,0,2025-03-18 16:36:00,0
6655,4,34,2025-02-12 21:20:00,0
6657,3,62,2025-01-15 02:46:00,0
6659,2,37,2025-02-09 20:49:00,0
6661,4,43,2025-02-03 02:05:00,0
6664,4,58,2025-01-19 06:57:00,0
6665,3,49,2025-01-28 16:33:00,0
6667,2,27,2025-02-19 22:32:00,0
6670,2,45,2025-02-01 12:27:00,0
6672,1,207,2024-08-23 06:41:00,1
6674,2,238,2024-07-23 08:56:00,1
6675,4,136,2024-11-02 19:35:00,1
6676,3,4,2025-03-14 05:16:00,0
6677,3,91,2024-12-17 11:37:00,0
6678,2,4,2025-03-14 18:51:00,0
6679,2,194,2024-09-05 03:06:00,1
6680,4,13,2025-03-05 13:41:00,0
6682,7,46,2025-01-31 18:13:00,0
6685,3,36,2025-02-10 06:05:00,0
6687,5,78,2024-12-30 06:57:00,0
6688,1,264,2024-06-27 09:44:00,1
6690,3,114,2024-11-24 04:05:00,0
6692,2,351,2024-04-01 09:56:00,1
6694,2,96,2024-12-12 00:47:00,0
6695,3,2,2025-03-16 00:05:00,0
6697,6,3,2025-03-15 00:12:00,0
6699,6,33,2025-02-13 09:49:00,0
6700,6,42,2025-02-04 14:54:00,0
6702,4,87,2024-12-21 05:45:00,0
6704,2,157,2024-10-12 09:11:00,1
6705,3,34,2025-02-12 02:28:00,0
6708,3,1,2025-03-17 00:55:00,0
6709,2,196,2024-09-03 11:55:00,1
6713,2,158,2024-10-11 10:04:00,1
6715,2,13,2025-03-05 21:56:00,0
6717,2,195,2024-09-04 02:52:00,1
6718,2,147,2024-10-22 10:32:00,1
6720,4,73,2025-01-04 07:07:00,0
6722,2,138,2024-10-31 03:52:00,1
6724,1,266,2024-06-25 03:24:00,1
6725,2,24,2025-02-22 23:19:00,0
6726,1,119,2024-11-19 21:54:00,0
6727,4,4,2025-03-14 20:56:00,0
6728,1,298,2024-05-24 19:46:00,1
6730,2,51,2025-01-26 02:00:00,0
6732,5,119,2024-11-19 22:27:00,0
6733,3,103,2024-12-05 17:23:00,0
6735,4,43,2025-02-03 21:52:00,0
6736,4,-1,2025-03-19 09:33:00,0
6737,3,85,2024-12-23 11:29:00,0
6739,3,79,2024-12-29 01:38:00,0
6740,3,5,2025-03-13 23:40:00,0
6741,2,105,2024-12-03 12:44:00,0
6745,5,120,2024-11-18 20:24:00,0
6746,4,3,2025-03-15 11:52:00,0
6748,4,13,2025-03-05 15:02:00,0
6750,7,63,2025-01-14 19:29:00,0
6751,2,71,2025-01-06 07:49:00,0
6752,1,215,2024-08-15 22:47:00,1
6753,5,1,2025-03-17 01:54:00,0
6754,3,59,2025-01-18 06:53:00,0
6756,3,26,2025-02-20 12:56:00,0
6758,6,14,2025-03-04 05:42:00,0
6759,1,226,2024-08-04 10:54:00,1
6761,2,247,2024-07-14 18:40:00,1
6763,3,20,2025-02-26 03:38:00,0
6764,2,51,2025-01-26 14:24:00,0
6765,3,74,2025-01-03 18:12:00,0
6767,1,194,2024-09-05 14:29:00,1
6768,3,4,2025-03-14 13:36:00,0
6774,4,232,2024-07-29 18:05:00,1
6775,1,360,2024-03-23 18:50:00,1
6776,1,219,2024-08-11 14:42:00,1
6777,2,66,2025-01-11 10:04:00,0
6778,2,11,2025-03-07 19:37:00,0
6780,4,164,2024-10-05 00:22:00,1
6784,6,9,2025-03-09 08:15:00,0
6785,8,50,2025-01-27 23:28:00,0
6787,2,120,2024-11-18 04:19:00,0
6789,7,30,2025-02-16 13:26:00,0
6790,6,42,2025-02-04 01:48:00,0
6792,5,25,2025-02-21 07:44:00,0
6793,3,12,2025-03-06 01:16:00,0
6794,3,163,2024-10-06 01:53:00,1
6798,3,220,2024-08-10 14:25:00,1
6803,4,245,2024-07-16 06:35:00,1
6807,6,2,2025-03-16 18:03:00,0
6809,3,243,2024-07-18 12:46:00,1
6816,3,104,2024-12-04 14:18:00,0
6817,2,90,2024-12-18 11:32:00,0
6820,2,1,2025-03-17 00:56:00,0
6822,7,11,2025-03-07 17:10:00,0
6825,1,332,2024-04-20 11:23:00,1
6828,2,252,2024-07-09 12:39:00,1
6829,5,49,2025-01-28 18:01:00,0
6831,3,1,2025-03-17 06:42:00,0
6835,3,69,2025-01-08 00:54:00,0
6836,6,84,2024-12-24 10:30:00,0
6837,2,69,2025-01-08 07:57:00,0
6838,3,72,2025-01-05 23:30:00,0
6840,2,34,2025-02-12 10:52:00,0
6841,2,173,2024-09-26 10:34:00,1
6842,2,301,2024-05-21 14:25:00,1
6844,3,111,2024-11-27 06:00:00,0
6845,3,5,2025-03-13 04:41:00,0
6846,4,211,2024-08-19 03:13:00,1
6851,1,231,2024-07-30 04:39:00,1
6853,3,204,2024-08-26 02:29:00,1
6855,6,59,2025-01-18 15:14:00,0
6856,2,19,2025-02-27 07:51:00,0
6857,3,49,2025-01-28 03:45:00,0
6858,1,119,2024-11-19 21:39:00,0
6864,3,192,2024-09-07 19:24:00,1
6869,5,34,2025-02-12 15:04:00,0
6870,3,232,2024-07-29 09:26:00,1
6871,3,129,2024-11-09 07:55:00,1
6873,3,120,2024-11-18 15:02:00,0
6877,3,58,2025-01-19 12:28:00,0
6878,2,303,2024-05-19 07:12:00,1
6879,5,79,2024-12-29 19:30:00,0
6881,3,1,2025-03-17 02:18:00,0
6883,4,13,2025-03-05 07:21:00,0
6884,3,184,2024-09-15 21:12:00,1
6885,4,75,2025-01-02 17:19:00,0
6887,1,332,2024-04-20 22:09:00,1
6890,5,151,2024-10-18 20:24:00,1
6891,2,237,2024-07-24 09:23:00,1
6893,3,182,2024-09-17 06:33:00,1
6897,1,127,2024-11-11 05:43:00,1
6899,2,64,2025-01-13 05:09:00,0
6900,3,76,2025-01-01 21:09:00,0
6901,2,67,2025-01-10 12:15:00,0
6902,5,99,2024-12-09 20:52:00,0
6907,1,349,2024-04-03 10:55:00,1
6909,5,62,2025-01-15 06:51:00,0
6910,8,41,2025-02-05 04:49:00,0
6912,5,137,2024-11-01 18:34:00,1
6917,6,116,2024-11-22 16:29:00,0
6921,2,16,2025-03-02 00:40:00,0
6922,2,0,2025-03-18 01:31:00,0
6924,5,13,2025-03-05 07:15:00,0
6925,4,31,2025-02-15 16:53:00,0
6926,5,3,2025-03-15 00:11:00,0
6930,2,85,2024-12-23 20:59:00,0
6932,1,127,2024-11-11 09:19:00,1
6933,5,25,2025-02-21 23:20:00,0
6934,4,55,2025-01-22 06:28:00,0
6935,4,197,2024-09-02 03:50:00,1
6937,2,110,2024-11-28 01:04:00,0
6941,3,90,2024-12-18 12:26:00,0
6942,5,71,2025-01-06 15:12:00,0
6943,5,49,2025-01-28 12:04:00,0
6944,1,295,2024-05-27 07:31:00,1
6946,2,204,2024-08-26 20:56:00,1
6949,3,14,2025-03-04 02:43:00,0
6950,3,96,2024-12-12 09:49:00,0
6951,2,150,2024-10-19 06:25:00,1
6955,1,113,2024-11-25 08:41:00,0
6956,3,2,2025-03-16 19:50:00,0
6957,2,227,2024-08-03 14:58:00,1
6958,5,16,2025-03-02 23:47:00,0
6961,2,18,2025-02-28 00:32:00,0
6965,3,155,2024-10-14 15:45:00,1
6967,4,20,2025-02-26 09:10:00,0
6968,1,13,2025-03-05 01:10:00,0
6969,4,21,2025-02-25 18:16:00,0
6970,3,147,2024-10-22 08:10:00,1
6971,5,79,2024-12-29 22:16:00,0
6972,3,155,2024-10-14 08:17:00,1
6975,2,85,2024-12-23 03:08:00,0
6977,2,109,2024-11-29 13:54:00,0
6978,2,64,2025-01-13 07:43:00,0
6980,3,238,2024-07-23 13:30:00,1
6981,2,19,2025-02-27 09:13:00,0
6984,7,61,2025-01-16 02:51:00,0
6987,2,257,2024-07-04 23:01:00,1
6989,3,240,2024-07-21 14:48:00,1
6992,2,137,2024-11-01 12:46:00,1
6993,2,175,2024-09-24 14:04:00,1
7001,2,99,2024-12-09 14:07:00,0
7004,3,13,2025-03-05 17:53:00,0
7006,2,58,2025-01-19 23:16:00,0
7015,3,68,2025-01-09 13:42:00,0
7018,1,94,2024-12-14 07:18:00,0
7020,5,55,2025-01-22 22:06:00,0
7022,4,30,2025-02-16 12:01:00,0
7023,4,-1,2025-03-19 00:22:00,0
7024,3,91,2024-12-17 10:27:00,0
7026,1,238,2024-07-23 22:35:00,1
7028,1,63,2025-01-14 18:47:00,0
7030,3,253,2024-07-08 12:59:00,1
7032,4,13,2025-03-05 21:39:00,0
7033,1,150,2024-10-19 07:10:00,1
7034,3,32,2025-02-14 07:47:00,0
7035,5,78,2024-12-30 19:57:00,0
7036,2,42,2025-02-04 13:22:00,0
7039,4,232,2024-07-29 19:56:00,1
7040,4,64,2025-01-13 20:57:00,0
7041,2,142,2024-10-27 01:24:00,1
7042,2,227,2024-08-03 15:44:00,1
7044,3,53,2025-01-24 23:22:00,0
7045,3,193,2024-09-06 14:36:00,1
7046,2,52,2025-01-25 18:54:00,0
7047,2,8,2025-03-10 00:35:00,0
7049,2,160,2024-10-09 22:26:00,1
7050,3,102,2024-12-06 08:33:00,0
7051,3,47,2025-01-30 22:54:00,0
7052,4,9,2025-03-09 14:37:00,0
7055,2,277,2024-06-14 02:43:00,1
7059,2,110,2024-11-28 12:14:00,0
7060,4,87,2024-12-21 23:30:00,0
7062,3,135,2024-11-03 18:54:00,1
7064,2,145,2024-10-24 19:32:00,1
7065,7,134,2024-11-04 01:43:00,1
7066,4,105,2024-12-03 03:46:00,0
7067,2,123,2024-11-15 01:21:00,1
7069,1,212,2024-08-18 00:18:00,1
7072,2,54,2025-01-23 05:05:00,0
7074,2,334,2024-04-18 16:34:00,1
7075,9,8,2025-03-10 22:12:00,0
7078,3,90,2024-12-18 07:36:00,0
7079,5,46,2025-01-31 01:10:00,0
7080,3,10,2025-03-08 19:35:00,0
7082,4,94,2024-12-14 15:28:00,0
7084,2,337,2024-04-15 13:10:00,1
7085,4,102,2024-12-06 17:30:00,0
7086,4,19,2025-02-27 14:06:00,0
7088,5,16,2025-03-02 11:43:00,0
7091,4,14,2025-03-04 04:11:00,0
7093,2,51,2025-01-26 09:36:00,0
7096,3,110,2024-11-28 16:42:00,0
7100,6,25,2025-02-21 22:33:00,0
7101,5,120,2024-11-18 02:57:00,0
7102,3,28,2025-02-18 16:58:00,0
7103,3,195,2024-09-04 18:52:00,1
7104,2,6,2025-03-12 22:18:00,0
7105,2,10,2025-03-08 08:07:00,0
7107,4,103,2024-12-05 23:08:00,0
7108,2,156,2024-10-13 07:36:00,1
7111,9,13,2025-03-05 05:28:00,0
7113,3,269,2024-06-22 16:12:00,1
7114,2,138,2024-10-31 01:39:00,1
7115,6,192,2024-09-07 16:38:00,1
7118,3,39,2025-02-07 21:42:00,0
7120,4,13,2025-03-05 14:02:00,0
7121,3,7,2025-03-11 07:00:00,0
7122,5,34,2025-02-12 06:16:00,0
7123,2,125,2024-11-13 06:49:00,1
7124,2,159,2024-10-10 15:06:00,1
7126,1,344,2024-04-08 03:41:00,1
7127,3,56,2025-01-21 15:11:00,0
7128,4,28,2025-02-18 02:00:00,0
7129,3,200,2024-08-30 22:25:00,1
7132,4,74,2025-01-03 11:56:00,0
7137,1,301,2024-05-21 00:41:00,1
7138,4,4,2025-03-14 13:25:00,0
7140,3,109,2024-11-29 11:41:00,0
7141,3,35,2025-02-11 10:52:00,0
7144,1,36,2025-02-10 18:26:00,0
7147,4,21,2025-02-25 21:41:00,0
7149,1,285,2024-06-06 13:56:00,1
7150,6,88,2024-12-20 01:40:00,0
7152,1,104,2024-12-04 22:36:00,0
7156,1,364,2024-03-19 21:21:00,1
7160,3,176,2024-09-23 03:13:00,1
7162,4,7,2025-03-11 06:25:00,0
7163,6,28,2025-02-18 23:23:00,0
7164,3,53,2025-01-24 06:21:00,0
7165,1,206,2024-08-24 14:21:00,1
7166,4,7,2025-03-11 14:04:00,0
7169,1,212,2024-08-18 06:16:00,1
7172,5,41,2025-02-05 12:46:00,0
7178,5,18,2025-02-28 11:17:00,0
7180,4,219,2024-08-11 08:01:00,1
7182,1,33,2025-02-13 15:50:00,0
7184,2,71,2025-01-06 15:30:00,0
7186,4,24,2025-02-22 22:27:00,0
7189,2,126,2024-11-12 06:30:00,1
7191,6,11,2025-03-07 15:33:00,0
7193,7,18,2025-02-28 21:36:00,0
7194,3,93,2024-12-15 10:43:00,0
7195,3,117,2024-11-21 02:12:00,0
7196,1,187,2024-09-12 09:49:00,1
7197,1,331,2024-04-21 17:56:00,1
7199,3,129,2024-11-09 04:47:00,1
7202,3,212,2024-08-18 05:05:00,1
7203,6,0,2025-03-18 07:10:00,0
7205,4,82,2024-12-26 10:28:00,0
7206,1,356,2024-03-27 01:24:00,1
7207,3,110,2024-11-28 21:01:00,0
7208,1,25,2025-02-21 06:02:00,0
7209,3,304,2024-05-18 09:05:00,1
7212,1,135,2024-11-03 13:35:00,1
7213,2,35,2025-02-11 12:24:00,0
7214,3,87,2024-12-21 11:59:00,0
7215,1,39,2025-02-07 09:02:00,0
7216,3,46,2025-01-31 12:20:00,0
7217,1,303,2024-05-19 22:31:00,1
7219,5,13,2025-03-05 16:34:00,0
7220,4,42,2025-02-04 22:11:00,0
7221,3,18,2025-02-28 21:46:00,0
7223,4,104,2024-12-04 07:11:00,0
7224,3,198,2024-09-01 23:16:00,1
7227,1,207,2024-08-23 21:09:00,1
7230,2,169,2024-09-30 14:50:00,1
7232,1,233,2024-07-28 10:11:00,1
7233,1,250,2024-07-11 12:51:00,1
7234,4,91,2024-12-17 14:39:00,0
7235,6,62,2025-01-15 08:33:00,0
7238,1,69,2025-01-08 08:52:00,0
7239,3,96,2024-12-12 22:26:00,0
7240,3,31,2025-02-15 14:15:00,0
7247,4,100,2024-12-08 17:34:00,0
7248,1,302,2024-05-20 02:54:00,1
7249,2,60,2025-01-17 17:34:00,0
7253,4,38,2025-02-08 13:43:00,0
7256,2,5,2025-03-13 04:43:00,0
7257,4,222,2024-08-08 03:41:00,1
7260,2,242,2024-07-19 02:06:00,1
7263,2,179,2024-09-20 19:28:00,1
7267,1,150,2024-10-19 18:03:00,1
7268,4,96,2024-12-12 07:09:00,0
7269,1,72,2025-01-05 04:19:00,0
7270,1,152,2024-10-17 09:03:00,1
7271,3,216,2024-08-14 16:35:00,1
7272,4,132,2024-11-06 11:10:00,1
7274,1,68,2025-01-09 12:29:00,0
7277,4,19,2025-02-27 22:43:00,0
7279,4,67,2025-01-10 19:59:00,0
7283,3,261,2024-06-30 18:57:00,1
7284,4,22,2025-02-24 20:36:00,0
7285,2,147,2024-10-22 02:05:00,1
7287,6,56,2025-01-21 21:42:00,0
7292,5,99,2024-12-09 15:24:00,0
7295,3,5,2025-03-13 10:24:00,0
7297,4,29,2025-02-17 19:05:00,0
7299,2,208,2024-08-22 15:57:00,1
7300,4,94,2024-12-14 06:42:00,0
7302,1,35,2025-02-11 14:43:00,0
7303,2,131,2024-11-07 07:25:00,1
7307,1,105,2024-12-03 23:18:00,0
7309,2,112,2024-11-26 10:48:00,0
7311,3,149,2024-10-20 00:02:00,1
7316,2,150,2024-10-19 17:17:00,1
7318,4,26,2025-02-20 03:38:00,0
7321,2,40,2025-02-06 17:08:00,0
7322,3,0,2025-03-18 00:44:00,0
7323,2,92,2024-12-16 13:32:00,0
7325,1,283,2024-06-08 18:57:00,1
7326,1,326,2024-04-26 09:33:00,1
7331,6,15,2025-03-03 00:40:00,0
7333,1,58,2025-01-19 15:32:00,0
7335,4,9,2025-03-09 06:21:00,0
7336,4,208,2024-08-22 18:48:00,1
7337,3,56,2025-01-21 23:52:00,0
7338,7,1,2025-03-17 06:14:00,0
7341,2,58,2025-01-19 18:04:00,0
7342,9,14,2025-03-04 07:14:00,0
7343,6,3,2025-03-15 01:47:00,0
7345,3,24,2025-02-22 23:59:00,0
7346,3,64,2025-01-13 09:11:00,0
7347,3,210,2024-08-20 05:04:00,1
7349,2,23,2025-02-23 21:27:00,0
7351,5,20,2025-02-26 15:18:00,0
7352,2,262,2024-06-29 13:09:00,1
7353,2,70,2025-01-07 15:49:00,0
7357,2,225,2024-08-05 03:00:00,1
7358,2,167,2024-10-02 03:35:00,1
7360,1,294,2024-05-28 11:07:00,1
7361,5,0,2025-03-18 09:56:00,0
7364,4,73,2025-01-04 03:59:00,0
7367,2,247,2024-07-14 10:29:00,1
7370,1,181,2024-09-18 03:33:00,1
7373,4,12,2025-03-06 11:37:00,0
7374,5,65,2025-01-12 00:01:00,0
7378,3,92,2024-12-16 14:20:00,0
7383,4,9,2025-03-09 21:12:00,0
7385,2,141,2024-10-28 04:52:00,1
7387,2,36,2025-02-10 03:44:00,0
7389,3,4,2025-03-14 23:42:00,0
7394,3,26,2025-02-20 02:39:00,0
7395,1,89,2024-12-19 07:38:00,0
7396,2,204,2024-08-26 06:51:00,1
7397,2,88,2024-12-20 23:24:00,0
7398,1,243,2024-07-18 05:07:00,1
7400,2,235,2024-07-26 06:33:00,1
7402,2,136,2024-11-02 21:51:00,1
7403,5,81,2024-12-27 07:27:00,0
7407,2,168,2024-10-01 21:24:00,1
7408,4,106,2024-12-02 16:45:00,0
7409,2,198,2024-09-01 01:21:00,1
7410,5,10,2025-03-08 14:17:00,0
7412,4,334,2024-04-18 14:59:00,1
7417,3,78,2024-12-30 20:50:00,0
7424,1,125,2024-11-13 22:42:00,1
7425,1,109,2024-11-29 16:26:00,0
7426,6,27,2025-02-19 08:46:00,0
7428,1,66,2025-01-11 01:09:00,0
7429,1,290,2024-06-01 01:31:00,1
7430,1,342,2024-04-10 16:30:00,1
7431,1,252,2024-07-09 00:58:00,1
7433,4,23,2025-02-23 01:51:00,0
7434,2,65,2025-01-12 12:07:00,0
7436,2,182,2024-09-17 19:39:00,1
7439,4,3,2025-03-15 01:13:00,0
7441,2,160,2024-10-09 23:48:00,1
7442,6,57,2025-01-20 19:55:00,0
7443,3,181,2024-09-18 00:13:00,1
7444,2,176,2024-09-23 11:13:00,1
7445,4,78,2024-12-30 07:01:00,0
7447,1,284,2024-06-07 13:42:00,1
7449,2,118,2024-11-20 04:50:00,0
7454,2,166,2024-10-03 14:43:00,1
7458,4,17,2025-03-01 10:27:00,0
7459,3,0,2025-03-18 02:37:00,0
7460,7,48,2025-01-29 14:46:00,0
7463,2,299,2024-05-23 17:21:00,1
7464,1,274,2024-06-17 09:49:00,1
7465,4,81,2024-12-27 04:14:00,0
7468,5,15,2025-03-03 04:15:00,0
7469,4,254,2024-07-07 03:41:00,1
7471,3,80,2024-12-28 09:45:00,0
7472,4,198,2024-09-01 23:38:00,1
7474,10,37,2025-02-09 10:55:00,0
7475,3,88,2024-12-20 08:34:00,0
7478,2,148,2024-10-21 01:35:00,1
7479,5,0,2025-03-18 02:47:00,0
7481,4,55,2025-01-22 02:45:00,0
7483,1,162,2024-10-07 13:21:00,1
7484,4,51,2025-01-26 22:47:00,0
7485,8,13,2025-03-05 16:29:00,0
7486,5,131,2024-11-07 00:46:00,1
7487,1,179,2024-09-20 20:54:00,1
7488,3,178,2024-09-21 17:42:00,1
7489,4,27,2025-02-19 10:38:00,0
7491,3,52,2025-01-25 00:31:00,0
7492,1,177,2024-09-22 01:38:00,1
7493,4,75,2025-01-02 11:39:00,0
7494,4,157,2024-10-12 18:09:00,1
7498,1,285,2024-06-06 19:20:00,1
7500,2,189,2024-09-10 12:05:00,1
7501,4,108,2024-11-30 03:04:00,0
7503,2,162,2024-10-07 20:16:00,1
7504,2,172,2024-09-27 13:51:00,1
7505,2,71,2025-01-06 18:03:00,0
7506,2,235,2024-07-26 04:57:00,1
7507,3,6,2025-03-12 19:09:00,0
7513,2,32,2025-02-14 20:57:00,0
7515,3,131,2024-11-07 16:17:00,1
7516,3,271,2024-06-20 11:10:00,1
7517,1,329,2024-04-23 12:24:00,1
7518,2,162,2024-10-07 04:13:00,1
7519,3,50,2025-01-27 12:24:00,0
7520,3,69,2025-01-08 14:30:00,0
7521,3,93,2024-12-15 01:36:00,0
7523,2,102,2024-12-06 10:41:00,0
7524,3,88,2024-12-20 16:09:00,0
7525,1,214,2024-08-16 04:51:00,1
7526,4,78,2024-12-30 00:53:00,0
7527,2,246,2024-07-15 18:02:00,1
7528,2,42,2025-02-04 07:22:00,0
7530,2,62,2025-01-15 21:09:00,0
7533,3,72,2025-01-05 06:40:00,0
7535,5,147,2024-10-22 06:09:00,1
7536,3,233,2024-07-28 08:37:00,1
7537,5,65,2025-01-12 01:13:00,0
7538,2,225,2024-08-05 18:12:00,1
7539,1,174,2024-09-25 09:59:00,1
7541,1,154,2024-10-15 21:02:00,1
7545,1,73,2025-01-04 03:24:00,0
7548,3,144,2024-10-25 06:09:00,1
7550,2,52,2025-01-25 20:13:00,0
7552,2,162,2024-10-07 02:42:00,1
7553,4,140,2024-10-29 21:43:00,1
7554,2,334,2024-04-18 19:53:00,1
7556,1,313,2024-05-09 03:17:00,1
7557,1,59,2025-01-18 09:25:00,0
7559,3,99,2024-12-09 01:11:00,0
7560,1,318,2024-05-04 17:22:00,1
7561,2,129,2024-11-09 13:24:00,1
7562,8,90,2024-12-18 07:18:00,0
7563,2,96,2024-12-12 05:31:00,0
7566,2,100,2024-12-08 07:21:00,0
7573,2,76,2025-01-01 18:40:00,0
7576,3,5,2025-03-13 12:57:00,0
7577,3,60,2025-01-17 09:24:00,0
7578,1,189,2024-09-10 21:20:00,1
7583,2,185,2024-09-14 16:22:00,1
7585,1,352,2024-03-31 11:30:00,1
7586,3,5,2025-03-13 09:36:00,0
7587,4,80,2024-12-28 00:02:00,0
7589,2,209,2024-08-21 05:55:00,1
7590,4,79,2024-12-29 23:57:00,0
7592,1,251,2024-07-10 03:21:00,1
7593,2,6,2025-03-12 02:04:00,0
7596,1,44,2025-02-02 20:10:00,0
7597,6,18,2025-02-28 18:59:00,0
7599,6,94,2024-12-14 09:55:00,0
7601,3,54,2025-01-23 17:57:00,0
7604,3,55,2025-01-22 18:48:00,0
7606,4,111,2024-11-27 04:39:00,0
7607,3,71,2025-01-06 02:32:00,0
7608,2,103,2024-12-05 09:12:00,0
7611,2,251,2024-07-10 15:59:00,1
7612,2,69,2025-01-08 07:06:00,0
7613,5,61,2025-01-16 18:06:00,0
7614,4,51,2025-01-26 06:19:00,0
7615,1,17,2025-03-01 15:21:00,0
7616,2,249,2024-07-12 17:51:00,1
7617,4,94,2024-12-14 11:55:00,0
7619,2,160,2024-10-09 20:38:00,1
7621,5,25,2025-02-21 21:58:00,0
7624,3,80,2024-12-28 14:08:00,0
7625,4,12,2025-03-06 13:50:00,0
7630,3,92,2024-12-16 02:16:00,0
7631,2,159,2024-10-10 19:04:00,1
7636,2,60,2025-01-17 05:04:00,0
7639,2,91,2024-12-17 20:58:00,0
7640,3,36,2025-02-10 10:36:00,0
7642,3,24,2025-02-22 13:46:00,0
7643,2,140,2024-10-29 09:17:00,1
7644,1,156,2024-10-13 13:50:00,1
7645,3,126,2024-11-12 04:05:00,1
7646,3,130,2024-11-08 17:47:00,1
7648,1,48,2025-01-29 22:32:00,0
7652,3,225,2024-08-05 03:11:00,1
7655,2,15,2025-03-03 03:38:00,0
7656,5,18,2025-02-28 09:51:00,0
7657,6,40,2025-02-06 16:12:00,0
7659,5,28,2025-02-18 03:45:00,0
7660,3,157,2024-10-12 20:32:00,1
7661,1,93,2024-12-15 19:04:00,0
7662,4,53,2025-01-24 01:02:00,0
7664,4,216,2024-08-14 13:06:00,1
7665,4,32,2025-02-14 02:57:00,0
7666,3,197,2024-09-02 02:13:00,1
7668,4,75,2025-01-02 10:12:00,0
7669,5,22,2025-02-24 07:36:00,0
7670,3,182,2024-09-17 08:33:00,1
7671,4,95,2024-12-13 20:42:00,0
7673,1,251,2024-07-10 03:14:00,1
7674,5,191,2024-09-08 10:59:00,1
7677,2,208,2024-08-22 02:05:00,1
7682,1,101,2024-12-07 13:23:00,0
7683,2,282,2024-06-09 10:29:00,1
7686,1,137,2024-11-01 17:37:00,1
7687,4,54,2025-01-23 11:29:00,0
7689,6,25,2025-02-21 07:52:00,0
7690,2,107,2024-12-01 22:04:00,0
7691,5,75,2025-01-02 21:10:00,0
7692,3,60,2025-01-17 20:20:00,0
7693,3,24,2025-02-22 07:34:00,0
7694,4,22,2025-02-24 22:18:00,0
7695,2,295,2024-05-27 10:10:00,1
7698,1,221,2024-08-09 04:21:00,1
7700,4,64,2025-01-13 08:58:00,0
7701,3,11,2025-03-07 04:31:00,0
7703,2,103,2024-12-05 17:05:00,0
7706,8,14,2025-03-04 09:34:00,0
7708,3,150,2024-10-19 20:34:00,1
7710,5,13,2025-03-05 10:35:00,0
7711,1,164,2024-10-05 03:15:00,1
7712,2,311,2024-05-11 06:45:00,1
7715,4,219,2024-08-11 21:40:00,1
7719,2,59,2025-01-18 22:38:00,0
7720,4,149,2024-10-20 22:10:00,1
7722,4,4,2025-03-15 00:00:00,0
7728,5,0,2025-03-18 02:43:00,0
7733,2,161,2024-10-08 06:22:00,1
7735,2,4,2025-03-14 02:18:00,0
7736,1,92,2024-12-16 03:39:00,0
7737,2,233,2024-07-28 11:13:00,1
7738,4,4,2025-03-14 15:02:00,0
7739,3,56,2025-01-21 21:46:00,0
7741,2,181,2024-09-18 12:32:00,1
7744,2,7,2025-03-11 18:46:00,0
7745,1,265,2024-06-26 18:29:00,1
7749,1,109,2024-11-29 23:43:00,0
7751,1,344,2024-04-08 21:17:00,1
7752,3,72,2025-01-05 19:57:00,0
7755,3,106,2024-12-02 08:41:00,0
7756,2,2,2025-03-16 08:58:00,0
7759,2,62,2025-01-15 21:15:00,0
7760,3,62,2025-01-15 05:01:00,0
7761,2,96,2024-12-12 11:05:00,0
7762,2,56,2025-01-21 04:42:00,0
7763,4,8,2025-03-10 09:08:00,0
7766,4,62,2025-01-15 03:12:00,0
7768,3,180,2024-09-19 18:37:00,1
7770,8,49,2025-01-28 01:45:00,0
7771,3,22,2025-02-24 12:23:00,0
7773,2,3,2025-03-15 08:27:00,0
7777,4,27,2025-02-19 08:17:00,0
7780,2,109,2024-11-29 17:16:00,0
7781,2,142,2024-10-27 23:59:00,1
7782,2,180,2024-09-19 11:31:00,1
7783,4,134,2024-11-04 09:09:00,1
7784,2,15,2025-03-03 17:01:00,0
7786,5,32,2025-02-14 17:06:00,0
7787,4,201,2024-08-29 16:03:00,1
7789,1,135,2024-11-03 12:46:00,1
7790,6,48,2025-01-29 21:52:00,0
7791,2,92,2024-12-16 11:55:00,0
7793,1,80,2024-12-28 02:38:00,0
7794,1,347,2024-04-05 09:41:00,1
7797,5,159,2024-10-10 08:40:00,1
7800,2,331,2024-04-21 12:45:00,1
7803,3,12,2025-03-06 21:52:00,0
7805,3,29,2025-02-17 17:33:00,0
7806,2,116,2024-11-22 07:19:00,0
7807,4,37,2025-02-09 01:30:00,0
7808,5,122,2024-11-16 04:25:00,1
7811,7,11,2025-03-07 05:59:00,0
7813,2,73,2025-01-04 23:11:00,0
7814,5,81,2024-12-27 20:50:00,0
7816,1,238,2024-07-23 04:05:00,1
7820,2,28,2025-02-18 19:28:00,0
7821,3,161,2024-10-08 16:13:00,1
7822,3,16,2025-03-02 12:06:00,0
7823,1,198,2024-09-01 04:02:00,1
7825,4,70,2025-01-07 10:27:00,0
7826,2,161,2024-10-08 02:08:00,1
7827,5,20,2025-02-26 09:12:00,0
7828,2,303,2024-05-19 23:44:00,1
7829,4,30,2025-02-16 08:03:00,0
7831,1,311,2024-05-11 01:32:00,1
7832,8,38,2025-02-08 14:31:00,0
7833,1,250,2024-07-11 03:31:00,1
7838,3,75,2025-01-02 11:26:00,0
7839,2,114,2024-11-24 23:21:00,0
7840,2,62,2025-01-15 00:44:00,0
7842,2,111,2024-11-27 00:55:00,0
7844,3,38,2025-02-08 13:45:00,0
7845,2,113,2024-11-25 15:31:00,0
7847,3,53,2025-01-24 18:30:00,0
7848,1,218,2024-08-12 14:09:00,1
7851,2,86,2024-12-22 02:34:00,0
7855,1,238,2024-07-23 18:42:00,1
7856,7,21,2025-02-25 21:49:00,0
7858,4,36,2025-02-10 21:40:00,0
7861,2,111,2024-11-27 09:24:00,0
7862,1,245,2024-07-16 22:36:00,1
7866,3,40,2025-02-06 02:09:00,0
7868,1,8,2025-03-10 21:21:00,0
7870,3,30,2025-02-16 06:38:00,0
7871,3,83,2024-12-25 21:00:00,0
7876,4,191,2024-09-08 18:51:00,1
7877,5,11,2025-03-07 04:38:00,0
7879,1,293,2024-05-29 17:25:00,1
7881,4,49,2025-01-28 20:54:00,0
7882,1,119,2024-11-19 15:17:00,0
7884,5,64,2025-01-13 18:15:00,0
7885,1,114,2024-11-24 17:29:00,0
7886,1,306,2024-05-16 18:43:00,1
7887,4,93,2024-12-15 02:31:00,0
7891,1,193,2024-09-06 03:18:00,1
7892,4,16,2025-03-02 07:02:00,0
7894,1,208,2024-08-22 18:02:00,1
7895,4,85,2024-12-23 05:15:00,0
7898,3,72,2025-01-05 12:59:00,0
7899,2,57,2025-01-20 17:42:00,0
7900,8,59,2025-01-18 03:48:00,0
7904,7,31,2025-02-15 08:47:00,0
7905,5,22,2025-02-24 14:28:00,0
7906,6,78,2024-12-30 02:52:00,0
7908,3,309,2024-05-13 03:21:00,1
7909,6,14,2025-03-04 11:51:00,0
7911,3,11,2025-03-07 05:43:00,0
7915,2,25,2025-02-21 08:45:00,0
7916,1,68,2025-01-09 09:29:00,0
7917,2,144,2024-10-25 09:59:00,1
7918,3,71,2025-01-06 13:01:00,0
7921,4,40,2025-02-06 06:15:00,0
7922,4,22,2025-02-24 01:01:00,0
7925,3,15,2025-03-03 09:50:00,0
7927,2,56,2025-01-21 06:30:00,0
7929,2,189,2024-09-10 11:21:00,1
7932,3,42,2025-02-04 21:20:00,0
7933,2,160,2024-10-09 19:49:00,1
7941,4,57,2025-01-20 02:48:00,0
7943,3,292,2024-05-30 04:27:00,1
7944,4,16,2025-03-02 05:50:00,0
7945,1,17,2025-03-02 00:00:00,0
7946,2,147,2024-10-22 11:06:00,1
7951,1,202,2024-08-28 17:58:00,1
7952,2,153,2024-10-16 19:01:00,1
7956,1,80,2024-12-28 17:15:00,0
7958,2,124,2024-11-14 22:58:00,1
7959,1,6,2025-03-12 13:55:00,0
7960,3,24,2025-02-22 17:12:00,0
7962,3,150,2024-10-19 09:45:00,1
7963,3,130,2024-11-08 19:02:00,1
7968,3,236,2024-07-25 20:06:00,1
7971,2,318,2024-05-04 14:02:00,1
7973,3,41,2025-02-05 05:51:00,0
7979,2,86,2024-12-22 22:40:00,0
7983,3,48,2025-01-29 20:30:00,0
7984,2,244,2024-07-17 11:18:00,1
7985,2,128,2024-11-10 10:21:00,1
7988,3,51,2025-01-26 23:29:00,0
7989,1,153,2024-10-16 22:47:00,1
7990,5,44,2025-02-02 10:54:00,0
7991,2,55,2025-01-22 14:16:00,0
7992,3,64,2025-01-13 19:30:00,0
7996,3,147,2024-10-22 16:25:00,1
7999,2,262,2024-06-29 22:02:00,1
8003,2,18,2025-02-28 05:13:00,0
8005,3,125,2024-11-13 18:52:00,1
8006,2,16,2025-03-02 22:14:00,0
8007,3,8,2025-03-10 17:53:00,0
8011,4,49,2025-01-28 18:33:00,0
8013,1,313,2024-05-09 13:11:00,1
8016,4,81,2024-12-27 11:42:00,0
8018,2,124,2024-11-14 21:30:00,1
8020,1,140,2024-10-29 02:01:00,1
8023,1,87,2024-12-21 18:14:00,0
8026,1,258,2024-07-03 21:06:00,1
8034,1,130,2024-11-08 08:22:00,1
8036,5,126,2024-11-12 18:47:00,1
8039,1,149,2024-10-20 11:56:00,1
8040,5,49,2025-01-28 02:08:00,0
8041,1,264,2024-06-27 09:43:00,1
8045,2,125,2024-11-13 22:28:00,1
8047,2,48,2025-01-29 09:55:00,0
8048,2,200,2024-08-30 13:24:00,1
8051,2,54,2025-01-23 01:20:00,0
8057,3,308,2024-05-14 13:44:00,1
8059,4,2,2025-03-16 03:28:00,0
8061,2,16,2025-03-02 08:37:00,0
8063,2,340,2024-04-12 22:22:00,1
8065,3,190,2024-09-09 07:14:00,1
8066,2,144,2024-10-25 15:24:00,1
8069,5,27,2025-02-19 03:26:00,0
8070,3,55,2025-01-22 10:24:00,0
8071,1,350,2024-04-02 03:37:00,1
8072,2,188,2024-09-11 19:59:00,1
8076,5,95,2024-12-13 05:19:00,0
8080,1,199,2024-08-31 04:20:00,1
8082,3,13,2025-03-05 14:11:00,0
8083,2,19,2025-02-27 13:07:00,0
8084,2,124,2024-11-14 01:23:00,1
8090,3,1,2025-03-17 02:43:00,0
8092,5,24,2025-02-22 04:45:00,0
8093,3,29,2025-02-17 08:26:00,0
8094,3,9,2025-03-09 14:36:00,0
8095,2,95,2024-12-13 03:20:00,0
8096,4,180,2024-09-19 01:15:00,1
8100,2,218,2024-08-12 18:50:00,1
8101,2,170,2024-09-29 11:30:00,1
8105,2,61,2025-01-16 18:40:00,0
8106,3,7,2025-03-11 05:22:00,0
8107,5,178,2024-09-21 11:06:00,1
8108,3,4,2025-03-14 03:45:00,0
8109,5,125,2024-11-13 23:05:00,1
8110,2,99,2024-12-09 13:06:00,0
8112,3,10,2025-03-08 12:50:00,0
8115,3,212,2024-08-18 06:44:00,1
8116,1,361,2024-03-22 00:18:00,1
8117,7,74,2025-01-03 09:18:00,0
8118,1,46,2025-01-31 01:44:00,0
8119,1,266,2024-06-25 18:54:00,1
8121,1,106,2024-12-02 09:05:00,0
8123,3,142,2024-10-27 11:58:00,1
8124,2,224,2024-08-06 01:29:00,1
8126,1,241,2024-07-20 05:35:00,1
8127,3,35,2025-02-11 20:14:00,0
8130,2,148,2024-10-21 21:52:00,1
8131,4,14,2025-03-04 22:38:00,0
8132,1,200,2024-08-30 07:47:00,1
8133,3,157,2024-10-12 21:54:00,1
8134,3,37,2025-02-09 04:15:00,0
8136,1,96,2024-12-12 23:02:00,0
8138,3,20,2025-02-26 23:51:00,0
8139,4,28,2025-02-18 12:23:00,0
8141,2,55,2025-01-22 01:40:00,0
8142,1,19,2025-02-27 03:35:00,0
8143,2,246,2024-07-15 23:44:00,1
8144,4,22,2025-02-24 08:32:00,0
8147,2,88,2024-12-20 21:14:00,0
8148,4,99,2024-12-09 18:19:00,0
8149,3,161,2024-10-08 11:13:00,1
8150,2,198,2024-09-01 19:21:00,1
8153,3,118,2024-11-20 07:20:00,0
8156,1,110,2024-11-28 12:48:00,0
8157,1,306,2024-05-16 06:40:00,1
8159,3,82,2024-12-26 12:11:00,0
8162,2,211,2024-08-19 21:19:00,1
8163,4,110,2024-11-28 04:26:00,0
8164,1,184,2024-09-15 18:53:00,1
8169,4,92,2024-12-16 20:57:00,0
8170,5,132,2024-11-06 15:30:00,1
8171,4,2,2025-03-16 23:45:00,0
8173,1,3,2025-03-15 10:40:00,0
8175,5,23,2025-02-23 01:29:00,0
8180,3,85,2024-12-23 07:32:00,0
8181,4,55,2025-01-22 22:25:00,0
8183,3,12,2025-03-06 06:44:00,0
8184,2,48,2025-01-29 07:25:00,0
8185,4,45,2025-02-01 20:33:00,0
8186,3,220,2024-08-10 11:47:00,1
8189,3,95,2024-12-13 12:28:00,0
8190,3,94,2024-12-14 11:49:00,0
8191,1,114,2024-11-24 01:27:00,0
8193,1,228,2024-08-02 17:20:00,1
8194,3,157,2024-10-12 07:39:00,1
8195,4,61,2025-01-16 09:24:00,0
8200,1,115,2024-11-23 14:42:00,0
8202,3,74,2025-01-03 08:40:00,0
8203,2,99,2024-12-09 09:07:00,0
8207,3,5,2025-03-13 22:16:00,0
8208,3,210,2024-08-20 14:41:00,1
8209,4,221,2024-08-09 02:49:00,1
8211,1,364,2024-03-19 23:57:00,1
8213,8,14,2025-03-04 19:57:00,0
8214,2,110,2024-11-28 01:51:00,0
8216,5,84,2024-12-24 07:10:00,0
8219,4,77,2024-12-31 01:49:00,0
8220,7,30,2025-02-16 13:47:00,0
8221,2,55,2025-01-22 17:27:00,0
8224,2,124,2024-11-14 03:00:00,1
8225,5,6,2025-03-12 05:03:00,0
8230,2,187,2024-09-12 15:15:00,1
8231,3,106,2024-12-02 02:46:00,0
8233,2,146,2024-10-23 21:05:00,1
8234,4,18,2025-02-28 01:47:00,0
8236,3,62,2025-01-15 15:13:00,0
8237,6,83,2024-12-25 19:40:00,0
8242,1,200,2024-08-30 07:59:00,1
8245,5,17,2025-03-01 09:31:00,0
8250,4,46,2025-01-31 09:02:00,0
8251,2,176,2024-09-23 08:28:00,1
8252,6,1,2025-03-17 04:39:00,0
8262,4,17,2025-03-01 13:20:00,0
8264,2,66,2025-01-11 03:53:00,0
8267,2,209,2024-08-21 00:04:00,1
8268,4,13,2025-03-05 00:46:00,0
8271,4,33,2025-02-13 15:21:00,0
8276,2,35,2025-02-11 15:32:00,0
8277,2,322,2024-04-30 23:50:00,1
8278,2,110,2024-11-28 22:38:00,0
8282,3,31,2025-02-15 18:32:00,0
8284,3,7,2025-03-11 18:52:00,0
8288,5,22,2025-02-24 21:24:00,0
8290,5,34,2025-02-12 15:57:00,0
8295,1,127,2024-11-11 02:31:00,1
8298,5,20,2025-02-26 11:51:00,0
8300,1,252,2024-07-09 08:40:00,1
8302,2,67,2025-01-10 00:05:00,0
8305,1,114,2024-11-24 02:54:00,0
8306,3,94,2024-12-14 08:45:00,0
8307,2,163,2024-10-06 09:51:00,1
8308,2,136,2024-11-02 14:39:00,1
8312,1,248,2024-07-13 06:20:00,1
8316,3,266,2024-06-25 22:37:00,1
8318,5,41,2025-02-05 13:36:00,0
8319,3,9,2025-03-09 08:46:00,0
8320,1,241,2024-07-20 13:56:00,1
8321,1,75,2025-01-02 04:51:00,0
8322,4,102,2024-12-06 13:20:00,0
8325,1,157,2024-10-12 06:44:00,1
8329,2,8,2025-03-10 04:34:00,0
8332,1,164,2024-10-05 17:32:00,1
8333,1,166,2024-10-03 18:09:00,1
8334,2,125,2024-11-13 22:23:00,1
8336,2,127,2024-11-11 14:50:00,1
8337,3,25,2025-02-21 05:58:00,0
8342,7,16,2025-03-02 12:01:00,0
8345,2,72,2025-01-05 08:57:00,0
8346,3,27,2025-02-19 06:35:00,0
8348,2,134,2024-11-04 03:00:00,1
8349,2,76,2025-01-01 14:59:00,0
8350,1,27,2025-02-19 11:13:00,0
8352,3,85,2024-12-23 05:50:00,0
8359,1,207,2024-08-23 10:46:00,1
8361,5,32,2025-02-14 21:36:00,0
8372,3,18,2025-02-28 17:59:00,0
8373,2,120,2024-11-18 02:18:00,0
8374,2,220,2024-08-10 16:58:00,1
8376,1,129,2024-11-09 18:34:00,1
8379,2,223,2024-08-07 09:24:00,1
8380,4,40,2025-02-06 21:03:00,0
8381,4,25,2025-02-21 09:53:00,0
8382,2,116,2024-11-22 13:40:00,0
8388,7,41,2025-02-05 00:03:00,0
8390,2,226,2024-08-04 07:24:00,1
8391,2,69,2025-01-08 04:03:00,0
8392,2,239,2024-07-22 20:06:00,1
8393,4,134,2024-11-04 01:08:00,1
8394,4,97,2024-12-11 11:08:00,0
8395,5,66,2025-01-11 16:05:00,0
8399,6,157,2024-10-12 00:33:00,1
8402,5,79,2024-12-29 14:22:00,0
8403,2,8,2025-03-10 00:30:00,0
8404,3,24,2025-02-22 14:18:00,0
8407,4,110,2024-11-28 00:07:00,0
8410,2,286,2024-06-05 18:12:00,1
8411,5,79,2024-12-29 19:00:00,0
8413,5,35,2025-02-11 22:15:00,0
8417,3,56,2025-01-21 09:06:00,0
8422,2,2,2025-03-16 12:23:00,0
8423,5,102,2024-12-06 11:31:00,0
8425,3,43,2025-02-03 02:53:00,0
8426,2,92,2024-12-16 19:27:00,0
8427,2,8,2025-03-10 04:30:00,0
8429,4,34,2025-02-12 12:19:00,0
8430,2,0,2025-03-18 08:12:00,0
8431,1,0,2025-03-18 13:45:00,0
8432,3,85,2024-12-23 04:45:00,0
8434,2,175,2024-09-24 02:56:00,1
8435,3,274,2024-06-17 01:24:00,1
8437,1,263,2024-06-28 10:49:00,1
8439,5,8,2025-03-10 14:32:00,0
8440,3,3,2025-03-15 18:25:00,0
8442,4,33,2025-02-13 00:04:00,0
8447,2,19,2025-02-27 10:26:00,0
8448,2,35,2025-02-11 17:40:00,0
8449,2,306,2024-05-16 17:26:00,1
8450,3,154,2024-10-15 09:49:00,1
8451,5,73,2025-01-04 00:56:00,0
8453,3,92,2024-12-16 15:44:00,0
8454,3,331,2024-04-21 01:53:00,1
8456,8,53,2025-01-24 14:30:00,0
8458,4,13,2025-03-05 08:21:00,0
8460,4,136,2024-11-02 06:08:00,1
8463,2,265,2024-06-26 21:50:00,1
8468,2,204,2024-08-26 03:08:00,1
8471,1,29,2025-02-17 09:28:00,0
8472,4,47,2025-01-30 08:31:00,0
8475,4,52,2025-01-25 00:54:00,0
8477,2,109,2024-11-29 02:27:00,0
8479,4,121,2024-11-17 21:57:00,1
8482,6,36,2025-02-10 17:15:00,0
8483,3,118,2024-11-20 15:53:00,0
8484,2,309,2024-05-13 17:58:00,1
8485,4,79,2024-12-29 02:57:00,0
8486,1,297,2024-05-25 23:20:00,1
8491,7,47,2025-01-30 14:10:00,0
8495,3,7,2025-03-11 12:04:00,0
8496,3,106,2024-12-02 16:18:00,0
8497,5,83,2024-12-25 21:53:00,0
8498,5,29,2025-02-17 17:49:00,0
8499,4,15,2025-03-03 00:28:00,0
8501,3,23,2025-02-23 00:13:00,0
8503,1,147,2024-10-22 04:06:00,1
8505,1,167,2024-10-02 17:42:00,1
8506,2,253,2024-07-08 03:48:00,1
8508,2,14,2025-03-04 12:55:00,0
8509,1,115,2024-11-23 04:33:00,0
8510,4,94,2024-12-14 05:13:00,0
8513,3,147,2024-10-22 08:44:00,1
8518,1,119,2024-11-19 12:13:00,0
8522,4,15,2025-03-03 01:09:00,0
8523,2,86,2024-12-22 20:35:00,0
8524,2,67,2025-01-10 14:13:00,0
8526,2,175,2024-09-24 20:19:00,1
8527,3,1,2025-03-17 13:44:00,0
8531,1,147,2024-10-22 19:22:00,1
8533,3,163,2024-10-06 22:19:00,1
8535,4,23,2025-02-23 16:10:00,0
8537,3,62,2025-01-15 17:17:00,0
8541,2,28,2025-02-18 05:38:00,0
8542,4,45,2025-02-01 17:45:00,0
8543,2,151,2024-10-18 20:19:00,1
8544,2,58,2025-01-19 14:36:00,0
8545,3,29,2025-02-17 06:45:00,0
8547,1,102,2024-12-06 00:21:00,0
8549,3,105,2024-12-03 07:38:00,0
8550,1,147,2024-10-22 01:39:00,1
8552,1,310,2024-05-12 08:09:00,1
8553,3,116,2024-11-22 23:57:00,0
8557,2,69,2025-01-08 12:45:00,0
8558,3,70,2025-01-07 16:59:00,0
8560,1,33,2025-02-13 06:15:00,0
8563,4,96,2024-12-12 23:09:00,0
8564,1,317,2024-05-05 23:18:00,1
8565,6,17,2025-03-01 16:57:00,0
8569,1,263,2024-06-28 09:20:00,1
8570,5,60,2025-01-17 14:52:00,0
8575,2,149,2024-10-20 08:03:00,1
8576,1,200,2024-08-30 07:15:00,1
8577,2,192,2024-09-07 02:48:00,1
8584,5,104,2024-12-04 05:00:00,0
8585,6,109,2024-11-29 10:41:00,0
8586,2,27,2025-02-19 15:26:00,0
8588,5,50,2025-01-27 04:18:00,0
8589,1,257,2024-07-04 12:57:00,1
8590,4,75,2025-01-02 07:19:00,0
8591,7,127,2024-11-11 17:13:00,1
8592,3,216,2024-08-14 23:45:00,1
8594,3,44,2025-02-02 14:03:00,0
8595,2,84,2024-12-24 22:47:00,0
8596,3,88,2024-12-20 21:47:00,0
8597,4,4,2025-03-14 12:16:00,0
8600,2,51,2025-01-26 11:25:00,0
8601,3,54,2025-01-23 20:30:00,0
8602,3,6,2025-03-12 23:45:00,0
8603,2,3,2025-03-15 20:49:00,0
8605,2,13,2025-03-05 14:57:00,0
8607,6,70,2025-01-07 11:33:00,0
8608,5,74,2025-01-03 17:34:00,0
8610,4,35,2025-02-11 21:59:00,0
8612,1,98,2024-12-10 19:28:00,0
8614,2,85,2024-12-23 10:58:00,0
8616,1,23,2025-02-23 09:58:00,0
8618,2,15,2025-03-03 22:51:00,0
8619,2,21,2025-02-25 01:04:00,0
8620,1,117,2024-11-21 20:28:00,0
8622,4,66,2025-01-11 07:49:00,0
8623,2,88,2024-12-20 17:59:00,0
8625,5,162,2024-10-07 04:41:00,1
8628,2,95,2024-12-13 23:36:00,0
8631,4,4,2025-03-14 22:12:00,0
8632,3,169,2024-09-30 04:17:00,1
8633,4,3,2025-03-15 04:00:00,0
8635,1,43,2025-02-03 17:59:00,0
8637,1,37,2025-02-09 00:16:00,0
8638,3,65,2025-01-12 21:38:00,0
8642,5,107,2024-12-01 22:42:00,0
8644,1,224,2024-08-06 22:47:00,1
8645,5,36,2025-02-10 22:19:00,0
8646,3,85,2024-12-23 02:11:00,0
8648,3,96,2024-12-12 20:13:00,0
8650,4,170,2024-09-29 06:01:00,1
8652,1,203,2024-08-27 08:04:00,1
8655,3,12,2025-03-06 17:24:00,0
8656,3,190,2024-09-09 23:27:00,1
8657,2,47,2025-01-30 01:40:00,0
8658,3,8,2025-03-10 19:40:00,0
8659,1,62,2025-01-15 01:28:00,0
8660,5,56,2025-01-21 02:42:00,0
8661,4,28,2025-02-18 10:25:00,0
8662,2,116,2024-11-22 18:59:00,0
8664,2,216,2024-08-14 22:26:00,1
8665,3,308,2024-05-14 12:27:00,1
8668,1,31,2025-02-15 07:38:00,0
8671,6,80,2024-12-28 12:12:00,0
8674,1,103,2024-12-05 11:19:00,0
8675,5,34,2025-02-12 02:58:00,0
8676,1,131,2024-11-07 23:10:00,1
8677,3,66,2025-01-11 08:36:00,0
8679,1,100,2024-12-08 07:01:00,0
8682,1,346,2024-04-06 08:42:00,1
8683,1,322,2024-04-30 07:25:00,1
8684,6,3,2025-03-15 21:48:00,0
8686,1,279,2024-06-12 02:04:00,1
8687,1,127,2024-11-11 14:56:00,1
8690,2,143,2024-10-26 05:02:00,1
8692,3,121,2024-11-17 06:16:00,1
8693,2,110,2024-11-28 15:24:00,0
8694,1,143,2024-10-26 07:19:00,1
8697,3,156,2024-10-13 11:38:00,1
8700,1,343,2024-04-09 06:32:00,1
8702,2,260,2024-07-01 12:07:00,1
8705,7,17,2025-03-01 20:29:00,0
8706,1,267,2024-06-24 05:59:00,1
8707,4,26,2025-02-20 15:46:00,0
8708,6,101,2024-12-07 07:23:00,0
8709,2,268,2024-06-23 15:20:00,1
8710,2,302,2024-05-20 14:47:00,1
8711,2,24,2025-02-22 02:48:00,0
8714,6,6,2025-03-12 04:32:00,0
8715,4,152,2024-10-17 19:29:00,1
8718,1,168,2024-10-01 00:05:00,1
8719,2,103,2024-12-05 19:20:00,0
8720,6,13,2025-03-05 14:44:00,0
8726,4,39,2025-02-07 04:00:00,0
8727,4,169,2024-09-30 17:54:00,1
8729,5,27,2025-02-19 11:34:00,0
8730,1,31,2025-02-15 06:50:00,0
8735,4,9,2025-03-09 02:39:00,0
8737,3,8,2025-03-10 22:18:00,0
8742,5,78,2024-12-30 22:33:00,0
8745,3,27,2025-02-19 22:38:00,0
8748,4,87,2024-12-21 20:26:00,0
8749,3,147,2024-10-22 13:40:00,1
8751,4,31,2025-02-15 07:08:00,0
8755,1,147,2024-10-22 08:06:00,1
8758,2,69,2025-01-08 20:15:00,0
8760,2,19,2025-02-27 02:44:00,0
8763,1,273,2024-06-18 12:20:00,1
8765,4,7,2025-03-11 00:19:00,0
8766,3,132,2024-11-06 11:02:00,1
8767,4,169,2024-09-30 14:49:00,1
8768,8,21,2025-02-25 16:26:00,0
8769,1,266,2024-06-25 18:47:00,1
8770,4,46,2025-01-31 21:53:00,0
8771,2,60,2025-01-17 06:06:00,0
8777,5,165,2024-10-04 09:07:00,1
8778,6,88,2024-12-20 07:23:00,0
8783,3,172,2024-09-27 04:40:00,1
8784,4,143,2024-10-26 22:14:00,1
8786,3,75,2025-01-02 05:27:00,0
8788,2,32,2025-02-14 18:28:00,0
8789,2,89,2024-12-19 13:29:00,0
8790,3,63,2025-01-14 07:20:00,0
8793,1,180,2024-09-19 11:36:00,1
8795,2,26,2025-02-20 09:41:00,0
8796,2,240,2024-07-21 00:52:00,1
8797,2,16,2025-03-02 12:43:00,0
8802,2,137,2024-11-01 18:55:00,1
8803,2,26,2025-02-20 12:16:00,0
8804,2,111,2024-11-27 03:06:00,0
8807,3,65,2025-01-12 15:33:00,0
8808,3,9,2025-03-09 04:30:00,0
8809,2,91,2024-12-17 20:47:00,0
8810,2,336,2024-04-16 03:52:00,1
8811,2,241,2024-07-20 12:23:00,1
8812,4,98,2024-12-10 06:52:00,0
8813,2,171,2024-09-28 03:38:00,1
8816,4,48,2025-01-29 14:49:00,0
8819,3,109,2024-11-29 18:40:00,0
8825,2,131,2024-11-07 13:00:00,1
8827,6,84,2024-12-24 21:37:00,0
8828,2,62,2025-01-15 03:54:00,0
8829,1,260,2024-07-01 13:16:00,1
8830,3,13,2025-03-05 09:14:00,0
8834,5,178,2024-09-21 18:25:00,1
8836,3,20,2025-02-26 15:38:00,0
8837,4,20,2025-02-26 21:22:00,0
8838,2,45,2025-02-01 06:49:00,0
8840,3,27,2025-02-19 02:19:00,0
8841,2,230,2024-07-31 05:02:00,1
8842,2,159,2024-10-10 08:01:00,1
8843,5,89,2024-12-19 19:42:00,0
8846,3,34,2025-02-12 08:39:00,0
8848,2,7,2025-03-11 10:52:00,0
8852,1,140,2024-10-29 09:04:00,1
8853,5,18,2025-02-28 00:58:00,0
8854,5,65,2025-01-12 04:28:00,0
8855,3,325,2024-04-27 14:56:00,1
8857,2,91,2024-12-17 17:39:00,0
8858,2,82,2024-12-26 20:43:00,0
8862,4,145,2024-10-24 13:50:00,1
8863,1,174,2024-09-25 04:16:00,1
8865,5,5,2025-03-13 14:16:00,0
8867,5,7,2025-03-11 13:30:00,0
8869,3,47,2025-01-30 10:50:00,0
8871,1,314,2024-05-08 08:20:00,1
8873,4,124,2024-11-14 11:14:00,1
8874,1,124,2024-11-14 13:40:00,1
8878,1,238,2024-07-23 18:26:00,1
8879,1,78,2024-12-30 04:50:00,0
8881,1,114,2024-11-24 05:40:00,0
8882,4,32,2025-02-14 06:21:00,0
8885,2,158,2024-10-11 00:30:00,1
8886,3,155,2024-10-14 04:25:00,1
8887,2,115,2024-11-23 10:46:00,0
8891,1,109,2024-11-29 00:55:00,0
8892,2,199,2024-08-31 18:20:00,1
8893,5,27,2025-02-19 14:42:00,0
8894,2,120,2024-11-18 10:24:00,0
8902,2,16,2025-03-02 03:08:00,0
8903,3,190,2024-09-09 11:18:00,1
8906,1,56,2025-01-21 01:43:00,0
8907,3,33,2025-02-13 19:58:00,0
8908,1,33,2025-02-13 09:55:00,0
8909,2,200,2024-08-30 13:40:00,1
8910,4,177,2024-09-22 08:33:00,1
8911,6,106,2024-12-02 12:53:00,0
8913,3,101,2024-12-07 14:39:00,0
8915,3,81,2024-12-27 07:54:00,0
8916,3,42,2025-02-04 17:09:00,0
8919,2,101,2024-12-07 09:21:00,0
8921,2,80,2024-12-28 05:56:00,0
8922,2,68,2025-01-09 09:02:00,0
8923,2,112,2024-11-26 12:16:00,0
8924,1,286,2024-06-05 12:51:00,1
8926,1,301,2024-05-21 13:29:00,1
8929,2,74,2025-01-03 07:54:00,0
8931,1,316,2024-05-06 07:02:00,1
8935,5,14,2025-03-04 05:28:00,0
8936,3,162,2024-10-07 17:03:00,1
8939,3,232,2024-07-29 05:30:00,1
8940,1,227,2024-08-03 16:51:00,1
8942,5,92,2024-12-16 12:35:00,0
8944,7,32,2025-02-14 23:41:00,0
8945,1,59,2025-01-18 04:37:00,0
8947,2,62,2025-01-15 15:55:00,0
8949,6,88,2024-12-20 07:32:00,0
8960,2,3,2025-03-15 19:26:00,0
8961,3,145,2024-10-24 08:31:00,1
8964,2,4,2025-03-14 06:30:00,0
8965,3,28,2025-02-18 09:22:00,0
8966,4,46,2025-01-31 06:51:00,0
8967,4,82,2024-12-26 02:14:00,0
8969,4,65,2025-01-12 10:34:00,0
8970,3,83,2024-12-25 14:37:00,0
8974,3,163,2024-10-06 04:27:00,1
8976,2,158,2024-10-11 20:58:00,1
8978,3,19,2025-02-27 05:00:00,0
8979,4,5,2025-03-13 01:22:00,0
8981,1,143,2024-10-26 14:31:00,1
8983,1,292,2024-05-30 18:52:00,1
8984,7,67,2025-01-10 23:28:00,0
8985,1,257,2024-07-04 20:57:00,1
8986,6,17,2025-03-01 15:17:00,0
8988,1,15,2025-03-03 20:02:00,0
8991,2,60,2025-01-17 17:29:00,0
8992,1,129,2024-11-09 23:22:00,1
8995,1,160,2024-10-09 06:46:00,1
8996,4,28,2025-02-18 06:34:00,0
8997,4,50,2025-01-27 01:27:00,0
9001,6,23,2025-02-23 21:15:00,0
9002,4,214,2024-08-16 13:55:00,1
9004,4,30,2025-02-16 21:11:00,0
9006,1,264,2024-06-27 15:44:00,1
9007,2,12,2025-03-06 19:01:00,0
9008,2,285,2024-06-06 04:12:00,1
9009,1,313,2024-05-09 03:46:00,1
9010,2,286,2024-06-05 05:33:00,1
9012,2,104,2024-12-04 10:51:00,0
9013,4,59,2025-01-18 04:20:00,0
9014,1,261,2024-06-30 01:37:00,1
9017,2,128,2024-11-10 20:33:00,1
9019,1,335,2024-04-17 20:13:00,1
9021,4,155,2024-10-14 16:28:00,1
9022,4,88,2024-12-20 06:52:00,0
9024,4,41,2025-02-05 09:09:00,0
9026,3,149,2024-10-20 06:35:00,1
9027,2,184,2024-09-15 00:23:00,1
9028,4,157,2024-10-12 11:58:00,1
9029,2,59,2025-01-18 05:16:00,0
9033,1,216,2024-08-14 03:35:00,1
9034,3,311,2024-05-11 05:22:00,1
9035,1,295,2024-05-27 01:09:00,1
9038,4,17,2025-03-01 19:55:00,0
9039,3,6,2025-03-12 06:37:00,0
9041,2,94,2024-12-14 11:56:00,0
9042,2,93,2024-12-15 01:48:00,0
9044,3,53,2025-01-24 11:47:00,0
9045,2,2,2025-03-16 14:47:00,0
9047,2,313,2024-05-09 12:28:00,1
9048,4,61,2025-01-16 18:36:00,0
9049,1,264,2024-06-27 20:18:00,1
9050,7,64,2025-01-13 23:12:00,0
9051,3,94,2024-12-14 12:21:00,0
9052,1,234,2024-07-27 04:07:00,1
9058,4,83,2024-12-25 04:53:00,0
9063,1,158,2024-10-11 03:43:00,1
9065,3,51,2025-01-26 04:25:00,0
9067,3,242,2024-07-19 21:16:00,1
9071,1,62,2025-01-15 15:25:00,0
9075,3,195,2024-09-04 11:40:00,1
9078,2,47,2025-01-30 16:25:00,0
9080,1,271,2024-06-20 19:20:00,1
9081,3,40,2025-02-06 07:03:00,0
9082,5,34,2025-02-12 01:54:00,0
9084,5,5,2025-03-13 01:44:00,0
9085,4,64,2025-01-13 19:48:00,0
9086,1,46,2025-01-31 15:36:00,0
9089,3,13,2025-03-05 07:19:00,0
9091,9,23,2025-02-23 04:24:00,0
9092,1,208,2024-08-22 14:41:00,1
9093,5,26,2025-02-20 22:46:00,0
9095,2,3,2025-03-15 18:35:00,0
9096,3,193,2024-09-06 23:49:00,1
9097,4,120,2024-11-18 04:44:00,0
9099,4,19,2025-02-27 16:05:00,0
9100,3,6,2025-03-12 11:09:00,0
9104,3,77,2024-12-31 13:34:00,0
9105,1,121,2024-11-17 01:27:00,1
9106,1,197,2024-09-02 21:13:00,1
9109,3,8,2025-03-10 12:08:00,0
9111,2,216,2024-08-14 09:23:00,1
9112,3,51,2025-01-26 16:07:00,0
9113,2,288,2024-06-03 10:49:00,1
9115,4,26,2025-02-20 03:36:00,0
9116,1,263,2024-06-28 00:42:00,1
9117,4,134,2024-11-04 18:01:00,1
9118,2,95,2024-12-13 05:45:00,0
9119,2,68,2025-01-09 17:42:00,0
9120,5,43,2025-02-03 00:21:00,0
9122,4,10,2025-03-08 07:29:00,0
9123,1,101,2024-12-07 07:12:00,0
9125,1,351,2024-04-01 17:53:00,1
9126,5,68,2025-01-09 19:26:00,0
9127,2,21,2025-02-25 17:45:00,0
9130,5,82,2024-12-26 08:43:00,0
9131,1,187,2024-09-12 05:48:00,1
9133,1,92,2024-12-16 07:44:00,0
9134,3,24,2025-02-22 20:19:00,0
9135,1,271,2024-06-20 18:06:00,1
9138,4,78,2024-12-30 01:14:00,0
9139,4,140,2024-10-29 02:31:00,1
9140,4,66,2025-01-11 20:21:00,0
9142,4,154,2024-10-15 15:53:00,1
9145,4,86,2024-12-22 05:59:00,0
9146,2,65,2025-01-12 16:08:00,0
9147,3,80,2024-12-28 05:04:00,0
9149,3,131,2024-11-07 06:41:00,1
9151,2,69,2025-01-08 17:25:00,0
9152,5,65,2025-01-12 19:26:00,0
9154,3,123,2024-11-15 11:29:00,1
9158,2,85,2024-12-23 06:27:00,0
9159,4,13,2025-03-05 22:08:00,0
9161,1,148,2024-10-21 17:21:00,1
9163,3,150,2024-10-19 03:39:00,1
9164,5,18,2025-02-28 01:34:00,0
9165,2,33,2025-02-13 09:23:00,0
9166,2,112,2024-11-26 09:58:00,0
9171,6,25,2025-02-21 07:35:00,0
9173,2,58,2025-01-19 12:55:00,0
9175,2,184,2024-09-15 11:49:00,1
9176,5,99,2024-12-09 21:17:00,0
9178,2,21,2025-02-25 14:13:00,0
9179,2,22,2025-02-24 13:20:00,0
9181,4,172,2024-09-27 06:14:00,1
9182,2,96,2024-12-12 03:17:00,0
9183,2,173,2024-09-26 08:48:00,1
9184,2,49,2025-01-28 14:03:00,0
9185,5,45,2025-02-01 22:34:00,0
9186,4,113,2024-11-25 00:19:00,0
9187,3,12,2025-03-06 05:33:00,0
9189,4,28,2025-02-18 21:49:00,0
9195,1,316,2024-05-06 20:58:00,1
9196,7,111,2024-11-27 14:56:00,0
9197,2,47,2025-01-30 03:38:00,0
9203,3,52,2025-01-25 20:01:00,0
9204,3,11,2025-03-07 18:03:00,0
9205,3,118,2024-11-20 12:58:00,0
9206,1,333,2024-04-19 17:00:00,1
9211,2,0,2025-03-18 15:37:00,0
9216,5,89,2024-12-19 02:12:00,0
9218,1,231,2024-07-30 01:57:00,1
9219,5,65,2025-01-12 04:11:00,0
9220,1,121,2024-11-17 22:11:00,1
9221,5,4,2025-03-14 08:07:00,0
9226,1,258,2024-07-03 04:03:00,1
9227,1,339,2024-04-13 00:57:00,1
9232,4,23,2025-02-23 05:10:00,0
9235,3,161,2024-10-08 00:07:00,1
9239,2,290,2024-06-01 20:52:00,1
9243,3,2,2025-03-16 01:37:00,0
9244,2,179,2024-09-20 07:35:00,1
9246,2,58,2025-01-19 13:40:00,0
9248,1,360,2024-03-23 01:38:00,1
9249,2,117,2024-11-21 13:19:00,0
9252,5,21,2025-02-25 19:13:00,0
9254,4,107,2024-12-01 03:41:00,0
9256,5,59,2025-01-18 06:03:00,0
9257,3,48,2025-01-29 11:17:00,0
9260,2,246,2024-07-15 06:12:00,1
9262,2,270,2024-06-21 18:14:00,1
9263,1,115,2024-11-23 00:21:00,0
9264,1,95,2024-12-13 15:18:00,0
9269,3,144,2024-10-25 22:38:00,1
9270,2,29,2025-02-17 01:08:00,0
9272,4,114,2024-11-24 12:03:00,0
9275,1,115,2024-11-23 13:49:00,0
9276,2,272,2024-06-19 12:29:00,1
9280,3,68,2025-01-09 14:43:00,0
9281,2,53,2025-01-24 03:35:00,0
9282,3,154,2024-10-15 03:36:00,1
9284,2,0,2025-03-18 14:36:00,0
9291,2,264,2024-06-27 15:11:00,1
9293,1,11,2025-03-07 09:56:00,0
9294,5,43,2025-02-03 16:17:00,0
9295,5,0,2025-03-18 00:39:00,0
9296,4,116,2024-11-22 09:13:00,0
9298,3,187,2024-09-12 03:54:00,1
9299,2,20,2025-02-26 14:13:00,0
9300,3,77,2024-12-31 20:02:00,0
9301,5,156,2024-10-13 17:27:00,1
9303,4,44,2025-02-02 06:44:00,0
9304,1,272,2024-06-19 14:50:00,1
9305,3,200,2024-08-30 17:13:00,1
9306,2,33,2025-02-13 05:01:00,0
9307,6,80,2024-12-28 09:19:00,0
9309,4,10,2025-03-08 14:29:00,0
9310,1,341,2024-04-11 03:59:00,1
9311,6,12,2025-03-06 17:41:00,0
9313,4,156,2024-10-13 15:28:00,1
9314,2,236,2024-07-25 09:12:00,1
9317,3,0,2025-03-18 08:27:00,0
9318,1,300,2024-05-22 01:17:00,1
9321,5,16,2025-03-02 05:35:00,0
9323,6,14,2025-03-04 09:17:00,0
9325,2,76,2025-01-01 23:33:00,0
9327,8,25,2025-02-21 10:44:00,0
9330,4,73,2025-01-04 04:05:00,0
9332,3,273,2024-06-18 19:19:00,1
9333,1,51,2025-01-26 23:26:00,0
9334,2,53,2025-01-24 09:22:00,0
9335,8,26,2025-02-20 11:19:00,0
9336,6,21,2025-02-25 00:38:00,0
9337,3,79,2024-12-29 21:51:00,0
9339,4,187,2024-09-12 14:53:00,1
9340,3,144,2024-10-25 14:55:00,1
9342,2,96,2024-12-12 22:13:00,0
9343,4,16,2025-03-02 13:08:00,0
9345,4,61,2025-01-16 17:00:00,0
9346,2,321,2024-05-01 15:35:00,1
9349,7,70,2025-01-07 19:07:00,0
9351,2,56,2025-01-21 02:52:00,0
9355,2,94,2024-12-14 14:26:00,0
9357,4,35,2025-02-11 16:17:00,0
9359,3,89,2024-12-19 13:00:00,0
9360,4,21,2025-02-25 04:41:00,0
9364,2,156,2024-10-13 06:00:00,1
9365,3,38,2025-02-08 04:36:00,0
9366,1,97,2024-12-11 07:20:00,0
9367,3,151,2024-10-18 10:50:00,1
9369,5,6,2025-03-12 10:51:00,0
9372,1,242,2024-07-19 14:29:00,1
9374,2,-1,2025-03-19 05:42:00,0
9376,2,233,2024-07-28 18:29:00,1
9379,3,152,2024-10-17 05:28:00,1
9383,4,71,2025-01-06 05:44:00,0
9384,2,84,2024-12-24 20:49:00,0
9385,3,95,2024-12-13 15:07:00,0
9387,2,104,2024-12-04 21:52:00,0
9388,1,119,2024-11-19 15:50:00,0
9390,2,59,2025-01-18 09:37:00,0
9394,3,32,2025-02-14 22:32:00,0
9395,3,14,2025-03-04 06:13:00,0
9400,3,72,2025-01-05 13:58:00,0
9401,5,67,2025-01-10 15:11:00,0
9402,3,130,2024-11-08 10:57:00,1
9408,2,6,2025-03-12 00:21:00,0
9410,3,107,2024-12-01 20:11:00,0
9411,2,137,2024-11-01 17:54:00,1
9412,2,352,2024-03-31 06:31:00,1
9415,7,84,2024-12-24 19:38:00,0
9416,1,180,2024-09-19 16:02:00,1
9417,2,153,2024-10-16 16:45:00,1
9419,4,78,2024-12-30 09:05:00,0
9420,1,93,2024-12-15 22:21:00,0
9421,1,307,2024-05-15 17:05:00,1
9422,2,244,2024-07-17 18:17:00,1
9425,2,157,2024-10-12 10:57:00,1
9428,5,18,2025-02-28 14:31:00,0
9434,4,68,2025-01-09 13:08:00,0
9436,3,16,2025-03-02 05:55:00,0
9439,3,6,2025-03-12 14:07:00,0
9441,3,289,2024-06-02 12:57:00,1
9446,3,70,2025-01-07 14:49:00,0
9447,5,15,2025-03-03 04:56:00,0
9451,2,20,2025-02-26 09:57:00,0
9455,1,124,2024-11-14 11:18:00,1
9458,3,37,2025-02-09 11:09:00,0
9463,1,14,2025-03-04 00:30:00,0
9464,4,37,2025-02-09 04:55:00,0
9468,2,47,2025-01-30 15:51:00,0
9469,2,144,2024-10-25 13:36:00,1
9470,2,49,2025-01-28 05:20:00,0
9472,3,108,2024-11-30 09:57:00,0
9473,1,302,2024-05-20 20:01:00,1
9475,2,110,2024-11-28 00:27:00,0
9478,1,104,2024-12-04 06:28:00,0
9482,2,71,2025-01-06 10:25:00,0
9483,6,73,2025-01-04 03:58:00,0
9485,2,46,2025-01-31 17:19:00,0
9486,3,13,2025-03-05 18:03:00,0
9493,4,9,2025-03-09 03:08:00,0
9495,4,73,2025-01-04 00:03:00,0
9496,4,70,2025-01-07 22:24:00,0
9498,5,1,2025-03-17 21:34:00,0
9499,5,35,2025-02-11 15:15:00,0
9500,2,299,2024-05-23 17:20:00,1
9502,8,65,2025-01-12 02:10:00,0
9504,1,31,2025-02-15 09:38:00,0
9506,5,44,2025-02-02 16:53:00,0
9507,1,169,2024-09-30 16:09:00,1
9510,2,7,2025-03-11 05:04:00,0
9515,6,13,2025-03-05 17:43:00,0
9520,3,241,2024-07-20 20:22:00,1
9522,2,5,2025-03-13 19:20:00,0
9523,1,263,2024-06-28 11:41:00,1
9525,6,44,2025-02-02 21:28:00,0
9527,4,83,2024-12-25 14:57:00,0
9528,2,182,2024-09-17 19:30:00,1
9529,2,69,2025-01-08 07:28:00,0
9530,1,228,2024-08-02 00:38:00,1
9532,2,41,2025-02-05 20:26:00,0
9534,4,26,2025-02-20 11:23:00,0
9535,4,37,2025-02-09 13:05:00,0
9536,2,153,2024-10-16 00:54:00,1
9539,1,84,2024-12-24 04:21:00,0
9540,2,268,2024-06-23 04:57:00,1
9541,1,165,2024-10-04 20:42:00,1
9542,2,10,2025-03-08 23:48:00,0
9546,4,39,2025-02-07 13:26:00,0
9551,2,37,2025-02-09 18:59:00,0
9553,2,38,2025-02-08 10:23:00,0
9555,8,24,2025-02-22 13:58:00,0
9559,3,117,2024-11-21 02:23:00,0
9560,4,14,2025-03-04 13:19:00,0
9561,4,30,2025-02-16 22:10:00,0
9563,2,284,2024-06-07 04:30:00,1
9564,2,195,2024-09-04 03:27:00,1
9575,4,7,2025-03-11 21:49:00,0
9576,1,274,2024-06-17 00:37:00,1
9578,2,169,2024-09-30 15:10:00,1
9583,1,210,2024-08-20 18:46:00,1
9586,3,32,2025-02-14 15:16:00,0
9587,3,172,2024-09-27 07:01:00,1
9589,2,168,2024-10-01 04:44:00,1
9591,2,11,2025-03-07 17:25:00,0
9594,2,56,2025-01-21 03:15:00,0
9595,6,9,2025-03-09 11:58:00,0
9599,2,56,2025-01-21 07:05:00,0
9601,3,6,2025-03-12 06:03:00,0
9602,2,271,2024-06-20 00:09:00,1
9607,1,214,2024-08-16 05:12:00,1
9608,1,205,2024-08-25 15:01:00,1
9610,2,263,2024-06-28 11:22:00,1
9611,3,71,2025-01-06 20:03:00,0
9619,1,248,2024-07-13 19:22:00,1
9620,3,225,2024-08-05 03:02:00,1
9623,3,42,2025-02-04 00:46:00,0
9627,1,218,2024-08-12 08:51:00,1
9628,1,179,2024-09-20 20:15:00,1
9630,6,84,2024-12-24 13:32:00,0
9631,3,48,2025-01-29 16:20:00,0
9632,2,193,2024-09-06 17:36:00,1
9635,1,311,2024-05-11 02:08:00,1
9637,4,139,2024-10-30 18:15:00,1
9641,4,63,2025-01-14 16:08:00,0
9643,3,23,2025-02-23 22:30:00,0
9646,5,31,2025-02-15 05:38:00,0
9647,1,329,2024-04-23 17:29:00,1
9649,1,142,2024-10-27 18:03:00,1
9650,2,104,2024-12-04 01:17:00,0
9653,10,29,2025-02-17 16:05:00,0
9654,3,13,2025-03-05 21:30:00,0
9656,2,205,2024-08-25 21:20:00,1
9657,6,71,2025-01-06 09:09:00,0
9659,3,131,2024-11-07 17:14:00,1
9660,2,64,2025-01-13 19:53:00,0
9664,6,10,2025-03-08 07:49:00,0
9666,1,119,2024-11-19 09:07:00,0
9667,3,12,2025-03-06 12:53:00,0
9668,3,29,2025-02-17 13:12:00,0
9669,5,152,2024-10-17 22:31:00,1
9671,2,321,2024-05-01 16:09:00,1
9672,3,36,2025-02-10 23:08:00,0
9673,1,222,2024-08-08 09:31:00,1
9674,6,72,2025-01-05 05:27:00,0
9678,2,32,2025-02-14 22:21:00,0
9679,3,163,2024-10-06 16:29:00,1
9682,2,143,2024-10-26 18:36:00,1
9685,3,137,2024-11-01 11:01:00,1
9687,3,0,2025-03-18 01:59:00,0
9688,2,107,2024-12-01 09:58:00,0
9690,4,26,2025-02-20 07:08:00,0
9692,4,93,2024-12-15 04:44:00,0
9693,1,57,2025-01-20 10:19:00,0
9694,6,10,2025-03-08 12:08:00,0
9696,4,56,2025-01-21 07:51:00,0
9697,6,163,2024-10-06 22:23:00,1
9700,1,243,2024-07-18 06:17:00,1
9701,1,342,2024-04-10 06:05:00,1
9703,2,131,2024-11-07 04:39:00,1
9705,1,284,2024-06-07 04:34:00,1
9706,3,146,2024-10-23 10:12:00,1
9708,7,13,2025-03-05 17:39:00,0
9710,5,8,2025-03-10 01:56:00,0
9711,7,97,2024-12-11 09:02:00,0
9716,2,210,2024-08-20 10:32:00,1
9717,4,3,2025-03-15 04:07:00,0
9718,1,70,2025-01-07 10:47:00,0
9725,5,30,2025-02-16 02:24:00,0
9726,5,65,2025-01-12 19:41:00,0
9727,5,25,2025-02-21 14:51:00,0
9730,2,85,2024-12-23 07:46:00,0
9736,4,3,2025-03-15 20:42:00,0
9738,2,4,2025-03-14 07:54:00,0
9739,1,77,2024-12-31 07:58:00,0
9740,3,21,2025-02-25 00:42:00,0
9741,3,64,2025-01-13 22:25:00,0
9742,1,185,2024-09-14 22:41:00,1
9743,4,11,2025-03-07 13:17:00,0
9749,2,101,2024-12-07 12:57:00,0
9751,3,156,2024-10-13 09:58:00,1
9752,3,204,2024-08-26 13:57:00,1
9755,4,56,2025-01-21 15:28:00,0
9756,3,2,2025-03-16 00:44:00,0
9757,4,65,2025-01-12 23:07:00,0
9759,1,32,2025-02-14 02:14:00,0
9760,3,7,2025-03-11 05:34:00,0
9762,4,9,2025-03-09 00:23:00,0
9765,2,95,2024-12-13 14:55:00,0
9768,3,10,2025-03-08 18:49:00,0
9769,4,157,2024-10-12 19:47:00,1
9771,2,155,2024-10-14 20:19:00,1
9773,5,27,2025-02-19 23:03:00,0
9775,3,18,2025-02-28 16:24:00,0
9778,4,74,2025-01-03 21:00:00,0
9780,2,151,2024-10-18 22:03:00,1
9781,4,88,2024-12-20 05:38:00,0
9782,2,125,2024-11-13 02:32:00,1
9783,3,49,2025-01-28 18:20:00,0
9786,2,78,2024-12-30 23:49:00,0
9787,4,47,2025-01-30 14:57:00,0
9789,4,148,2024-10-21 09:23:00,1
9792,1,151,2024-10-18 14:38:00,1
9794,2,204,2024-08-26 11:35:00,1
9795,2,68,2025-01-09 03:32:00,0
9798,3,46,2025-01-31 22:36:00,0
9799,6,44,2025-02-02 15:33:00,0
9800,4,67,2025-01-10 08:47:00,0
9802,1,349,2024-04-03 02:06:00,1
9803,4,94,2024-12-14 15:31:00,0
9806,3,295,2024-05-27 08:28:00,1
9807,1,320,2024-05-02 15:23:00,1
9810,1,313,2024-05-09 00:43:00,1
9813,1,300,2024-05-22 23:06:00,1
9814,3,177,2024-09-22 16:07:00,1
9818,2,43,2025-02-03 18:28:00,0
9819,3,96,2024-12-12 23:06:00,0
9820,2,121,2024-11-17 04:35:00,1
9821,3,7,2025-03-11 19:39:00,0
9822,2,177,2024-09-22 04:56:00,1
9829,1,285,2024-06-06 18:04:00,1
9831,6,104,2024-12-04 22:39:00,0
9833,4,1,2025-03-17 12:51:00,0
9835,2,301,2024-05-21 07:01:00,1
9839,5,27,2025-02-19 07:00:00,0
9840,2,50,2025-01-27 18:59:00,0
9842,1,145,2024-10-24 19:33:00,1
9843,2,46,2025-01-31 02:22:00,0
9844,6,115,2024-11-23 15:42:00,0
9846,2,243,2024-07-18 05:28:00,1
9848,1,361,2024-03-22 00:08:00,1
9849,2,9,2025-03-09 01:39:00,0
9851,3,7,2025-03-11 13:37:00,0
9852,4,35,2025-02-11 18:30:00,0
9854,2,216,2024-08-14 12:12:00,1
9856,2,272,2024-06-19 01:55:00,1
9858,2,313,2024-05-09 02:00:00,1
9861,5,64,2025-01-13 06:36:00,0
9867,1,269,2024-06-22 16:22:00,1
9869,2,42,2025-02-04 18:53:00,0
9871,7,71,2025-01-06 20:03:00,0
9873,1,158,2024-10-11 21:50:00,1
9875,5,238,2024-07-23 11:07:00,1
9876,3,12,2025-03-06 06:18:00,0
9877,2,240,2024-07-21 18:28:00,1
9878,4,192,2024-09-07 09:09:00,1
9879,2,18,2025-02-28 07:34:00,0
9882,1,137,2024-11-01 13:57:00,1
9886,5,15,2025-03-03 07:07:00,0
9888,2,115,2024-11-23 14:42:00,0
9889,2,225,2024-08-05 04:25:00,1
9891,1,357,2024-03-26 20:02:00,1
9894,2,211,2024-08-19 18:28:00,1
9898,3,40,2025-02-06 15:53:00,0
9899,1,222,2024-08-08 14:36:00,1
9900,2,0,2025-03-18 10:53:00,0
9901,3,170,2024-09-29 09:56:00,1
9904,3,167,2024-10-02 06:32:00,1
9907,2,99,2024-12-09 18:07:00,0
9908,4,143,2024-10-26 09:19:00,1
9910,5,46,2025-01-31 15:58:00,0
9911,3,12,2025-03-06 16:07:00,0
9913,5,15,2025-03-03 13:19:00,0
9914,1,20,2025-02-26 10:13:00,0
9915,4,42,2025-02-04 14:49:00,0
9916,2,201,2024-08-29 06:01:00,1
9917,2,95,2024-12-13 08:11:00,0
9918,5,7,2025-03-11 23:25:00,0
9925,4,15,2025-03-03 06:31:00,0
9926,7,15,2025-03-03 13:28:00,0
9933,1,66,2025-01-11 23:12:00,0
9934,2,171,2024-09-28 11:12:00,1
9935,1,364,2024-03-19 07:01:00,1
9937,3,310,2024-05-12 04:23:00,1
9941,3,98,2024-12-10 11:07:00,0
9942,2,333,2024-04-19 10:37:00,1
9943,3,27,2025-02-19 05:49:00,0
9945,2,153,2024-10-16 10:34:00,1
9948,3,101,2024-12-07 03:57:00,0
9949,3,36,2025-02-10 21:00:00,0
9951,3,137,2024-11-01 20:42:00,1
9954,1,169,2024-09-30 17:35:00,1
9957,3,98,2024-12-10 10:26:00,0
9960,2,16,2025-03-02 17:47:00,0
9961,2,35,2025-02-11 11:49:00,0
9963,2,198,2024-09-01 06:58:00,1
9964,5,105,2024-12-03 09:40:00,0
9965,2,36,2025-02-10 08:27:00,0
9967,5,60,2025-01-17 04:32:00,0
9974,3,3,2025-03-15 17:27:00,0
9978,2,152,2024-10-17 06:30:00,1
9979,6,27,2025-02-19 09:47:00,0
9982,2,19,2025-02-27 22:46:00,0
9984,6,95,2024-12-13 16:31:00,0
9986,1,234,2024-07-27 20:18:00,1
9988,5,25,2025-02-21 07:02:00,0
9989,2,57,2025-01-20 04:10:00,0
9990,3,167,2024-10-02 10:59:00,1
9992,4,47,2025-01-30 07:12:00,0
9993,2,58,2025-01-19 10:24:00,0
1,3,36,2025-02-10 11:32:00,0
10,3,20,2025-02-26 00:23:00,0
12,3,36,2025-02-10 21:30:00,0
51,3,0,2025-03-18 14:47:00,0
68,3,99,2024-12-09 18:30:00,0
81,3,87,2024-12-21 19:45:00,0
84,3,73,2025-01-04 02:13:00,0
112,3,63,2025-01-14 11:02:00,0
116,3,11,2025-03-07 19:52:00,0
136,3,3,2025-03-15 17:26:00,0
141,3,6,2025-03-12 16:41:00,0
147,3,57,2025-01-20 08:12:00,0
148,3,11,2025-03-07 13:00:00,0
161,3,44,2025-02-02 04:09:00,0
171,3,18,2025-02-28 09:05:00,0
201,3,139,2024-10-30 15:00:00,1
203,3,28,2025-02-18 16:03:00,0
215,3,8,2025-03-10 00:03:00,0
217,3,89,2024-12-19 07:59:00,0
254,3,14,2025-03-04 21:31:00,0
256,3,34,2025-02-12 00:54:00,0
261,3,79,2024-12-29 00:58:00,0
266,3,30,2025-02-16 14:11:00,0
298,3,15,2025-03-03 10:37:00,0
301,3,79,2024-12-29 19:34:00,0
306,3,202,2024-08-28 15:56:00,1
328,3,10,2025-03-08 00:12:00,0
347,3,60,2025-01-17 11:18:00,0
350,3,15,2025-03-03 12:42:00,0
363,3,68,2025-01-09 05:00:00,0
391,3,28,2025-02-18 07:44:00,0
401,3,113,2024-11-25 06:29:00,0
406,3,194,2024-09-05 03:59:00,1
408,3,9,2025-03-09 15:46:00,0
409,3,109,2024-11-29 14:23:00,0
438,3,53,2025-01-24 22:21:00,0
462,3,17,2025-03-01 11:10:00,0
483,3,23,2025-02-23 16:14:00,0
485,3,55,2025-01-22 19:49:00,0
510,3,51,2025-01-26 02:11:00,0
512,3,1,2025-03-17 21:54:00,0
593,3,57,2025-01-20 21:55:00,0
599,3,169,2024-09-30 00:53:00,1
603,3,0,2025-03-18 09:48:00,0
610,3,49,2025-01-28 13:45:00,0
612,3,39,2025-02-07 15:27:00,0
622,3,40,2025-02-06 23:59:00,0
625,3,13,2025-03-05 07:12:00,0
627,3,2,2025-03-16 04:24:00,0
634,3,65,2025-01-12 07:24:00,0
641,3,206,2024-08-24 00:21:00,1
650,3,62,2025-01-15 04:16:00,0
653,3,53,2025-01-24 02:06:00,0
660,3,10,2025-03-08 00:04:00,0
669,3,29,2025-02-17 05:36:00,0
685,3,93,2024-12-15 17:07:00,0
716,3,2,2025-03-16 18:01:00,0
740,3,97,2024-12-11 17:18:00,0
744,3,107,2024-12-01 06:02:00,0
750,3,32,2025-02-14 14:02:00,0
755,3,104,2024-12-04 16:39:00,0
761,3,33,2025-02-13 00:53:00,0
807,3,27,2025-02-19 00:07:00,0
814,3,33,2025-02-13 21:27:00,0
826,3,26,2025-02-20 10:27:00,0
829,3,2,2025-03-16 03:53:00,0
830,3,146,2024-10-23 18:21:00,1
832,3,4,2025-03-14 19:21:00,0
857,3,2,2025-03-16 01:30:00,0
858,3,7,2025-03-11 11:18:00,0
864,3,8,2025-03-10 15:56:00,0
879,3,24,2025-02-22 05:31:00,0
886,3,22,2025-02-24 08:56:00,0
890,3,70,2025-01-07 09:31:00,0
891,3,103,2024-12-05 10:06:00,0
950,3,0,2025-03-18 18:43:00,0
956,3,9,2025-03-09 09:36:00,0
977,3,38,2025-02-08 11:59:00,0
979,3,37,2025-02-09 07:08:00,0
998,3,13,2025-03-05 03:20:00,0
1003,3,0,2025-03-18 19:21:00,0
1013,3,0,2025-03-18 18:22:00,0
1040,3,20,2025-02-26 03:53:00,0
1041,3,18,2025-02-28 13:57:00,0
1052,3,82,2024-12-26 17:45:00,0
1059,3,62,2025-01-15 21:43:00,0
1063,3,42,2025-02-04 13:17:00,0
1064,3,79,2024-12-29 16:15:00,0
1092,3,91,2024-12-17 06:32:00,0
1096,3,31,2025-02-15 00:12:00,0
1124,3,58,2025-01-19 12:29:00,0
1140,3,7,2025-03-11 22:05:00,0
1145,3,10,2025-03-08 17:47:00,0
1174,3,54,2025-01-23 03:26:00,0
1201,3,-1,2025-03-19 05:23:00,0
1227,3,7,2025-03-11 12:16:00,0
1247,3,11,2025-03-07 07:10:00,0
1252,3,182,2024-09-17 05:45:00,1
1262,3,191,2024-09-08 22:50:00,1
1284,3,8,2025-03-10 18:08:00,0
1321,3,64,2025-01-13 13:23:00,0
1338,3,77,2024-12-31 01:50:00,0
1350,3,13,2025-03-05 23:54:00,0
1356,3,7,2025-03-11 14:43:00,0
1364,3,80,2024-12-28 15:45:00,0
1369,3,0,2025-03-18 22:59:00,0
1376,3,43,2025-02-03 10:16:00,0
1378,3,7,2025-03-11 21:30:00,0
1382,3,212,2024-08-18 03:29:00,1
1399,3,77,2024-12-31 14:58:00,0
1405,3,1,2025-03-17 20:20:00,0
1423,3,57,2025-01-20 20:52:00,0
1477,3,47,2025-01-30 03:16:00,0
1478,3,34,2025-02-12 14:57:00,0
1484,3,54,2025-01-23 17:17:00,0
1486,3,15,2025-03-03 09:21:00,0
1510,3,41,2025-02-05 18:19:00,0
1523,3,158,2024-10-11 03:59:00,1
1533,3,59,2025-01-18 20:52:00,0
1534,3,68,2025-01-09 15:13:00,0
1542,3,71,2025-01-06 22:01:00,0
1583,3,49,2025-01-28 22:19:00,0
1585,3,17,2025-03-01 09:09:00,0
1591,3,84,2024-12-24 04:14:00,0
1595,3,8,2025-03-10 17:55:00,0
1601,3,20,2025-02-26 21:19:00,0
1660,3,54,2025-01-23 09:03:00,0
1678,3,1,2025-03-17 02:45:00,0
1709,3,43,2025-02-03 09:45:00,0
1715,3,15,2025-03-03 19:02:00,0
1718,3,0,2025-03-18 20:07:00,0
1767,3,46,2025-01-31 01:47:00,0
1793,3,31,2025-02-15 04:36:00,0
1795,3,103,2024-12-05 05:44:00,0
1796,3,38,2025-02-08 09:38:00,0
1827,3,124,2024-11-14 03:54:00,1
1830,3,32,2025-02-14 15:31:00,0
1841,3,25,2025-02-21 19:52:00,0
1845,3,12,2025-03-06 12:25:00,0
1888,3,86,2024-12-22 17:53:00,0
1922,3,133,2024-11-05 21:51:00,1
1924,3,5,2025-03-13 17:46:00,0
1938,3,25,2025-02-21 09:59:00,0
1950,3,47,2025-01-30 07:17:00,0
1955,3,74,2025-01-03 19:07:00,0
1981,3,10,2025-03-08 19:52:00,0
1982,3,8,2025-03-10 06:43:00,0
1989,3,20,2025-02-26 19:38:00,0
2006,3,48,2025-01-29 04:16:00,0
2007,3,13,2025-03-05 21:28:00,0
2017,3,15,2025-03-03 23:05:00,0
2030,3,103,2024-12-05 12:49:00,0
2035,3,116,2024-11-22 05:58:00,0
2036,3,59,2025-01-18 21:08:00,0
2037,3,6,2025-03-12 07:21:00,0
2047,3,12,2025-03-06 09:17:00,0
2066,3,72,2025-01-05 10:13:00,0
2068,3,8,2025-03-10 14:45:00,0
2088,3,47,2025-01-30 19:20:00,0
2090,3,94,2024-12-14 02:34:00,0
2126,3,31,2025-02-15 14:54:00,0
2131,3,40,2025-02-06 00:32:00,0
2156,3,63,2025-01-14 21:41:00,0
2161,3,21,2025-02-25 23:07:00,0
2168,3,33,2025-02-13 14:13:00,0
2173,3,61,2025-01-16 16:12:00,0
2186,3,6,2025-03-12 15:08:00,0
2188,3,12,2025-03-06 10:51:00,0
2198,3,23,2025-02-23 19:54:00,0
2199,3,40,2025-02-06 13:38:00,0
2211,3,20,2025-02-26 04:14:00,0
2225,3,46,2025-01-31 09:22:00,0
2231,3,11,2025-03-07 00:15:00,0
2235,3,26,2025-02-20 12:28:00,0
2239,3,9,2025-03-09 00:28:00,0
2274,3,108,2024-11-30 15:50:00,0
2281,3,30,2025-02-16 12:41:00,0
2316,3,122,2024-11-16 00:48:00,1
2340,3,6,2025-03-12 01:32:00,0
2347,3,125,2024-11-13 19:04:00,1
2375,3,149,2024-10-20 07:46:00,1
2383,3,145,2024-10-24 06:57:00,1
2447,3,16,2025-03-02 07:10:00,0
2456,3,43,2025-02-03 06:31:00,0
2471,3,20,2025-02-26 17:20:00,0
2492,3,8,2025-03-10 12:49:00,0
2499,3,24,2025-02-22 10:12:00,0
2505,3,17,2025-03-01 17:14:00,0
2532,3,49,2025-01-28 21:09:00,0
2544,3,67,2025-01-10 08:11:00,0
2602,3,44,2025-02-02 12:32:00,0
2603,3,84,2024-12-24 06:35:00,0
2619,3,7,2025-03-11 17:24:00,0
2620,3,47,2025-01-30 19:53:00,0
2655,3,132,2024-11-06 14:56:00,1
2661,3,93,2024-12-15 00:26:00,0
2688,3,75,2025-01-02 17:24:00,0
2703,3,24,2025-02-22 00:23:00,0
2708,3,27,2025-02-19 13:22:00,0
2716,3,76,2025-01-01 22:00:00,0
2730,3,17,2025-03-01 05:02:00,0
2736,3,126,2024-11-12 07:00:00,1
2765,3,65,2025-01-12 04:38:00,0
2785,3,101,2024-12-07 10:36:00,0
2791,3,28,2025-02-18 08:56:00,0
2802,3,17,2025-03-01 13:55:00,0
2806,3,88,2024-12-20 08:12:00,0
2856,3,210,2024-08-20 23:20:00,1
2879,3,5,2025-03-13 10:54:00,0
2887,3,102,2024-12-06 20:43:00,0
2899,3,25,2025-02-21 08:57:00,0
2900,3,53,2025-01-24 00:29:00,0
2941,3,23,2025-02-23 03:04:00,0
2967,3,49,2025-01-28 13:04:00,0
2977,3,38,2025-02-08 14:02:00,0
2997,3,10,2025-03-08 00:28:00,0
3035,3,71,2025-01-06 22:57:00,0
3036,3,20,2025-02-26 05:31:00,0
3045,3,67,2025-01-10 18:41:00,0
3086,3,106,2024-12-02 10:09:00,0
3114,3,117,2024-11-21 20:44:00,0
3126,3,103,2024-12-05 01:27:00,0
3128,3,15,2025-03-03 11:43:00,0
3138,3,9,2025-03-09 11:21:00,0
3139,3,3,2025-03-15 01:16:00,0
3158,3,0,2025-03-18 11:50:00,0
3190,3,14,2025-03-04 05:17:00,0
3203,3,44,2025-02-02 01:11:00,0
3204,3,31,2025-02-15 05:58:00,0
3248,3,83,2024-12-25 17:40:00,0
3264,3,4,2025-03-14 16:38:00,0
3268,3,4,2025-03-14 09:17:00,0
3273,3,14,2025-03-04 02:17:00,0
3275,3,47,2025-01-30 18:04:00,0
3308,3,2,2025-03-16 14:32:00,0
3324,3,36,2025-02-10 06:56:00,0
3355,3,86,2024-12-22 03:04:00,0
3360,3,51,2025-01-26 14:05:00,0
3379,3,18,2025-02-28 07:01:00,0
3435,3,43,2025-02-03 00:34:00,0
3458,3,23,2025-02-23 05:21:00,0
3488,3,0,2025-03-18 19:48:00,0
3493,3,11,2025-03-07 02:26:00,0
3500,3,169,2024-09-30 23:22:00,1
3512,3,17,2025-03-01 20:30:00,0
3514,3,124,2024-11-14 13:32:00,1
3523,3,34,2025-02-12 20:21:00,0
3524,3,47,2025-01-30 23:15:00,0
3529,3,25,2025-02-21 05:18:00,0
3530,3,64,2025-01-13 02:02:00,0
3543,3,25,2025-02-21 01:02:00,0
3566,3,37,2025-02-09 02:43:00,0
3576,3,20,2025-02-26 06:19:00,0
3585,3,11,2025-03-07 06:45:00,0
3591,3,32,2025-02-14 16:01:00,0
3612,3,0,2025-03-18 05:25:00,0
3643,3,71,2025-01-06 16:24:00,0
3664,3,75,2025-01-02 01:02:00,0
3668,3,96,2024-12-12 15:41:00,0
3701,3,8,2025-03-10 05:45:00,0
3709,3,180,2024-09-19 23:50:00,1
3710,3,155,2024-10-14 23:20:00,1
3714,3,41,2025-02-05 23:19:00,0
3767,3,27,2025-02-19 12:43:00,0
3797,3,40,2025-02-06 11:19:00,0
3804,3,1,2025-03-17 12:10:00,0
3807,3,14,2025-03-04 06:19:00,0
3896,3,23,2025-02-23 20:08:00,0
3912,3,46,2025-01-31 11:56:00,0
3919,3,0,2025-03-18 20:46:00,0
3928,3,72,2025-01-05 00:41:00,0
3930,3,24,2025-02-22 01:25:00,0
3954,3,36,2025-02-10 02:34:00,0
3955,3,27,2025-02-19 00:52:00,0
3985,3,12,2025-03-06 05:06:00,0
3993,3,35,2025-02-11 06:05:00,0
3996,3,39,2025-02-07 03:56:00,0
4003,3,52,2025-01-25 06:33:00,0
4008,3,69,2025-01-08 10:22:00,0
4016,3,152,2024-10-17 16:52:00,1
4017,3,53,2025-01-24 12:44:00,0
4028,3,66,2025-01-11 19:37:00,0
4039,3,11,2025-03-07 09:37:00,0
4057,3,136,2024-11-02 12:07:00,1
4063,3,56,2025-01-21 22:23:00,0
4080,3,23,2025-02-23 02:50:00,0
4084,3,12,2025-03-06 11:57:00,0
4106,3,0,2025-03-18 20:52:00,0
4111,3,32,2025-02-14 08:48:00,0
4114,3,102,2024-12-06 17:33:00,0
4123,3,49,2025-01-28 22:24:00,0
4128,3,54,2025-01-23 05:13:00,0
4131,3,18,2025-02-28 09:39:00,0
4168,3,74,2025-01-03 14:52:00,0
4173,3,21,2025-02-25 07:56:00,0
4215,3,20,2025-02-26 17:49:00,0
4219,3,3,2025-03-15 08:20:00,0
4227,3,15,2025-03-03 12:23:00,0
4243,3,67,2025-01-10 00:36:00,0
4290,3,30,2025-02-16 17:05:00,0
4304,3,2,2025-03-16 02:09:00,0
4320,3,3,2025-03-15 02:00:00,0
4350,3,9,2025-03-09 19:37:00,0
4356,3,28,2025-02-18 11:52:00,0
4364,3,51,2025-01-26 10:13:00,0
4385,3,-1,2025-03-19 03:55:00,0
4387,3,93,2024-12-15 23:29:00,0
4419,3,4,2025-03-14 14:52:00,0
4442,3,16,2025-03-02 06:38:00,0
4446,3,10,2025-03-08 23:06:00,0
4452,3,0,2025-03-18 22:54:00,0
4533,3,5,2025-03-13 12:23:00,0
4545,3,14,2025-03-04 13:33:00,0
4569,3,75,2025-01-02 04:06:00,0
4653,3,25,2025-02-21 01:41:00,0
4685,3,15,2025-03-03 11:34:00,0
4697,3,142,2024-10-27 04:09:00,1
4705,3,8,2025-03-10 19:55:00,0
4711,3,95,2024-12-13 02:40:00,0
4726,3,0,2025-03-18 03:23:00,0
4744,3,62,2025-01-15 08:51:00,0
4834,3,10,2025-03-08 23:08:00,0
4835,3,55,2025-01-22 01:16:00,0
4848,3,1,2025-03-17 04:23:00,0
4876,3,19,2025-02-27 16:03:00,0
4906,3,29,2025-02-17 16:34:00,0
4917,3,89,2024-12-19 04:41:00,0
4947,3,56,2025-01-21 22:17:00,0
4958,3,36,2025-02-10 21:27:00,0
4971,3,68,2025-01-09 19:47:00,0
4975,3,35,2025-02-11 21:33:00,0
4977,3,39,2025-02-07 23:38:00,0
5005,3,69,2025-01-08 05:09:00,0
5030,3,10,2025-03-08 19:51:00,0
5091,3,6,2025-03-12 18:59:00,0
5094,3,136,2024-11-02 04:57:00,1
5117,3,12,2025-03-06 23:51:00,0
5121,3,1,2025-03-17 17:10:00,0
5127,3,46,2025-01-31 17:18:00,0
5134,3,62,2025-01-15 20:11:00,0
5145,3,31,2025-02-15 00:19:00,0
5147,3,88,2024-12-20 03:24:00,0
5149,3,43,2025-02-03 11:50:00,0
5150,3,118,2024-11-20 02:19:00,0
5154,3,41,2025-02-05 07:03:00,0
5171,3,16,2025-03-02 13:35:00,0
5195,3,148,2024-10-21 09:35:00,1
5202,3,49,2025-01-28 15:10:00,0
5207,3,103,2024-12-05 11:35:00,0
5211,3,34,2025-02-12 03:04:00,0
5218,3,44,2025-02-02 09:10:00,0
5220,3,82,2024-12-26 01:04:00,0
5222,3,129,2024-11-09 23:05:00,1
5226,3,17,2025-03-01 12:30:00,0
5253,3,70,2025-01-07 14:50:00,0
5270,3,2,2025-03-16 23:54:00,0
5286,3,216,2024-08-14 02:41:00,1
5292,3,9,2025-03-09 07:01:00,0
5301,3,34,2025-02-12 01:28:00,0
5305,3,44,2025-02-02 02:00:00,0
5315,3,13,2025-03-05 15:01:00,0
5319,3,18,2025-02-28 18:10:00,0
5363,3,26,2025-02-20 21:10:00,0
5365,3,30,2025-02-16 15:11:00,0
5374,3,18,2025-02-28 08:42:00,0
5384,3,1,2025-03-17 18:59:00,0
5454,3,51,2025-01-26 00:59:00,0
5515,3,104,2024-12-04 11:35:00,0
5521,3,92,2024-12-16 06:16:00,0
5524,3,2,2025-03-16 10:34:00,0
5534,3,3,2025-03-15 17:24:00,0
5536,3,22,2025-02-24 07:35:00,0
5545,3,49,2025-01-28 11:15:00,0
5551,3,61,2025-01-16 05:46:00,0
5593,3,26,2025-02-20 19:09:00,0
5595,3,99,2024-12-09 20:09:00,0
5602,3,32,2025-02-14 21:27:00,0
5608,3,19,2025-02-27 20:11:00,0
5615,3,16,2025-03-02 11:45:00,0
5634,3,159,2024-10-10 22:21:00,1
5635,3,74,2025-01-03 11:57:00,0
5637,3,8,2025-03-10 18:15:00,0
5646,3,82,2024-12-26 03:48:00,0
5703,3,59,2025-01-18 17:08:00,0
5705,3,82,2024-12-26 00:28:00,0
5724,3,12,2025-03-06 06:04:00,0
5759,3,86,2024-12-22 20:18:00,0
5771,3,7,2025-03-11 09:36:00,0
5811,3,17,2025-03-01 14:34:00,0
5841,3,84,2024-12-24 14:52:00,0
5842,3,46,2025-01-31 10:58:00,0
5852,3,37,2025-02-09 20:47:00,0
5879,3,30,2025-02-16 08:38:00,0
5881,3,110,2024-11-28 15:40:00,0
5890,3,61,2025-01-16 07:47:00,0
5896,3,4,2025-03-14 14:40:00,0
5983,3,6,2025-03-12 03:22:00,0
6009,3,4,2025-03-14 09:41:00,0
6016,3,21,2025-02-25 10:30:00,0
6029,3,35,2025-02-11 04:20:00,0
6037,3,38,2025-02-08 03:13:00,0
6039,3,-1,2025-03-19 04:51:00,0
6058,3,76,2025-01-01 11:04:00,0
6091,3,7,2025-03-11 06:43:00,0
6100,3,51,2025-01-26 00:37:00,0
6105,3,52,2025-01-25 17:50:00,0
6110,3,49,2025-01-28 19:31:00,0
6128,3,99,2024-12-09 10:54:00,0
6136,3,105,2024-12-03 21:13:00,0
6149,3,13,2025-03-05 09:20:00,0
6190,3,29,2025-02-17 10:44:00,0
6192,3,143,2024-10-26 05:19:00,1
6193,3,7,2025-03-11 07:23:00,0
6229,3,42,2025-02-04 10:30:00,0
6233,3,61,2025-01-16 07:30:00,0
6261,3,40,2025-02-06 00:07:00,0
6275,3,45,2025-02-01 01:23:00,0
6282,3,17,2025-03-01 10:08:00,0
6286,3,166,2024-10-03 06:34:00,1
6304,3,92,2024-12-16 01:11:00,0
6340,3,13,2025-03-05 01:48:00,0
6351,3,17,2025-03-01 20:33:00,0
6397,3,4,2025-03-14 23:28:00,0
6416,3,2,2025-03-16 14:28:00,0
6418,3,63,2025-01-14 16:32:00,0
6434,3,88,2024-12-20 19:35:00,0
6444,3,14,2025-03-04 01:47:00,0
6483,3,31,2025-02-15 12:36:00,0
6488,3,18,2025-02-28 05:27:00,0
6497,3,29,2025-02-17 01:32:00,0
6504,3,52,2025-01-25 10:57:00,0
6513,3,34,2025-02-12 00:34:00,0
6536,3,87,2024-12-21 19:46:00,0
6547,3,11,2025-03-07 10:06:00,0
6548,3,20,2025-02-26 11:02:00,0
6559,3,6,2025-03-12 21:35:00,0
6569,3,48,2025-01-29 15:53:00,0
6572,3,8,2025-03-10 07:10:00,0
6596,3,8,2025-03-10 17:27:00,0
6600,3,106,2024-12-02 15:49:00,0
6611,3,17,2025-03-01 22:02:00,0
6644,3,55,2025-01-22 17:11:00,0
6653,3,91,2024-12-17 18:48:00,0
6669,3,72,2025-01-05 15:05:00,0
6689,3,3,2025-03-15 10:46:00,0
6723,3,1,2025-03-17 17:21:00,0
6729,3,4,2025-03-14 01:39:00,0
6734,3,9,2025-03-09 23:05:00,0
6742,3,1,2025-03-17 17:31:00,0
6743,3,20,2025-02-26 03:00:00,0
6766,3,81,2024-12-27 19:14:00,0
6799,3,1,2025-03-17 09:29:00,0
6800,3,5,2025-03-13 22:31:00,0
6805,3,18,2025-02-28 22:17:00,0
6808,3,50,2025-01-27 21:58:00,0
6814,3,3,2025-03-15 09:15:00,0
6827,3,17,2025-03-01 11:34:00,0
6847,3,11,2025-03-07 00:05:00,0
6865,3,17,2025-03-01 07:10:00,0
6876,3,6,2025-03-12 03:36:00,0
6892,3,133,2024-11-05 05:59:00,1
6894,3,27,2025-02-19 01:45:00,0
6904,3,5,2025-03-13 16:49:00,0
6905,3,40,2025-02-06 20:42:00,0
6928,3,72,2025-01-05 23:22:00,0
6936,3,12,2025-03-06 20:24:00,0
6938,3,17,2025-03-01 00:37:00,0
6939,3,57,2025-01-20 01:24:00,0
6948,3,6,2025-03-12 14:32:00,0
6952,3,14,2025-03-04 01:21:00,0
6985,3,218,2024-08-12 01:53:00,1
6990,3,97,2024-12-11 02:53:00,0
6997,3,3,2025-03-15 04:29:00,0
6999,3,22,2025-02-24 16:02:00,0
7002,3,27,2025-02-19 18:42:00,0
7009,3,4,2025-03-14 21:09:00,0
7010,3,5,2025-03-13 22:05:00,0
7027,3,36,2025-02-10 08:38:00,0
7037,3,195,2024-09-04 03:40:00,1
7048,3,33,2025-02-13 15:13:00,0
7054,3,14,2025-03-04 18:32:00,0
7057,3,7,2025-03-11 17:36:00,0
7070,3,18,2025-02-28 18:31:00,0
7083,3,75,2025-01-02 14:56:00,0
7110,3,7,2025-03-11 08:27:00,0
7134,3,19,2025-02-27 13:19:00,0
7148,3,2,2025-03-16 17:14:00,0
7155,3,10,2025-03-08 21:24:00,0
7159,3,20,2025-02-26 07:33:00,0
7175,3,3,2025-03-15 12:46:00,0
7192,3,119,2024-11-19 19:29:00,0
7198,3,17,2025-03-01 18:41:00,0
7218,3,20,2025-02-26 19:21:00,0
7241,3,18,2025-02-28 04:53:00,0
7251,3,20,2025-02-26 12:02:00,0
7264,3,75,2025-01-02 19:10:00,0
7273,3,63,2025-01-14 07:11:00,0
7298,3,18,2025-02-28 17:54:00,0
7324,3,86,2024-12-22 04:46:00,0
7390,3,143,2024-10-26 17:56:00,1
7416,3,11,2025-03-07 21:14:00,0
7440,3,48,2025-01-29 19:54:00,0
7480,3,23,2025-02-23 09:56:00,0
7522,3,16,2025-03-02 12:47:00,0
7546,3,126,2024-11-12 01:57:00,1
7565,3,2,2025-03-16 20:47:00,0
7594,3,17,2025-03-01 06:41:00,0
7641,3,97,2024-12-11 02:35:00,0
7658,3,292,2024-05-30 03:34:00,1
7676,3,161,2024-10-08 14:44:00,1
7684,3,10,2025-03-08 05:23:00,0
7702,3,16,2025-03-02 23:05:00,0
7841,3,53,2025-01-24 18:27:00,0
7853,3,32,2025-02-14 16:33:00,0
7875,3,33,2025-02-13 11:00:00,0
7880,3,26,2025-02-20 10:50:00,0
7910,3,23,2025-02-23 21:31:00,0
7938,3,118,2024-11-20 15:35:00,0
7953,3,204,2024-08-26 20:55:00,1
7961,3,14,2025-03-04 18:59:00,0
7967,3,6,2025-03-12 03:37:00,0
7970,3,6,2025-03-12 16:37:00,0
7977,3,41,2025-02-05 13:33:00,0
7993,3,53,2025-01-24 00:38:00,0
8017,3,49,2025-01-28 15:43:00,0
8028,3,3,2025-03-15 03:49:00,0
8033,3,25,2025-02-21 11:53:00,0
8073,3,30,2025-02-16 00:42:00,0
8089,3,15,2025-03-03 18:53:00,0
8098,3,35,2025-02-11 18:04:00,0
8113,3,61,2025-01-16 02:11:00,0
8122,3,1,2025-03-17 11:51:00,0
8165,3,20,2025-02-26 10:04:00,0
8188,3,83,2024-12-25 07:23:00,0
8192,3,55,2025-01-22 11:49:00,0
8217,3,29,2025-02-17 07:32:00,0
8229,3,38,2025-02-08 23:22:00,0
8247,3,13,2025-03-05 16:55:00,0
8255,3,13,2025-03-05 18:31:00,0
8258,3,23,2025-02-23 19:26:00,0
8259,3,37,2025-02-09 19:08:00,0
8294,3,20,2025-02-26 07:37:00,0
8331,3,37,2025-02-09 06:14:00,0
8341,3,6,2025-03-12 14:14:00,0
8364,3,21,2025-02-25 03:39:00,0
8367,3,185,2024-09-14 14:27:00,1
8370,3,3,2025-03-15 00:11:00,0
8375,3,139,2024-10-30 10:46:00,1
8405,3,3,2025-03-15 02:27:00,0
8406,3,2,2025-03-16 14:04:00,0
8418,3,1,2025-03-17 06:52:00,0
8433,3,11,2025-03-07 17:52:00,0
8436,3,13,2025-03-05 15:53:00,0
8443,3,6,2025-03-12 16:15:00,0
8469,3,81,2024-12-27 03:52:00,0
8473,3,11,2025-03-07 14:28:00,0
8494,3,37,2025-02-09 04:26:00,0
8500,3,17,2025-03-01 08:01:00,0
8507,3,62,2025-01-15 22:05:00,0
8511,3,14,2025-03-04 22:46:00,0
8515,3,17,2025-03-01 15:09:00,0
8520,3,30,2025-02-16 12:06:00,0
8546,3,54,2025-01-23 16:10:00,0
8580,3,19,2025-02-27 18:04:00,0
8582,3,13,2025-03-05 12:56:00,0
8609,3,37,2025-02-09 19:47:00,0
8639,3,12,2025-03-06 05:02:00,0
8651,3,10,2025-03-08 09:30:00,0
8663,3,19,2025-02-27 14:59:00,0
8680,3,9,2025-03-09 00:01:00,0
8699,3,1,2025-03-17 08:44:00,0
8733,3,63,2025-01-14 19:02:00,0
8740,3,-1,2025-03-19 03:32:00,0
8750,3,76,2025-01-01 17:28:00,0
8754,3,27,2025-02-19 07:38:00,0
8757,3,17,2025-03-01 07:30:00,0
8774,3,24,2025-02-22 22:56:00,0
8791,3,4,2025-03-14 19:34:00,0
8794,3,30,2025-02-16 06:00:00,0
8801,3,24,2025-02-22 02:10:00,0
8821,3,49,2025-01-28 12:39:00,0
8839,3,42,2025-02-04 22:22:00,0
8847,3,31,2025-02-15 17:15:00,0
8849,3,8,2025-03-10 16:41:00,0
8870,3,9,2025-03-09 00:43:00,0
8872,3,-1,2025-03-19 04:04:00,0
8876,3,26,2025-02-20 13:11:00,0
8901,3,3,2025-03-15 01:21:00,0
8904,3,15,2025-03-03 00:23:00,0
8928,3,42,2025-02-04 10:50:00,0
8930,3,98,2024-12-10 13:02:00,0
8954,3,54,2025-01-23 23:04:00,0
8963,3,8,2025-03-10 14:11:00,0
9000,3,91,2024-12-17 16:55:00,0
9018,3,20,2025-02-26 09:12:00,0
9023,3,158,2024-10-11 13:06:00,1
9077,3,56,2025-01-21 17:20:00,0
9129,3,6,2025-03-12 06:24:00,0
9137,3,102,2024-12-06 01:16:00,0
9153,3,51,2025-01-26 17:02:00,0
9156,3,21,2025-02-25 01:19:00,0
9180,3,19,2025-02-27 19:44:00,0
9231,3,61,2025-01-16 20:23:00,0
9234,3,147,2024-10-22 11:10:00,1
9241,3,14,2025-03-04 00:43:00,0
9251,3,18,2025-02-28 22:43:00,0
9259,3,143,2024-10-26 03:04:00,1
9274,3,138,2024-10-31 21:17:00,1
9277,3,69,2025-01-08 09:23:00,0
9297,3,48,2025-01-29 16:02:00,0
9308,3,11,2025-03-07 20:54:00,0
9320,3,46,2025-01-31 20:49:00,0
9322,3,11,2025-03-07 13:34:00,0
9358,3,0,2025-03-18 07:10:00,0
9371,3,5,2025-03-13 01:07:00,0
9373,3,21,2025-02-25 08:24:00,0
9377,3,102,2024-12-06 14:43:00,0
9378,3,7,2025-03-11 06:27:00,0
9413,3,43,2025-02-03 12:05:00,0
9424,3,6,2025-03-12 17:34:00,0
9427,3,2,2025-03-16 17:28:00,0
9433,3,28,2025-02-18 16:39:00,0
9442,3,31,2025-02-15 07:15:00,0
9443,3,23,2025-02-23 22:54:00,0
9450,3,40,2025-02-06 06:24:00,0
9462,3,37,2025-02-09 16:29:00,0
9480,3,11,2025-03-07 17:38:00,0
9497,3,32,2025-02-14 20:08:00,0
9514,3,141,2024-10-28 05:29:00,1
9518,3,23,2025-02-23 03:21:00,0
9545,3,115,2024-11-23 05:32:00,0
9549,3,14,2025-03-04 12:55:00,0
9557,3,3,2025-03-15 17:12:00,0
9558,3,26,2025-02-20 12:17:00,0
9568,3,19,2025-02-27 05:55:00,0
9600,3,96,2024-12-12 21:29:00,0
9605,3,70,2025-01-07 12:43:00,0
9614,3,3,2025-03-15 20:06:00,0
9618,3,4,2025-03-14 02:17:00,0
9624,3,11,2025-03-07 07:15:00,0
9629,3,129,2024-11-09 18:36:00,1
9658,3,47,2025-01-30 21:57:00,0
9677,3,12,2025-03-06 03:23:00,0
9691,3,14,2025-03-04 11:14:00,0
9719,3,20,2025-02-26 21:03:00,0
9720,3,4,2025-03-14 21:13:00,0
9732,3,9,2025-03-09 04:37:00,0
9767,3,7,2025-03-11 14:34:00,0
9770,3,44,2025-02-02 15:19:00,0
9772,3,69,2025-01-08 13:15:00,0
9790,3,38,2025-02-08 19:59:00,0
9824,3,15,2025-03-03 09:46:00,0
9859,3,49,2025-01-28 00:26:00,0
9892,3,103,2024-12-05 05:21:00,0
9921,3,0,2025-03-18 05:24:00,0
9923,3,73,2025-01-04 07:23:00,0
9927,3,44,2025-02-02 18:46:00,0
9940,3,21,2025-02-25 16:39:00,0
9958,3,2,2025-03-16 08:12:00,0
9973,3,27,2025-02-19 16:14:00,0
9983,3,142,2024-10-27 21:26:00,1
9994,3,62,2025-01-15 18:04:00,0
9995,3,22,2025-02-24 01:49:00,0
9996,3,37,2025-02-09 13:31:00,0
9997,3,14,2025-03-04 01:48:00,0
9998,3,37,2025-02-09 13:51:00,0
9999,3,34,2025-02-12 09:48:00,0
10000,3,7,2025-03-11 14:55:00,0
3700,2,42,2025-02-04 05:37:00,0
5185,4,86,2024-12-22 12:15:00,0
9236,4,40,2025-02-06 01:04:00,0
9569,3,102,2024-12-06 12:45:00,0
1816,4,22,2025-02-24 03:35:00,0
8038,3,26,2025-02-20 11:51:00,0
2,1,21,2025-02-25 09:00:00,0
3,2,29,2025-02-17 08:10:00,0
4,3,90,2024-12-18 21:29:00,0
13,5,59,2025-01-18 05:05:00,0
16,2,249,2024-07-12 05:14:00,1
22,3,95,2024-12-13 15:38:00,0
24,3,76,2025-01-01 19:43:00,0
25,3,86,2024-12-22 17:40:00,0
26,3,133,2024-11-05 20:25:00,1
27,1,120,2024-11-18 13:06:00,0
29,5,0,2025-03-18 02:17:00,0
31,1,251,2024-07-10 15:30:21,1
32,1,87,2024-12-21 13:23:21,0
33,1,88,2024-12-20 16:56:00,0
34,1,66,2025-01-11 10:36:00,0
35,3,31,2025-02-15 20:37:00,0
36,8,18,2025-02-28 01:45:00,0
42,2,17,2025-03-01 19:49:00,0
47,4,109,2024-11-29 06:48:00,0
48,1,236,2024-07-25 11:46:00,1
49,3,63,2025-01-14 03:55:00,0
50,5,166,2024-10-03 16:15:00,1
57,3,72,2025-01-05 20:51:30,0
58,7,23,2025-02-23 10:47:20,0
59,2,45,2025-02-01 19:45:00,0
61,2,6,2025-03-13 00:08:00,0
63,2,14,2025-03-04 03:20:30,0
64,6,27,2025-02-19 23:58:30,0
66,2,304,2024-05-18 03:49:21,1
73,2,144,2024-10-25 14:56:00,1
74,2,98,2024-12-10 10:13:00,0
77,1,324,2024-04-28 11:10:00,1
78,1,316,2024-05-06 08:24:00,1
79,3,44,2025-02-02 01:58:00,0
80,6,58,2025-01-19 22:45:00,0
82,4,35,2025-02-11 19:48:00,0
83,3,33,2025-02-13 06:29:00,0
87,6,60,2025-01-17 06:13:00,0
90,3,61,2025-01-16 21:35:30,0
91,3,114,2024-11-24 02:57:00,0
92,3,42,2025-02-04 14:32:00,0
95,3,15,2025-03-03 19:46:00,0
96,3,32,2025-02-14 17:55:00,0
97,4,49,2025-01-28 08:59:00,0
99,2,246,2024-07-15 15:21:00,1
102,1,81,2024-12-27 10:06:21,0
104,4,42,2025-02-04 15:54:00,0
108,1,62,2025-01-15 17:49:00,0
111,2,108,2024-11-30 13:40:00,0
117,4,213,2024-08-17 20:11:00,1
118,2,37,2025-02-09 23:17:21,0
120,4,57,2025-01-20 12:11:00,0
124,4,2,2025-03-16 04:23:00,0
127,1,348,2024-04-04 02:15:59,1
128,3,165,2024-10-04 14:27:00,1
132,3,153,2024-10-16 10:01:00,1
134,1,245,2024-07-16 06:32:00,1
137,3,120,2024-11-18 18:24:00,0
138,3,21,2025-02-25 22:49:00,0
139,3,102,2024-12-06 21:36:00,0
140,4,64,2025-01-13 03:28:00,0
143,2,0,2025-03-18 04:46:00,0
150,5,8,2025-03-10 15:14:00,0
152,4,24,2025-02-22 09:10:20,0
153,3,225,2024-08-05 19:40:00,1
155,6,45,2025-02-01 00:51:00,0
157,5,109,2024-11-29 23:17:00,0
164,1,327,2024-04-25 00:40:00,1
165,2,96,2024-12-12 22:06:00,0
169,1,265,2024-06-26 06:46:21,1
170,3,28,2025-02-18 02:36:30,0
173,3,106,2024-12-02 16:03:00,0
174,1,13,2025-03-05 20:46:21,0
175,3,129,2024-11-09 00:59:00,1
176,2,60,2025-01-17 14:22:00,0
178,3,143,2024-10-26 07:29:00,1
180,3,28,2025-02-18 14:47:00,0
181,2,296,2024-05-26 14:50:00,1
183,5,20,2025-02-26 22:38:00,0
186,1,49,2025-01-28 05:50:00,0
187,5,22,2025-02-24 08:48:00,0
188,5,131,2024-11-07 07:40:00,1
189,3,54,2025-01-23 05:24:00,0
190,5,19,2025-02-27 03:26:00,0
191,4,6,2025-03-12 22:06:00,0
193,7,26,2025-02-20 16:28:00,0
194,1,259,2024-07-02 15:07:21,1
196,2,129,2024-11-09 04:14:00,1
202,4,25,2025-02-21 18:48:00,0
204,2,229,2024-08-01 08:59:00,1
206,3,57,2025-01-20 07:03:21,0
207,3,24,2025-02-22 07:06:00,0
212,3,130,2024-11-08 03:12:00,1
216,6,88,2024-12-20 21:57:30,0
218,3,73,2025-01-04 11:09:00,0
219,1,277,2024-06-14 02:46:00,1
220,6,118,2024-11-20 11:28:40,0
221,2,100,2024-12-08 20:48:00,0
222,1,305,2024-05-17 05:24:00,1
223,3,101,2024-12-07 00:50:00,0
225,3,100,2024-12-08 17:17:00,0
226,5,33,2025-02-13 00:34:30,0
227,3,150,2024-10-19 03:46:00,1
228,2,159,2024-10-10 09:42:00,1
230,4,19,2025-02-27 06:42:30,0
232,6,86,2024-12-22 11:08:20,0
242,3,105,2024-12-03 06:03:30,0
244,1,194,2024-09-05 22:18:00,1
245,3,118,2024-11-20 05:26:00,0
246,6,10,2025-03-08 04:14:00,0
247,5,33,2025-02-13 20:29:00,0
248,2,166,2024-10-03 06:50:00,1
251,4,84,2024-12-24 20:51:00,0
255,9,5,2025-03-13 17:46:00,0
257,2,294,2024-05-28 07:53:21,1
258,2,50,2025-01-27 21:01:00,0
260,7,24,2025-02-22 20:46:00,0
263,2,74,2025-01-04 00:07:00,0
268,3,140,2024-10-29 10:50:00,1
269,2,240,2024-07-21 14:17:00,1
270,3,50,2025-01-27 05:39:00,0
271,1,105,2024-12-03 15:09:21,0
275,3,244,2024-07-17 10:54:40,1
276,2,166,2024-10-03 17:53:00,1
279,4,19,2025-02-27 16:26:00,0
282,2,20,2025-02-26 03:31:00,0
284,2,97,2024-12-11 18:42:00,0
285,8,156,2024-10-13 13:44:08,1
286,1,177,2024-09-22 12:23:21,1
289,7,1,2025-03-17 08:52:00,0
290,1,310,2024-05-12 11:40:21,1
291,3,197,2024-09-02 21:20:00,1
292,2,247,2024-07-14 23:31:00,1
295,2,141,2024-10-28 09:57:00,1
296,1,125,2024-11-13 20:06:00,1
297,2,57,2025-01-20 17:08:00,0
302,4,18,2025-02-28 14:12:00,0
304,3,33,2025-02-13 13:23:00,0
305,1,45,2025-02-01 18:19:21,0
308,6,41,2025-02-05 09:51:00,0
310,2,10,2025-03-08 11:59:00,0
311,2,111,2024-11-27 17:49:00,0
313,4,249,2024-07-12 06:21:00,1
315,2,272,2024-06-19 13:04:00,1
319,1,58,2025-01-19 05:29:00,0
323,4,73,2025-01-04 14:10:00,0
329,3,162,2024-10-07 08:05:00,1
331,3,16,2025-03-02 02:39:00,0
333,3,133,2024-11-05 19:41:30,1
336,6,68,2025-01-09 11:35:48,0
340,1,24,2025-02-22 18:05:00,0
341,1,293,2024-05-29 16:35:59,1
342,5,4,2025-03-14 19:25:45,0
343,6,75,2025-01-02 12:45:00,0
344,2,114,2024-11-24 17:36:00,0
349,3,22,2025-02-24 20:33:00,0
353,2,110,2024-11-28 00:40:00,0
355,4,200,2024-08-30 16:54:00,1
356,4,147,2024-10-22 04:52:00,1
357,3,213,2024-08-17 17:48:00,1
358,5,21,2025-02-25 01:01:40,0
359,5,36,2025-02-10 15:39:30,0
361,2,70,2025-01-07 11:47:21,0
362,3,83,2024-12-25 18:14:00,0
364,1,177,2024-09-22 12:27:21,1
366,7,42,2025-02-04 13:25:00,0
372,1,249,2024-07-12 05:22:21,1
375,6,23,2025-02-23 01:41:00,0
377,2,-1,2025-03-19 05:47:00,0
392,4,8,2025-03-10 10:52:00,0
402,4,92,2024-12-16 18:40:00,0
403,4,39,2025-02-07 22:13:00,0
404,2,214,2024-08-16 21:32:00,1
405,1,226,2024-08-04 04:37:21,1
413,2,234,2024-07-27 22:31:00,1
415,3,117,2024-11-21 21:59:00,0
416,3,236,2024-07-25 12:53:00,1
419,3,2,2025-03-16 03:48:00,0
422,5,103,2024-12-05 20:45:00,0
424,5,66,2025-01-11 11:35:00,0
426,1,237,2024-07-24 05:42:00,1
428,4,28,2025-02-18 05:18:00,0
429,1,99,2024-12-10 00:21:00,0
430,4,1,2025-03-17 14:29:00,0
432,4,58,2025-01-19 12:13:00,0
434,1,211,2024-08-19 06:54:00,1
436,2,54,2025-01-23 10:12:00,0
437,1,221,2024-08-09 17:13:59,1
439,5,11,2025-03-07 13:38:00,0
440,1,300,2024-05-22 19:22:00,1
441,1,100,2024-12-09 00:00:00,0
445,2,149,2024-10-20 18:05:00,1
450,3,44,2025-02-02 17:52:30,0
451,2,251,2024-07-10 01:28:00,1
453,4,55,2025-01-22 10:37:00,0
456,2,101,2024-12-07 16:56:00,0
458,4,12,2025-03-06 05:29:40,0
466,1,122,2024-11-16 03:02:00,1
468,2,49,2025-01-28 09:02:00,0
471,5,62,2025-01-15 04:41:00,0
475,1,67,2025-01-10 07:57:00,0
476,6,20,2025-02-26 07:48:00,0
477,4,152,2024-10-18 00:24:00,1
479,2,225,2024-08-05 03:07:00,1
481,4,2,2025-03-16 13:54:00,0
482,1,26,2025-02-20 16:53:00,0
487,1,71,2025-01-06 08:49:00,0
488,4,18,2025-02-28 20:45:00,0
492,1,154,2024-10-15 08:30:21,1
496,2,208,2024-08-22 15:06:00,1
497,1,175,2024-09-24 14:51:21,1
498,2,3,2025-03-16 00:07:00,0
499,1,355,2024-03-28 06:21:00,1
500,1,86,2024-12-22 04:28:59,0
501,2,203,2024-08-27 09:47:00,1
503,3,56,2025-01-21 06:31:00,0
504,2,22,2025-02-24 05:31:00,0
505,1,9,2025-03-09 12:27:00,0
506,7,98,2024-12-10 04:44:00,0
507,2,190,2024-09-09 06:06:00,1
509,2,303,2024-05-19 02:09:00,1
513,2,197,2024-09-02 16:32:00,1
516,2,157,2024-10-12 13:50:00,1
518,1,122,2024-11-16 16:17:21,1
523,2,15,2025-03-03 17:59:00,0
524,1,42,2025-02-04 22:16:21,0
525,2,64,2025-01-13 01:00:21,0
526,3,34,2025-02-12 14:58:00,0
527,5,23,2025-02-23 00:59:00,0
528,1,249,2024-07-12 04:43:21,1
529,5,21,2025-02-25 10:49:15,0
532,2,333,2024-04-19 05:07:00,1
533,2,123,2024-11-15 17:22:59,1
535,2,42,2025-02-04 09:36:00,0
536,4,15,2025-03-03 19:59:00,0
541,2,161,2024-10-08 11:34:00,1
546,2,225,2024-08-05 04:52:00,1
548,5,170,2024-09-29 08:46:15,1
555,5,15,2025-03-03 10:23:20,0
556,2,320,2024-05-02 08:10:00,1
560,1,343,2024-04-09 07:56:21,1
563,4,152,2024-10-17 02:56:00,1
564,4,4,2025-03-14 01:48:20,0
565,7,41,2025-02-05 19:28:45,0
569,2,97,2024-12-11 17:53:00,0
570,3,42,2025-02-04 19:21:00,0
575,3,5,2025-03-13 14:47:00,0
576,4,172,2024-09-27 07:50:00,1
578,7,44,2025-02-02 02:33:00,0
579,3,136,2024-11-02 06:09:00,1
589,2,135,2024-11-03 01:46:00,1
595,2,49,2025-01-28 11:12:00,0
598,2,32,2025-02-14 18:02:00,0
602,3,6,2025-03-12 13:06:00,0
605,2,40,2025-02-06 14:10:00,0
606,7,155,2024-10-14 09:17:45,1
611,4,83,2024-12-25 19:12:00,0
613,5,31,2025-02-15 08:06:45,0
615,4,64,2025-01-13 13:17:00,0
616,1,232,2024-07-29 01:48:00,1
623,5,161,2024-10-08 08:02:00,1
626,4,61,2025-01-16 13:45:30,0
629,4,44,2025-02-02 12:35:40,0
630,2,131,2024-11-08 00:04:00,1
632,3,181,2024-09-18 10:47:30,1
633,3,92,2024-12-16 15:07:21,0
637,3,32,2025-02-14 10:10:00,0
638,5,49,2025-01-28 04:39:20,0
639,1,281,2024-06-10 16:35:21,1
640,2,17,2025-03-01 22:20:21,0
645,3,201,2024-08-29 19:58:00,1
646,1,98,2024-12-10 12:34:21,0
647,4,31,2025-02-15 13:36:00,0
648,1,187,2024-09-12 22:55:21,1
649,4,13,2025-03-05 05:31:00,0
652,2,28,2025-02-18 15:06:00,0
657,5,85,2024-12-23 22:47:00,0
658,6,82,2024-12-26 07:41:30,0
659,4,31,2025-02-15 20:54:00,0
661,3,209,2024-08-21 12:36:00,1
662,1,249,2024-07-12 22:46:00,1
663,3,55,2025-01-22 03:35:00,0
665,9,35,2025-02-11 23:32:00,0
666,1,296,2024-05-26 10:56:00,1
667,1,5,2025-03-13 05:58:21,0
671,5,27,2025-02-19 05:38:00,0
673,1,219,2024-08-11 21:05:01,1
674,2,114,2024-11-24 22:21:00,0
675,5,86,2024-12-22 09:51:00,0
676,2,137,2024-11-01 16:20:00,1
679,2,210,2024-08-20 07:11:21,1
681,3,63,2025-01-14 15:20:30,0
683,3,62,2025-01-15 02:24:21,0
684,4,76,2025-01-01 03:38:00,0
686,1,142,2024-10-27 11:43:21,1
688,1,170,2024-09-29 21:34:00,1
689,2,65,2025-01-12 17:15:00,0
691,3,62,2025-01-15 06:14:00,0
692,6,84,2024-12-24 01:07:00,0
694,1,138,2024-10-31 12:37:21,1
695,4,31,2025-02-16 01:07:00,0
696,1,334,2024-04-18 03:49:00,1
699,6,73,2025-01-04 20:03:00,0
701,2,68,2025-01-09 16:31:00,0
703,3,142,2024-10-27 20:36:00,1
704,7,32,2025-02-14 03:00:00,0
706,3,107,2024-12-01 19:13:00,0
707,3,142,2024-10-27 08:25:00,1
708,4,122,2024-11-16 10:45:00,1
711,1,251,2024-07-10 10:10:59,1
712,3,75,2025-01-02 11:50:00,0
714,1,341,2024-04-11 06:26:00,1
717,1,101,2024-12-07 05:10:21,0
719,4,51,2025-01-26 13:10:00,0
723,1,256,2024-07-05 03:41:00,1
725,1,360,2024-03-23 17:50:00,1
726,6,110,2024-11-28 14:52:36,0
727,8,58,2025-01-19 13:37:10,0
728,3,213,2024-08-17 06:02:00,1
730,2,280,2024-06-11 09:46:21,1
732,2,29,2025-02-17 05:49:00,0
733,1,211,2024-08-19 23:43:21,1
735,3,62,2025-01-15 03:05:00,0
737,1,357,2024-03-26 21:34:00,1
739,4,4,2025-03-14 17:56:00,0
741,5,170,2024-09-29 17:57:00,1
742,2,24,2025-02-22 12:31:00,0
743,4,69,2025-01-08 20:34:00,0
745,1,352,2024-03-31 12:57:00,1
746,1,35,2025-02-11 01:16:21,0
749,2,195,2024-09-04 20:11:00,1
751,7,2,2025-03-16 22:14:00,0
754,4,2,2025-03-16 15:22:30,0
756,4,31,2025-02-15 11:28:00,0
760,6,6,2025-03-12 04:42:00,0
762,4,-1,2025-03-19 05:52:00,0
765,3,77,2024-12-31 06:29:00,0
766,4,46,2025-01-31 05:07:00,0
767,5,17,2025-03-01 23:07:00,0
769,1,186,2024-09-13 23:17:21,1
770,5,93,2024-12-15 05:51:00,0
775,4,133,2024-11-05 02:25:00,1
776,1,243,2024-07-18 23:09:00,1
777,2,13,2025-03-05 04:22:00,0
779,2,160,2024-10-09 22:15:00,1
782,4,80,2024-12-28 22:33:00,0
784,2,164,2024-10-05 20:31:00,1
789,1,67,2025-01-10 00:29:21,0
791,1,203,2024-08-27 08:04:21,1
793,5,31,2025-02-15 02:41:00,0
800,1,342,2024-04-10 18:54:21,1
801,2,20,2025-02-26 23:18:30,0
802,1,191,2024-09-08 21:03:21,1
803,2,74,2025-01-03 16:50:00,0
806,3,6,2025-03-12 06:32:00,0
811,4,69,2025-01-08 02:43:00,0
812,3,104,2024-12-04 09:56:00,0
813,3,77,2024-12-31 08:11:00,0
817,2,74,2025-01-03 06:00:00,0
818,5,2,2025-03-16 05:56:20,0
822,3,158,2024-10-11 16:50:00,1
825,5,110,2024-11-28 11:48:00,0
827,4,3,2025-03-15 11:46:00,0
833,3,52,2025-01-25 12:13:00,0
834,2,50,2025-01-27 10:04:21,0
838,3,172,2024-09-27 11:20:00,1
840,2,44,2025-02-02 05:32:00,0
844,4,51,2025-01-26 07:56:00,0
846,11,29,2025-02-17 18:41:00,0
847,2,103,2024-12-05 22:45:00,0
851,6,3,2025-03-15 06:48:00,0
852,1,352,2024-03-31 13:02:00,1
853,2,44,2025-02-02 19:04:00,0
854,5,108,2024-11-30 00:41:00,0
855,3,83,2024-12-25 03:56:00,0
859,4,118,2024-11-20 16:27:40,0
860,5,80,2024-12-28 08:41:00,0
862,3,21,2025-02-25 08:31:00,0
863,1,55,2025-01-22 13:08:21,0
865,1,177,2024-09-22 02:43:21,1
866,3,105,2024-12-03 08:09:12,0
869,2,222,2024-08-08 01:59:00,1
873,8,20,2025-02-26 06:42:00,0
875,3,293,2024-05-29 11:44:21,1
876,2,14,2025-03-04 12:56:00,0
878,3,133,2024-11-05 09:02:00,1
880,4,145,2024-10-24 13:45:00,1
885,3,47,2025-01-30 04:13:00,0
887,4,18,2025-02-28 01:47:00,0
889,5,61,2025-01-16 09:44:30,0
893,2,0,2025-03-18 02:29:00,0
895,3,119,2024-11-19 01:56:00,0
896,4,42,2025-02-04 08:48:00,0
899,2,86,2024-12-22 18:14:00,0
900,4,289,2024-06-02 17:58:00,1
912,3,35,2025-02-11 09:46:00,0
914,3,106,2024-12-02 12:05:00,0
915,3,159,2024-10-10 21:48:00,1
917,1,12,2025-03-06 11:29:21,0
919,2,77,2024-12-31 15:35:00,0
920,1,21,2025-02-25 23:59:21,0
922,2,42,2025-02-04 21:37:00,0
923,1,138,2024-10-31 01:27:00,1
925,1,313,2024-05-09 19:10:21,1
927,1,248,2024-07-13 07:10:00,1
928,1,61,2025-01-16 03:47:21,0
931,1,176,2024-09-23 22:48:59,1
937,1,330,2024-04-22 04:43:00,1
938,1,99,2024-12-09 09:47:00,0
939,1,154,2024-10-15 08:08:21,1
940,1,324,2024-04-28 18:18:21,1
941,1,123,2024-11-15 22:02:00,1
942,3,20,2025-02-26 19:20:00,0
949,2,195,2024-09-04 04:02:00,1
952,2,24,2025-02-22 05:45:00,0
953,5,56,2025-01-21 19:19:00,0
954,1,108,2024-11-30 21:22:21,0
955,2,279,2024-06-12 01:38:00,1
957,2,233,2024-07-28 22:24:00,1
961,6,75,2025-01-02 08:42:00,0
963,1,356,2024-03-27 03:51:00,1
968,1,90,2024-12-18 18:35:21,0
969,3,9,2025-03-09 19:38:30,0
972,1,336,2024-04-16 20:32:14,1
973,4,174,2024-09-25 20:28:00,1
976,6,21,2025-02-25 15:08:00,0
978,5,92,2024-12-16 03:43:00,0
980,2,25,2025-02-21 06:02:00,0
981,3,26,2025-02-20 03:43:00,0
982,2,105,2024-12-03 02:40:21,0
986,1,345,2024-04-07 06:42:21,1
989,4,59,2025-01-18 03:47:00,0
990,3,125,2024-11-13 12:24:30,1
992,4,152,2024-10-17 14:44:00,1
995,1,45,2025-02-01 03:49:51,0
999,6,84,2024-12-24 08:57:42,0
1002,5,26,2025-02-20 14:34:00,0
1006,4,74,2025-01-03 11:15:21,0
1010,3,3,2025-03-15 08:06:00,0
1012,3,54,2025-01-23 06:18:00,0
1015,3,73,2025-01-04 06:24:00,0
1017,4,172,2024-09-27 02:51:00,1
1019,6,2,2025-03-16 10:28:00,0
1020,1,106,2024-12-02 17:22:00,0
1026,3,186,2024-09-13 05:09:00,1
1028,3,39,2025-02-07 03:37:00,0
1032,7,100,2024-12-08 18:19:30,0
1033,1,240,2024-07-22 00:17:21,1
1034,2,86,2024-12-22 01:09:00,0
1035,6,8,2025-03-10 06:21:00,0
1036,2,262,2024-06-29 06:42:00,1
1044,3,43,2025-02-03 12:24:00,0
1046,4,72,2025-01-05 12:34:00,0
1047,3,96,2024-12-13 00:02:00,0
1055,2,183,2024-09-16 09:08:00,1
1058,2,168,2024-10-01 01:08:00,1
1069,4,16,2025-03-02 02:15:00,0
1070,3,54,2025-01-23 21:10:00,0
1072,3,14,2025-03-04 22:02:00,0
1073,2,16,2025-03-02 01:26:00,0
1074,3,46,2025-01-31 23:24:00,0
1077,2,16,2025-03-02 10:00:30,0
1078,3,171,2024-09-29 00:07:00,1
1080,2,14,2025-03-04 12:01:00,0
1083,1,59,2025-01-18 00:11:00,0
1085,3,12,2025-03-06 04:11:00,0
1088,4,108,2024-11-30 21:04:40,0
1091,5,294,2024-05-28 00:58:00,1
1094,2,72,2025-01-05 07:38:00,0
1099,1,1,2025-03-17 07:01:51,0
1100,1,187,2024-09-12 21:46:00,1
1104,3,23,2025-02-23 02:03:00,0
1108,3,81,2024-12-27 08:45:00,0
1109,4,44,2025-02-02 16:32:00,0
1113,3,22,2025-02-24 10:57:00,0
1114,3,167,2024-10-02 19:35:00,1
1115,2,75,2025-01-02 13:35:00,0
1118,5,0,2025-03-18 02:17:00,0
1121,2,255,2024-07-06 16:10:00,1
1122,2,65,2025-01-12 09:07:00,0
1125,2,129,2024-11-09 22:01:00,1
1126,3,135,2024-11-03 16:09:00,1
1127,2,28,2025-02-18 07:18:00,0
1129,1,221,2024-08-09 00:10:00,1
1132,1,207,2024-08-23 09:53:00,1
1133,2,55,2025-01-22 17:01:21,0
1134,4,13,2025-03-05 01:59:00,0
1139,2,13,2025-03-05 06:53:00,0
1142,2,122,2024-11-16 09:54:00,1
1143,3,92,2024-12-16 13:13:00,0
1147,3,150,2024-10-19 08:44:00,1
1148,5,4,2025-03-14 09:36:30,0
1149,3,242,2024-07-19 21:58:00,1
1151,3,68,2025-01-09 18:55:00,0
1154,4,81,2024-12-27 17:25:00,0
1156,5,17,2025-03-01 23:10:00,0
1159,1,190,2024-09-09 05:29:21,1
1160,2,146,2024-10-23 13:41:00,1
1161,3,111,2024-11-27 01:54:00,0
1163,1,296,2024-05-26 14:01:00,1
1165,4,1,2025-03-17 19:51:00,0
1168,1,79,2024-12-29 23:39:00,0
1171,3,123,2024-11-15 02:40:00,1
1175,5,26,2025-02-20 10:47:45,0
1178,5,0,2025-03-18 23:30:32,0
1179,3,212,2024-08-18 19:38:00,1
1180,1,55,2025-01-22 19:34:00,0
1185,1,314,2024-05-08 15:21:00,1
1186,5,71,2025-01-06 12:07:00,0
1190,2,73,2025-01-04 12:55:00,0
1194,6,132,2024-11-06 02:18:00,1
1195,1,215,2024-08-15 13:40:00,1
1196,2,55,2025-01-22 03:32:00,0
1197,1,308,2024-05-14 20:45:00,1
1199,3,51,2025-01-26 20:50:00,0
1203,1,62,2025-01-16 00:21:21,0
1205,6,23,2025-02-23 09:36:00,0
1206,3,156,2024-10-13 19:44:00,1
1207,1,97,2024-12-11 18:01:00,0
1208,4,81,2024-12-27 07:04:00,0
1210,4,190,2024-09-09 19:58:20,1
1212,4,81,2024-12-27 00:56:00,0
1213,3,145,2024-10-24 11:22:00,1
1216,5,3,2025-03-15 10:31:00,0
1218,2,330,2024-04-22 19:25:00,1
1221,2,282,2024-06-09 20:46:00,1
1222,8,7,2025-03-11 00:56:00,0
1225,7,66,2025-01-11 04:03:00,0
1228,2,142,2024-10-27 03:53:21,1
1232,3,219,2024-08-11 15:32:00,1
1233,5,17,2025-03-01 04:46:00,0
1235,8,8,2025-03-10 03:36:00,0
1236,3,37,2025-02-09 23:02:30,0
1237,2,6,2025-03-12 11:03:00,0
1242,2,241,2024-07-20 21:45:00,1
1243,5,124,2024-11-14 04:33:57,1
1244,2,220,2024-08-10 20:12:00,1
1253,2,147,2024-10-22 20:22:00,1
1257,4,125,2024-11-13 01:44:00,1
1258,4,52,2025-01-26 00:16:00,0
1260,4,39,2025-02-07 03:52:35,0
1261,3,104,2024-12-04 04:05:00,0
1268,5,65,2025-01-12 13:00:00,0
1269,2,177,2024-09-22 16:40:00,1
1272,2,188,2024-09-11 17:41:00,1
1274,3,117,2024-11-21 16:46:00,0
1276,3,7,2025-03-11 07:21:00,0
1287,3,6,2025-03-12 09:09:00,0
1288,4,104,2024-12-04 03:18:00,0
1293,1,30,2025-02-16 04:37:00,0
1299,1,316,2024-05-06 10:12:00,1
1303,3,79,2024-12-29 11:45:00,0
1307,3,167,2024-10-02 11:47:00,1
1309,3,4,2025-03-14 03:53:30,0
1311,1,239,2024-07-22 19:55:00,1
1315,1,354,2024-03-29 10:45:21,1
1317,4,173,2024-09-26 20:27:30,1
1318,3,160,2024-10-10 00:09:00,1
1319,2,293,2024-05-29 09:35:00,1
1320,3,52,2025-01-25 13:39:30,0
1324,1,49,2025-01-28 14:02:21,0
1329,2,157,2024-10-12 05:28:00,1
1333,1,227,2024-08-03 07:49:00,1
1334,3,71,2025-01-06 13:25:00,0
1340,2,337,2024-04-15 21:40:21,1
1341,3,22,2025-02-24 08:41:00,0
1342,3,175,2024-09-24 22:55:00,1
1346,4,80,2024-12-28 16:01:40,0
1347,2,234,2024-07-28 00:25:00,1
1348,4,23,2025-02-23 12:40:30,0
1349,3,94,2024-12-14 02:25:00,0
1352,2,34,2025-02-12 15:07:00,0
1354,3,42,2025-02-04 04:25:30,0
1357,4,69,2025-01-09 00:49:52,0
1361,2,155,2024-10-14 22:48:00,1
1363,3,68,2025-01-09 05:36:30,0
1373,2,287,2024-06-04 19:18:00,1
1383,3,19,2025-02-27 11:07:00,0
1384,3,27,2025-02-19 07:59:00,0
1385,2,223,2024-08-07 13:50:00,1
1388,4,55,2025-01-22 08:10:00,0
1390,4,156,2024-10-13 23:33:00,1
1393,1,15,2025-03-03 14:53:21,0
1394,4,128,2024-11-10 08:52:00,1
1395,5,97,2024-12-11 20:13:00,0
1396,1,279,2024-06-12 06:03:51,1
1397,4,50,2025-01-27 11:47:00,0
1400,3,116,2024-11-22 04:37:00,0
1404,4,223,2024-08-07 17:16:17,1
1406,4,124,2024-11-14 15:34:00,1
1409,3,53,2025-01-24 02:12:30,0
1410,4,184,2024-09-15 15:03:00,1
1411,2,34,2025-02-12 11:14:00,0
1414,5,41,2025-02-05 14:29:00,0
1417,1,137,2024-11-01 12:40:21,1
1419,5,19,2025-02-27 21:40:00,0
1424,4,149,2024-10-20 13:02:40,1
1426,1,247,2024-07-14 06:39:59,1
1429,5,-1,2025-03-19 03:03:00,0
1431,4,33,2025-02-13 09:04:30,0
1434,4,3,2025-03-15 04:54:00,0
1437,6,49,2025-01-28 12:22:00,0
1438,2,224,2024-08-06 15:32:00,1
1440,2,86,2024-12-22 15:39:00,0
1441,1,313,2024-05-09 13:18:00,1
1443,3,250,2024-07-11 00:32:00,1
1446,6,78,2024-12-30 15:23:00,0
1452,2,222,2024-08-08 00:41:00,1
1453,2,222,2024-08-08 21:55:00,1
1454,4,2,2025-03-16 20:10:00,0
1455,5,50,2025-01-27 02:34:00,0
1456,3,4,2025-03-14 11:48:30,0
1457,3,8,2025-03-10 17:30:21,0
1458,1,110,2024-11-28 06:56:21,0
1459,4,97,2024-12-11 11:10:00,0
1460,1,215,2024-08-15 10:58:01,1
1463,4,49,2025-01-28 09:46:00,0
1469,6,4,2025-03-14 19:23:00,0
1470,1,259,2024-07-02 18:58:21,1
1472,3,26,2025-02-20 23:01:00,0
1475,3,8,2025-03-10 21:30:00,0
1481,7,13,2025-03-05 10:17:00,0
1489,5,44,2025-02-02 06:31:00,0
1492,5,90,2024-12-18 09:08:00,0
1499,3,22,2025-02-24 10:53:00,0
1500,3,163,2024-10-06 01:49:00,1
1508,4,70,2025-01-07 03:50:40,0
1509,4,1,2025-03-17 05:04:00,0
1515,3,183,2024-09-16 00:31:00,1
1516,2,192,2024-09-07 21:17:00,1
1517,4,64,2025-01-13 07:44:00,0
1521,1,136,2024-11-02 03:09:21,1
1524,2,168,2024-10-01 09:11:00,1
1525,2,72,2025-01-05 08:14:00,0
1528,3,57,2025-01-20 16:54:00,0
1531,1,331,2024-04-21 19:20:00,1
1532,5,11,2025-03-07 18:29:00,0
1535,3,24,2025-02-22 10:23:00,0
1536,4,27,2025-02-19 19:25:00,0
1540,2,148,2024-10-21 13:44:00,1
1541,4,191,2024-09-08 11:58:00,1
1544,8,8,2025-03-10 10:50:00,0
1545,5,94,2024-12-14 08:10:15,0
1546,4,52,2025-01-25 17:17:00,0
1547,6,24,2025-02-22 23:40:00,0
1548,4,62,2025-01-15 13:33:00,0
1550,2,25,2025-02-21 04:32:00,0
1552,1,159,2024-10-10 13:06:21,1
1558,3,156,2024-10-13 03:30:00,1
1559,1,82,2024-12-26 07:28:00,0
1560,3,226,2024-08-04 13:16:00,1
1561,3,35,2025-02-11 05:39:00,0
1563,6,41,2025-02-05 20:04:00,0
1564,2,46,2025-01-31 18:35:00,0
1567,4,80,2024-12-28 15:18:00,0
1568,2,141,2024-10-28 12:53:00,1
1571,2,199,2024-08-31 17:18:00,1
1572,1,211,2024-08-19 03:52:00,1
1573,5,62,2025-01-15 17:43:00,0
1576,3,30,2025-02-17 00:17:30,0
1588,6,19,2025-02-27 20:47:00,0
1593,2,249,2024-07-12 22:08:00,1
1594,2,44,2025-02-02 13:34:00,0
1598,4,37,2025-02-09 16:47:00,0
1599,6,145,2024-10-24 07:07:00,1
1606,1,37,2025-02-09 17:48:00,0
1608,3,73,2025-01-04 16:23:00,0
1611,3,267,2024-06-24 18:18:00,1
1612,4,76,2025-01-01 01:43:00,0
1613,2,106,2024-12-02 21:15:00,0
1614,4,35,2025-02-11 23:27:00,0
1615,4,51,2025-01-26 14:30:00,0
1620,2,24,2025-02-22 12:58:00,0
1621,3,103,2024-12-05 23:00:00,0
1623,2,55,2025-01-22 11:55:00,0
1624,3,83,2024-12-25 13:32:00,0
1625,4,1,2025-03-17 13:01:20,0
1626,2,120,2024-11-18 06:48:00,0
1627,2,159,2024-10-10 03:28:00,1
1628,4,67,2025-01-10 12:22:00,0
1631,1,81,2024-12-27 05:18:00,0
1632,5,71,2025-01-06 17:57:30,0
1633,3,120,2024-11-18 14:44:00,0
1635,3,74,2025-01-03 08:26:30,0
1636,3,24,2025-02-22 19:54:00,0
1637,4,65,2025-01-12 12:43:30,0
1638,3,176,2024-09-23 09:08:30,1
1639,2,196,2024-09-03 06:52:00,1
1640,1,250,2024-07-11 21:05:00,1
1641,1,315,2024-05-07 00:51:00,1
1642,1,45,2025-02-01 19:54:00,0
1643,5,29,2025-02-17 11:13:00,0
1644,1,111,2024-11-27 20:39:00,0
1645,1,129,2024-11-09 09:25:00,1
1646,2,88,2024-12-20 14:53:00,0
1647,3,25,2025-02-21 01:39:00,0
1648,3,311,2024-05-11 02:09:00,1
1651,2,7,2025-03-11 08:33:00,0
1652,5,53,2025-01-24 15:39:00,0
1655,3,8,2025-03-10 06:40:00,0
1658,5,31,2025-02-15 23:37:00,0
1659,2,7,2025-03-11 15:17:00,0
1661,4,4,2025-03-14 19:37:00,0
1667,7,90,2024-12-18 15:25:30,0
1670,3,43,2025-02-03 02:40:00,0
1671,1,147,2024-10-22 23:42:21,1
1672,2,235,2024-07-26 17:58:21,1
1674,3,235,2024-07-26 02:03:00,1
1677,2,138,2024-10-31 23:57:00,1
1681,4,69,2025-01-08 13:01:00,0
1682,3,106,2024-12-02 22:21:06,0
1683,3,35,2025-02-11 01:08:00,0
1685,1,135,2024-11-03 14:47:00,1
1686,3,318,2024-05-04 13:21:00,1
1687,3,22,2025-02-24 08:56:00,0
1696,1,140,2024-10-29 16:14:00,1
1697,2,241,2024-07-20 11:58:00,1
1698,5,41,2025-02-05 22:58:15,0
1699,2,54,2025-01-23 01:57:00,0
1705,2,264,2024-06-27 18:19:00,1
1710,1,333,2024-04-19 03:48:00,1
1713,7,41,2025-02-05 05:41:00,0
1714,2,299,2024-05-23 03:17:00,1
1716,4,110,2024-11-28 03:37:00,0
1717,4,164,2024-10-05 08:21:20,1
1719,2,200,2024-08-30 20:45:30,1
1722,5,92,2024-12-16 12:46:00,0
1723,6,99,2024-12-09 17:27:00,0
1724,2,81,2024-12-27 22:35:00,0
1728,3,256,2024-07-05 04:06:00,1
1730,4,107,2024-12-01 09:53:00,0
1731,4,92,2024-12-16 01:12:00,0
1734,1,228,2024-08-02 06:55:00,1
1737,2,21,2025-02-25 06:08:00,0
1738,3,75,2025-01-02 12:55:30,0
1742,3,108,2024-11-30 16:17:00,0
1744,4,13,2025-03-05 07:46:00,0
1746,2,84,2024-12-24 17:07:00,0
1747,3,52,2025-01-25 05:54:30,0
1749,1,228,2024-08-02 04:30:21,1
1750,3,44,2025-02-02 16:58:30,0
1752,5,54,2025-01-23 20:09:00,0
1754,1,233,2024-07-28 20:48:00,1
1756,3,2,2025-03-16 11:42:00,0
1757,3,189,2024-09-10 21:17:30,1
1758,4,91,2024-12-17 16:54:00,0
1759,1,221,2024-08-09 21:23:00,1
1760,1,33,2025-02-13 08:46:00,0
1761,5,21,2025-02-25 15:12:00,0
1763,1,44,2025-02-02 11:41:21,0
1764,3,16,2025-03-02 23:03:00,0
1765,5,76,2025-01-01 06:47:40,0
1766,1,254,2024-07-07 22:26:00,1
1768,4,48,2025-01-29 04:57:00,0
1770,3,11,2025-03-07 04:54:30,0
1773,2,125,2024-11-13 10:21:00,1
1774,3,127,2024-11-11 09:29:00,1
1775,4,9,2025-03-10 00:12:00,0
1776,4,90,2024-12-18 14:46:00,0
1779,4,31,2025-02-15 08:32:00,0
1780,8,95,2024-12-13 19:07:00,0
1782,4,11,2025-03-07 20:30:20,0
1783,2,145,2024-10-24 11:34:00,1
1784,1,84,2024-12-24 21:15:21,0
1785,2,139,2024-10-30 04:07:00,1
1789,2,29,2025-02-17 19:24:00,0
1790,1,107,2024-12-01 21:40:00,0
1791,2,185,2024-09-14 10:39:30,1
1801,3,115,2024-11-23 07:40:00,0
1803,1,237,2024-07-24 15:50:09,1
1808,4,170,2024-09-29 09:08:00,1
1810,1,206,2024-08-24 11:20:21,1
1813,3,37,2025-02-09 08:50:30,0
1817,4,18,2025-02-28 04:17:40,0
1822,5,38,2025-02-08 13:08:00,0
1825,3,334,2024-04-18 23:42:00,1
1829,1,23,2025-02-23 18:53:00,0
1832,1,80,2024-12-28 20:00:00,0
1834,4,64,2025-01-13 17:54:40,0
1836,1,238,2024-07-23 16:56:21,1
1837,2,201,2024-08-29 01:26:21,1
1838,5,130,2024-11-08 09:37:00,1
1839,4,41,2025-02-05 05:54:00,0
1842,2,20,2025-02-26 23:05:00,0
1843,4,25,2025-02-21 01:11:00,0
1844,3,255,2024-07-06 12:17:36,1
1848,4,180,2024-09-19 23:03:00,1
1849,2,64,2025-01-13 07:05:21,0
1850,4,27,2025-02-19 18:39:00,0
1851,3,45,2025-02-01 13:09:00,0
1852,1,339,2024-04-13 00:27:21,1
1854,2,293,2024-05-29 11:05:00,1
1857,4,27,2025-02-19 09:18:00,0
1858,3,98,2024-12-10 17:43:00,0
1859,4,43,2025-02-03 10:00:00,0
1860,2,1,2025-03-17 19:48:00,0
1868,1,284,2024-06-07 13:46:09,1
1869,3,32,2025-02-14 07:26:00,0
1871,2,41,2025-02-05 11:33:21,0
1873,1,56,2025-01-21 09:58:21,0
1874,4,70,2025-01-07 22:29:00,0
1877,2,81,2024-12-27 11:50:00,0
1878,5,34,2025-02-12 05:14:21,0
1880,2,186,2024-09-13 12:56:00,1
1883,6,4,2025-03-14 02:46:00,0
1886,2,52,2025-01-25 16:30:00,0
1890,2,236,2024-07-25 08:06:00,1
1891,5,8,2025-03-10 22:17:00,0
1895,2,44,2025-02-02 16:19:00,0
1897,4,39,2025-02-07 12:19:00,0
1898,1,355,2024-03-28 20:00:00,1
1904,1,58,2025-01-19 04:50:21,0
1905,1,206,2024-08-24 23:55:00,1
1906,4,158,2024-10-11 09:36:00,1
1907,2,49,2025-01-28 10:28:00,0
1909,4,48,2025-01-29 04:00:20,0
1910,3,16,2025-03-02 03:37:30,0
1913,2,169,2024-09-30 22:06:00,1
1917,2,231,2024-07-30 20:42:00,1
1919,1,295,2024-05-27 21:13:59,1
1920,3,52,2025-01-25 22:30:00,0
1921,2,104,2024-12-04 05:48:00,0
1923,1,346,2024-04-06 11:10:00,1
1925,2,58,2025-01-19 06:34:00,0
1931,3,19,2025-02-27 21:41:00,0
1932,3,181,2024-09-18 13:25:00,1
1935,2,197,2024-09-02 06:52:00,1
1937,1,326,2024-04-26 18:42:00,1
1939,3,124,2024-11-14 20:40:00,1
1942,1,267,2024-06-24 12:12:21,1
1943,5,54,2025-01-23 08:17:09,0
1945,4,105,2024-12-03 21:14:00,0
1946,3,97,2024-12-11 17:39:30,0
1948,2,51,2025-01-26 00:58:00,0
1953,4,20,2025-02-26 01:39:00,0
1954,4,129,2024-11-09 17:00:00,1
1956,2,6,2025-03-12 01:53:00,0
1960,2,350,2024-04-02 22:01:00,1
1963,1,33,2025-02-13 11:39:21,0
1964,2,53,2025-01-24 05:06:00,0
1965,5,19,2025-02-27 13:14:00,0
1966,4,115,2024-11-23 17:30:00,0
1969,1,124,2024-11-14 05:20:00,1
1970,6,31,2025-02-15 17:19:00,0
1971,1,133,2024-11-05 06:36:00,1
1972,4,90,2024-12-18 05:53:00,0
1973,2,27,2025-02-19 04:48:00,0
1977,1,232,2024-07-29 12:59:00,1
1986,1,92,2024-12-16 03:23:00,0
1988,5,17,2025-03-01 04:27:00,0
1990,2,182,2024-09-17 11:15:21,1
1991,3,109,2024-11-29 22:46:00,0
1993,3,129,2024-11-09 12:42:40,1
1994,4,18,2025-02-28 19:08:00,0
1996,3,262,2024-06-29 21:29:00,1
1997,2,293,2024-05-29 08:58:00,1
1998,5,25,2025-02-22 00:22:00,0
2009,2,-1,2025-03-19 09:07:06,0
2010,2,8,2025-03-10 05:41:21,0
2013,3,99,2024-12-09 17:22:00,0
2015,2,141,2024-10-28 15:30:00,1
2016,4,22,2025-02-24 06:53:00,0
2020,2,62,2025-01-15 15:56:00,0
2024,2,71,2025-01-06 08:16:00,0
2028,2,33,2025-02-13 19:09:00,0
2029,2,213,2024-08-17 14:39:00,1
2032,5,36,2025-02-10 01:04:00,0
2033,5,8,2025-03-10 17:11:00,0
2038,2,52,2025-01-25 05:24:00,0
2040,4,0,2025-03-18 23:05:05,0
2041,3,27,2025-02-19 17:13:00,0
2042,2,45,2025-02-01 16:15:00,0
2044,4,45,2025-02-01 21:49:00,0
2045,1,202,2024-08-28 23:24:00,1
2046,3,46,2025-01-31 23:41:00,0
2049,4,29,2025-02-17 09:24:00,0
2053,3,125,2024-11-13 21:26:00,1
2054,7,108,2024-11-30 00:31:00,0
2055,2,84,2024-12-24 11:27:00,0
2056,5,13,2025-03-05 15:30:00,0
2058,4,92,2024-12-16 22:22:00,0
2059,1,170,2024-09-29 21:37:21,1
2060,1,140,2024-10-29 10:12:00,1
2062,4,112,2024-11-26 17:22:00,0
2063,4,199,2024-08-31 15:49:00,1
2069,1,54,2025-01-23 06:41:21,0
2071,4,11,2025-03-07 08:44:20,0
2074,2,19,2025-02-27 00:50:00,0
2075,4,170,2024-09-29 15:38:00,1
2077,2,241,2024-07-20 16:25:21,1
2080,1,136,2024-11-02 17:26:21,1
2081,3,29,2025-02-17 06:57:00,0
2082,2,59,2025-01-18 05:57:21,0
2083,1,82,2024-12-26 06:49:00,0
2087,3,81,2024-12-27 02:57:00,0
2091,3,131,2024-11-07 09:56:00,1
2093,1,334,2024-04-18 02:06:00,1
2094,2,52,2025-01-25 17:08:00,0
2096,2,158,2024-10-11 13:07:00,1
2098,5,25,2025-02-21 15:18:00,0
2099,5,37,2025-02-09 16:53:00,0
2104,2,26,2025-02-20 03:11:00,0
2106,4,37,2025-02-09 16:08:00,0
2107,7,1,2025-03-17 14:38:00,0
2108,1,330,2024-04-22 09:59:00,1
2112,5,6,2025-03-12 12:34:00,0
2113,2,97,2024-12-11 18:19:00,0
2114,2,193,2024-09-06 02:06:00,1
2116,3,62,2025-01-15 03:36:30,0
2117,3,160,2024-10-09 20:16:00,1
2118,3,48,2025-01-29 21:28:00,0
2119,2,56,2025-01-21 18:34:00,0
2123,2,247,2024-07-14 23:08:00,1
2124,2,16,2025-03-02 15:40:00,0
2125,4,16,2025-03-02 11:17:21,0
2127,2,21,2025-02-25 10:34:00,0
2135,2,71,2025-01-06 21:27:00,0
2138,1,86,2024-12-22 20:00:21,0
2139,6,25,2025-02-21 07:20:00,0
2140,1,344,2024-04-08 09:21:00,1
2141,1,98,2024-12-10 20:08:21,0
2142,3,6,2025-03-12 17:16:00,0
2152,7,30,2025-02-16 20:42:00,0
2153,2,30,2025-02-16 04:35:21,0
2158,2,24,2025-02-22 22:26:36,0
2162,3,6,2025-03-12 22:24:00,0
2166,2,115,2024-11-23 22:43:00,0
2167,6,2,2025-03-16 07:54:24,0
2174,2,45,2025-02-01 19:26:28,0
2177,1,161,2024-10-08 12:30:21,1
2182,4,13,2025-03-06 00:07:00,0
2183,3,197,2024-09-02 06:10:00,1
2184,2,202,2024-08-28 11:43:21,1
2187,2,162,2024-10-07 13:47:00,1
2194,3,1,2025-03-17 17:25:00,0
2195,1,354,2024-03-29 08:34:21,1
2196,2,100,2024-12-08 01:39:00,0
2203,8,14,2025-03-04 05:59:00,0
2204,2,55,2025-01-22 16:06:00,0
2206,4,14,2025-03-04 19:16:00,0
2210,2,219,2024-08-11 04:37:00,1
2213,2,278,2024-06-13 20:37:00,1
2218,3,185,2024-09-14 17:08:00,1
2220,3,194,2024-09-05 08:02:00,1
2221,5,23,2025-02-23 16:00:00,0
2222,3,12,2025-03-06 18:34:00,0
2223,4,63,2025-01-14 12:47:00,0
2224,7,65,2025-01-12 04:59:12,0
2226,3,40,2025-02-06 06:33:00,0
2230,3,13,2025-03-05 15:57:00,0
2233,1,94,2024-12-14 20:49:21,0
2237,4,7,2025-03-12 00:09:00,0
2241,4,101,2024-12-07 12:42:00,0
2244,5,14,2025-03-04 17:47:00,0
2246,4,93,2024-12-15 02:23:00,0
2248,3,6,2025-03-12 02:19:00,0
2249,2,293,2024-05-29 10:14:00,1
2252,2,95,2024-12-13 03:43:00,0
2254,4,50,2025-01-27 21:37:00,0
2255,3,74,2025-01-03 06:50:00,0
2256,3,47,2025-01-30 22:06:00,0
2257,1,204,2024-08-26 17:16:21,1
2259,5,46,2025-01-31 20:35:00,0
2260,4,85,2024-12-23 16:16:00,0
2262,3,11,2025-03-07 05:40:00,0
2263,6,30,2025-02-16 07:55:00,0
2264,2,111,2024-11-27 02:02:00,0
2265,2,8,2025-03-10 16:56:00,0
2267,4,23,2025-02-23 05:59:00,0
2268,1,303,2024-05-19 15:43:21,1
2270,2,7,2025-03-11 12:41:21,0
2275,3,11,2025-03-07 10:08:00,0
2277,6,20,2025-02-26 20:14:00,0
2282,6,41,2025-02-05 10:03:06,0
2283,4,36,2025-02-10 13:58:00,0
2284,1,43,2025-02-03 20:06:00,0
2285,5,62,2025-01-15 08:28:00,0
2286,4,90,2024-12-18 04:03:00,0
2288,4,2,2025-03-16 04:17:00,0
2289,4,106,2024-12-02 08:54:00,0
2291,4,257,2024-07-04 02:48:00,1
2292,1,19,2025-02-27 16:16:00,0
2293,2,15,2025-03-03 23:30:00,0
2294,5,26,2025-02-20 14:27:21,0
2297,1,352,2024-03-31 19:43:21,1
2299,5,57,2025-01-20 21:06:00,0
2300,2,191,2024-09-08 23:32:00,1
2304,2,124,2024-11-14 16:27:00,1
2308,3,66,2025-01-11 10:25:00,0
2310,6,15,2025-03-03 08:59:00,0
2314,2,149,2024-10-20 08:34:00,1
2315,3,68,2025-01-09 00:33:00,0
2317,2,289,2024-06-02 18:32:00,1
2323,5,108,2024-11-30 14:01:00,0
2324,2,150,2024-10-19 20:01:00,1
2325,3,15,2025-03-03 11:24:00,0
2331,3,143,2024-10-27 00:00:00,1
2332,5,76,2025-01-01 20:41:00,0
2333,5,70,2025-01-07 15:12:00,0
2334,2,205,2024-08-25 05:25:00,1
2335,7,101,2024-12-07 18:42:15,0
2336,1,112,2024-11-26 05:11:00,0
2337,4,38,2025-02-08 09:21:20,0
2338,3,2,2025-03-16 21:41:00,0
2341,7,16,2025-03-02 10:14:24,0
2344,1,275,2024-06-16 21:46:00,1
2346,4,112,2024-11-26 14:56:00,0
2349,1,179,2024-09-20 13:08:21,1
2351,2,10,2025-03-08 06:42:21,0
2357,2,47,2025-01-30 11:30:00,0
2358,2,81,2024-12-27 02:30:00,0
2359,3,109,2024-11-29 10:41:00,0
2360,2,43,2025-02-03 01:09:00,0
2363,3,171,2024-09-28 23:33:00,1
2368,3,44,2025-02-02 19:49:00,0
2369,3,139,2024-10-30 16:24:00,1
2372,1,219,2024-08-11 18:31:21,1
2373,3,61,2025-01-16 03:09:00,0
2376,1,167,2024-10-02 07:36:00,1
2378,3,33,2025-02-13 00:31:21,0
2381,1,187,2024-09-12 15:59:21,1
2384,2,44,2025-02-02 07:08:00,0
2388,3,28,2025-02-18 14:42:00,0
2389,3,226,2024-08-04 07:11:00,1
2391,5,48,2025-01-29 15:06:00,0
2392,1,335,2024-04-17 11:16:00,1
2393,3,42,2025-02-04 00:26:00,0
2394,2,46,2025-02-01 00:13:00,0
2397,2,197,2024-09-02 03:48:21,1
2398,2,129,2024-11-09 01:16:00,1
2399,2,188,2024-09-11 17:03:00,1
2401,3,40,2025-02-06 02:21:00,0
2402,1,237,2024-07-24 22:33:00,1
2404,9,54,2025-01-23 01:57:24,0
2405,2,154,2024-10-15 08:30:00,1
2408,4,32,2025-02-14 13:51:00,0
2409,3,141,2024-10-28 10:17:00,1
2410,5,59,2025-01-18 04:05:00,0
2414,1,43,2025-02-03 17:02:00,0
2419,3,17,2025-03-01 23:45:00,0
2420,6,4,2025-03-14 20:19:00,0
2425,2,21,2025-02-25 07:12:00,0
2426,2,90,2024-12-18 16:39:00,0
2427,3,35,2025-02-11 05:30:00,0
2428,2,304,2024-05-18 09:59:00,1
2430,1,347,2024-04-05 20:16:00,1
2431,2,68,2025-01-09 18:36:00,0
2434,3,39,2025-02-07 18:25:00,0
2436,2,39,2025-02-07 02:22:20,0
2437,4,3,2025-03-15 05:45:00,0
2439,3,33,2025-02-13 21:32:30,0
2440,1,268,2024-06-23 22:43:00,1
2441,3,233,2024-07-28 08:00:00,1
2443,3,54,2025-01-23 09:24:00,0
2448,1,83,2024-12-25 22:37:00,0
2449,3,85,2024-12-23 01:00:00,0
2463,3,198,2024-09-01 05:11:00,1
2465,3,156,2024-10-13 09:01:30,1
2466,4,44,2025-02-02 09:35:00,0
2469,4,57,2025-01-20 13:45:20,0
2474,2,205,2024-08-25 01:54:00,1
2476,6,140,2024-10-29 17:46:00,1
2477,3,123,2024-11-15 01:08:00,1
2478,2,290,2024-06-01 05:09:00,1
2480,5,63,2025-01-14 17:58:00,0
2483,1,215,2024-08-15 15:47:00,1
2484,2,35,2025-02-11 05:24:00,0
2485,5,14,2025-03-04 17:22:00,0
2486,3,105,2024-12-03 03:17:21,0
2488,3,126,2024-11-12 05:27:00,1
2489,3,70,2025-01-07 14:14:30,0
2490,1,149,2024-10-20 09:56:21,1
2491,4,23,2025-02-23 09:47:00,0
2496,3,12,2025-03-06 01:54:00,0
2498,1,351,2024-04-01 20:22:21,1
2504,3,143,2024-10-26 04:13:00,1
2506,1,333,2024-04-19 03:16:59,1
2509,4,70,2025-01-07 06:01:30,0
2510,6,34,2025-02-12 05:36:12,0
2511,2,200,2024-08-30 23:20:21,1
2513,4,116,2024-11-22 15:51:00,0
2514,4,34,2025-02-12 13:39:00,0
2516,1,131,2024-11-08 00:00:21,1
2521,4,94,2024-12-14 03:11:00,0
2525,5,68,2025-01-09 10:07:00,0
2526,1,276,2024-06-15 08:10:00,1
2527,2,165,2024-10-04 12:30:00,1
2530,2,227,2024-08-03 01:50:00,1
2534,3,28,2025-02-18 09:51:00,0
2537,4,47,2025-01-30 18:41:00,0
2538,2,9,2025-03-09 14:07:21,0
2539,5,78,2024-12-30 08:01:30,0
2540,3,162,2024-10-07 08:52:00,1
2541,5,4,2025-03-14 20:03:00,0
2543,1,285,2024-06-07 00:00:00,1
2545,4,21,2025-02-25 12:31:00,0
2546,1,60,2025-01-17 22:14:00,0
2548,6,14,2025-03-04 10:33:15,0
2552,4,40,2025-02-06 16:32:00,0
2554,3,201,2024-08-29 08:37:00,1
2555,4,89,2024-12-19 02:15:00,0
2557,1,96,2024-12-12 20:14:00,0
2558,2,17,2025-03-01 10:20:00,0
2559,2,70,2025-01-07 01:08:00,0
2566,2,114,2024-11-24 06:44:51,0
2569,4,75,2025-01-02 13:06:00,0
2570,2,168,2024-10-01 22:26:21,1
2571,2,31,2025-02-15 04:43:00,0
2573,1,139,2024-10-30 12:48:00,1
2575,4,15,2025-03-03 06:13:00,0
2576,3,106,2024-12-02 09:10:30,0
2578,2,211,2024-08-19 10:06:00,1
2580,2,6,2025-03-12 02:57:00,0
2584,1,190,2024-09-09 15:30:21,1
2590,2,239,2024-07-23 00:10:21,1
2594,3,98,2024-12-10 03:16:00,0
2596,1,234,2024-07-27 15:44:21,1
2600,1,85,2024-12-23 12:26:21,0
2604,1,256,2024-07-05 21:23:21,1
2605,2,29,2025-02-17 01:54:00,0
2609,3,165,2024-10-04 20:01:00,1
2610,1,147,2024-10-22 20:50:00,1
2611,6,10,2025-03-08 06:39:00,0
2613,4,2,2025-03-16 10:24:20,0
2615,1,16,2025-03-02 09:18:21,0
2616,2,168,2024-10-01 06:27:00,1
2626,3,54,2025-01-23 15:46:00,0
2630,4,79,2024-12-29 11:12:00,0
2634,6,28,2025-02-18 18:06:00,0
2635,3,20,2025-02-26 17:29:00,0
2637,2,292,2024-05-30 22:55:21,1
2638,2,30,2025-02-16 09:12:21,0
2640,2,20,2025-02-26 09:25:00,0
2642,4,83,2024-12-25 10:43:00,0
2644,3,14,2025-03-04 01:57:00,0
2645,1,67,2025-01-10 16:32:21,0
2647,2,173,2024-09-26 19:47:00,1
2652,4,1,2025-03-17 23:48:00,0
2657,4,34,2025-02-12 21:51:00,0
2658,2,51,2025-01-26 20:47:00,0
2659,4,130,2024-11-08 20:42:30,1
2660,1,353,2024-03-30 10:27:00,1
2663,2,33,2025-02-14 00:28:00,0
2665,5,36,2025-02-10 01:04:40,0
2669,3,36,2025-02-10 07:33:00,0
2674,3,34,2025-02-12 02:53:00,0
2679,4,53,2025-01-24 16:40:00,0
2680,3,51,2025-01-26 06:13:00,0
2686,2,180,2024-09-19 13:50:00,1
2687,5,85,2024-12-23 09:16:00,0
2689,6,-1,2025-03-19 07:26:00,0
2694,2,218,2024-08-12 15:39:00,1
2700,5,146,2024-10-23 23:44:00,1
2701,2,219,2024-08-11 02:44:00,1
2705,2,209,2024-08-21 23:07:21,1
2707,1,61,2025-01-16 16:04:21,0
2709,2,68,2025-01-09 17:36:00,0
2713,5,4,2025-03-14 01:22:45,0
2714,4,94,2024-12-14 22:23:00,0
2715,4,139,2024-10-30 06:19:00,1
2719,5,41,2025-02-05 20:54:00,0
2721,6,170,2024-09-29 20:41:00,1
2725,2,192,2024-09-07 07:04:00,1
2727,5,178,2024-09-21 22:43:00,1
2728,1,299,2024-05-24 00:17:21,1
2729,4,72,2025-01-05 12:19:00,0
2732,2,8,2025-03-10 06:02:00,0
2733,4,165,2024-10-04 17:23:00,1
2738,7,22,2025-02-24 21:05:45,0
2740,4,26,2025-02-21 00:33:00,0
2744,5,139,2024-10-30 16:00:16,1
2747,2,108,2024-11-30 02:19:00,0
2749,5,254,2024-07-07 03:05:00,1
2750,2,95,2024-12-13 23:53:00,0
2751,3,119,2024-11-19 12:29:30,0
2752,4,154,2024-10-15 16:59:00,1
2753,1,73,2025-01-04 20:39:21,0
2754,4,89,2024-12-19 04:17:00,0
2756,1,355,2024-03-28 05:35:00,1
2769,5,21,2025-02-25 05:54:00,0
2770,3,32,2025-02-14 18:55:15,0
2771,4,21,2025-02-25 17:01:20,0
2772,1,83,2024-12-25 15:41:00,0
2773,1,100,2024-12-08 19:03:00,0
2775,1,100,2024-12-08 13:32:00,0
2776,1,54,2025-01-23 09:38:00,0
2777,2,282,2024-06-09 03:30:00,1
2779,2,95,2024-12-13 06:30:00,0
2780,6,29,2025-02-17 21:24:00,0
2781,3,81,2024-12-27 12:47:00,0
2782,4,187,2024-09-12 15:31:00,1
2783,2,312,2024-05-10 06:47:00,1
2786,3,104,2024-12-04 22:24:00,0
2788,4,11,2025-03-07 20:21:00,0
2790,3,158,2024-10-11 02:58:00,1
2794,3,108,2024-11-30 13:32:00,0
2795,4,45,2025-02-01 17:05:30,0
2799,3,159,2024-10-10 17:40:30,1
2801,1,33,2025-02-13 21:44:00,0
2803,4,2,2025-03-16 20:09:00,0
2804,2,127,2024-11-11 13:48:00,1
2805,4,97,2024-12-11 18:31:00,0
2808,2,147,2024-10-22 10:52:30,1
2810,6,15,2025-03-03 04:39:00,0
2811,1,53,2025-01-24 11:43:21,0
2818,5,10,2025-03-08 08:48:00,0
2824,5,4,2025-03-14 09:24:20,0
2827,5,125,2024-11-13 00:50:00,1
2829,5,10,2025-03-08 15:48:20,0
2830,2,124,2024-11-14 23:07:00,1
2835,4,19,2025-02-27 11:04:00,0
2837,1,223,2024-08-07 17:19:21,1
2839,2,170,2024-09-29 10:41:00,1
2843,2,135,2024-11-03 10:48:00,1
2844,1,77,2024-12-31 04:15:21,0
2847,2,72,2025-01-05 06:49:00,0
2849,3,82,2024-12-26 03:25:00,0
2850,2,53,2025-01-24 10:33:00,0
2851,8,3,2025-03-15 22:55:20,0
2862,2,131,2024-11-07 02:08:00,1
2866,7,23,2025-02-23 03:45:00,0
2867,5,23,2025-02-23 00:51:00,0
2870,3,22,2025-02-24 19:39:00,0
2871,5,137,2024-11-01 06:54:40,1
2874,4,51,2025-01-26 09:30:00,0
2875,1,3,2025-03-15 18:52:21,0
2880,1,279,2024-06-12 19:06:21,1
2881,4,118,2024-11-20 06:42:00,0
2882,2,102,2024-12-06 11:50:00,0
2884,2,197,2024-09-02 20:00:00,1
2886,2,89,2024-12-19 04:48:00,0
2888,6,16,2025-03-02 22:54:00,0
2889,2,148,2024-10-21 13:53:00,1
2891,5,152,2024-10-17 18:12:00,1
2896,1,28,2025-02-18 13:50:00,0
2898,1,104,2024-12-04 23:30:00,0
2902,3,131,2024-11-07 08:15:00,1
2903,5,64,2025-01-13 17:58:40,0
2905,5,33,2025-02-13 10:00:40,0
2906,3,243,2024-07-18 13:34:30,1
2907,5,2,2025-03-16 07:25:40,0
2909,1,182,2024-09-17 23:00:00,1
2911,3,36,2025-02-10 13:24:21,0
2912,2,148,2024-10-21 13:22:00,1
2916,3,226,2024-08-04 05:11:00,1
2918,3,79,2024-12-29 00:48:00,0
2919,5,26,2025-02-20 12:13:00,0
2921,1,41,2025-02-05 16:49:00,0
2925,2,176,2024-09-23 05:21:00,1
2926,2,170,2024-09-29 00:42:00,1
2930,5,4,2025-03-14 12:36:00,0
2933,5,8,2025-03-10 09:13:00,0
2934,3,158,2024-10-11 01:20:00,1
2936,3,86,2024-12-22 03:39:00,0
2937,3,176,2024-09-23 00:41:00,1
2938,1,247,2024-07-14 10:58:00,1
2939,2,39,2025-02-07 19:40:00,0
2940,2,103,2024-12-05 18:20:00,0
2942,3,69,2025-01-08 15:54:30,0
2949,1,141,2024-10-28 13:40:21,1
2950,2,113,2024-11-25 19:56:00,0
2953,3,84,2024-12-24 18:39:00,0
2954,2,77,2024-12-31 01:52:00,0
2956,4,54,2025-01-23 14:27:00,0
2957,2,165,2024-10-04 03:52:15,1
2958,3,115,2024-11-23 21:14:00,0
2962,6,18,2025-02-28 14:46:00,0
2965,1,278,2024-06-13 20:20:00,1
2966,4,109,2024-11-29 18:24:00,0
2968,3,180,2024-09-19 13:49:00,1
2972,5,93,2024-12-15 07:49:50,0
2978,2,151,2024-10-18 03:22:00,1
2979,1,241,2024-07-20 12:38:00,1
2980,2,45,2025-02-01 15:00:00,0
2981,2,312,2024-05-10 01:27:00,1
2983,4,87,2024-12-21 12:30:00,0
2986,1,288,2024-06-03 09:00:00,1
2989,3,145,2024-10-24 10:04:00,1
2993,5,54,2025-01-23 13:10:00,0
2996,2,133,2024-11-05 08:15:00,1
3001,3,104,2024-12-04 22:26:00,0
3002,4,31,2025-02-15 10:55:40,0
3005,3,24,2025-02-22 20:32:00,0
3006,2,134,2024-11-04 00:38:00,1
3007,3,12,2025-03-06 22:35:21,0
3009,3,123,2024-11-15 14:12:00,1
3013,1,249,2024-07-12 15:00:21,1
3016,3,128,2024-11-10 06:08:00,1
3021,5,66,2025-01-11 10:42:00,0
3022,2,192,2024-09-07 11:51:00,1
3023,3,141,2024-10-28 23:02:00,1
3024,1,241,2024-07-20 08:20:00,1
3028,2,39,2025-02-07 08:19:00,0
3029,2,202,2024-08-28 05:46:00,1
3032,5,59,2025-01-18 00:48:00,0
3033,1,117,2024-11-21 16:24:00,0
3038,2,89,2024-12-20 00:25:00,0
3040,3,23,2025-02-23 02:24:00,0
3043,6,7,2025-03-11 10:50:00,0
3047,2,3,2025-03-15 14:45:00,0
3049,3,102,2024-12-06 13:03:30,0
3050,1,322,2024-04-30 13:46:21,1
3052,3,142,2024-10-27 06:06:30,1
3055,2,160,2024-10-09 14:52:21,1
3056,3,40,2025-02-06 19:13:00,0
3057,3,103,2024-12-05 14:07:00,0
3060,4,162,2024-10-07 19:06:00,1
3061,5,33,2025-02-13 18:09:40,0
3062,1,276,2024-06-15 03:28:00,1
3064,1,329,2024-04-23 01:19:21,1
3067,2,115,2024-11-23 10:26:21,0
3068,1,135,2024-11-03 05:02:21,1
3069,4,27,2025-02-19 18:17:00,0
3071,3,323,2024-04-29 10:35:00,1
3072,2,259,2024-07-02 12:03:00,1
3076,5,97,2024-12-11 10:59:00,0
3079,5,46,2025-01-31 10:23:30,0
3080,2,48,2025-01-29 12:59:00,0
3081,2,98,2024-12-10 16:12:21,0
3082,1,152,2024-10-17 04:42:00,1
3083,3,14,2025-03-04 12:56:00,0
3085,3,156,2024-10-13 10:44:00,1
3091,5,17,2025-03-01 09:33:00,0
3096,3,114,2024-11-24 12:02:00,0
3099,2,150,2024-10-19 23:00:00,1
3101,4,64,2025-01-13 06:13:00,0
3105,1,79,2024-12-29 12:44:00,0
3109,4,57,2025-01-20 13:53:00,0
3110,1,139,2024-10-30 18:58:00,1
3111,1,268,2024-06-23 05:07:21,1
3113,1,209,2024-08-21 07:52:21,1
3117,1,175,2024-09-24 17:34:00,1
3122,1,66,2025-01-11 19:29:00,0
3125,2,27,2025-02-19 01:44:51,0
3131,3,89,2024-12-19 21:56:00,0
3137,3,19,2025-02-27 10:19:00,0
3143,1,293,2024-05-29 18:23:21,1
3146,3,7,2025-03-11 22:43:00,0
3151,4,60,2025-01-17 05:05:20,0
3152,4,2,2025-03-16 04:57:00,0
3155,4,140,2024-10-29 16:52:00,1
3156,2,40,2025-02-06 18:53:00,0
3162,2,34,2025-02-12 04:00:00,0
3163,3,32,2025-02-14 01:35:30,0
3166,2,158,2024-10-11 10:31:00,1
3167,3,33,2025-02-13 12:17:00,0
3169,2,160,2024-10-09 15:25:00,1
3171,1,231,2024-07-30 01:18:21,1
3172,2,49,2025-01-28 08:32:21,0
3174,6,90,2024-12-18 09:34:30,0
3176,2,201,2024-08-29 17:55:00,1
3178,3,32,2025-02-14 03:03:30,0
3183,1,70,2025-01-07 06:25:00,0
3185,2,348,2024-04-04 04:16:00,1
3186,3,35,2025-02-11 04:31:00,0
3188,2,44,2025-02-02 04:34:00,0
3194,2,31,2025-02-15 22:57:00,0
3195,4,24,2025-02-22 02:10:00,0
3196,3,44,2025-02-02 02:32:00,0
3198,2,99,2024-12-09 13:05:00,0
3199,3,21,2025-02-25 13:21:00,0
3200,4,12,2025-03-06 03:04:00,0
3205,4,58,2025-01-19 00:53:00,0
3209,4,43,2025-02-03 19:57:00,0
3210,3,65,2025-01-12 21:16:30,0
3211,3,21,2025-02-25 12:54:00,0
3214,2,249,2024-07-12 02:55:00,1
3215,5,16,2025-03-02 10:47:00,0
3217,4,35,2025-02-11 22:27:00,0
3218,2,116,2024-11-22 05:40:00,0
3219,3,23,2025-02-23 20:52:00,0
3222,3,127,2024-11-11 14:50:00,1
3223,3,103,2024-12-05 05:00:00,0
3229,3,19,2025-02-27 19:43:00,0
3230,1,329,2024-04-23 11:07:00,1
3232,6,118,2024-11-20 22:19:15,0
3235,4,28,2025-02-18 11:18:00,0
3236,1,148,2024-10-21 07:17:00,1
3238,1,364,2024-03-19 08:30:00,1
3240,7,57,2025-01-20 16:44:40,0
3247,3,45,2025-02-01 09:01:00,0
3255,3,161,2024-10-08 09:53:00,1
3259,3,97,2024-12-11 08:34:00,0
3265,1,38,2025-02-08 21:41:00,0
3269,8,3,2025-03-15 06:42:00,0
3270,3,13,2025-03-05 13:38:30,0
3272,4,21,2025-02-25 15:24:00,0
3278,3,215,2024-08-15 23:43:30,1
3281,6,119,2024-11-19 08:34:00,0
3283,2,318,2024-05-04 14:11:00,1
3284,2,31,2025-02-15 07:31:00,0
3285,3,41,2025-02-05 10:06:00,0
3286,6,42,2025-02-04 03:25:45,0
3288,2,126,2024-11-12 03:28:00,1
3289,1,350,2024-04-02 02:23:21,1
3290,2,74,2025-01-03 17:31:00,0
3291,2,55,2025-01-22 16:11:00,0
3295,2,13,2025-03-05 05:04:00,0
3296,4,203,2024-08-27 20:23:00,1
3297,4,97,2024-12-11 11:10:00,0
3299,5,17,2025-03-01 00:53:00,0
3302,1,174,2024-09-25 23:28:00,1
3304,1,202,2024-08-28 20:26:00,1
3306,5,92,2024-12-16 18:17:20,0
3307,5,43,2025-02-03 14:05:00,0
3309,4,19,2025-02-27 18:21:00,0
3311,4,29,2025-02-17 01:46:00,0
3312,4,24,2025-02-22 11:29:23,0
3313,5,59,2025-01-18 11:14:00,0
3314,5,28,2025-02-18 01:55:20,0
3316,4,14,2025-03-04 19:41:15,0
3318,2,240,2024-07-21 01:44:00,1
3319,4,14,2025-03-04 04:12:00,0
3321,4,108,2024-11-30 10:14:00,0
3322,3,11,2025-03-07 05:00:00,0
3323,2,112,2024-11-26 09:35:00,0
3326,6,17,2025-03-01 13:57:00,0
3327,4,268,2024-06-23 10:29:00,1
3328,1,169,2024-09-30 00:51:21,1
3330,4,129,2024-11-09 03:24:00,1
3332,1,232,2024-07-29 03:24:21,1
3337,2,57,2025-01-20 15:38:00,0
3338,2,84,2024-12-24 08:38:00,0
3341,1,240,2024-07-21 11:02:00,1
3342,4,21,2025-02-25 05:31:00,0
3343,2,99,2024-12-09 21:17:00,0
3344,1,84,2024-12-24 14:11:00,0
3347,3,44,2025-02-02 08:43:00,0
3349,2,87,2024-12-21 20:43:21,0
3350,2,222,2024-08-08 16:41:00,1
3351,5,87,2024-12-21 11:45:00,0
3353,5,66,2025-01-11 03:46:00,0
3356,3,64,2025-01-13 19:43:00,0
3357,2,20,2025-02-26 14:02:00,0
3361,4,124,2024-11-14 05:51:20,1
3364,8,61,2025-01-16 01:55:51,0
3365,2,211,2024-08-19 07:47:00,1
3366,3,51,2025-01-26 04:21:00,0
3371,2,69,2025-01-08 11:25:00,0
3375,2,49,2025-01-28 21:18:00,0
3376,4,50,2025-01-27 02:58:00,0
3378,3,3,2025-03-15 20:02:30,0
3380,3,109,2024-11-29 08:01:00,0
3381,4,19,2025-02-27 08:01:00,0
3382,1,131,2024-11-07 16:18:21,1
3384,3,84,2024-12-24 10:21:00,0
3387,2,111,2024-11-27 09:09:00,0
3388,2,229,2024-08-01 18:44:00,1
3389,3,224,2024-08-06 11:40:21,1
3390,6,32,2025-02-14 22:07:00,0
3395,4,30,2025-02-16 04:43:00,0
3397,1,348,2024-04-04 18:28:00,1
3399,2,63,2025-01-14 17:48:00,0
3400,2,234,2024-07-27 03:32:00,1
3404,1,253,2024-07-08 08:56:21,1
3405,2,1,2025-03-17 03:56:00,0
3406,3,97,2024-12-11 02:54:00,0
3407,8,80,2024-12-28 06:05:20,0
3408,5,93,2024-12-15 14:50:40,0
3409,3,25,2025-02-21 07:26:30,0
3410,2,324,2024-04-29 00:15:00,1
3413,2,338,2024-04-14 12:59:00,1
3415,4,81,2024-12-27 18:36:40,0
3416,4,28,2025-02-18 03:26:00,0
3420,1,74,2025-01-03 22:01:21,0
3421,1,129,2024-11-09 13:49:00,1
3423,2,122,2024-11-16 16:40:00,1
3425,4,-1,2025-03-19 02:21:00,0
3426,1,85,2024-12-23 11:50:00,0
3428,4,39,2025-02-07 01:38:00,0
3429,5,138,2024-10-31 16:03:15,1
3433,3,116,2024-11-22 06:26:00,0
3434,3,17,2025-03-01 15:04:00,0
3438,5,2,2025-03-16 07:08:00,0
3440,4,50,2025-01-27 19:38:00,0
3441,1,215,2024-08-15 22:36:00,1
3448,3,6,2025-03-12 14:56:00,0
3450,3,173,2024-09-26 05:21:00,1
3451,1,255,2024-07-06 09:47:57,1
3452,5,72,2025-01-05 08:02:00,0
3454,2,271,2024-06-20 11:44:00,1
3455,2,114,2024-11-24 18:25:00,0
3456,3,172,2024-09-27 08:39:00,1
3457,4,26,2025-02-20 07:09:00,0
3459,2,7,2025-03-11 06:19:00,0
3463,2,108,2024-11-30 02:28:00,0
3466,3,51,2025-01-26 23:15:30,0
3467,5,47,2025-01-30 04:18:00,0
3469,2,344,2024-04-08 21:14:00,1
3470,4,0,2025-03-18 17:18:00,0
3472,3,2,2025-03-16 05:43:00,0
3473,1,149,2024-10-20 17:19:00,1
3474,2,116,2024-11-22 14:03:21,0
3475,3,257,2024-07-04 06:18:00,1
3477,1,17,2025-03-01 10:22:21,0
3478,4,7,2025-03-11 17:26:00,0
3483,5,84,2024-12-24 08:35:00,0
3489,3,98,2024-12-10 03:15:00,0
3491,3,38,2025-02-08 01:23:50,0
3498,5,63,2025-01-14 06:59:21,0
3499,2,17,2025-03-01 13:54:00,0
3506,4,95,2024-12-13 04:35:00,0
3507,4,76,2025-01-01 13:17:00,0
3508,1,116,2024-11-22 18:24:21,0
3510,3,3,2025-03-15 20:37:00,0
3516,4,59,2025-01-18 00:57:00,0
3518,2,32,2025-02-14 11:09:00,0
3520,3,52,2025-01-25 06:23:00,0
3522,5,75,2025-01-02 08:59:30,0
3526,1,305,2024-05-17 11:31:00,1
3527,2,203,2024-08-27 14:19:00,1
3528,6,39,2025-02-07 03:04:00,0
3531,4,20,2025-02-26 01:24:00,0
3534,4,83,2024-12-25 02:02:00,0
3537,4,100,2024-12-08 16:58:40,0
3539,3,85,2024-12-23 20:10:00,0
3540,1,361,2024-03-22 22:02:21,1
3541,1,85,2024-12-23 19:22:00,0
3542,2,69,2025-01-08 10:20:00,0
3548,3,23,2025-02-23 13:13:00,0
3549,3,35,2025-02-11 00:53:00,0
3551,5,24,2025-02-22 07:24:30,0
3556,3,31,2025-02-15 03:20:21,0
3557,4,19,2025-02-27 20:35:00,0
3558,2,133,2024-11-05 17:39:00,1
3559,4,42,2025-02-04 09:37:00,0
3561,2,50,2025-01-27 13:55:00,0
3565,3,177,2024-09-22 02:12:00,1
3568,2,12,2025-03-06 12:11:00,0
3570,2,190,2024-09-09 16:01:00,1
3571,1,328,2024-04-24 09:00:21,1
3572,2,19,2025-02-27 20:46:00,0
3573,3,151,2024-10-18 23:24:35,1
3575,4,22,2025-02-24 08:52:00,0
3577,1,354,2024-03-29 20:56:00,1
3578,1,143,2024-10-26 23:16:00,1
3579,4,105,2024-12-03 19:11:00,0
3583,1,72,2025-01-05 15:44:00,0
3587,2,186,2024-09-13 10:16:00,1
3588,4,3,2025-03-15 19:44:00,0
3589,7,39,2025-02-07 04:03:12,0
3592,1,308,2024-05-14 20:30:21,1
3593,3,41,2025-02-05 20:02:00,0
3594,5,12,2025-03-06 22:32:00,0
3595,4,117,2024-11-21 11:18:15,0
3596,3,15,2025-03-03 22:30:00,0
3597,1,272,2024-06-19 22:49:21,1
3598,4,102,2024-12-06 12:46:00,0
3601,5,129,2024-11-09 11:29:00,1
3603,4,72,2025-01-05 06:42:00,0
3604,2,180,2024-09-19 20:33:21,1
3606,5,95,2024-12-13 01:48:45,0
3609,4,57,2025-01-20 13:17:40,0
3611,2,122,2024-11-16 08:55:00,1
3613,1,311,2024-05-11 09:39:21,1
3614,1,58,2025-01-19 20:11:00,0
3618,3,41,2025-02-05 13:01:00,0
3620,2,50,2025-01-27 20:07:00,0
3621,2,14,2025-03-04 11:03:00,0
3623,4,109,2024-11-29 05:48:15,0
3626,3,3,2025-03-15 09:44:30,0
3633,3,12,2025-03-06 19:15:30,0
3635,3,216,2024-08-14 12:32:00,1
3636,4,165,2024-10-04 17:31:00,1
3640,2,273,2024-06-18 16:27:00,1
3641,4,39,2025-02-07 10:43:00,0
3642,4,35,2025-02-11 12:14:00,0
3644,4,99,2024-12-09 22:27:00,0
3647,4,246,2024-07-15 15:25:00,1
3650,1,126,2024-11-12 07:49:21,1
3651,3,64,2025-01-13 20:15:00,0
3652,2,41,2025-02-05 22:27:00,0
3654,2,105,2024-12-03 02:25:00,0
3655,3,97,2024-12-11 17:30:00,0
3660,3,166,2024-10-03 06:17:00,1
3661,4,27,2025-02-19 10:27:00,0
3662,4,170,2024-09-29 17:10:00,1
3663,3,108,2024-11-30 07:26:00,0
3665,2,93,2024-12-15 09:51:21,0
3666,1,221,2024-08-09 00:05:00,1
3669,4,115,2024-11-23 09:43:00,0
3676,4,8,2025-03-10 04:47:00,0
3677,5,37,2025-02-09 11:34:00,0
3680,4,57,2025-01-20 12:04:00,0
3681,1,349,2024-04-03 17:02:21,1
3682,4,39,2025-02-07 00:47:40,0
3684,2,14,2025-03-04 07:45:00,0
3685,2,244,2024-07-17 07:45:40,1
3686,4,106,2024-12-02 14:35:00,0
3687,1,279,2024-06-12 19:46:21,1
3692,2,3,2025-03-15 06:49:00,0
3694,6,12,2025-03-06 08:35:00,0
3696,3,47,2025-01-30 03:25:30,0
3698,3,49,2025-01-28 02:27:00,0
3699,5,219,2024-08-11 18:27:00,1
3702,2,54,2025-01-23 01:37:00,0
3703,2,117,2024-11-21 06:25:00,0
3705,1,301,2024-05-21 04:58:00,1
3715,3,82,2024-12-26 17:22:00,0
3717,3,174,2024-09-25 09:40:00,1
3720,1,173,2024-09-26 11:13:21,1
3721,6,70,2025-01-07 19:46:00,0
3723,3,43,2025-02-03 19:24:00,0
3726,4,27,2025-02-19 03:24:20,0
3727,3,131,2024-11-07 14:32:30,1
3728,4,149,2024-10-20 05:40:00,1
3729,6,78,2024-12-30 15:49:36,0
3730,1,146,2024-10-23 10:30:21,1
3733,2,69,2025-01-08 05:50:21,0
3734,3,61,2025-01-16 16:26:00,0
3736,4,5,2025-03-13 22:19:00,0
3742,2,67,2025-01-10 12:55:00,0
3743,2,121,2024-11-17 03:39:21,1
3744,4,55,2025-01-22 00:25:00,0
3746,1,252,2024-07-09 04:42:00,1
3747,3,57,2025-01-20 22:51:00,0
3749,5,126,2024-11-12 03:09:00,1
3752,1,279,2024-06-12 10:28:00,1
3754,1,196,2024-09-03 15:42:21,1
3755,3,76,2025-01-01 04:44:30,0
3758,3,91,2024-12-17 02:27:00,0
3760,4,100,2024-12-08 06:47:00,0
3764,3,25,2025-02-21 13:47:00,0
3765,6,40,2025-02-06 10:45:00,0
3766,3,0,2025-03-18 12:27:00,0
3770,2,217,2024-08-13 20:16:00,1
3771,4,72,2025-01-05 09:00:00,0
3773,5,68,2025-01-09 16:09:00,0
3774,4,37,2025-02-09 18:01:00,0
3775,4,57,2025-01-20 11:27:30,0
3776,1,9,2025-03-09 13:15:21,0
3780,5,34,2025-02-12 13:10:00,0
3783,1,121,2024-11-17 07:47:00,1
3785,2,48,2025-01-29 22:15:00,0
3787,4,28,2025-02-18 11:42:00,0
3788,2,150,2024-10-19 18:00:21,1
3792,2,17,2025-03-01 17:12:00,0
3793,3,18,2025-02-28 10:11:30,0
3795,1,305,2024-05-17 16:23:00,1
3799,3,43,2025-02-03 03:16:00,0
3802,3,60,2025-01-17 14:30:00,0
3805,4,79,2024-12-29 16:11:00,0
3806,2,72,2025-01-05 15:42:00,0
3808,2,184,2024-09-15 14:10:00,1
3810,2,158,2024-10-11 03:09:00,1
3821,5,11,2025-03-07 03:52:00,0
3823,4,20,2025-02-26 05:05:00,0
3824,2,27,2025-02-19 20:14:00,0
3826,1,273,2024-06-18 09:52:21,1
3828,4,82,2024-12-27 00:10:30,0
3829,3,110,2024-11-28 19:54:00,0
3836,3,42,2025-02-04 22:32:00,0
3842,2,189,2024-09-10 20:28:00,1
3844,7,64,2025-01-13 19:36:36,0
3845,2,106,2024-12-02 12:41:00,0
3846,3,5,2025-03-13 03:05:00,0
3848,4,153,2024-10-16 01:17:00,1
3852,3,14,2025-03-04 18:58:00,0
3853,2,82,2024-12-26 03:39:00,0
3855,2,95,2024-12-13 19:51:00,0
3856,7,12,2025-03-06 07:15:00,0
3857,3,59,2025-01-18 14:52:00,0
3860,1,146,2024-10-23 07:25:59,1
3861,4,62,2025-01-15 11:56:00,0
3862,4,91,2024-12-17 05:14:00,0
3864,4,125,2024-11-13 08:12:00,1
3866,3,60,2025-01-17 19:14:40,0
3867,4,24,2025-02-22 10:55:00,0
3868,2,74,2025-01-03 04:29:00,0
3869,4,19,2025-02-28 00:08:00,0
3872,2,22,2025-02-24 22:34:00,0
3873,2,132,2024-11-06 06:54:00,1
3878,6,69,2025-01-08 13:20:00,0
3879,2,246,2024-07-15 02:51:00,1
3880,5,9,2025-03-09 16:00:00,0
3881,5,0,2025-03-18 09:49:00,0
3882,3,54,2025-01-23 23:31:00,0
3884,2,263,2024-06-28 18:00:00,1
3887,2,274,2024-06-17 23:33:00,1
3888,2,182,2024-09-17 03:39:00,1
3890,4,1,2025-03-17 03:35:00,0
3891,3,109,2024-11-29 12:26:00,0
3892,4,68,2025-01-09 21:33:00,0
3895,2,160,2024-10-09 15:04:00,1
3897,4,109,2024-11-29 04:52:00,0
3899,2,92,2024-12-16 07:09:00,0
3901,5,122,2024-11-16 17:24:30,1
3902,5,48,2025-01-29 22:41:45,0
3903,3,66,2025-01-11 15:07:00,0
3904,3,21,2025-02-25 07:22:00,0
3906,2,115,2024-11-23 10:55:00,0
3908,1,317,2024-05-05 13:59:00,1
3910,6,100,2024-12-08 21:49:45,0
3914,2,25,2025-02-21 17:36:00,0
3915,2,75,2025-01-02 01:39:00,0
3922,2,160,2024-10-09 07:31:00,1
3923,4,86,2024-12-22 09:08:00,0
3924,4,134,2024-11-04 08:21:00,1
3926,1,49,2025-01-28 01:06:00,0
3931,3,90,2024-12-18 19:19:00,0
3932,1,132,2024-11-06 01:39:00,1
3935,5,100,2024-12-08 06:44:00,0
3938,4,74,2025-01-03 12:11:40,0
3939,5,39,2025-02-07 16:11:00,0
3942,1,23,2025-02-23 20:22:21,0
3943,1,88,2024-12-20 22:35:00,0
3944,6,84,2024-12-24 09:32:00,0
3948,2,185,2024-09-14 13:34:00,1
3952,4,170,2024-09-29 16:11:25,1
3953,3,115,2024-11-23 08:26:30,0
3957,2,240,2024-07-21 14:44:00,1
3961,4,49,2025-01-28 03:14:00,0
3962,6,69,2025-01-08 10:06:30,0
3965,2,172,2024-09-27 16:34:00,1
3970,3,128,2024-11-10 20:56:00,1
3972,3,38,2025-02-08 18:01:00,0
3973,6,6,2025-03-12 21:59:00,0
3974,4,162,2024-10-07 08:12:00,1
3977,1,228,2024-08-02 10:40:00,1
3981,4,4,2025-03-14 10:57:00,0
3982,2,83,2024-12-25 17:01:00,0
3983,2,57,2025-01-20 16:02:00,0
3984,2,96,2024-12-12 02:19:00,0
3987,2,112,2024-11-26 19:05:00,0
3990,3,89,2024-12-19 06:12:00,0
3991,4,56,2025-01-21 22:03:00,0
4000,2,129,2024-11-09 00:43:00,1
4004,3,58,2025-01-19 16:47:00,0
4005,4,77,2024-12-31 04:41:00,0
4007,1,5,2025-03-13 02:12:21,0
4013,5,18,2025-02-28 06:30:00,0
4014,3,49,2025-01-28 14:22:00,0
4015,3,273,2024-06-18 22:59:00,1
4018,3,267,2024-06-25 00:04:00,1
4019,4,36,2025-02-10 22:06:00,0
4020,5,5,2025-03-13 16:20:00,0
4023,3,21,2025-02-25 05:00:30,0
4024,6,106,2024-12-02 10:25:15,0
4025,1,17,2025-03-01 21:23:21,0
4026,2,287,2024-06-04 12:19:00,1
4029,3,217,2024-08-13 05:56:00,1
4030,7,9,2025-03-09 21:18:00,0
4031,3,3,2025-03-15 14:25:00,0
4032,3,93,2024-12-15 21:38:00,0
4033,4,0,2025-03-18 06:50:00,0
4035,7,28,2025-02-18 12:14:00,0
4043,1,29,2025-02-17 05:21:21,0
4044,5,8,2025-03-10 16:34:00,0
4047,2,63,2025-01-14 02:14:21,0
4049,2,137,2024-11-01 15:31:00,1
4050,2,132,2024-11-06 09:51:00,1
4055,1,25,2025-02-21 23:10:00,0
4056,3,43,2025-02-03 07:44:00,0
4062,1,244,2024-07-17 10:29:00,1
4064,1,210,2024-08-20 19:38:00,1
4066,3,240,2024-07-21 20:19:00,1
4075,2,327,2024-04-25 23:49:00,1
4076,7,77,2024-12-31 20:14:00,0
4078,2,72,2025-01-05 02:11:00,0
4079,1,2,2025-03-16 13:13:00,0
4082,2,57,2025-01-20 23:13:00,0
4085,2,218,2024-08-12 03:07:21,1
4086,3,79,2024-12-29 14:29:00,0
4087,1,67,2025-01-10 21:13:00,0
4088,4,54,2025-01-23 02:18:00,0
4093,6,65,2025-01-12 01:16:00,0
4094,2,86,2024-12-22 02:14:00,0
4095,5,69,2025-01-08 18:31:00,0
4096,3,45,2025-02-01 07:56:00,0
4099,4,40,2025-02-06 03:17:00,0
4100,1,54,2025-01-23 20:05:00,0
4101,4,1,2025-03-17 23:36:00,0
4102,5,95,2024-12-13 23:50:00,0
4105,4,184,2024-09-15 23:32:00,1
4108,1,362,2024-03-21 16:19:51,1
4112,3,173,2024-09-26 15:07:00,1
4115,2,8,2025-03-10 06:53:00,0
4116,3,40,2025-02-06 23:50:00,0
4117,7,50,2025-01-27 01:01:00,0
4119,4,26,2025-02-20 00:59:00,0
4121,2,50,2025-01-27 05:05:00,0
4124,2,38,2025-02-08 13:10:00,0
4127,3,51,2025-01-26 12:11:00,0
4132,5,25,2025-02-21 23:32:00,0
4137,7,13,2025-03-05 07:41:24,0
4138,4,71,2025-01-06 23:48:00,0
4140,5,40,2025-02-06 23:26:00,0
4141,2,165,2024-10-04 14:22:00,1
4143,4,2,2025-03-16 11:59:00,0
4145,3,73,2025-01-04 17:23:00,0
4152,3,14,2025-03-04 17:24:00,0
4154,4,31,2025-02-15 01:05:00,0
4156,1,184,2024-09-15 05:33:00,1
4160,3,7,2025-03-11 11:49:00,0
4164,2,82,2024-12-26 09:08:00,0
4166,3,68,2025-01-09 18:02:00,0
4167,3,70,2025-01-07 06:10:30,0
4170,1,216,2024-08-14 10:11:00,1
4174,2,221,2024-08-09 12:17:00,1
4177,3,5,2025-03-13 21:33:00,0
4179,7,12,2025-03-06 10:56:12,0
4180,4,9,2025-03-09 15:40:00,0
4185,2,341,2024-04-11 11:57:00,1
4191,2,162,2024-10-07 23:33:00,1
4198,2,79,2024-12-29 00:31:00,0
4200,1,23,2025-02-23 04:13:00,0
4205,4,10,2025-03-08 08:42:20,0
4206,6,161,2024-10-08 10:08:00,1
4216,6,89,2024-12-19 15:52:00,0
4220,2,111,2024-11-27 02:13:21,0
4221,2,132,2024-11-06 15:17:00,1
4224,4,107,2024-12-01 02:02:30,0
4225,2,157,2024-10-12 05:47:00,1
4226,5,6,2025-03-12 03:44:00,0
4230,5,49,2025-01-28 03:41:30,0
4234,4,55,2025-01-22 10:29:00,0
4238,3,50,2025-01-27 15:38:00,0
4239,5,23,2025-02-23 20:41:00,0
4241,3,45,2025-02-01 19:56:00,0
4244,5,27,2025-02-19 09:12:00,0
4248,2,201,2024-08-29 15:59:00,1
4251,3,299,2024-05-23 17:30:00,1
4252,3,11,2025-03-07 23:22:00,0
4254,3,233,2024-07-28 15:22:00,1
4257,5,49,2025-01-28 23:08:00,0
4260,2,33,2025-02-13 03:33:00,0
4263,5,53,2025-01-24 01:47:00,0
4265,1,354,2024-03-29 15:22:00,1
4268,2,218,2024-08-12 12:34:20,1
4269,1,115,2024-11-23 12:25:21,0
4271,5,47,2025-01-30 21:16:00,0
4273,2,44,2025-02-02 16:39:00,0
4274,7,23,2025-02-23 19:07:40,0
4275,2,42,2025-02-04 08:13:10,0
4276,2,173,2024-09-26 05:47:00,1
4278,4,165,2024-10-04 17:53:00,1
4279,2,110,2024-11-28 04:43:00,0
4287,1,46,2025-01-31 15:58:21,0
4292,3,262,2024-06-29 09:12:00,1
4294,3,55,2025-01-22 17:34:00,0
4295,3,73,2025-01-04 22:08:00,0
4301,2,42,2025-02-04 11:55:00,0
4302,5,49,2025-01-28 10:29:00,0
4305,4,94,2024-12-15 00:19:20,0
4312,3,133,2024-11-05 03:15:00,1
4314,2,18,2025-02-28 17:01:21,0
4315,3,71,2025-01-06 17:20:00,0
4318,4,265,2024-06-26 05:56:00,1
4319,6,38,2025-02-08 01:17:00,0
4321,3,19,2025-02-27 06:41:00,0
4322,2,294,2024-05-28 12:03:00,1
4324,3,49,2025-01-28 22:18:00,0
4325,3,124,2024-11-14 13:10:00,1
4326,2,282,2024-06-09 21:33:00,1
4331,2,84,2024-12-24 20:40:00,0
4338,2,14,2025-03-04 23:20:00,0
4340,4,91,2024-12-17 16:24:40,0
4343,1,234,2024-07-27 20:37:21,1
4344,4,88,2024-12-20 07:10:00,0
4345,4,45,2025-02-01 17:41:00,0
4349,7,21,2025-02-25 09:14:21,0
4353,4,98,2024-12-10 02:49:20,0
4354,1,337,2024-04-15 19:48:00,1
4361,3,162,2024-10-07 22:37:00,1
4363,3,144,2024-10-25 10:04:00,1
4367,3,121,2024-11-17 03:23:00,1
4368,2,41,2025-02-05 21:15:00,0
4371,4,208,2024-08-22 05:31:00,1
4374,2,126,2024-11-12 00:44:00,1
4376,1,133,2024-11-05 22:43:00,1
4377,2,24,2025-02-22 01:07:00,0
4383,3,133,2024-11-05 11:15:00,1
4384,3,10,2025-03-08 20:39:00,0
4386,3,259,2024-07-02 11:17:00,1
4389,1,68,2025-01-09 17:51:21,0
4390,4,85,2024-12-23 22:58:00,0
4391,2,221,2024-08-09 14:15:00,1
4392,3,5,2025-03-13 20:35:30,0
4394,2,272,2024-06-19 13:48:00,1
4398,5,17,2025-03-01 17:50:00,0
4399,5,73,2025-01-04 13:30:00,0
4402,4,158,2024-10-12 00:10:00,1
4405,3,57,2025-01-20 17:17:00,0
4409,3,166,2024-10-03 02:54:00,1
4412,2,344,2024-04-08 14:35:00,1
4414,2,85,2024-12-23 17:41:00,0
4415,3,67,2025-01-10 12:06:20,0
4418,4,49,2025-01-28 20:55:00,0
4422,1,156,2024-10-13 10:10:21,1
4423,3,46,2025-01-31 11:03:00,0
4427,2,316,2024-05-06 16:26:00,1
4431,2,77,2024-12-31 06:59:00,0
4432,4,41,2025-02-05 11:08:00,0
4433,5,47,2025-01-30 11:17:00,0
4435,2,63,2025-01-14 14:32:21,0
4436,3,80,2024-12-28 20:43:00,0
4437,1,174,2024-09-25 14:38:21,1
4438,2,122,2024-11-16 18:46:00,1
4440,3,82,2024-12-26 02:31:30,0
4443,4,183,2024-09-16 11:57:21,1
4455,2,246,2024-07-15 22:02:21,1
4457,3,63,2025-01-14 18:04:00,0
4458,1,111,2024-11-27 12:58:00,0
4459,3,43,2025-02-03 23:47:30,0
4460,4,113,2024-11-25 15:32:00,0
4463,3,5,2025-03-13 13:13:00,0
4467,5,57,2025-01-20 01:10:00,0
4468,1,256,2024-07-05 10:07:00,1
4470,4,192,2024-09-07 16:07:00,1
4471,1,290,2024-06-01 11:46:21,1
4473,1,159,2024-10-10 02:13:21,1
4477,4,143,2024-10-26 21:26:48,1
4478,3,40,2025-02-06 02:39:00,0
4479,2,190,2024-09-09 06:38:21,1
4484,5,111,2024-11-27 19:32:40,0
4487,3,52,2025-01-25 18:45:00,0
4489,7,-1,2025-03-19 03:24:00,0
4491,5,27,2025-02-19 10:08:00,0
4492,3,147,2024-10-22 22:44:00,1
4495,3,115,2024-11-23 14:31:00,0
4498,4,28,2025-02-18 23:53:40,0
4500,4,24,2025-02-22 05:24:00,0
4501,3,28,2025-02-18 02:00:00,0
4502,2,160,2024-10-09 16:34:00,1
4506,2,127,2024-11-11 13:15:00,1
4510,4,58,2025-01-19 04:11:00,0
4512,1,241,2024-07-20 12:41:00,1
4513,4,39,2025-02-07 13:43:40,0
4514,3,13,2025-03-05 07:57:00,0
4515,5,6,2025-03-12 12:51:00,0
4520,1,6,2025-03-12 21:01:00,0
4523,4,69,2025-01-08 10:33:00,0
4526,3,59,2025-01-18 21:44:00,0
4528,1,116,2024-11-22 14:10:21,0
4530,4,214,2024-08-16 22:04:00,1
4531,3,140,2024-10-29 05:57:00,1
4534,4,25,2025-02-21 02:53:00,0
4535,4,48,2025-01-29 10:00:20,0
4537,5,119,2024-11-19 06:58:00,0
4540,2,286,2024-06-05 06:06:00,1
4547,1,168,2024-10-01 09:33:21,1
4548,3,8,2025-03-10 11:10:00,0
4550,3,206,2024-08-24 22:43:00,1
4559,1,336,2024-04-16 15:22:00,1
4561,1,216,2024-08-14 00:30:00,1
4563,2,50,2025-01-27 04:48:00,0
4567,2,123,2024-11-15 16:49:51,1
4574,1,270,2024-06-22 00:18:21,1
4575,3,91,2024-12-17 17:00:00,0
4576,1,283,2024-06-08 15:06:21,1
4578,4,134,2024-11-04 16:10:30,1
4580,6,65,2025-01-12 00:22:00,0
4583,3,46,2025-01-31 15:57:00,0
4584,7,13,2025-03-05 07:48:00,0
4588,1,361,2024-03-22 12:28:21,1
4589,3,126,2024-11-12 10:29:00,1
4592,2,9,2025-03-09 13:20:00,0
4593,1,188,2024-09-11 09:03:00,1
4596,4,184,2024-09-15 16:12:00,1
4597,2,56,2025-01-21 14:55:00,0
4598,6,20,2025-02-26 15:52:00,0
4599,1,289,2024-06-02 07:36:21,1
4603,5,43,2025-02-03 06:34:00,0
4604,2,106,2024-12-02 08:07:21,0
4610,4,82,2024-12-26 18:51:00,0
4611,3,39,2025-02-07 15:46:00,0
4613,3,139,2024-10-30 05:27:00,1
4621,6,5,2025-03-13 23:58:15,0
4622,3,32,2025-02-14 09:42:30,0
4624,1,327,2024-04-25 14:11:00,1
4626,2,45,2025-02-01 10:32:00,0
4627,4,197,2024-09-02 09:28:00,1
4629,3,106,2024-12-02 03:14:00,0
4631,4,9,2025-03-09 04:49:00,0
4633,2,288,2024-06-03 18:40:00,1
4634,1,225,2024-08-05 16:22:21,1
4636,3,122,2024-11-16 03:32:00,1
4639,4,98,2024-12-10 00:47:00,0
4640,3,99,2024-12-10 00:01:00,0
4642,7,0,2025-03-18 11:52:00,0
4643,3,32,2025-02-14 23:48:00,0
4651,3,130,2024-11-08 05:40:00,1
4652,5,85,2024-12-23 23:59:00,0
4654,3,36,2025-02-10 13:10:00,0
4657,1,98,2024-12-10 07:56:00,0
4658,6,52,2025-01-25 01:03:45,0
4659,2,85,2024-12-23 07:44:00,0
4660,1,15,2025-03-03 20:11:21,0
4663,4,43,2025-02-03 18:56:00,0
4664,2,144,2024-10-25 03:44:00,1
4665,2,52,2025-01-25 14:54:00,0
4668,3,186,2024-09-13 07:11:00,1
4669,2,31,2025-02-15 18:13:00,0
4670,2,27,2025-02-19 18:33:00,0
4673,2,169,2024-09-30 10:08:00,1
4674,3,292,2024-05-30 03:08:00,1
4676,3,314,2024-05-08 01:50:00,1
4679,3,143,2024-10-26 23:42:00,1
4680,2,95,2024-12-14 00:04:00,0
4681,1,243,2024-07-18 03:31:00,1
4682,6,66,2025-01-11 17:55:30,0
4684,2,11,2025-03-07 23:57:00,0
4687,3,12,2025-03-06 23:42:00,0
4688,3,21,2025-02-25 12:25:00,0
4689,1,257,2024-07-04 10:09:00,1
4691,2,43,2025-02-03 16:50:00,0
4695,1,272,2024-06-19 18:00:00,1
4698,1,97,2024-12-11 09:26:21,0
4699,2,239,2024-07-22 12:49:00,1
4701,5,123,2024-11-15 01:45:00,1
4707,2,30,2025-02-16 10:47:00,0
4709,1,131,2024-11-07 20:30:00,1
4710,2,13,2025-03-05 20:15:00,0
4713,2,241,2024-07-20 03:35:00,1
4714,1,151,2024-10-18 21:21:00,1
4715,1,52,2025-01-25 14:41:00,0
4716,4,130,2024-11-08 19:41:00,1
4719,3,43,2025-02-03 16:37:00,0
4728,4,54,2025-01-23 14:54:30,0
4729,3,73,2025-01-04 07:31:00,0
4730,4,81,2024-12-27 14:14:45,0
4731,1,59,2025-01-18 01:26:00,0
4734,3,79,2024-12-29 22:16:00,0
4737,1,157,2024-10-12 06:54:21,1
4743,3,115,2024-11-23 05:34:00,0
4745,2,107,2024-12-01 13:05:00,0
4747,3,177,2024-09-22 09:38:00,1
4748,5,112,2024-11-26 01:58:00,0
4749,5,45,2025-02-01 12:48:45,0
4750,3,57,2025-01-20 05:53:30,0
4753,2,62,2025-01-15 18:18:00,0
4756,5,76,2025-01-01 09:27:30,0
4758,6,50,2025-01-27 10:15:00,0
4760,2,56,2025-01-21 05:59:00,0
4763,2,145,2024-10-24 20:49:00,1
4767,3,97,2024-12-11 19:15:00,0
4770,2,144,2024-10-25 02:24:00,1
4773,3,167,2024-10-02 19:08:00,1
4776,2,172,2024-09-27 18:39:00,1
4777,6,38,2025-02-08 16:08:40,0
4783,4,114,2024-11-24 01:51:00,0
4784,5,73,2025-01-04 13:46:45,0
4786,3,70,2025-01-07 01:02:30,0
4787,1,300,2024-05-22 10:37:21,1
4788,2,170,2024-09-29 23:25:00,1
4792,3,47,2025-01-30 14:51:00,0
4794,3,135,2024-11-03 09:02:00,1
4795,3,13,2025-03-05 12:27:00,0
4796,4,73,2025-01-04 13:38:30,0
4798,4,24,2025-02-22 01:03:00,0
4802,5,91,2024-12-17 03:37:00,0
4806,1,307,2024-05-15 05:13:21,1
4811,3,34,2025-02-12 21:51:00,0
4812,2,202,2024-08-28 10:42:00,1
4813,2,78,2024-12-30 14:18:00,0
4814,4,221,2024-08-09 18:07:00,1
4817,3,205,2024-08-25 15:32:00,1
4819,3,116,2024-11-22 01:56:00,0
4827,1,110,2024-11-28 04:04:00,0
4829,1,128,2024-11-10 01:20:00,1
4833,3,216,2024-08-14 00:34:00,1
4836,1,96,2024-12-12 22:57:00,0
4838,5,16,2025-03-02 20:52:00,0
4839,2,160,2024-10-09 16:49:00,1
4841,6,118,2024-11-20 18:56:00,0
4843,1,57,2025-01-20 07:18:21,0
4844,2,160,2024-10-09 09:23:00,1
4845,4,22,2025-02-24 16:15:40,0
4847,2,230,2024-07-31 18:47:00,1
4850,2,139,2024-10-30 04:02:00,1
4852,4,71,2025-01-06 09:55:00,0
4854,2,82,2024-12-26 22:56:00,0
4859,1,318,2024-05-04 06:50:00,1
4861,1,217,2024-08-14 00:04:00,1
4862,2,138,2024-10-31 15:59:00,1
4863,2,8,2025-03-10 16:42:00,0
4865,2,78,2024-12-30 08:12:21,0
4869,1,126,2024-11-12 20:15:00,1
4870,3,7,2025-03-11 17:54:00,0
4871,6,50,2025-01-27 18:02:00,0
4872,4,122,2024-11-16 12:35:00,1
4875,1,104,2024-12-04 15:34:00,0
4880,4,113,2024-11-25 13:43:00,0
4881,3,14,2025-03-04 04:32:00,0
4882,6,4,2025-03-14 02:49:00,0
4886,2,49,2025-01-28 23:51:00,0
4889,1,345,2024-04-07 01:42:21,1
4895,1,176,2024-09-23 21:31:00,1
4898,4,22,2025-02-24 01:37:00,0
4899,1,299,2024-05-23 06:11:21,1
4900,3,34,2025-02-12 15:55:00,0
4901,7,36,2025-02-10 11:19:24,0
4902,8,5,2025-03-13 06:45:00,0
4904,1,22,2025-02-24 09:57:00,0
4907,6,64,2025-01-13 23:50:00,0
4908,3,5,2025-03-13 10:51:00,0
4910,5,12,2025-03-06 02:58:00,0
4911,2,140,2024-10-29 17:25:00,1
4912,7,85,2024-12-23 02:11:00,0
4914,1,17,2025-03-01 01:40:21,0
4918,4,136,2024-11-02 16:27:00,1
4919,6,26,2025-02-20 20:58:36,0
4920,7,66,2025-01-11 06:18:00,0
4921,1,359,2024-03-24 04:57:00,1
4922,1,272,2024-06-19 10:08:00,1
4923,4,76,2025-01-01 09:16:30,0
4927,7,136,2024-11-02 22:33:15,1
4928,3,122,2024-11-16 08:47:00,1
4929,3,240,2024-07-21 08:34:00,1
4930,1,114,2024-11-24 00:56:00,0
4931,4,24,2025-02-22 13:06:00,0
4933,2,0,2025-03-18 12:42:21,0
4934,3,43,2025-02-03 07:10:30,0
4940,4,55,2025-01-22 09:43:00,0
4941,3,136,2024-11-02 11:37:00,1
4953,2,127,2024-11-11 20:40:00,1
4957,3,118,2024-11-20 20:56:00,0
4959,2,48,2025-01-29 03:03:00,0
4960,4,99,2024-12-09 11:18:50,0
4963,6,22,2025-02-24 04:08:48,0
4964,6,26,2025-02-20 12:48:00,0
4965,4,9,2025-03-09 18:19:00,0
4966,3,36,2025-02-10 19:14:00,0
4968,4,1,2025-03-17 16:17:00,0
4969,2,35,2025-02-11 21:38:21,0
4970,3,106,2024-12-02 13:14:00,0
4972,2,184,2024-09-15 08:14:00,1
4973,1,158,2024-10-11 01:34:21,1
4974,1,16,2025-03-02 17:33:00,0
4976,2,42,2025-02-04 19:06:00,0
4983,1,331,2024-04-21 18:54:39,1
4985,4,45,2025-02-01 08:05:00,0
4986,1,102,2024-12-06 12:24:00,0
4989,1,118,2024-11-20 06:49:00,0
4990,5,23,2025-02-23 09:46:00,0
4991,1,307,2024-05-15 20:22:00,1
4993,5,91,2024-12-17 18:52:30,0
4994,6,28,2025-02-18 00:19:00,0
4997,2,102,2024-12-06 19:11:00,0
5000,3,126,2024-11-12 12:05:20,1
5001,3,157,2024-10-12 06:05:00,1
5002,2,19,2025-02-27 04:34:00,0
5004,2,7,2025-03-11 20:46:21,0
5007,3,92,2024-12-16 07:33:00,0
5008,3,105,2024-12-03 09:45:00,0
5011,5,-1,2025-03-19 02:26:00,0
5012,1,116,2024-11-22 09:33:00,0
5013,2,8,2025-03-10 22:09:00,0
5014,3,44,2025-02-02 13:16:00,0
5015,2,311,2024-05-11 05:55:00,1
5016,4,51,2025-01-26 05:48:00,0
5020,2,198,2024-09-01 13:03:00,1
5027,1,224,2024-08-06 21:34:00,1
5028,3,15,2025-03-03 06:20:00,0
5032,3,173,2024-09-26 10:38:00,1
5033,1,6,2025-03-12 05:47:00,0
5034,1,129,2024-11-09 04:48:00,1
5035,5,66,2025-01-11 20:03:20,0
5036,1,304,2024-05-18 14:54:21,1
5037,4,197,2024-09-02 06:19:00,1
5040,3,24,2025-02-22 22:17:00,0
5041,4,49,2025-01-28 23:35:00,0
5043,4,1,2025-03-17 17:41:00,0
5045,5,7,2025-03-11 11:40:00,0
5047,1,52,2025-01-25 03:48:00,0
5050,2,328,2024-04-24 19:51:00,1
5051,1,277,2024-06-14 11:45:00,1
5052,1,324,2024-04-28 12:52:00,1
5053,4,60,2025-01-18 00:50:30,0
5054,3,191,2024-09-08 11:28:00,1
5055,4,90,2024-12-18 04:27:21,0
5057,1,350,2024-04-02 16:44:21,1
5059,1,292,2024-05-30 19:31:59,1
5061,1,328,2024-04-24 18:57:21,1
5064,3,81,2024-12-27 10:39:30,0
5065,2,102,2024-12-06 19:03:00,0
5066,3,40,2025-02-06 15:13:00,0
5073,1,234,2024-07-27 18:30:00,1
5074,3,83,2024-12-25 19:35:00,0
5077,5,66,2025-01-11 06:03:00,0
5084,3,213,2024-08-17 19:08:30,1
5088,3,32,2025-02-14 23:10:20,0
5089,5,72,2025-01-05 12:07:00,0
5100,5,48,2025-01-29 07:22:06,0
5102,2,135,2024-11-03 19:19:00,1
5103,1,239,2024-07-22 00:32:00,1
5104,2,144,2024-10-25 15:35:00,1
5105,3,74,2025-01-03 23:15:00,0
5107,3,83,2024-12-25 09:31:00,0
5108,3,239,2024-07-22 00:16:00,1
5109,5,49,2025-01-28 09:43:00,0
5111,2,7,2025-03-11 19:03:00,0
5112,1,51,2025-01-26 20:32:00,0
5116,5,9,2025-03-09 08:49:00,0
5120,7,143,2024-10-26 08:11:24,1
5122,2,154,2024-10-15 11:56:21,1
5123,5,155,2024-10-14 03:42:00,1
5124,1,10,2025-03-08 18:58:00,0
5126,2,85,2024-12-23 13:41:00,0
5130,2,11,2025-03-07 16:45:00,0
5132,2,69,2025-01-08 06:35:00,0
5135,2,52,2025-01-25 22:08:00,0
5138,4,100,2024-12-08 17:16:00,0
5144,4,16,2025-03-02 13:46:30,0
5148,1,290,2024-06-01 15:01:00,1
5153,4,96,2024-12-12 09:37:00,0
5155,2,240,2024-07-21 01:45:00,1
5157,3,28,2025-02-18 20:44:00,0
5158,3,77,2024-12-31 15:13:00,0
5159,4,166,2024-10-03 20:30:12,1
5160,3,179,2024-09-20 19:53:00,1
5162,3,49,2025-01-28 12:01:30,0
5165,5,33,2025-02-13 10:03:55,0
5169,2,17,2025-03-01 21:05:21,0
5170,1,9,2025-03-09 08:28:00,0
5172,7,43,2025-02-03 10:21:00,0
5174,3,150,2024-10-19 14:19:00,1
5176,6,26,2025-02-20 10:17:00,0
5178,2,33,2025-02-13 13:54:21,0
5179,3,184,2024-09-15 09:24:00,1
5180,3,93,2024-12-15 06:57:00,0
5194,3,147,2024-10-22 11:10:00,1
5196,2,37,2025-02-10 00:27:00,0
5198,1,18,2025-02-28 16:48:00,0
5199,1,221,2024-08-09 00:37:21,1
5200,1,67,2025-01-11 00:24:59,0
5203,3,75,2025-01-02 04:22:00,0
5204,2,81,2024-12-27 01:25:00,0
5208,3,55,2025-01-23 00:02:00,0
5210,4,30,2025-02-16 18:06:00,0
5213,2,16,2025-03-02 23:41:00,0
5219,2,164,2024-10-05 12:22:00,1
5223,7,10,2025-03-08 04:47:30,0
5224,4,141,2024-10-28 20:14:00,1
5231,5,6,2025-03-12 14:14:00,0
5234,5,229,2024-08-01 02:25:00,1
5236,6,66,2025-01-11 23:15:00,0
5237,1,346,2024-04-06 17:14:00,1
5238,5,82,2024-12-26 18:13:00,0
5239,1,205,2024-08-25 16:14:00,1
5243,5,0,2025-03-18 16:10:00,0
5250,1,234,2024-07-27 15:20:21,1
5254,1,103,2024-12-05 04:09:21,0
5255,5,74,2025-01-03 19:39:00,0
5256,1,99,2024-12-09 07:40:21,0
5257,1,38,2025-02-08 12:54:00,0
5258,2,76,2025-01-01 20:26:00,0
5260,4,25,2025-02-21 14:58:00,0
5261,3,23,2025-02-23 18:51:00,0
5262,4,260,2024-07-01 00:20:40,1
5268,2,151,2024-10-18 19:12:21,1
5273,2,94,2024-12-14 01:23:00,0
5274,4,196,2024-09-03 07:01:00,1
5276,2,297,2024-05-25 01:20:00,1
5278,6,8,2025-03-10 18:51:00,0
5280,2,122,2024-11-16 18:13:00,1
5281,3,97,2024-12-11 23:47:00,0
5282,4,211,2024-08-19 19:26:40,1
5284,2,72,2025-01-05 14:38:00,0
5288,2,239,2024-07-23 00:07:00,1
5289,3,81,2024-12-27 11:30:00,0
5291,7,100,2024-12-08 02:18:00,0
5293,1,123,2024-11-15 20:15:21,1
5295,6,105,2024-12-03 15:29:00,0
5296,4,114,2024-11-24 13:29:00,0
5300,2,4,2025-03-14 04:40:00,0
5302,3,0,2025-03-18 19:14:00,0
5304,3,129,2024-11-09 21:09:00,1
5307,2,95,2024-12-13 08:30:00,0
5308,3,251,2024-07-10 03:37:00,1
5309,3,153,2024-10-16 16:47:00,1
5311,4,104,2024-12-04 08:55:00,0
5312,6,73,2025-01-04 09:01:36,0
5313,2,107,2024-12-01 18:13:00,0
5317,2,25,2025-02-21 08:30:00,0
5325,3,187,2024-09-12 00:55:30,1
5328,4,81,2024-12-27 16:25:00,0
5330,3,72,2025-01-05 04:28:00,0
5334,1,331,2024-04-21 16:11:21,1
5336,2,7,2025-03-11 14:44:00,0
5337,5,74,2025-01-03 08:24:00,0
5339,2,28,2025-02-18 03:06:00,0
5341,3,109,2024-11-29 10:20:00,0
5344,2,69,2025-01-08 17:51:00,0
5346,2,270,2024-06-21 11:19:00,1
5349,2,285,2024-06-06 08:47:00,1
5350,8,57,2025-01-20 18:18:00,0
5351,1,237,2024-07-24 15:01:00,1
5352,2,252,2024-07-09 18:09:21,1
5354,2,12,2025-03-06 15:21:00,0
5367,1,336,2024-04-16 03:54:21,1
5368,5,125,2024-11-13 04:14:54,1
5369,3,160,2024-10-09 20:24:21,1
5375,4,174,2024-09-25 14:43:00,1
5376,3,28,2025-02-18 04:39:00,0
5378,3,76,2025-01-01 10:45:00,0
5381,2,46,2025-01-31 11:53:00,0
5382,4,123,2024-11-15 04:05:00,1
5385,3,35,2025-02-11 20:32:00,0
5386,2,77,2024-12-31 02:42:00,0
5391,3,114,2024-11-24 23:34:00,0
5393,5,15,2025-03-03 09:26:45,0
5402,4,0,2025-03-18 16:56:00,0
5403,3,89,2024-12-19 09:27:00,0
5406,1,287,2024-06-04 17:54:59,1
5408,3,41,2025-02-05 09:14:00,0
5409,3,157,2024-10-12 18:55:00,1
5412,5,99,2024-12-09 01:59:00,0
5414,4,60,2025-01-17 18:59:00,0
5416,2,128,2024-11-10 02:13:00,1
5417,3,4,2025-03-14 07:13:00,0
5422,7,30,2025-02-16 11:40:36,0
5423,3,21,2025-02-25 13:45:00,0
5424,4,24,2025-02-22 12:47:30,0
5427,6,13,2025-03-05 23:57:00,0
5430,5,50,2025-01-27 13:40:55,0
5433,1,79,2024-12-29 04:45:21,0
5434,6,31,2025-02-15 08:25:40,0
5435,2,76,2025-01-01 02:43:00,0
5436,3,111,2024-11-27 20:24:00,0
5438,3,13,2025-03-05 18:55:00,0
5442,3,2,2025-03-16 15:09:00,0
5444,2,89,2024-12-19 08:28:00,0
5446,3,215,2024-08-15 03:36:00,1
5448,2,67,2025-01-10 02:14:00,0
5449,2,58,2025-01-19 06:50:00,0
5450,1,316,2024-05-06 13:24:00,1
5451,2,217,2024-08-13 02:16:00,1
5453,2,86,2024-12-22 17:54:00,0
5455,1,104,2024-12-04 04:16:21,0
5456,9,22,2025-02-24 12:45:00,0
5460,2,172,2024-09-27 06:52:00,1
5463,5,23,2025-02-24 00:03:00,0
5465,4,130,2024-11-08 09:32:00,1
5466,3,58,2025-01-19 18:15:00,0
5467,2,37,2025-02-09 00:36:00,0
5468,2,215,2024-08-15 07:27:00,1
5473,4,33,2025-02-13 17:21:00,0
5475,1,9,2025-03-09 12:38:21,0
5477,3,94,2024-12-14 13:39:00,0
5478,1,173,2024-09-26 01:16:21,1
5479,1,36,2025-02-10 12:08:00,0
5482,1,248,2024-07-13 08:21:00,1
5483,1,293,2024-05-29 18:41:57,1
5484,2,40,2025-02-06 17:26:00,0
5485,3,101,2024-12-07 09:02:00,0
5488,4,2,2025-03-16 00:09:00,0
5490,1,55,2025-01-22 02:36:00,0
5491,2,76,2025-01-01 11:15:00,0
5492,3,18,2025-02-28 20:11:00,0
5495,6,58,2025-01-19 15:38:20,0
5496,3,127,2024-11-11 20:29:30,1
5499,3,9,2025-03-09 13:35:00,0
5500,2,288,2024-06-03 17:00:00,1
5503,8,40,2025-02-06 17:40:08,0
5505,5,83,2024-12-25 15:15:00,0
5507,1,101,2024-12-07 21:34:00,0
5510,1,111,2024-11-27 22:10:21,0
5511,4,64,2025-01-13 20:15:00,0
5514,1,77,2024-12-31 13:51:00,0
5518,1,334,2024-04-18 10:48:00,1
5519,3,88,2024-12-20 07:48:00,0
5526,1,21,2025-02-25 14:45:00,0
5527,5,73,2025-01-04 03:44:00,0
5528,3,204,2024-08-26 08:56:00,1
5529,2,95,2024-12-13 01:20:00,0
5532,1,232,2024-07-29 13:23:00,1
5533,5,91,2024-12-17 17:19:00,0
5537,6,28,2025-02-18 02:42:00,0
5538,4,102,2024-12-06 02:51:00,0
5541,6,12,2025-03-06 19:13:20,0
5542,2,213,2024-08-17 21:24:00,1
5544,3,139,2024-10-30 10:11:00,1
5546,3,52,2025-01-25 01:12:00,0
5549,3,105,2024-12-03 00:56:00,0
5550,7,32,2025-02-14 14:35:48,0
5552,1,264,2024-06-27 11:36:00,1
5553,2,4,2025-03-14 03:12:00,0
5568,4,91,2024-12-17 17:33:00,0
5569,1,90,2024-12-18 08:51:21,0
5575,2,156,2024-10-13 07:25:00,1
5577,3,131,2024-11-07 09:18:00,1
5578,5,11,2025-03-07 09:06:00,0
5582,5,2,2025-03-16 09:45:00,0
5584,3,27,2025-02-19 17:10:00,0
5587,1,355,2024-03-28 08:53:21,1
5589,1,109,2024-11-29 07:18:21,0
5592,4,119,2024-11-19 07:59:00,0
5596,3,247,2024-07-14 17:40:21,1
5598,4,0,2025-03-18 22:41:00,0
5600,3,133,2024-11-05 18:23:00,1
5601,4,24,2025-02-22 12:13:00,0
5607,4,55,2025-01-22 01:57:00,0
5609,2,52,2025-01-25 20:06:00,0
5614,5,58,2025-01-19 09:32:00,0
5616,1,265,2024-06-26 01:05:00,1
5618,6,13,2025-03-05 09:57:00,0
5627,3,76,2025-01-01 13:00:30,0
5628,1,31,2025-02-15 22:49:00,0
5629,3,15,2025-03-03 08:55:00,0
5633,1,287,2024-06-04 15:42:00,1
5641,2,106,2024-12-02 23:00:00,0
5642,4,80,2024-12-28 03:20:00,0
5643,4,11,2025-03-07 16:43:00,0
5644,3,85,2024-12-23 21:49:00,0
5648,4,6,2025-03-12 08:25:00,0
5651,2,11,2025-03-07 09:01:00,0
5654,5,76,2025-01-01 20:30:00,0
5655,4,78,2024-12-30 12:38:00,0
5656,3,78,2024-12-30 01:20:00,0
5657,6,148,2024-10-21 17:26:00,1
5658,1,248,2024-07-13 10:45:00,1
5660,2,34,2025-02-12 14:11:00,0
5663,1,183,2024-09-16 23:01:21,1
5664,1,164,2024-10-05 06:09:00,1
5665,1,110,2024-11-28 14:47:00,0
5666,3,21,2025-02-25 19:19:00,0
5671,6,4,2025-03-14 22:48:00,0
5674,1,291,2024-05-31 03:25:00,1
5675,2,239,2024-07-22 08:28:00,1
5678,1,2,2025-03-16 18:59:00,0
5679,3,102,2024-12-06 03:29:00,0
5680,3,130,2024-11-08 18:21:00,1
5681,4,56,2025-01-21 08:03:00,0
5684,3,43,2025-02-03 06:32:00,0
5686,6,105,2024-12-03 21:48:00,0
5691,5,7,2025-03-11 05:12:00,0
5692,3,233,2024-07-28 06:55:00,1
5693,1,54,2025-01-23 07:49:00,0
5701,1,159,2024-10-10 09:46:21,1
5704,8,8,2025-03-10 07:46:00,0
5707,4,84,2024-12-24 23:11:00,0
5711,1,69,2025-01-08 22:32:21,0
5717,2,205,2024-08-25 18:04:00,1
5718,1,258,2024-07-03 23:18:00,1
5721,1,192,2024-09-07 19:29:00,1
5722,6,76,2025-01-01 22:07:30,0
5726,4,59,2025-01-18 02:43:21,0
5730,2,84,2024-12-24 04:21:00,0
5731,7,137,2024-11-01 09:23:36,1
5732,1,162,2024-10-07 07:17:00,1
5734,5,190,2024-09-09 09:47:00,1
5735,5,108,2024-11-30 16:19:15,0
5736,3,85,2024-12-23 02:56:00,0
5737,3,23,2025-02-23 03:40:30,0
5738,4,41,2025-02-05 04:10:00,0
5739,1,99,2024-12-09 05:37:01,0
5740,1,289,2024-06-02 05:03:00,1
5741,5,163,2024-10-06 03:14:30,1
5744,4,68,2025-01-09 09:50:40,0
5746,3,58,2025-01-19 13:16:00,0
5747,3,12,2025-03-06 08:47:00,0
5749,3,2,2025-03-17 00:43:00,0
5750,7,88,2024-12-20 07:55:00,0
5756,2,160,2024-10-09 15:19:00,1
5762,4,143,2024-10-26 07:21:00,1
5763,4,186,2024-09-13 21:46:20,1
5764,1,86,2024-12-22 00:33:00,0
5769,1,16,2025-03-02 12:45:21,0
5770,3,202,2024-08-28 19:13:00,1
5772,5,56,2025-01-21 07:35:00,0
5774,7,57,2025-01-20 04:23:00,0
5775,4,171,2024-09-28 04:52:00,1
5776,2,8,2025-03-10 20:22:00,0
5777,3,190,2024-09-09 07:51:00,1
5781,2,199,2024-08-31 16:14:00,1
5782,7,14,2025-03-04 23:07:30,0
5783,4,38,2025-02-08 21:36:00,0
5784,1,291,2024-05-31 05:17:00,1
5785,2,134,2024-11-04 07:57:00,1
5788,4,94,2024-12-14 03:09:00,0
5791,3,290,2024-06-01 01:24:00,1
5792,6,30,2025-02-16 01:29:00,0
5795,4,100,2024-12-08 17:35:00,0
5796,6,54,2025-01-24 00:05:00,0
5797,6,1,2025-03-17 15:18:00,0
5798,7,2,2025-03-16 04:08:48,0
5803,3,269,2024-06-22 03:11:00,1
5804,1,60,2025-01-17 12:27:00,0
5806,2,35,2025-02-11 07:16:00,0
5808,3,59,2025-01-18 21:53:00,0
5812,4,116,2024-11-22 05:50:00,0
5813,3,1,2025-03-17 14:52:00,0
5815,3,134,2024-11-04 17:06:21,1
5818,3,62,2025-01-15 12:59:00,0
5820,1,347,2024-04-05 05:46:00,1
5822,2,51,2025-01-26 07:42:00,0
5826,2,179,2024-09-20 20:54:00,1
5827,2,54,2025-01-23 02:51:00,0
5831,1,117,2024-11-21 09:03:21,0
5832,5,66,2025-01-11 17:43:00,0
5834,2,67,2025-01-10 05:22:21,0
5837,2,231,2024-07-30 13:19:00,1
5839,4,72,2025-01-05 14:21:00,0
5845,3,43,2025-02-03 03:25:00,0
5846,5,20,2025-02-26 23:55:45,0
5847,1,49,2025-01-28 03:51:59,0
5848,2,67,2025-01-10 12:45:21,0
5851,3,129,2024-11-09 02:21:00,1
5853,4,18,2025-02-28 22:37:00,0
5854,5,13,2025-03-05 12:29:00,0
5855,4,11,2025-03-07 08:45:00,0
5857,2,343,2024-04-09 04:08:00,1
5859,1,343,2024-04-09 05:25:59,1
5860,2,145,2024-10-24 14:47:00,1
5861,3,4,2025-03-14 16:11:00,0
5862,4,115,2024-11-23 03:05:00,0
5867,3,74,2025-01-03 15:01:00,0
5869,5,198,2024-09-01 19:36:00,1
5872,4,208,2024-08-22 20:20:00,1
5875,2,242,2024-07-19 03:52:00,1
5877,5,4,2025-03-14 03:46:00,0
5887,3,74,2025-01-03 05:36:00,0
5889,4,6,2025-03-12 07:32:00,0
5891,4,7,2025-03-11 01:33:06,0
5892,9,65,2025-01-12 18:05:05,0
5894,2,77,2024-12-31 13:52:00,0
5895,6,34,2025-02-12 02:25:00,0
5897,2,51,2025-01-26 11:59:21,0
5898,1,299,2024-05-23 01:54:00,1
5899,6,25,2025-02-21 07:00:43,0
5903,5,48,2025-01-29 03:37:00,0
5907,5,2,2025-03-16 15:42:00,0
5909,2,9,2025-03-09 10:58:00,0
5912,4,31,2025-02-15 15:05:00,0
5913,2,50,2025-01-27 23:37:00,0
5920,3,84,2024-12-24 01:29:00,0
5922,4,112,2024-11-26 03:52:00,0
5926,2,273,2024-06-18 00:49:00,1
5929,1,357,2024-03-26 05:06:21,1
5932,3,137,2024-11-01 20:23:50,1
5934,2,153,2024-10-16 07:05:00,1
5935,5,87,2024-12-21 12:53:00,0
5939,1,188,2024-09-11 08:23:21,1
5940,3,126,2024-11-12 08:18:00,1
5942,2,132,2024-11-06 15:51:00,1
5943,2,63,2025-01-14 12:46:00,0
5945,3,28,2025-02-18 09:31:00,0
5946,1,96,2024-12-12 02:35:21,0
5949,4,5,2025-03-13 16:35:00,0
5950,3,91,2024-12-17 05:08:00,0
5951,3,38,2025-02-08 13:06:00,0
5954,6,6,2025-03-12 06:36:45,0
5956,3,118,2024-11-20 22:31:00,0
5957,2,236,2024-07-25 15:04:00,1
5958,3,35,2025-02-11 15:28:00,0
5960,4,108,2024-11-30 03:09:20,0
5962,3,76,2025-01-01 11:50:00,0
5963,3,70,2025-01-07 11:50:35,0
5967,6,42,2025-02-04 16:22:12,0
5968,2,61,2025-01-16 12:18:00,0
5969,1,92,2024-12-16 11:06:00,0
5970,2,251,2024-07-10 06:36:00,1
5972,5,177,2024-09-22 13:59:00,1
5973,1,317,2024-05-05 03:55:00,1
5974,2,45,2025-02-01 05:17:00,0
5975,1,111,2024-11-27 06:11:00,0
5977,1,265,2024-06-26 20:22:00,1
5978,3,23,2025-02-23 21:47:21,0
5986,4,150,2024-10-19 14:01:00,1
5987,3,56,2025-01-21 10:21:00,0
5988,4,28,2025-02-18 08:51:00,0
5990,3,225,2024-08-05 06:30:48,1
5993,2,82,2024-12-26 09:27:00,0
5995,3,161,2024-10-08 14:22:00,1
5996,6,71,2025-01-06 05:32:45,0
5998,5,26,2025-02-20 22:21:00,0
6000,4,69,2025-01-08 11:31:30,0
6007,3,7,2025-03-11 11:41:00,0
6010,2,106,2024-12-03 00:25:00,0
6013,2,232,2024-07-29 02:02:00,1
6023,9,6,2025-03-12 21:14:24,0
6024,4,141,2024-10-28 12:39:00,1
6027,2,26,2025-02-20 11:15:00,0
6031,1,259,2024-07-02 12:47:00,1
6040,1,146,2024-10-23 12:30:21,1
6045,3,103,2024-12-05 13:08:00,0
6047,1,63,2025-01-14 02:05:00,0
6052,5,56,2025-01-21 23:27:00,0
6053,4,66,2025-01-11 12:42:00,0
6056,2,180,2024-09-19 07:01:00,1
6057,2,64,2025-01-13 01:31:00,0
6059,1,310,2024-05-12 22:47:00,1
6061,7,27,2025-02-19 13:18:17,0
6062,2,239,2024-07-22 17:21:00,1
6064,2,93,2024-12-15 13:10:00,0
6067,3,83,2024-12-25 10:39:30,0
6068,1,269,2024-06-22 08:42:00,1
6069,5,106,2024-12-02 06:04:00,0
6070,1,58,2025-01-19 12:12:00,0
6071,1,31,2025-02-15 12:41:21,0
6075,2,52,2025-01-25 02:52:00,0
6076,4,78,2024-12-30 13:42:21,0
6077,4,17,2025-03-01 03:07:00,0
6079,5,32,2025-02-14 02:13:40,0
6081,4,95,2024-12-13 15:38:00,0
6082,4,23,2025-02-23 15:29:00,0
6083,3,24,2025-02-22 02:29:00,0
6085,3,17,2025-03-01 16:30:00,0
6086,2,25,2025-02-21 15:38:21,0
6088,5,66,2025-01-11 04:43:30,0
6090,2,13,2025-03-05 03:27:00,0
6092,3,112,2024-11-26 09:13:41,0
6094,4,18,2025-02-28 20:30:00,0
6095,1,156,2024-10-13 00:22:00,1
6096,2,234,2024-07-27 23:06:00,1
6098,2,26,2025-02-20 17:35:00,0
6101,5,7,2025-03-11 22:12:00,0
6102,1,70,2025-01-07 09:16:00,0
6108,4,107,2024-12-01 13:36:00,0
6109,1,309,2024-05-13 13:02:00,1
6111,2,113,2024-11-25 03:06:00,0
6118,1,168,2024-10-01 22:59:00,1
6119,6,17,2025-03-01 08:35:45,0
6120,4,100,2024-12-08 14:35:30,0
6124,5,121,2024-11-17 20:20:20,1
6125,6,78,2024-12-30 17:16:30,0
6127,9,54,2025-01-23 05:12:50,0
6129,5,41,2025-02-05 21:31:00,0
6130,1,229,2024-08-01 11:58:21,1
6131,7,11,2025-03-07 13:14:00,0
6133,1,334,2024-04-18 07:37:21,1
6134,5,178,2024-09-21 05:45:00,1
6137,2,208,2024-08-22 20:36:00,1
6138,4,128,2024-11-10 16:50:00,1
6139,6,58,2025-01-19 20:58:00,0
6140,4,53,2025-01-24 13:57:00,0
6142,1,355,2024-03-28 22:47:21,1
6146,3,35,2025-02-11 08:50:00,0
6147,4,61,2025-01-16 09:56:20,0
6148,3,84,2024-12-24 20:52:00,0
6150,2,0,2025-03-18 22:03:00,0
6151,6,-1,2025-03-19 07:21:00,0
6152,4,20,2025-02-26 20:46:45,0
6154,4,7,2025-03-11 02:34:00,0
6156,1,169,2024-09-30 12:08:00,1
6159,5,44,2025-02-02 23:43:00,0
6160,4,197,2024-09-02 20:51:00,1
6163,2,63,2025-01-14 22:53:00,0
6167,2,22,2025-02-24 16:31:00,0
6169,3,95,2024-12-13 01:19:00,0
6170,4,20,2025-02-26 04:36:00,0
6171,4,188,2024-09-11 17:36:00,1
6175,3,185,2024-09-14 13:26:21,1
6177,7,21,2025-02-25 21:13:10,0
6178,1,155,2024-10-14 14:26:00,1
6179,1,269,2024-06-22 18:06:00,1
6180,1,324,2024-04-28 16:54:00,1
6181,4,167,2024-10-02 22:23:40,1
6183,3,88,2024-12-20 08:25:30,0
6184,5,64,2025-01-14 00:05:00,0
6186,3,99,2024-12-09 22:44:00,0
6188,2,254,2024-07-07 10:51:00,1
6189,2,162,2024-10-07 21:17:00,1
6195,1,159,2024-10-10 23:19:00,1
6196,4,198,2024-09-01 13:16:00,1
6198,4,93,2024-12-15 02:07:00,0
6203,2,88,2024-12-20 04:57:00,0
6204,3,47,2025-01-30 03:44:00,0
6208,6,5,2025-03-13 07:20:00,0
6210,2,182,2024-09-18 00:19:21,1
6213,3,240,2024-07-21 08:37:00,1
6215,2,147,2024-10-22 00:51:00,1
6218,3,103,2024-12-05 11:42:00,0
6219,1,349,2024-04-03 22:21:21,1
6221,1,139,2024-10-30 23:08:00,1
6223,4,53,2025-01-24 08:42:30,0
6224,4,59,2025-01-18 05:10:00,0
6227,7,0,2025-03-18 10:04:24,0
6235,2,182,2024-09-17 15:13:00,1
6238,3,80,2024-12-28 03:34:00,0
6239,2,53,2025-01-24 12:48:00,0
6243,4,5,2025-03-13 11:34:00,0
6245,3,122,2024-11-16 18:05:00,1
6246,5,3,2025-03-15 22:07:20,0
6249,3,107,2024-12-01 01:52:21,0
6251,1,167,2024-10-02 03:35:00,1
6252,1,24,2025-02-22 23:21:00,0
6254,5,133,2024-11-05 03:39:00,1
6256,2,118,2024-11-20 19:50:00,0
6260,4,232,2024-07-29 10:27:00,1
6264,2,10,2025-03-08 05:14:00,0
6265,2,129,2024-11-09 16:20:00,1
6267,2,110,2024-11-28 13:36:00,0
6268,2,70,2025-01-07 05:22:00,0
6269,4,112,2024-11-26 16:11:00,0
6272,3,84,2024-12-24 15:36:00,0
6278,2,165,2024-10-04 18:09:00,1
6279,5,66,2025-01-11 23:51:52,0
6280,5,34,2025-02-12 09:25:00,0
6281,2,115,2024-11-23 20:02:21,0
6284,1,6,2025-03-12 03:25:00,0
6287,3,166,2024-10-03 13:27:00,1
6288,2,38,2025-02-08 04:37:00,0
6289,2,99,2024-12-09 10:32:00,0
6290,2,214,2024-08-16 15:31:21,1
6293,3,21,2025-02-25 01:32:00,0
6297,2,58,2025-01-19 06:24:00,0
6298,1,364,2024-03-19 04:08:21,1
6300,3,55,2025-01-22 21:26:00,0
6301,1,145,2024-10-24 12:45:21,1
6302,2,15,2025-03-03 20:33:00,0
6303,5,24,2025-02-23 00:31:53,0
6307,1,22,2025-02-24 18:57:00,0
6311,3,116,2024-11-22 18:52:00,0
6312,2,113,2024-11-25 06:29:00,0
6314,3,199,2024-08-31 14:10:21,1
6315,3,7,2025-03-11 09:59:00,0
6316,3,6,2025-03-12 13:05:00,0
6320,4,144,2024-10-25 05:34:30,1
6321,5,312,2024-05-10 02:59:00,1
6322,2,103,2024-12-05 10:10:00,0
6323,6,15,2025-03-03 01:36:12,0
6324,2,289,2024-06-02 07:30:00,1
6327,3,36,2025-02-10 17:06:00,0
6330,1,25,2025-02-21 10:25:00,0
6334,2,316,2024-05-06 11:30:40,1
6338,3,216,2024-08-14 08:01:00,1
6339,2,20,2025-02-26 16:29:00,0
6342,3,97,2024-12-11 22:32:00,0
6345,4,65,2025-01-12 17:48:30,0
6346,3,162,2024-10-07 18:39:00,1
6350,1,66,2025-01-12 00:26:00,0
6354,2,112,2024-11-26 11:07:00,0
6355,2,240,2024-07-21 04:55:00,1
6358,5,26,2025-02-20 21:40:00,0
6359,3,28,2025-02-18 17:11:40,0
6363,2,139,2024-10-30 01:39:00,1
6364,2,274,2024-06-17 06:40:00,1
6368,3,150,2024-10-19 10:50:00,1
6374,3,28,2025-02-18 21:58:00,0
6376,4,68,2025-01-09 11:26:00,0
6377,6,6,2025-03-12 06:51:00,0
6380,2,40,2025-02-06 14:58:00,0
6384,3,299,2024-05-23 09:45:00,1
6385,2,41,2025-02-05 06:42:21,0
6386,2,6,2025-03-12 05:33:16,0
6387,1,88,2024-12-20 11:23:00,0
6389,1,80,2024-12-28 14:37:21,0
6390,5,50,2025-01-27 23:09:00,0
6392,1,281,2024-06-10 04:42:21,1
6393,2,214,2024-08-16 01:11:00,1
6395,3,149,2024-10-20 00:35:00,1
6396,7,0,2025-03-18 13:27:00,0
6399,1,168,2024-10-01 18:39:00,1
6402,1,232,2024-07-29 05:32:21,1
6403,2,6,2025-03-12 10:36:00,0
6404,4,211,2024-08-19 16:29:20,1
6406,8,16,2025-03-02 19:02:00,0
6407,5,109,2024-11-29 08:36:55,0
6417,5,37,2025-02-09 22:10:00,0
6420,5,192,2024-09-07 20:01:00,1
6422,2,219,2024-08-11 04:51:00,1
6423,2,160,2024-10-09 20:27:00,1
6426,4,146,2024-10-23 14:46:00,1
6427,1,168,2024-10-01 03:17:00,1
6428,7,79,2024-12-29 01:18:00,0
6432,1,100,2024-12-08 21:42:00,0
6435,3,111,2024-11-27 15:56:00,0
6436,1,129,2024-11-09 10:54:59,1
6438,2,86,2024-12-22 06:17:00,0
6440,4,123,2024-11-15 05:13:00,1
6442,4,118,2024-11-20 05:11:10,0
6445,1,142,2024-10-27 22:46:21,1
6451,1,325,2024-04-27 23:28:21,1
6453,1,106,2024-12-02 23:11:21,0
6454,10,71,2025-01-06 09:51:37,0
6455,5,34,2025-02-12 07:30:00,0
6456,2,116,2024-11-22 18:30:00,0
6458,4,29,2025-02-17 00:43:00,0
6459,3,10,2025-03-08 14:17:30,0
6461,3,104,2024-12-04 06:49:30,0
6462,3,106,2024-12-02 06:00:00,0
6463,4,78,2024-12-30 09:04:20,0
6465,4,21,2025-02-25 03:19:20,0
6466,2,221,2024-08-09 19:15:00,1
6472,1,226,2024-08-04 19:10:39,1
6474,2,160,2024-10-09 01:38:00,1
6476,2,70,2025-01-07 05:35:00,0
6477,5,5,2025-03-13 19:57:00,0
6481,4,0,2025-03-18 23:20:20,0
6484,2,68,2025-01-09 17:08:00,0
6485,4,56,2025-01-21 08:36:00,0
6491,1,286,2024-06-05 07:16:00,1
6500,3,43,2025-02-03 07:52:00,0
6508,1,281,2024-06-10 16:26:21,1
6512,3,281,2024-06-10 21:29:30,1
6515,2,101,2024-12-07 13:18:00,0
6516,3,102,2024-12-06 03:42:00,0
6521,3,79,2024-12-29 13:57:00,0
6523,2,42,2025-02-04 01:11:00,0
6524,1,275,2024-06-16 07:23:00,1
6526,5,65,2025-01-12 15:29:40,0
6530,4,68,2025-01-09 16:39:00,0
6534,1,190,2024-09-09 12:18:00,1
6535,4,209,2024-08-21 09:39:00,1
6537,4,35,2025-02-11 05:02:00,0
6544,3,21,2025-02-25 22:03:00,0
6550,1,69,2025-01-08 15:40:21,0
6552,2,164,2024-10-05 00:56:21,1
6553,5,63,2025-01-14 06:19:00,0
6558,1,14,2025-03-04 04:11:00,0
6560,5,70,2025-01-07 05:53:45,0
6561,2,178,2024-09-21 05:57:00,1
6563,3,76,2025-01-01 02:38:00,0
6564,2,159,2024-10-10 15:53:00,1
6565,2,234,2024-07-27 16:12:00,1
6566,1,323,2024-04-29 23:44:21,1
6567,1,212,2024-08-18 13:43:21,1
6568,2,31,2025-02-15 16:49:00,0
6573,2,194,2024-09-05 19:21:00,1
6574,4,143,2024-10-26 07:52:00,1
6578,4,134,2024-11-04 12:58:30,1
6583,3,181,2024-09-18 06:52:00,1
6585,3,14,2025-03-04 03:47:00,0
6586,2,93,2024-12-15 13:34:00,0
6587,5,11,2025-03-07 07:22:00,0
6589,2,57,2025-01-20 22:22:00,0
6591,4,22,2025-02-24 22:26:00,0
6593,2,110,2024-11-28 17:04:00,0
6598,1,32,2025-02-14 00:33:00,0
6599,1,238,2024-07-23 08:48:00,1
6612,3,158,2024-10-11 08:13:00,1
6613,6,141,2024-10-28 11:38:00,1
6617,4,52,2025-01-25 04:28:00,0
6619,4,42,2025-02-04 18:13:00,0
6620,2,45,2025-02-01 20:45:00,0
6625,4,186,2024-09-14 00:12:00,1
6626,3,223,2024-08-07 16:09:00,1
6629,2,43,2025-02-03 06:09:00,0
6631,2,199,2024-08-31 05:40:00,1
6632,3,141,2024-10-28 09:49:00,1
6638,4,93,2024-12-15 00:38:00,0
6639,1,316,2024-05-06 03:33:21,1
6641,2,64,2025-01-13 17:08:00,0
6643,1,138,2024-10-31 16:29:00,1
6652,4,140,2024-10-29 04:13:00,1
6656,1,109,2024-11-29 14:45:00,0
6658,4,18,2025-02-28 00:37:00,0
6660,1,109,2024-11-29 03:28:21,0
6662,1,323,2024-04-29 20:29:00,1
6663,3,83,2024-12-25 01:48:00,0
6666,1,238,2024-07-23 17:18:11,1
6668,6,6,2025-03-12 01:02:00,0
6671,6,70,2025-01-07 19:34:00,0
6673,1,251,2024-07-10 16:33:00,1
6681,1,205,2024-08-25 08:53:21,1
6683,4,3,2025-03-15 20:15:30,0
6684,5,8,2025-03-10 11:54:00,0
6686,3,33,2025-02-13 20:56:30,0
6691,3,104,2024-12-04 02:05:00,0
6693,4,76,2025-01-01 20:42:40,0
6696,4,24,2025-02-22 18:47:00,0
6698,4,33,2025-02-13 15:27:00,0
6701,2,2,2025-03-16 18:17:00,0
6706,1,25,2025-02-21 13:33:00,0
6707,2,47,2025-01-30 17:41:00,0
6710,5,162,2024-10-07 16:29:00,1
6712,2,74,2025-01-03 16:38:00,0
6714,2,43,2025-02-03 16:10:00,0
6716,2,230,2024-07-31 18:35:00,1
6719,3,135,2024-11-03 10:31:30,1
6721,4,105,2024-12-03 18:37:00,0
6731,3,36,2025-02-10 20:31:00,0
6738,5,114,2024-11-24 20:54:00,0
6744,8,40,2025-02-06 03:28:16,0
6747,3,184,2024-09-15 20:33:30,1
6749,5,198,2024-09-01 05:55:00,1
6755,2,2,2025-03-16 23:38:00,0
6757,1,266,2024-06-25 22:18:00,1
6760,3,28,2025-02-18 22:16:00,0
6762,5,69,2025-01-08 01:13:00,0
6769,1,257,2024-07-04 02:20:21,1
6770,2,28,2025-02-18 16:47:00,0
6771,3,54,2025-01-23 03:39:00,0
6772,8,1,2025-03-17 13:55:00,0
6773,1,188,2024-09-11 04:42:00,1
6779,2,253,2024-07-08 19:40:00,1
6781,6,37,2025-02-09 05:14:00,0
6782,1,37,2025-02-10 00:51:21,0
6783,2,154,2024-10-15 02:38:00,1
6786,4,47,2025-01-30 10:46:20,0
6788,2,1,2025-03-17 19:02:00,0
6791,2,291,2024-05-31 10:45:00,1
6795,1,1,2025-03-17 18:56:21,0
6796,3,148,2024-10-22 00:15:00,1
6797,3,101,2024-12-07 11:26:30,0
6801,1,287,2024-06-04 07:35:00,1
6802,6,105,2024-12-03 04:49:15,0
6804,5,164,2024-10-05 07:33:00,1
6806,6,8,2025-03-10 14:13:00,0
6810,2,103,2024-12-05 14:03:00,0
6812,3,167,2024-10-02 00:19:00,1
6813,7,46,2025-01-31 12:16:00,0
6815,3,101,2024-12-07 23:30:00,0
6818,1,158,2024-10-11 16:06:00,1
6819,1,183,2024-09-16 15:36:00,1
6821,1,101,2024-12-07 14:11:00,0
6823,5,2,2025-03-16 11:58:00,0
6824,2,120,2024-11-18 12:35:00,0
6826,1,228,2024-08-02 08:29:00,1
6830,2,145,2024-10-24 18:24:21,1
6832,3,161,2024-10-08 21:16:00,1
6833,2,1,2025-03-17 15:43:21,0
6834,3,4,2025-03-14 23:31:00,0
6839,3,56,2025-01-21 01:34:00,0
6843,2,2,2025-03-16 23:20:00,0
6848,4,23,2025-02-23 01:18:00,0
6849,5,121,2024-11-17 15:08:45,1
6850,2,235,2024-07-26 10:51:00,1
6852,3,218,2024-08-12 06:11:00,1
6854,1,76,2025-01-01 03:57:00,0
6859,5,22,2025-02-24 21:37:00,0
6860,2,166,2024-10-03 05:45:00,1
6861,3,51,2025-01-26 23:18:00,0
6862,4,6,2025-03-12 15:01:10,0
6863,3,55,2025-01-22 21:20:00,0
6866,3,119,2024-11-19 21:02:00,0
6867,2,284,2024-06-07 05:31:21,1
6868,1,112,2024-11-26 16:34:21,0
6874,5,190,2024-09-09 12:52:00,1
6875,2,217,2024-08-13 22:06:00,1
6880,1,223,2024-08-07 18:43:00,1
6882,4,77,2024-12-31 00:40:00,0
6886,2,205,2024-08-25 18:34:00,1
6888,2,296,2024-05-26 07:17:21,1
6889,7,121,2024-11-17 10:09:20,1
6895,2,42,2025-02-04 02:32:00,0
6896,6,12,2025-03-06 00:51:00,0
6898,2,67,2025-01-10 10:55:00,0
6903,3,122,2024-11-16 13:11:00,1
6906,3,124,2024-11-15 00:26:10,1
6908,2,0,2025-03-18 15:17:00,0
6911,4,1,2025-03-17 11:34:30,0
6913,1,290,2024-06-01 22:06:00,1
6914,5,10,2025-03-08 02:12:00,0
6915,2,257,2024-07-04 03:29:00,1
6916,3,136,2024-11-02 04:29:00,1
6918,3,30,2025-02-16 23:14:00,0
6919,3,140,2024-10-29 23:14:00,1
6920,6,24,2025-02-22 18:14:00,0
6923,2,32,2025-02-14 09:13:00,0
6927,4,35,2025-02-11 19:33:00,0
6929,3,3,2025-03-15 11:30:00,0
6931,6,1,2025-03-17 08:56:45,0
6940,2,39,2025-02-07 23:20:00,0
6945,2,34,2025-02-12 22:41:00,0
6947,3,62,2025-01-15 23:15:00,0
6953,2,61,2025-01-16 17:06:00,0
6954,3,54,2025-01-23 17:08:21,0
6959,3,144,2024-10-25 15:59:00,1
6960,4,13,2025-03-05 07:42:00,0
6962,3,12,2025-03-06 10:30:30,0
6963,1,338,2024-04-14 11:37:00,1
6964,3,55,2025-01-22 07:02:00,0
6966,4,112,2024-11-26 16:57:00,0
6973,4,58,2025-01-19 15:44:00,0
6974,2,37,2025-02-09 13:40:00,0
6976,1,350,2024-04-02 21:38:21,1
6979,2,133,2024-11-05 09:18:00,1
6982,1,253,2024-07-08 18:23:00,1
6983,2,27,2025-02-19 06:20:45,0
6986,3,183,2024-09-16 19:56:30,1
6988,3,103,2024-12-05 20:08:00,0
6991,5,40,2025-02-06 01:40:00,0
6994,2,132,2024-11-06 13:05:00,1
6995,3,19,2025-02-27 11:25:00,0
6996,4,12,2025-03-06 03:50:30,0
6998,4,116,2024-11-22 08:51:00,0
7003,6,95,2024-12-13 09:43:00,0
7005,2,62,2025-01-15 12:11:00,0
7007,4,42,2025-02-04 13:23:30,0
7008,4,120,2024-11-18 12:58:30,0
7012,2,74,2025-01-03 09:30:00,0
7013,1,255,2024-07-06 19:36:00,1
7014,3,155,2024-10-14 12:25:00,1
7016,2,123,2024-11-15 19:22:00,1
7017,3,51,2025-01-26 15:53:00,0
7019,5,73,2025-01-04 10:58:00,0
7021,4,255,2024-07-06 00:38:00,1
7025,3,36,2025-02-10 07:56:00,0
7029,6,83,2024-12-25 00:39:00,0
7031,3,173,2024-09-26 14:07:00,1
7038,1,145,2024-10-24 23:52:00,1
7043,3,81,2024-12-27 17:06:30,0
7056,3,41,2025-02-05 04:38:54,0
7058,2,313,2024-05-09 17:51:21,1
7061,4,4,2025-03-14 14:34:00,0
7063,3,166,2024-10-03 20:33:00,1
7068,3,142,2024-10-27 16:28:15,1
7071,3,32,2025-02-14 02:22:00,0
7073,3,8,2025-03-10 05:46:00,0
7076,2,170,2024-09-29 23:04:00,1
7077,2,293,2024-05-29 04:51:00,1
7081,2,196,2024-09-03 05:20:21,1
7087,5,116,2024-11-22 09:48:00,0
7089,4,201,2024-08-29 06:37:00,1
7090,3,104,2024-12-04 19:32:00,0
7092,2,175,2024-09-24 09:04:00,1
7094,1,196,2024-09-03 23:30:00,1
7095,1,336,2024-04-16 14:23:21,1
7097,1,172,2024-09-27 07:13:21,1
7098,2,161,2024-10-08 18:59:21,1
7099,2,297,2024-05-25 14:24:00,1
7106,3,258,2024-07-03 11:18:00,1
7109,2,219,2024-08-11 04:13:00,1
7112,1,178,2024-09-21 23:09:21,1
7116,2,174,2024-09-25 13:42:21,1
7117,3,151,2024-10-18 18:42:00,1
7119,8,50,2025-01-27 09:15:00,0
7130,2,65,2025-01-12 19:34:00,0
7131,3,34,2025-02-12 02:17:00,0
7133,1,122,2024-11-16 03:56:00,1
7135,4,32,2025-02-14 06:15:00,0
7136,3,67,2025-01-10 20:29:00,0
7139,3,61,2025-01-16 07:59:21,0
7142,4,83,2024-12-25 02:30:00,0
7143,2,89,2024-12-19 01:57:21,0
7145,4,42,2025-02-04 00:55:00,0
7146,1,104,2024-12-04 17:32:00,0
7151,4,49,2025-01-28 16:26:00,0
7153,2,4,2025-03-14 23:16:00,0
7154,4,54,2025-01-23 04:10:00,0
7157,1,34,2025-02-12 23:20:21,0
7158,2,11,2025-03-07 09:54:41,0
7161,5,12,2025-03-06 02:40:00,0
7167,1,28,2025-02-18 08:27:41,0
7168,1,172,2024-09-27 12:22:21,1
7170,2,283,2024-06-08 02:28:00,1
7171,5,171,2024-09-28 02:44:00,1
7173,2,62,2025-01-15 20:44:00,0
7174,3,100,2024-12-08 00:53:00,0
7176,1,309,2024-05-13 15:24:00,1
7177,2,289,2024-06-02 12:39:00,1
7179,1,213,2024-08-17 08:31:00,1
7181,3,68,2025-01-09 18:41:00,0
7183,2,108,2024-11-30 19:53:00,0
7185,3,195,2024-09-04 12:05:00,1
7187,2,82,2024-12-26 11:05:00,0
7188,3,117,2024-11-21 05:38:00,0
7190,1,210,2024-08-20 15:53:21,1
7200,2,168,2024-10-01 23:32:21,1
7201,4,105,2024-12-03 11:10:00,0
7204,1,59,2025-01-18 12:12:00,0
7210,4,3,2025-03-15 08:45:00,0
7211,5,81,2024-12-27 03:02:00,0
7222,3,74,2025-01-04 00:20:00,0
7225,5,40,2025-02-06 20:33:00,0
7226,2,235,2024-07-26 15:55:59,1
7228,4,97,2024-12-11 14:01:00,0
7229,6,123,2024-11-15 03:51:12,1
7231,4,195,2024-09-04 15:36:00,1
7236,2,2,2025-03-16 23:21:00,0
7237,2,174,2024-09-25 12:05:00,1
7242,6,5,2025-03-13 03:29:20,0
7243,3,95,2024-12-13 16:46:00,0
7244,5,47,2025-01-30 09:42:00,0
7245,2,47,2025-01-30 06:21:00,0
7246,4,60,2025-01-17 12:32:00,0
7250,2,68,2025-01-09 23:31:00,0
7252,1,263,2024-06-28 11:10:21,1
7254,1,275,2024-06-16 05:41:21,1
7255,2,162,2024-10-07 14:20:00,1
7258,2,133,2024-11-05 23:06:00,1
7259,4,16,2025-03-02 19:38:00,0
7261,2,167,2024-10-02 13:33:00,1
7262,4,36,2025-02-10 10:29:00,0
7265,3,12,2025-03-06 04:25:00,0
7266,6,59,2025-01-18 13:51:20,0
7275,3,22,2025-02-24 20:42:00,0
7276,3,231,2024-07-30 09:23:30,1
7278,5,103,2024-12-05 04:56:45,0
7282,5,193,2024-09-06 11:40:00,1
7286,1,274,2024-06-17 12:40:00,1
7288,1,139,2024-10-30 16:31:21,1
7289,1,117,2024-11-21 09:39:21,0
7290,2,141,2024-10-28 14:15:00,1
7291,6,31,2025-02-15 22:38:20,0
7293,6,32,2025-02-14 07:00:00,0
7294,2,260,2024-07-01 05:07:00,1
7296,2,5,2025-03-13 06:09:21,0
7301,3,40,2025-02-06 22:47:00,0
7304,1,207,2024-08-23 08:49:21,1
7305,2,250,2024-07-11 02:33:00,1
7308,1,258,2024-07-03 22:43:00,1
7310,2,89,2024-12-19 21:54:00,0
7312,2,60,2025-01-17 15:23:00,0
7313,4,97,2024-12-11 21:09:20,0
7314,3,89,2024-12-19 07:02:30,0
7315,3,107,2024-12-01 06:00:00,0
7317,4,15,2025-03-03 20:42:00,0
7320,6,66,2025-01-11 08:44:00,0
7327,3,131,2024-11-07 16:20:30,1
7328,2,0,2025-03-18 09:51:00,0
7329,7,12,2025-03-06 12:07:00,0
7330,3,85,2024-12-23 22:27:00,0
7332,1,248,2024-07-13 02:08:21,1
7334,1,355,2024-03-28 20:16:00,1
7339,7,85,2024-12-23 13:51:40,0
7340,3,126,2024-11-12 14:58:00,1
7344,3,91,2024-12-17 19:20:00,0
7350,3,28,2025-02-18 12:15:00,0
7354,5,31,2025-02-15 22:26:00,0
7355,4,5,2025-03-13 14:15:00,0
7356,1,267,2024-06-24 19:30:21,1
7359,3,85,2024-12-23 07:58:00,0
7362,3,291,2024-05-31 20:23:00,1
7363,1,241,2024-07-20 16:42:00,1
7365,2,36,2025-02-10 03:24:00,0
7366,6,87,2024-12-21 14:31:00,0
7368,2,193,2024-09-06 02:27:00,1
7369,1,263,2024-06-28 15:38:21,1
7371,1,136,2024-11-02 06:52:21,1
7372,2,123,2024-11-15 08:31:00,1
7375,5,41,2025-02-05 19:02:00,0
7376,2,90,2024-12-18 08:06:00,0
7377,3,35,2025-02-11 15:25:00,0
7379,3,71,2025-01-06 10:37:00,0
7380,3,147,2024-10-22 05:46:00,1
7381,1,300,2024-05-22 09:51:21,1
7382,3,47,2025-01-30 16:14:00,0
7384,3,58,2025-01-19 19:58:00,0
7386,3,18,2025-02-28 16:26:00,0
7388,1,222,2024-08-08 23:28:00,1
7391,1,273,2024-06-18 06:29:21,1
7392,6,8,2025-03-10 21:13:00,0
7393,3,141,2024-10-28 22:44:00,1
7399,5,136,2024-11-02 10:44:00,1
7401,1,364,2024-03-19 05:17:00,1
7404,2,290,2024-06-01 22:42:00,1
7405,1,337,2024-04-15 22:40:21,1
7406,1,53,2025-01-24 07:40:00,0
7411,4,92,2024-12-16 14:35:40,0
7413,2,175,2024-09-24 20:19:00,1
7414,6,45,2025-02-01 10:11:00,0
7415,6,77,2024-12-31 12:28:00,0
7418,2,25,2025-02-21 09:09:00,0
7419,4,114,2024-11-24 21:47:00,0
7420,1,176,2024-09-23 07:46:21,1
7421,3,13,2025-03-05 01:43:00,0
7422,4,85,2024-12-23 08:58:00,0
7423,4,34,2025-02-12 13:08:00,0
7427,3,37,2025-02-09 15:42:00,0
7435,4,13,2025-03-05 23:53:00,0
7437,2,12,2025-03-06 17:27:00,0
7438,2,113,2024-11-25 05:50:00,0
7446,1,268,2024-06-23 05:16:21,1
7448,1,17,2025-03-01 15:24:21,0
7450,4,126,2024-11-12 23:45:30,1
7451,3,150,2024-10-19 12:09:00,1
7452,2,295,2024-05-27 06:55:00,1
7453,2,11,2025-03-07 19:10:00,0
7455,2,4,2025-03-14 23:30:00,0
7456,3,94,2024-12-14 07:04:00,0
7457,3,3,2025-03-15 12:11:30,0
7461,3,104,2024-12-04 22:36:00,0
7462,1,102,2024-12-06 10:22:00,0
7466,3,328,2024-04-24 22:34:00,1
7467,2,49,2025-01-28 06:39:00,0
7470,1,299,2024-05-23 10:15:00,1
7473,3,157,2024-10-12 20:05:00,1
7476,2,175,2024-09-24 23:35:00,1
7477,3,35,2025-02-11 13:31:00,0
7482,2,99,2024-12-09 08:32:21,0
7490,4,61,2025-01-16 02:48:00,0
7495,4,12,2025-03-06 18:01:40,0
7496,1,286,2024-06-05 09:49:21,1
7497,2,149,2024-10-20 07:46:00,1
7499,2,113,2024-11-25 05:43:00,0
7502,4,259,2024-07-02 07:25:00,1
7508,1,266,2024-06-25 23:33:21,1
7509,5,27,2025-02-19 01:49:00,0
7510,2,39,2025-02-07 06:22:00,0
7511,2,200,2024-08-30 02:48:00,1
7512,2,3,2025-03-15 04:44:00,0
7514,2,108,2024-11-30 14:58:51,0
7529,2,113,2024-11-25 04:08:00,0
7531,2,256,2024-07-05 04:47:00,1
7532,1,180,2024-09-19 09:47:21,1
7534,7,80,2024-12-28 08:09:20,0
7540,2,119,2024-11-19 07:11:00,0
7542,1,281,2024-06-10 10:12:21,1
7543,2,109,2024-11-29 02:06:00,0
7544,3,164,2024-10-05 14:16:00,1
7547,3,106,2024-12-02 14:09:00,0
7549,3,49,2025-01-28 23:56:00,0
7551,3,235,2024-07-26 03:48:00,1
7555,1,185,2024-09-14 04:23:00,1
7558,5,7,2025-03-11 08:29:40,0
7564,2,233,2024-07-28 09:58:00,1
7567,4,171,2024-09-28 11:26:00,1
7568,3,126,2024-11-12 11:08:00,1
7569,4,0,2025-03-18 23:08:00,0
7570,3,18,2025-02-28 16:40:00,0
7571,2,63,2025-01-14 03:27:00,0
7572,3,101,2024-12-07 03:09:00,0
7574,4,84,2024-12-24 09:44:00,0
7575,1,240,2024-07-21 22:55:00,1
7579,4,88,2024-12-20 06:38:30,0
7580,1,51,2025-01-26 17:45:00,0
7581,2,55,2025-01-22 20:46:00,0
7582,2,115,2024-11-23 16:27:00,0
7584,2,130,2024-11-08 04:21:00,1
7588,1,97,2024-12-11 08:07:00,0
7591,5,137,2024-11-01 07:10:00,1
7595,4,44,2025-02-02 20:59:00,0
7598,5,60,2025-01-17 01:58:00,0
7600,5,0,2025-03-18 21:41:00,0
7602,3,150,2024-10-19 07:12:30,1
7603,3,8,2025-03-10 08:02:00,0
7605,1,71,2025-01-06 18:38:21,0
7609,2,155,2024-10-14 16:12:00,1
7610,2,232,2024-07-29 15:38:00,1
7618,2,153,2024-10-16 07:58:00,1
7620,4,43,2025-02-03 17:34:00,0
7622,2,255,2024-07-06 15:48:21,1
7623,4,32,2025-02-14 14:57:00,0
7626,4,73,2025-01-04 08:15:50,0
7627,1,286,2024-06-05 21:24:00,1
7628,1,55,2025-01-22 20:32:21,0
7629,3,184,2024-09-15 21:10:00,1
7632,6,90,2024-12-18 04:13:00,0
7633,3,47,2025-01-30 18:21:30,0
7634,3,181,2024-09-18 16:50:30,1
7635,3,50,2025-01-27 13:27:00,0
7637,2,125,2024-11-13 06:13:21,1
7638,2,140,2024-10-29 22:36:00,1
7647,6,0,2025-03-18 20:33:00,0
7649,6,56,2025-01-21 06:03:00,0
7650,4,98,2024-12-10 03:14:21,0
7651,2,179,2024-09-20 18:06:31,1
7653,4,73,2025-01-04 12:40:00,0
7654,3,16,2025-03-02 23:10:00,0
7663,1,243,2024-07-18 11:08:21,1
7667,1,136,2024-11-02 09:47:00,1
7672,1,253,2024-07-08 16:34:00,1
7675,2,98,2024-12-10 19:18:00,0
7678,10,14,2025-03-04 02:37:00,0
7679,2,45,2025-02-01 18:19:00,0
7680,2,206,2024-08-24 19:38:00,1
7681,4,17,2025-03-01 10:06:00,0
7685,2,142,2024-10-27 06:33:00,1
7696,5,68,2025-01-09 17:32:30,0
7697,4,38,2025-02-08 23:57:00,0
7699,1,302,2024-05-20 04:03:21,1
7704,2,112,2024-11-26 18:51:00,0
7705,2,137,2024-11-01 05:08:00,1
7707,3,56,2025-01-21 10:06:30,0
7709,3,221,2024-08-09 03:14:00,1
7713,3,167,2024-10-02 17:16:45,1
7714,2,29,2025-02-17 09:46:00,0
7716,3,5,2025-03-13 22:07:00,0
7717,2,37,2025-02-09 05:23:00,0
7718,5,65,2025-01-12 20:22:00,0
7721,7,9,2025-03-09 22:16:00,0
7723,1,158,2024-10-11 13:27:21,1
7724,7,12,2025-03-06 19:28:00,0
7725,5,32,2025-02-14 20:53:00,0
7726,2,100,2024-12-08 05:24:00,0
7727,2,104,2024-12-04 16:41:00,0
7729,4,57,2025-01-20 01:29:00,0
7730,2,68,2025-01-09 11:25:00,0
7731,3,61,2025-01-16 17:09:00,0
7732,2,86,2024-12-22 07:25:00,0
7734,6,23,2025-02-23 00:49:00,0
7740,2,24,2025-02-22 02:34:00,0
7742,3,109,2024-11-29 08:03:00,0
7743,1,228,2024-08-02 23:35:59,1
7746,1,146,2024-10-23 17:02:00,1
7747,4,8,2025-03-10 07:54:00,0
7748,1,56,2025-01-21 22:03:00,0
7750,5,82,2024-12-26 22:14:00,0
7753,1,257,2024-07-04 03:56:21,1
7754,2,288,2024-06-03 22:34:00,1
7757,1,86,2024-12-22 13:25:00,0
7758,3,96,2024-12-12 12:53:30,0
7764,1,288,2024-06-03 12:27:21,1
7765,8,2,2025-03-16 07:09:30,0
7767,3,78,2024-12-30 10:46:00,0
7769,3,92,2024-12-16 12:31:00,0
7772,1,288,2024-06-03 14:24:00,1
7774,2,26,2025-02-20 20:57:00,0
7775,2,169,2024-09-30 13:52:21,1
7776,2,47,2025-01-30 21:41:21,0
7778,2,7,2025-03-11 16:03:00,0
7779,3,45,2025-02-01 19:45:00,0
7785,6,20,2025-02-26 12:04:00,0
7788,4,174,2024-09-25 20:30:00,1
7792,3,60,2025-01-17 13:59:00,0
7795,1,45,2025-02-01 09:16:00,0
7796,3,198,2024-09-01 20:23:00,1
7798,2,286,2024-06-06 00:01:00,1
7799,4,164,2024-10-05 18:25:30,1
7801,2,286,2024-06-05 02:04:00,1
7802,2,264,2024-06-27 19:31:00,1
7804,2,244,2024-07-17 06:06:00,1
7809,3,123,2024-11-15 08:58:00,1
7810,3,97,2024-12-11 11:14:00,0
7812,2,273,2024-06-18 10:09:00,1
7815,3,242,2024-07-19 01:01:00,1
7817,2,15,2025-03-03 00:17:00,0
7818,6,59,2025-01-18 13:12:00,0
7819,5,79,2024-12-29 09:59:20,0
7824,6,10,2025-03-08 17:21:00,0
7830,6,195,2024-09-04 09:49:00,1
7834,5,101,2024-12-07 09:12:00,0
7835,3,121,2024-11-17 17:48:00,1
7836,5,19,2025-02-27 07:44:00,0
7837,2,95,2024-12-13 02:02:00,0
7843,4,190,2024-09-09 11:32:00,1
7846,3,96,2024-12-12 01:28:00,0
7849,5,136,2024-11-02 00:52:00,1
7850,3,99,2024-12-09 13:27:00,0
7852,3,137,2024-11-01 02:07:00,1
7854,6,11,2025-03-07 02:41:00,0
7857,2,36,2025-02-10 04:41:00,0
7859,3,170,2024-09-29 05:33:00,1
7860,4,79,2024-12-29 10:40:00,0
7863,4,13,2025-03-05 10:49:00,0
7864,5,61,2025-01-16 01:51:00,0
7865,1,55,2025-01-22 06:26:21,0
7867,5,153,2024-10-16 11:30:00,1
7869,6,0,2025-03-18 10:54:30,0
7872,4,179,2024-09-20 16:35:00,1
7873,4,35,2025-02-11 18:31:30,0
7874,1,73,2025-01-04 08:34:21,0
7878,4,37,2025-02-09 03:35:00,0
7883,2,120,2024-11-18 16:44:00,0
7888,2,79,2024-12-29 14:52:00,0
7889,4,1,2025-03-17 13:09:00,0
7890,3,147,2024-10-22 07:58:00,1
7893,2,135,2024-11-03 11:50:00,1
7896,3,34,2025-02-12 21:23:21,0
7897,2,261,2024-06-30 07:51:00,1
7901,2,159,2024-10-10 23:03:00,1
7902,2,186,2024-09-13 00:59:00,1
7903,4,215,2024-08-15 06:51:00,1
7907,5,4,2025-03-14 12:53:00,0
7912,5,26,2025-02-20 07:30:00,0
7913,1,169,2024-09-30 23:19:21,1
7919,1,263,2024-06-28 23:59:21,1
7920,2,199,2024-08-31 16:03:00,1
7924,2,81,2024-12-27 08:19:00,0
7926,4,16,2025-03-02 19:39:00,0
7928,4,26,2025-02-20 01:42:00,0
7930,1,300,2024-05-22 08:26:21,1
7931,4,38,2025-02-08 13:39:20,0
7934,1,169,2024-09-30 16:08:45,1
7935,2,101,2024-12-07 01:54:00,0
7936,3,27,2025-02-19 23:37:30,0
7937,3,304,2024-05-18 05:17:00,1
7939,2,76,2025-01-01 10:50:00,0
7940,4,2,2025-03-16 22:01:00,0
7942,2,24,2025-02-22 02:58:00,0
7947,1,288,2024-06-03 09:54:21,1
7948,4,162,2024-10-07 08:41:40,1
7949,2,9,2025-03-09 13:35:21,0
7950,2,281,2024-06-10 04:57:00,1
7954,2,117,2024-11-21 06:24:00,0
7955,4,26,2025-02-20 13:38:00,0
7957,2,221,2024-08-09 20:56:21,1
7964,4,25,2025-02-21 02:48:00,0
7965,1,331,2024-04-21 22:06:21,1
7966,4,2,2025-03-16 14:34:00,0
7969,2,109,2024-11-29 19:51:00,0
7972,3,3,2025-03-15 07:38:00,0
7974,4,168,2024-10-01 21:35:20,1
7975,4,33,2025-02-13 21:35:00,0
7976,2,79,2024-12-29 07:43:00,0
7978,3,86,2024-12-22 12:59:00,0
7980,2,43,2025-02-03 21:56:00,0
7981,5,26,2025-02-20 00:09:00,0
7982,3,10,2025-03-08 02:47:00,0
7986,3,12,2025-03-06 11:09:00,0
7987,5,94,2024-12-14 13:45:00,0
7994,4,129,2024-11-09 06:03:00,1
7995,4,168,2024-10-01 16:52:00,1
7997,3,83,2024-12-25 23:59:00,0
7998,2,161,2024-10-08 17:41:00,1
8000,6,86,2024-12-22 05:32:00,0
8001,4,242,2024-07-19 04:35:00,1
8002,3,74,2025-01-03 08:36:00,0
8004,3,63,2025-01-14 15:20:00,0
8008,1,104,2024-12-04 05:45:21,0
8009,3,6,2025-03-12 07:14:00,0
8010,2,126,2024-11-12 21:03:00,1
8012,5,31,2025-02-15 16:17:00,0
8014,2,86,2024-12-22 05:22:00,0
8015,3,29,2025-02-17 08:52:30,0
8019,2,1,2025-03-17 13:22:00,0
8021,4,16,2025-03-02 23:29:00,0
8022,3,191,2024-09-08 14:05:00,1
8024,4,52,2025-01-25 21:49:00,0
8025,1,50,2025-01-27 12:51:21,0
8027,4,248,2024-07-13 17:08:00,1
8029,3,41,2025-02-05 12:17:00,0
8030,2,82,2024-12-27 00:06:21,0
8031,5,42,2025-02-04 11:52:00,0
8032,1,337,2024-04-15 10:07:00,1
8035,3,86,2024-12-22 14:50:00,0
8037,1,122,2024-11-16 09:01:00,1
8042,6,70,2025-01-07 21:46:00,0
8043,3,127,2024-11-11 10:48:00,1
8044,1,286,2024-06-05 12:28:00,1
8046,5,88,2024-12-20 16:22:00,0
8049,2,285,2024-06-06 15:02:21,1
8050,5,87,2024-12-21 14:45:30,0
8052,7,78,2024-12-30 19:02:00,0
8053,2,5,2025-03-13 23:23:00,0
8054,1,328,2024-04-24 01:37:00,1
8055,5,181,2024-09-18 13:01:40,1
8056,2,13,2025-03-05 11:46:00,0
8058,4,73,2025-01-04 09:16:30,0
8060,5,10,2025-03-08 22:09:00,0
8062,1,192,2024-09-07 08:18:21,1
8064,3,50,2025-01-27 08:21:00,0
8067,2,142,2024-10-27 04:34:00,1
8068,2,142,2024-10-27 02:16:00,1
8074,2,224,2024-08-06 12:27:00,1
8075,3,164,2024-10-05 04:50:00,1
8077,1,307,2024-05-15 22:53:21,1
8078,3,11,2025-03-07 01:33:00,0
8079,2,73,2025-01-04 10:34:00,0
8081,4,161,2024-10-08 00:50:00,1
8085,1,199,2024-08-31 02:04:00,1
8086,6,173,2024-09-26 05:27:20,1
8087,1,180,2024-09-19 16:35:21,1
8088,1,247,2024-07-14 19:43:00,1
8091,2,247,2024-07-14 16:20:21,1
8097,3,45,2025-02-01 17:18:00,0
8099,3,227,2024-08-03 21:01:00,1
8102,3,255,2024-07-06 21:11:51,1
8103,3,64,2025-01-13 19:52:00,0
8104,3,26,2025-02-20 04:45:00,0
8111,1,16,2025-03-02 06:26:00,0
8114,5,31,2025-02-15 13:22:00,0
8120,1,340,2024-04-12 13:41:00,1
8125,3,17,2025-03-01 10:29:00,0
8128,2,29,2025-02-17 21:44:00,0
8129,2,70,2025-01-07 09:47:00,0
8135,3,41,2025-02-05 11:36:00,0
8137,2,9,2025-03-09 04:02:00,0
8140,1,108,2024-11-30 04:49:00,0
8145,2,10,2025-03-08 10:59:00,0
8146,2,109,2024-11-29 20:53:00,0
8151,4,32,2025-02-14 06:04:00,0
8152,1,206,2024-08-24 21:55:21,1
8154,3,46,2025-01-31 01:58:00,0
8155,2,176,2024-09-23 15:24:00,1
8158,5,8,2025-03-10 01:58:00,0
8160,2,126,2024-11-12 21:34:00,1
8161,4,35,2025-02-11 13:31:20,0
8166,2,183,2024-09-16 02:12:00,1
8167,2,6,2025-03-12 14:55:00,0
8168,3,126,2024-11-12 12:14:00,1
8172,2,151,2024-10-18 05:23:00,1
8174,3,17,2025-03-01 18:54:00,0
8176,5,87,2024-12-21 18:11:00,0
8177,1,146,2024-10-23 08:44:00,1
8178,4,25,2025-02-21 22:09:40,0
8179,2,49,2025-01-28 05:44:00,0
8182,2,208,2024-08-22 05:55:00,1
8187,2,155,2024-10-14 11:47:00,1
8196,6,59,2025-01-18 03:46:48,0
8197,5,12,2025-03-06 23:20:00,0
8198,1,298,2024-05-24 03:19:21,1
8199,5,56,2025-01-21 07:06:00,0
8201,3,74,2025-01-03 23:21:00,0
8204,1,275,2024-06-16 08:34:21,1
8205,3,207,2024-08-23 20:53:00,1
8206,3,27,2025-02-19 19:13:00,0
8210,4,37,2025-02-09 04:08:40,0
8212,3,283,2024-06-08 06:16:00,1
8215,5,169,2024-09-30 00:55:40,1
8218,3,64,2025-01-13 10:54:00,0
8222,3,28,2025-02-19 00:02:00,0
8223,3,12,2025-03-06 08:16:30,0
8226,3,112,2024-11-26 22:37:00,0
8227,1,187,2024-09-12 14:56:21,1
8228,2,100,2024-12-08 22:39:00,0
8232,3,55,2025-01-22 21:06:00,0
8235,2,76,2025-01-01 17:21:00,0
8238,1,101,2024-12-07 04:28:21,0
8239,1,120,2024-11-18 19:05:00,0
8240,5,3,2025-03-15 12:11:00,0
8241,3,48,2025-01-29 06:05:00,0
8243,4,12,2025-03-06 11:05:00,0
8244,5,66,2025-01-11 12:20:00,0
8246,3,44,2025-02-02 08:26:00,0
8248,4,227,2024-08-03 22:47:30,1
8249,2,22,2025-02-24 22:06:00,0
8253,3,93,2024-12-15 00:38:00,0
8254,2,256,2024-07-05 07:25:00,1
8256,2,196,2024-09-03 20:56:21,1
8257,1,269,2024-06-22 11:16:00,1
8260,6,46,2025-01-31 07:57:00,0
8261,2,93,2024-12-15 16:10:00,0
8263,2,108,2024-11-30 02:34:00,0
8265,1,136,2024-11-02 18:09:00,1
8266,4,82,2024-12-26 03:50:00,0
8269,4,94,2024-12-14 15:26:30,0
8270,4,214,2024-08-16 16:30:00,1
8272,3,61,2025-01-16 19:46:30,0
8273,5,105,2024-12-03 15:23:15,0
8274,3,57,2025-01-20 09:23:30,0
8275,3,91,2024-12-17 15:39:00,0
8279,3,121,2024-11-17 20:56:00,1
8280,1,65,2025-01-12 00:20:00,0
8281,2,43,2025-02-03 01:58:00,0
8283,1,276,2024-06-15 11:51:00,1
8285,1,305,2024-05-17 17:44:00,1
8286,5,5,2025-03-13 07:50:00,0
8287,6,51,2025-01-26 20:24:00,0
8289,5,85,2024-12-23 14:24:00,0
8291,3,12,2025-03-06 03:32:00,0
8292,4,4,2025-03-14 10:02:40,0
8293,3,327,2024-04-25 13:37:21,1
8296,2,70,2025-01-07 12:55:00,0
8297,5,6,2025-03-12 13:17:00,0
8299,4,6,2025-03-12 08:45:21,0
8301,2,100,2024-12-08 18:32:00,0
8303,4,120,2024-11-18 04:26:00,0
8304,4,1,2025-03-17 05:26:00,0
8309,4,61,2025-01-16 03:15:00,0
8310,5,62,2025-01-15 11:36:45,0
8311,3,252,2024-07-09 17:47:00,1
8313,2,230,2024-07-31 06:38:00,1
8314,2,30,2025-02-16 21:23:00,0
8315,3,5,2025-03-13 14:18:00,0
8317,4,24,2025-02-22 05:40:00,0
8323,3,72,2025-01-05 07:21:00,0
8324,3,35,2025-02-11 22:23:00,0
8326,2,146,2024-10-23 21:28:00,1
8327,7,96,2024-12-12 22:31:20,0
8328,4,148,2024-10-21 20:41:00,1
8330,2,233,2024-07-28 05:08:00,1
8335,2,76,2025-01-01 23:23:00,0
8338,2,331,2024-04-21 18:50:00,1
8339,2,7,2025-03-11 20:30:00,0
8340,1,82,2024-12-26 06:37:00,0
8343,3,59,2025-01-18 19:48:30,0
8344,2,15,2025-03-03 03:57:00,0
8347,1,102,2024-12-06 03:02:00,0
8351,1,104,2024-12-04 02:02:21,0
8353,1,148,2024-10-21 21:18:00,1
8354,2,182,2024-09-17 17:17:00,1
8355,1,127,2024-11-11 00:48:21,1
8356,4,99,2024-12-09 06:44:00,0
8357,4,1,2025-03-17 07:07:30,0
8358,5,48,2025-01-29 05:41:00,0
8360,1,304,2024-05-18 03:55:21,1
8362,1,139,2024-10-30 12:50:00,1
8363,1,27,2025-02-20 00:10:21,0
8365,7,18,2025-02-28 08:14:00,0
8366,4,2,2025-03-16 22:11:00,0
8368,6,17,2025-03-01 12:06:15,0
8369,2,218,2024-08-12 10:56:00,1
8371,2,46,2025-01-31 05:23:21,0
8377,4,65,2025-01-12 18:08:00,0
8378,1,215,2024-08-15 20:46:21,1
8383,3,7,2025-03-11 17:47:00,0
8384,4,101,2024-12-07 03:39:00,0
8385,1,224,2024-08-06 18:41:00,1
8386,4,3,2025-03-15 01:46:00,0
8387,5,24,2025-02-22 07:12:00,0
8389,5,84,2024-12-24 20:38:48,0
8396,3,96,2024-12-12 12:09:00,0
8397,3,102,2024-12-06 01:49:00,0
8398,4,177,2024-09-22 07:21:00,1
8400,1,21,2025-02-25 06:12:00,0
8401,4,13,2025-03-05 09:52:00,0
8408,4,6,2025-03-12 18:03:00,0
8409,2,37,2025-02-09 18:05:00,0
8412,4,8,2025-03-10 19:30:00,0
8414,1,140,2024-10-29 14:58:21,1
8415,6,46,2025-01-31 19:39:00,0
8416,4,138,2024-10-31 07:49:00,1
8419,4,216,2024-08-14 07:23:20,1
8420,1,106,2024-12-02 07:09:00,0
8421,3,38,2025-02-08 17:54:00,0
8424,3,126,2024-11-12 06:12:21,1
8438,4,113,2024-11-25 13:54:30,0
8441,2,93,2024-12-15 20:53:51,0
8444,3,9,2025-03-09 22:27:00,0
8445,3,66,2025-01-11 01:23:00,0
8446,2,116,2024-11-22 02:36:00,0
8452,6,21,2025-02-25 14:55:12,0
8455,3,83,2024-12-26 00:14:00,0
8457,1,85,2024-12-23 21:03:00,0
8459,4,-1,2025-03-19 07:28:30,0
8461,4,24,2025-02-22 19:57:00,0
8462,1,63,2025-01-14 05:59:00,0
8464,5,45,2025-02-01 04:38:30,0
8465,1,169,2024-09-30 09:08:21,1
8466,1,241,2024-07-20 15:16:00,1
8467,2,146,2024-10-23 16:20:00,1
8470,2,65,2025-01-12 09:14:21,0
8474,1,186,2024-09-13 18:29:00,1
8476,3,31,2025-02-15 11:13:00,0
8478,1,302,2024-05-21 00:48:21,1
8480,3,23,2025-02-23 02:47:00,0
8481,5,21,2025-02-25 09:56:20,0
8487,1,5,2025-03-13 04:39:00,0
8488,5,140,2024-10-29 00:23:00,1
8489,2,83,2024-12-25 02:41:00,0
8490,5,20,2025-02-26 21:20:00,0
8492,4,22,2025-02-24 01:23:00,0
8493,3,255,2024-07-06 12:11:00,1
8502,4,37,2025-02-09 05:59:00,0
8504,4,191,2024-09-08 18:15:00,1
8512,2,49,2025-01-28 19:57:00,0
8514,3,177,2024-09-22 09:07:00,1
8516,2,3,2025-03-15 17:41:00,0
8517,4,119,2024-11-19 03:59:00,0
8519,1,100,2024-12-08 11:13:21,0
8521,3,130,2024-11-09 00:39:20,1
8525,3,106,2024-12-02 02:20:00,0
8528,6,128,2024-11-10 14:13:20,1
8529,1,335,2024-04-17 06:39:00,1
8530,4,136,2024-11-02 19:35:00,1
8532,5,39,2025-02-07 08:08:00,0
8534,3,80,2024-12-28 11:52:00,0
8536,1,232,2024-07-30 00:07:00,1
8538,3,5,2025-03-13 21:09:00,0
8539,3,57,2025-01-20 07:25:00,0
8540,6,142,2024-10-27 10:39:30,1
8548,4,62,2025-01-15 10:09:00,0
8551,3,65,2025-01-12 02:29:50,0
8554,2,333,2024-04-20 00:14:00,1
8555,4,12,2025-03-06 19:49:00,0
8556,2,57,2025-01-20 20:47:00,0
8559,1,217,2024-08-13 14:38:21,1
8561,2,145,2024-10-24 11:52:00,1
8562,4,38,2025-02-08 12:11:00,0
8566,1,180,2024-09-19 06:20:21,1
8567,4,3,2025-03-15 22:21:00,0
8568,4,115,2024-11-23 12:34:10,0
8571,4,17,2025-03-01 08:16:00,0
8572,1,293,2024-05-29 03:25:21,1
8573,2,42,2025-02-04 04:32:21,0
8574,6,69,2025-01-08 01:18:00,0
8578,2,92,2024-12-16 17:17:00,0
8579,2,104,2024-12-04 00:47:00,0
8581,2,26,2025-02-20 17:06:21,0
8583,1,217,2024-08-13 09:36:00,1
8587,2,67,2025-01-10 05:35:00,0
8593,3,63,2025-01-14 01:27:00,0
8598,5,9,2025-03-10 00:24:00,0
8599,1,250,2024-07-11 16:33:00,1
8604,2,227,2024-08-03 16:53:00,1
8606,5,74,2025-01-03 18:14:00,0
8611,2,116,2024-11-22 08:06:00,0
8613,4,38,2025-02-08 06:34:00,0
8615,4,66,2025-01-11 19:40:00,0
8617,3,148,2024-10-21 04:14:00,1
8621,2,126,2024-11-12 05:36:00,1
8624,2,72,2025-01-05 05:50:00,0
8626,2,258,2024-07-03 19:41:00,1
8627,5,16,2025-03-02 21:58:00,0
8629,1,154,2024-10-15 07:55:21,1
8630,4,78,2024-12-30 17:08:00,0
8634,5,88,2024-12-20 11:41:00,0
8636,1,111,2024-11-27 21:43:21,0
8640,4,83,2024-12-25 05:44:00,0
8641,5,21,2025-02-25 20:06:20,0
8643,3,131,2024-11-07 03:09:00,1
8647,3,134,2024-11-04 16:48:00,1
8649,2,45,2025-02-01 05:38:00,0
8653,1,242,2024-07-19 06:56:21,1
8654,5,135,2024-11-03 02:06:00,1
8666,2,83,2024-12-25 16:30:00,0
8667,5,48,2025-01-29 08:30:00,0
8669,1,278,2024-06-13 05:22:21,1
8670,5,93,2024-12-15 14:31:30,0
8672,3,142,2024-10-27 12:11:00,1
8673,5,9,2025-03-09 06:36:00,0
8678,9,7,2025-03-11 20:10:00,0
8681,2,159,2024-10-10 07:40:00,1
8685,5,16,2025-03-02 13:31:00,0
8688,2,17,2025-03-01 09:22:00,0
8689,1,298,2024-05-24 06:21:00,1
8691,2,77,2024-12-31 13:46:00,0
8695,2,194,2024-09-05 08:41:00,1
8696,2,78,2024-12-30 15:25:00,0
8698,1,315,2024-05-07 09:57:21,1
8701,4,110,2024-11-28 14:33:00,0
8703,2,48,2025-01-29 07:52:00,0
8704,2,211,2024-08-19 06:16:00,1
8712,4,71,2025-01-06 01:58:00,0
8713,1,133,2024-11-05 04:58:00,1
8716,1,363,2024-03-20 17:17:00,1
8717,6,112,2024-11-26 23:47:00,0
8721,1,263,2024-06-28 10:58:00,1
8722,2,30,2025-02-16 14:38:00,0
8723,2,189,2024-09-10 16:09:00,1
8724,3,2,2025-03-16 23:29:00,0
8725,3,32,2025-02-14 06:21:00,0
8728,2,244,2024-07-17 23:51:20,1
8731,6,78,2024-12-30 01:27:00,0
8732,1,83,2024-12-25 23:50:00,0
8734,3,154,2024-10-15 00:54:00,1
8736,4,72,2025-01-05 12:38:00,0
8738,1,314,2024-05-08 02:03:21,1
8739,4,66,2025-01-11 11:05:00,0
8741,2,6,2025-03-12 22:02:00,0
8743,2,121,2024-11-17 21:38:00,1
8744,3,48,2025-01-29 17:36:00,0
8746,4,239,2024-07-22 17:48:20,1
8747,2,52,2025-01-25 02:08:00,0
8752,2,70,2025-01-07 09:10:00,0
8753,2,173,2024-09-26 03:07:00,1
8756,1,75,2025-01-02 10:10:00,0
8759,4,37,2025-02-09 11:12:00,0
8761,1,347,2024-04-05 19:38:51,1
8762,3,7,2025-03-11 01:43:00,0
8764,2,62,2025-01-15 08:43:00,0
8772,2,223,2024-08-07 23:43:00,1
8773,6,1,2025-03-17 22:59:48,0
8775,5,6,2025-03-12 12:34:40,0
8776,3,5,2025-03-13 23:19:00,0
8779,1,316,2024-05-06 01:59:00,1
8780,8,28,2025-02-18 15:50:40,0
8781,1,96,2024-12-12 10:24:21,0
8782,4,240,2024-07-21 18:49:30,1
8785,2,132,2024-11-06 22:37:00,1
8787,4,6,2025-03-12 05:05:00,0
8792,2,111,2024-11-27 15:26:00,0
8798,2,116,2024-11-22 06:27:00,0
8799,2,230,2024-07-31 17:21:00,1
8800,3,15,2025-03-03 06:43:00,0
8805,2,97,2024-12-11 14:52:00,0
8806,1,76,2025-01-02 00:27:00,0
8814,3,3,2025-03-15 09:56:00,0
8815,1,284,2024-06-08 00:20:00,1
8817,4,95,2024-12-13 02:13:00,0
8820,2,113,2024-11-25 16:53:00,0
8822,2,218,2024-08-12 10:36:00,1
8823,1,165,2024-10-04 09:32:21,1
8824,4,51,2025-01-26 12:46:00,0
8826,2,63,2025-01-14 23:10:00,0
8831,3,197,2024-09-02 14:38:00,1
8832,4,87,2024-12-21 05:43:00,0
8833,6,44,2025-02-02 03:01:48,0
8835,3,21,2025-02-25 02:15:00,0
8844,7,21,2025-02-25 14:14:00,0
8845,4,37,2025-02-09 23:53:40,0
8850,1,6,2025-03-12 20:11:21,0
8851,1,321,2024-05-01 16:11:00,1
8856,1,221,2024-08-10 00:10:21,1
8859,4,5,2025-03-13 14:42:00,0
8860,4,49,2025-01-28 21:34:00,0
8861,2,53,2025-01-24 01:57:00,0
8864,3,176,2024-09-23 01:34:00,1
8866,3,22,2025-02-24 04:14:00,0
8868,3,27,2025-02-19 05:15:00,0
8875,3,164,2024-10-05 13:51:30,1
8877,2,34,2025-02-12 12:34:00,0
8880,6,0,2025-03-18 09:04:00,0
8883,3,189,2024-09-10 01:14:30,1
8884,3,265,2024-06-26 04:31:00,1
8888,2,131,2024-11-07 02:08:00,1
8889,4,85,2024-12-23 14:24:00,0
8890,2,279,2024-06-12 06:00:00,1
8896,1,293,2024-05-29 03:54:00,1
8897,4,179,2024-09-20 09:36:00,1
8898,6,53,2025-01-24 17:51:20,0
8899,5,29,2025-02-17 08:59:20,0
8900,3,38,2025-02-08 06:32:00,0
8905,1,175,2024-09-24 19:45:00,1
8912,4,16,2025-03-02 01:33:00,0
8914,2,160,2024-10-09 23:04:00,1
8917,2,183,2024-09-16 08:06:21,1
8918,4,35,2025-02-11 18:15:00,0
8920,4,98,2024-12-10 18:35:15,0
8925,1,59,2025-01-18 07:15:00,0
8927,5,94,2024-12-14 23:08:45,0
8932,4,121,2024-11-17 19:26:00,1
8933,7,10,2025-03-08 20:29:00,0
8934,2,319,2024-05-03 09:19:00,1
8937,1,212,2024-08-18 22:38:00,1
8941,4,28,2025-02-18 14:33:00,0
8943,3,271,2024-06-20 13:23:00,1
8946,1,201,2024-08-29 13:24:00,1
8948,1,53,2025-01-24 14:50:59,0
8950,3,0,2025-03-18 13:26:00,0
8951,1,57,2025-01-20 11:02:00,0
8952,2,230,2024-07-31 22:48:00,1
8953,3,15,2025-03-03 21:32:00,0
8955,1,122,2024-11-16 00:43:00,1
8956,4,65,2025-01-12 08:59:30,0
8957,4,68,2025-01-09 21:43:00,0
8958,1,361,2024-03-22 07:01:00,1
8959,2,242,2024-07-19 17:19:00,1
8962,2,127,2024-11-11 18:31:00,1
8968,3,93,2024-12-15 03:00:41,0
8971,2,233,2024-07-28 16:14:00,1
8972,3,122,2024-11-16 04:19:00,1
8973,2,108,2024-11-30 13:18:00,0
8975,1,130,2024-11-08 10:32:00,1
8977,4,19,2025-02-27 18:26:00,0
8980,2,82,2024-12-26 20:05:00,0
8982,4,120,2024-11-18 07:59:30,0
8987,7,4,2025-03-14 03:40:10,0
8989,5,106,2024-12-02 18:57:00,0
8990,1,167,2024-10-02 22:11:21,1
8993,3,120,2024-11-18 05:37:00,0
8994,2,54,2025-01-23 00:47:21,0
8998,1,15,2025-03-03 09:53:21,0
8999,1,327,2024-04-25 18:59:00,1
9003,3,121,2024-11-17 04:04:00,1
9005,2,18,2025-02-28 19:12:21,0
9015,1,87,2024-12-21 17:15:00,0
9016,3,-1,2025-03-19 04:35:00,0
9020,7,3,2025-03-15 18:21:00,0
9025,3,9,2025-03-09 08:32:30,0
9030,4,35,2025-02-11 12:19:00,0
9031,2,156,2024-10-13 15:59:00,1
9032,4,47,2025-01-30 23:46:00,0
9036,1,263,2024-06-28 12:37:21,1
9037,2,31,2025-02-15 07:11:00,0
9040,2,177,2024-09-22 21:19:00,1
9043,3,41,2025-02-05 12:30:00,0
9046,2,49,2025-01-28 12:26:00,0
9053,4,12,2025-03-06 21:22:00,0
9054,2,7,2025-03-11 08:45:00,0
9055,3,133,2024-11-05 10:45:00,1
9056,5,38,2025-02-08 18:21:00,0
9057,3,139,2024-10-30 22:39:00,1
9059,2,33,2025-02-13 04:48:00,0
9060,4,46,2025-01-31 08:13:00,0
9061,3,100,2024-12-08 08:15:00,0
9062,2,147,2024-10-22 10:56:00,1
9064,4,86,2024-12-22 01:26:40,0
9066,4,8,2025-03-10 06:26:00,0
9068,6,14,2025-03-04 11:48:04,0
9069,2,89,2024-12-19 11:07:00,0
9070,3,92,2024-12-16 07:57:00,0
9072,3,27,2025-02-19 03:50:00,0
9073,5,10,2025-03-08 13:43:00,0
9074,3,20,2025-02-26 07:00:00,0
9076,5,60,2025-01-17 16:02:00,0
9079,1,211,2024-08-19 22:59:00,1
9083,6,43,2025-02-03 16:55:24,0
9087,3,78,2024-12-30 09:40:00,0
9088,6,83,2024-12-25 10:09:00,0
9090,4,43,2025-02-03 10:52:00,0
9094,2,206,2024-08-24 21:21:00,1
9098,4,41,2025-02-05 03:47:20,0
9101,3,110,2024-11-28 00:23:00,0
9102,4,42,2025-02-04 03:05:20,0
9103,2,287,2024-06-04 01:07:21,1
9107,3,26,2025-02-20 16:57:00,0
9108,2,67,2025-01-10 15:15:00,0
9110,4,164,2024-10-05 06:15:00,1
9114,2,64,2025-01-13 12:45:00,0
9121,3,53,2025-01-24 16:35:00,0
9124,2,137,2024-11-01 21:17:00,1
9128,2,17,2025-03-01 05:02:15,0
9132,2,99,2024-12-09 12:28:00,0
9136,2,135,2024-11-03 10:25:00,1
9141,2,117,2024-11-21 15:42:00,0
9143,4,12,2025-03-06 16:07:20,0
9144,3,57,2025-01-20 03:19:00,0
9148,10,25,2025-02-21 06:12:00,0
9150,1,32,2025-02-14 03:29:00,0
9155,1,299,2024-05-23 16:57:00,1
9157,1,15,2025-03-03 17:46:00,0
9160,3,123,2024-11-15 23:57:00,1
9162,3,279,2024-06-12 00:25:00,1
9167,2,260,2024-07-01 14:01:30,1
9168,3,36,2025-02-10 17:04:00,0
9169,1,89,2024-12-19 10:19:21,0
9170,2,331,2024-04-21 01:03:00,1
9172,1,2,2025-03-16 13:03:00,0
9174,6,188,2024-09-11 06:11:24,1
9177,1,45,2025-02-01 07:46:21,0
9188,5,26,2025-02-20 19:48:40,0
9190,3,202,2024-08-28 08:32:00,1
9191,4,130,2024-11-08 23:38:00,1
9192,1,172,2024-09-27 18:35:00,1
9193,3,33,2025-02-13 00:52:00,0
9194,2,216,2024-08-14 16:39:00,1
9198,4,53,2025-01-24 02:25:00,0
9199,2,118,2024-11-20 17:12:00,0
9200,2,224,2024-08-06 07:45:00,1
9201,3,182,2024-09-17 14:15:00,1
9202,5,34,2025-02-12 18:55:00,0
9207,6,73,2025-01-04 04:20:15,0
9208,2,97,2024-12-11 06:44:00,0
9209,5,22,2025-02-24 23:40:30,0
9210,7,27,2025-02-19 08:50:00,0
9212,2,155,2024-10-14 12:25:00,1
9213,1,169,2024-09-30 12:42:21,1
9214,3,88,2024-12-20 17:42:00,0
9215,4,16,2025-03-02 15:08:40,0
9217,2,38,2025-02-08 11:01:00,0
9222,3,12,2025-03-06 07:55:00,0
9223,2,14,2025-03-04 01:38:00,0
9224,1,62,2025-01-15 00:33:00,0
9225,1,237,2024-07-24 20:40:00,1
9228,2,336,2024-04-16 09:54:00,1
9229,1,173,2024-09-26 07:07:00,1
9230,1,7,2025-03-11 05:20:51,0
9233,3,75,2025-01-02 14:07:30,0
9237,2,101,2024-12-07 17:32:00,0
9238,2,152,2024-10-17 13:11:00,1
9240,2,22,2025-02-24 13:02:00,0
9242,6,58,2025-01-19 18:19:00,0
9245,4,7,2025-03-11 20:25:00,0
9247,5,55,2025-01-22 00:34:40,0
9250,2,1,2025-03-17 20:19:00,0
9253,1,328,2024-04-24 20:17:00,1
9255,1,23,2025-02-23 19:18:00,0
9258,2,70,2025-01-07 06:19:00,0
9261,3,223,2024-08-07 11:30:00,1
9265,7,66,2025-01-11 13:03:00,0
9266,3,232,2024-07-29 07:11:00,1
9267,1,169,2024-09-30 15:58:21,1
9268,4,185,2024-09-14 10:53:00,1
9271,1,77,2024-12-31 00:29:00,0
9273,4,0,2025-03-18 19:13:00,0
9278,2,68,2025-01-09 05:11:00,0
9279,3,59,2025-01-18 12:26:00,0
9283,3,173,2024-09-26 17:07:00,1
9285,3,68,2025-01-09 05:02:30,0
9286,4,-1,2025-03-19 06:35:00,0
9287,2,66,2025-01-11 13:01:00,0
9288,2,5,2025-03-13 08:10:00,0
9289,1,229,2024-08-01 14:50:00,1
9290,2,181,2024-09-18 02:18:00,1
9292,2,294,2024-05-28 16:37:00,1
9302,4,147,2024-10-22 14:11:00,1
9312,4,285,2024-06-06 20:57:00,1
9316,2,131,2024-11-07 17:57:00,1
9319,2,212,2024-08-18 05:53:00,1
9324,3,3,2025-03-15 05:24:30,0
9326,6,38,2025-02-08 08:51:00,0
9328,5,29,2025-02-17 21:58:00,0
9329,3,93,2024-12-15 05:03:21,0
9331,2,109,2024-11-29 12:20:00,0
9338,2,138,2024-10-31 23:33:00,1
9341,3,72,2025-01-05 09:14:00,0
9344,3,2,2025-03-16 18:54:00,0
9347,3,131,2024-11-07 16:09:00,1
9348,1,324,2024-04-28 10:13:21,1
9350,3,17,2025-03-01 05:45:00,0
9352,4,37,2025-02-09 19:38:00,0
9353,1,169,2024-09-30 03:09:21,1
9354,5,76,2025-01-02 00:28:00,0
9356,1,259,2024-07-02 17:07:21,1
9361,1,55,2025-01-22 02:51:00,0
9362,4,102,2024-12-06 10:49:00,0
9363,3,80,2024-12-28 14:02:00,0
9368,1,316,2024-05-06 14:07:00,1
9370,1,83,2024-12-25 14:22:00,0
9375,2,211,2024-08-19 20:57:00,1
9380,3,32,2025-02-14 03:32:00,0
9381,4,46,2025-01-31 16:04:00,0
9382,4,17,2025-03-01 03:39:30,0
9386,3,3,2025-03-15 05:12:00,0
9389,1,176,2024-09-23 14:20:00,1
9391,1,105,2024-12-04 00:18:21,0
9393,4,71,2025-01-06 06:44:00,0
9396,3,29,2025-02-17 08:58:00,0
9397,3,14,2025-03-04 00:55:00,0
9398,5,62,2025-01-15 03:56:20,0
9399,3,236,2024-07-25 02:47:30,1
9403,5,93,2024-12-15 04:09:00,0
9404,4,84,2024-12-24 18:05:30,0
9405,5,37,2025-02-09 06:13:00,0
9406,2,140,2024-10-29 20:51:00,1
9407,5,72,2025-01-05 15:22:00,0
9409,3,205,2024-08-25 10:04:00,1
9414,6,28,2025-02-18 16:03:00,0
9418,5,66,2025-01-11 20:46:00,0
9423,3,55,2025-01-22 16:15:00,0
9426,2,77,2024-12-31 12:00:21,0
9429,2,34,2025-02-12 18:43:00,0
9430,3,250,2024-07-11 19:39:00,1
9431,1,156,2024-10-13 02:19:21,1
9432,3,28,2025-02-18 08:26:00,0
9435,5,18,2025-02-28 09:53:45,0
9437,2,261,2024-06-30 02:21:00,1
9438,1,123,2024-11-15 03:20:00,1
9440,4,171,2024-09-28 20:30:21,1
9444,1,64,2025-01-13 11:51:00,0
9445,2,94,2024-12-14 08:23:00,0
9448,3,148,2024-10-21 00:49:00,1
9449,1,221,2024-08-10 00:16:00,1
9452,4,32,2025-02-14 09:49:30,0
9453,3,335,2024-04-17 01:41:40,1
9454,2,183,2024-09-16 10:03:00,1
9456,1,78,2024-12-30 14:00:00,0
9457,3,233,2024-07-28 15:02:00,1
9459,2,212,2024-08-18 09:43:00,1
9460,1,131,2024-11-07 17:52:00,1
9461,3,94,2024-12-14 13:34:00,0
9465,1,73,2025-01-04 07:35:00,0
9467,2,109,2024-11-29 22:30:00,0
9471,2,167,2024-10-02 01:44:00,1
9474,2,236,2024-07-25 02:50:00,1
9476,4,111,2024-11-27 03:38:30,0
9477,4,5,2025-03-13 04:12:40,0
9479,4,40,2025-02-06 06:35:00,0
9481,3,87,2024-12-21 18:11:00,0
9484,4,1,2025-03-17 15:43:00,0
9487,4,214,2024-08-16 19:54:00,1
9488,5,31,2025-02-15 07:24:00,0
9489,2,10,2025-03-09 00:21:00,0
9490,2,29,2025-02-17 19:56:00,0
9491,1,132,2024-11-06 22:56:00,1
9492,3,291,2024-05-31 04:33:30,1
9494,3,84,2024-12-24 07:23:00,0
9501,6,3,2025-03-15 06:35:00,0
9503,1,363,2024-03-20 21:56:00,1
9505,5,19,2025-02-27 13:34:00,0
9508,3,61,2025-01-16 02:31:30,0
9509,4,7,2025-03-11 18:40:00,0
9511,2,55,2025-01-22 23:32:00,0
9512,1,77,2024-12-31 14:27:00,0
9513,3,284,2024-06-07 21:18:00,1
9516,3,46,2025-01-31 09:47:00,0
9517,2,118,2024-11-20 06:44:00,0
9519,2,281,2024-06-10 09:58:00,1
9521,2,89,2024-12-19 17:36:00,0
9524,5,98,2024-12-10 23:50:00,0
9526,2,295,2024-05-27 18:57:00,1
9531,4,175,2024-09-24 13:00:00,1
9533,7,32,2025-02-14 04:37:00,0
9537,2,20,2025-02-26 10:37:00,0
9538,3,26,2025-02-20 17:40:00,0
9543,3,70,2025-01-07 14:16:00,0
9547,3,216,2024-08-14 10:25:00,1
9548,5,15,2025-03-03 00:57:20,0
9550,2,244,2024-07-17 21:12:00,1
9552,3,188,2024-09-11 16:38:00,1
9554,3,166,2024-10-03 05:01:00,1
9556,2,133,2024-11-05 16:23:00,1
9562,1,266,2024-06-25 20:58:00,1
9565,2,25,2025-02-21 04:29:00,0
9567,4,41,2025-02-05 01:16:20,0
9570,3,39,2025-02-07 18:44:00,0
9571,3,12,2025-03-06 11:49:00,0
9572,1,168,2024-10-01 23:05:21,1
9573,1,25,2025-02-21 22:51:00,0
9574,1,87,2024-12-21 03:35:00,0
9577,2,74,2025-01-03 06:00:00,0
9579,2,171,2024-09-28 20:13:20,1
9580,5,38,2025-02-08 21:34:00,0
9581,1,31,2025-02-15 01:06:00,0
9582,1,124,2024-11-14 21:18:21,1
9584,1,88,2024-12-20 05:45:00,0
9585,2,106,2024-12-02 07:46:00,0
9588,1,234,2024-07-27 14:23:00,1
9590,2,93,2024-12-15 16:03:00,0
9592,4,10,2025-03-08 17:35:20,0
9593,2,9,2025-03-09 14:46:00,0
9596,2,0,2025-03-18 14:30:00,0
9597,4,24,2025-02-23 00:05:00,0
9598,3,249,2024-07-12 03:57:00,1
9603,3,8,2025-03-10 13:31:00,0
9604,3,82,2024-12-26 18:55:00,0
9606,3,19,2025-02-27 10:11:00,0
9609,1,1,2025-03-17 17:53:00,0
9612,3,220,2024-08-10 02:12:00,1
9613,1,241,2024-07-20 18:51:00,1
9615,3,111,2024-11-27 18:55:00,0
9616,2,172,2024-09-27 11:57:00,1
9617,2,30,2025-02-16 04:34:00,0
9621,1,43,2025-02-03 05:05:00,0
9622,6,23,2025-02-23 17:10:00,0
9625,3,173,2024-09-26 16:20:32,1
9626,1,260,2024-07-01 21:00:00,1
9633,1,307,2024-05-15 14:24:00,1
9634,5,185,2024-09-14 02:04:00,1
9636,4,14,2025-03-04 07:57:00,0
9638,4,28,2025-02-18 19:34:00,0
9639,2,278,2024-06-13 05:44:00,1
9640,4,15,2025-03-03 08:33:00,0
9642,3,91,2024-12-17 19:49:00,0
9644,4,35,2025-02-11 22:58:20,0
9645,4,175,2024-09-24 00:26:00,1
9648,6,60,2025-01-17 19:28:15,0
9651,4,150,2024-10-19 15:52:00,1
9652,3,52,2025-01-25 00:47:00,0
9655,1,30,2025-02-16 23:16:00,0
9661,1,100,2024-12-08 17:09:00,0
9662,2,103,2024-12-05 04:21:00,0
9663,1,101,2024-12-07 19:00:00,0
9665,3,6,2025-03-12 23:31:00,0
9670,2,277,2024-06-14 01:41:00,1
9675,3,199,2024-08-31 19:03:00,1
9676,9,28,2025-02-18 18:21:42,0
9680,4,49,2025-01-28 22:39:00,0
9681,1,231,2024-07-30 02:38:00,1
9683,2,21,2025-02-25 17:25:00,0
9684,4,47,2025-01-30 11:35:40,0
9686,3,170,2024-09-29 08:32:00,1
9689,2,21,2025-02-25 14:31:00,0
9695,7,16,2025-03-02 02:25:00,0
9698,4,38,2025-02-08 21:42:40,0
9699,3,22,2025-02-24 00:53:00,0
9702,1,170,2024-09-29 10:34:21,1
9704,3,273,2024-06-18 23:58:00,1
9707,2,39,2025-02-08 00:19:21,0
9709,2,113,2024-11-25 14:05:21,0
9712,2,188,2024-09-11 05:26:00,1
9713,4,84,2024-12-24 14:29:45,0
9714,3,109,2024-11-29 16:36:00,0
9715,5,99,2024-12-09 20:50:00,0
9721,3,77,2024-12-31 20:15:30,0
9722,5,172,2024-09-27 00:34:00,1
9723,2,82,2024-12-26 00:14:00,0
9724,1,107,2024-12-01 09:24:59,0
9728,3,95,2024-12-13 04:20:00,0
9729,5,18,2025-02-28 18:25:00,0
9731,6,53,2025-01-24 02:49:00,0
9733,2,166,2024-10-03 16:38:00,1
9734,5,4,2025-03-14 10:03:00,0
9735,3,164,2024-10-05 01:52:00,1
9737,1,213,2024-08-17 05:56:00,1
9744,3,269,2024-06-22 08:47:00,1
9745,4,61,2025-01-16 09:34:40,0
9746,3,77,2024-12-31 09:26:30,0
9747,2,27,2025-02-19 04:13:00,0
9748,5,205,2024-08-25 20:05:00,1
9750,3,119,2024-11-19 05:37:00,0
9753,3,272,2024-06-19 19:25:00,1
9758,3,43,2025-02-03 07:22:00,0
9761,2,257,2024-07-04 02:01:00,1
9763,4,2,2025-03-16 03:59:20,0
9764,3,6,2025-03-13 00:03:00,0
9766,4,4,2025-03-14 06:26:00,0
9774,3,42,2025-02-04 10:31:30,0
9776,2,109,2024-11-29 15:57:00,0
9777,7,121,2024-11-17 04:18:00,1
9779,6,2,2025-03-16 04:00:16,0
9784,3,32,2025-02-15 00:06:00,0
9785,1,197,2024-09-02 04:25:00,1
9788,3,45,2025-02-01 18:06:10,0
9791,1,95,2024-12-13 08:26:00,0
9793,4,42,2025-02-04 23:33:00,0
9796,3,207,2024-08-23 14:32:40,1
9797,3,52,2025-01-25 14:24:00,0
9801,3,208,2024-08-22 06:53:30,1
9804,1,214,2024-08-16 07:45:00,1
9805,6,45,2025-02-01 19:34:00,0
9808,4,116,2024-11-22 11:07:00,0
9809,4,273,2024-06-18 02:14:00,1
9812,4,36,2025-02-10 15:10:00,0
9815,3,56,2025-01-21 12:20:56,0
9816,5,17,2025-03-01 11:08:00,0
9817,2,89,2024-12-19 06:30:00,0
9823,1,68,2025-01-09 15:17:21,0
9825,2,224,2024-08-06 09:34:00,1
9826,4,49,2025-01-28 12:30:00,0
9827,2,151,2024-10-18 10:10:00,1
9828,4,14,2025-03-04 14:47:00,0
9830,5,18,2025-03-01 00:35:30,0
9832,2,42,2025-02-04 22:07:00,0
9834,2,206,2024-08-24 00:50:00,1
9836,5,33,2025-02-13 09:42:00,0
9837,1,69,2025-01-08 02:55:59,0
9838,1,57,2025-01-20 18:12:00,0
9841,1,52,2025-01-25 10:30:00,0
9845,3,58,2025-01-19 09:37:00,0
9847,8,93,2024-12-15 20:47:00,0
9850,3,56,2025-01-21 15:11:00,0
9853,1,293,2024-05-29 03:35:00,1
9855,4,43,2025-02-03 15:39:00,0
9857,4,18,2025-02-28 05:50:00,0
9860,5,108,2024-11-30 23:07:00,0
9862,6,51,2025-01-26 11:56:00,0
9863,3,173,2024-09-26 05:50:00,1
9864,1,157,2024-10-12 21:50:21,1
9865,3,28,2025-02-18 17:54:00,0
9866,2,25,2025-02-21 19:28:21,0
9868,1,154,2024-10-15 08:47:00,1
9870,4,123,2024-11-15 14:38:00,1
9872,6,-1,2025-03-19 03:42:00,0
9874,2,3,2025-03-15 20:24:00,0
9880,4,151,2024-10-18 15:28:30,1
9881,6,70,2025-01-07 18:59:00,0
9883,4,93,2024-12-16 00:03:00,0
9884,4,87,2024-12-21 04:44:00,0
9885,1,103,2024-12-05 07:12:00,0
9887,6,15,2025-03-03 23:03:00,0
9890,4,25,2025-02-21 15:56:00,0
9893,1,304,2024-05-18 15:54:21,1
9895,4,116,2024-11-22 10:23:00,0
9896,2,65,2025-01-12 01:52:00,0
9897,2,151,2024-10-18 02:35:00,1
9902,4,79,2024-12-29 10:51:00,0
9903,2,159,2024-10-10 16:41:00,1
9905,3,72,2025-01-05 11:38:00,0
9906,1,153,2024-10-16 03:43:21,1
9909,3,19,2025-02-27 17:34:00,0
9912,4,4,2025-03-14 19:26:00,0
9919,4,39,2025-02-07 14:40:00,0
9920,1,260,2024-07-01 09:38:00,1
9922,4,2,2025-03-16 01:55:00,0
9924,5,71,2025-01-06 19:37:00,0
9928,2,214,2024-08-16 12:10:00,1
9929,2,111,2024-11-27 00:46:00,0
9930,3,20,2025-02-26 11:35:00,0
9931,5,147,2024-10-22 13:24:00,1
9932,6,55,2025-01-22 07:18:20,0
9936,2,90,2024-12-18 20:41:00,0
9938,3,185,2024-09-14 13:17:00,1
9939,3,200,2024-08-30 00:39:00,1
9944,2,313,2024-05-09 19:55:21,1
9946,4,19,2025-02-27 08:22:00,0
9947,4,135,2024-11-03 01:12:30,1
9950,3,60,2025-01-17 11:56:00,0
9952,3,9,2025-03-09 11:48:00,0
9953,2,71,2025-01-06 02:38:00,0
9955,3,31,2025-02-15 14:59:00,0
9956,2,162,2024-10-07 08:23:00,1
9959,4,39,2025-02-07 13:56:20,0
9962,4,47,2025-01-30 19:00:00,0
9966,4,166,2024-10-03 06:51:00,1
9968,2,83,2024-12-25 04:17:00,0
9969,6,1,2025-03-17 08:20:00,0
9970,3,59,2025-01-18 09:52:00,0
9971,4,92,2024-12-16 07:39:00,0
9972,3,175,2024-09-24 05:09:00,1
9975,7,21,2025-02-25 03:12:00,0
9976,3,108,2024-11-30 07:54:00,0
9977,5,14,2025-03-04 05:43:00,0
9980,5,13,2025-03-05 17:43:00,0
9981,3,76,2025-01-01 10:28:21,0
9985,5,75,2025-01-02 20:36:00,0
9987,4,195,2024-09-04 21:19:40,1
9991,2,5,2025-03-13 05:28:00,0
