customer_id,full_name,age,city,gender,state,yearly_income,education,occupation
1,Indrans Roy,36,Delhi,Male,Delhi,958214.0,MBA,Finance Manager
2,Vritika Agarwal,64,Hyderabad,Female,Telangana,854908.0,MSc,Finance Manager
3,Rohan Ghose,22,Hyderabad,Male,Telangana,2993630.0,MSc,Finance Manager
4,Ehsaan Buch,32,Hyderabad,Male,Telangana,790845.0,B.A,Teacher
5,Pari Dave,45,Bangalore,Male,Karnataka,2405385.0,PhD,Doctor
6,Aradhya Krishnan,18,Chennai,Male,Tamil Nadu,1101848.0,MBA,Entrepreneur
7,Aaryahi Bhavsar,43,Bangalore,Female,Karnataka,664866.0,BSc,Accountant
8,Indranil Bera,31,Kolkata,Female,West Bengal,325115.0,12th Pass,Delivery Agent
9,Ivana Raj,28,Lucknow,Female,Uttar Pradesh,434845.0,12th Pass,Security Guard
11,Shanaya Ghose,36,Bangalore,Male,Karnataka,1238531.0,MSc,Doctor
12,Yuvraj  Wali,48,Mumbai,Male,Maharashtra,2746815.0,MBA,Software Engineer
13,Ehsaan Samra,25,Mumbai,Male,Maharashtra,1744550.0,MBA,Entrepreneur
14,Kavya Sachdev,22,Bangalore,Female,Karnataka,2537360.0,M.Tech,Doctor
15,Ryan Keer,32,Delhi,Female,Delhi,2663463.0,MBA,Entrepreneur
16,Kimaya Issac,29,Pune,Female,Maharashtra,1658203.0,MBA,Finance Manager
19,Umang Randhawa,30,Delhi,Male,Delhi,2024168.0,PhD,Entrepreneur
20,Riaan Gulati,34,Hyderabad,Female,Telangana,2556575.0,MSc,Doctor
21,Adah Konda,41,Hyderabad,Male,Telangana,2887107.0,MSc,Entrepreneur
22,Nishith Sheth,37,Hyderabad,Female,Telangana,345279.0,12th Pass,Customer Support
23,Jivika Batra,32,Kolkata,Female,West Bengal,1983635.0,MSc,Software Engineer
24,Samarth Sanghvi,18,Mumbai,Male,Maharashtra,955028.0,M.Tech,Finance Manager
25,Gokul Srivastava,39,Pune,Male,Maharashtra,1275973.0,MSc,Entrepreneur
26,Shray Atwal,37,Bangalore,Male,Karnataka,890495.0,PhD,Entrepreneur
28,Hrishita Rastogi,38,Bangalore,Male,Karnataka,1172720.0,MBA,Data Scientist
29,Vritika Joshi,37,Mumbai,Male,Maharashtra,2283717.0,MSc,Software Engineer
30,Mohanlal Zacharia,46,Delhi,Male,Delhi,464554.0,Diploma,Security Guard
31,Neysa De,20,Delhi,Male,Delhi,1776517.0,MBA,Entrepreneur
33,Dishani Krishnamurthy,21,Pune,Female,Maharashtra,913160.0,MBA,Entrepreneur
34,Kartik Goyal,39,Mumbai,Female,Maharashtra,2465549.0,MSc,Data Scientist
36,Ehsaan Bajwa,25,Bangalore,Female,Karnataka,2808109.0,MSc,Doctor
37,Eshani Bose,18,Delhi,Female,Delhi,2536879.0,MBA,Software Engineer
38,Tiya Madan,19,Bangalore,Male,Karnataka,2129220.0,MBA,Doctor
39,Abram Dyal,24,Mumbai,Male,Maharashtra,2773395.0,MBA,Entrepreneur
40,Kashvi Singh,40,Kolkata,Male,West Bengal,569302.0,BBA,HR Manager
41,Tarini Arya,33,Jaipur,Male,Rajasthan,1110365.0,PhD,Entrepreneur
42,Vardaniya Shroff,28,Jaipur,Female,Rajasthan,932140.0,PhD,Doctor
43,Faiyaz Chokshi,41,Chennai,Male,Tamil Nadu,1490089.0,PhD,Data Scientist
44,Lakshay Gulati,39,Mumbai,Female,Maharashtra,2107487.0,MBA,Doctor
45,Divyansh Kata,23,Mumbai,Female,Maharashtra,1609017.0,MBA,Doctor
46,Zain D’Alia,33,Hyderabad,Female,Telangana,1295703.0,MBA,Software Engineer
47,Saira Sarraf,34,Mumbai,Male,Maharashtra,1369108.0,M.Tech,Entrepreneur
48,Ahana  Tak,47,Delhi,Female,Delhi,1172472.0,MSc,Software Engineer
49,Jayant Gole,21,Mumbai,Male,Maharashtra,1656104.0,MBA,Software Engineer
50,Dhanuk Lall,46,Delhi,Male,Delhi,664564.0,BBA,HR Manager
51,Vihaan Mangat,36,Mumbai,Female,Maharashtra,2198475.0,PhD,Entrepreneur
52,Aaryahi Bahri,28,Bangalore,Female,Karnataka,2114563.0,MBA,Entrepreneur
53,Azad Sani,50,Ahmedabad,Female,Gujarat,1614725.0,MSc,Doctor
54,Indrajit Kannan,48,Kolkata,Female,West Bengal,1107847.0,PhD,Doctor
55,Aarush Cheema,45,Chennai,Female,Tamil Nadu,1987826.0,M.Tech,Software Engineer
56,Navya Aggarwal,18,Mumbai,Male,Maharashtra,2609959.0,PhD,Doctor
57,Anahi Zachariah,50,Ahmedabad,Male,Gujarat,1610161.0,MBA,Doctor
58,Jayan Vohra,46,Mumbai,Male,Maharashtra,869309.0,MSc,Data Scientist
59,Aarna Ben,48,Bangalore,Male,Karnataka,1347754.0,MSc,Data Scientist
60,Vidur Dada,40,Bangalore,Male,Karnataka,350724.0,Diploma,Customer Support
61,Aaryahi Lanka,27,Ahmedabad,Female,Gujarat,1950235.0,PhD,Entrepreneur
62,Anahi Varghese,38,Mumbai,Female,Maharashtra,516209.0,BBA,Marketing Executive
63,Jayant Chokshi,31,Hyderabad,Female,Telangana,1663384.0,MBA,Entrepreneur
64,Indrajit Goda,46,Hyderabad,Female,Telangana,971581.0,MBA,Finance Manager
65,Faiyaz Samra,44,Ahmedabad,Male,Gujarat,734172.0,B.Com,Bank Clerk
66,Ahana  Chhabra,29,Hyderabad,Female,Telangana,1872011.0,MBA,Finance Manager
67,Lagan Sibal,43,Delhi,Female,Delhi,2760404.0,MBA,Data Scientist
69,Ahana  Guha,52,Delhi,Female,Delhi,373580.0,12th Pass,Security Guard
70,Kanav Upadhyay,39,Mumbai,Female,Maharashtra,456095.0,12th Pass,Delivery Agent
71,Anay Shanker,34,Delhi,Male,Delhi,2567534.0,PhD,Software Engineer
72,Madhav Lala,28,Hyderabad,Male,Telangana,1323175.0,MBA,Doctor
73,Kaira Aurora,41,Mumbai,Male,Maharashtra,2110198.0,MSc,Entrepreneur
74,Taran Tella,38,Kolkata,Male,West Bengal,586405.0,B.A,Accountant
75,Aarav Vora,49,Ahmedabad,Male,Gujarat,911517.0,PhD,Entrepreneur
76,Vaibhav Agate,36,Ahmedabad,Male,Gujarat,628243.0,B.A,Bank Clerk
78,Tara Ratti,32,Kolkata,Male,West Bengal,1527676.0,M.Tech,Entrepreneur
80,Manikya Bahl,37,Mumbai,Male,Maharashtra,2289257.0,PhD,Entrepreneur
81,Pihu Taneja,18,Bangalore,Female,Karnataka,1568633.0,MSc,Entrepreneur
83,Myra Chaudhuri,18,Kolkata,Male,West Bengal,1594821.0,MSc,Data Scientist
84,Anay Verma,23,Kolkata,Female,West Bengal,1071528.0,M.Tech,Doctor
86,Damini Sabharwal,47,Bangalore,Female,Karnataka,2133777.0,PhD,Software Engineer
88,Rhea Chopra,50,Chennai,Female,Tamil Nadu,1018398.0,PhD,Software Engineer
89,Vihaan Raman,41,Mumbai,Male,Maharashtra,314602.0,Diploma,Customer Support
90,Ayesha Bakshi,31,Chennai,Female,Tamil Nadu,1459698.0,PhD,Doctor
91,Abram Saxena,27,Hyderabad,Female,Telangana,882616.0,MSc,Software Engineer
92,Samarth Hegde,21,Ahmedabad,Male,Gujarat,505861.0,BSc,HR Manager
93,Divyansh Reddy,19,Bangalore,Female,Karnataka,864216.0,M.Tech,Doctor
94,Nishith Sethi,33,Mumbai,Male,Maharashtra,2025877.0,PhD,Software Engineer
95,Ritvik Basak,50,Delhi,Male,Delhi,875666.0,MSc,Finance Manager
96,Ivana Dara,30,Mumbai,Female,Maharashtra,410486.0,Diploma,Customer Support
97,Tiya Ray,42,Mumbai,Female,Maharashtra,1294027.0,M.Tech,Doctor
98,Heer Taneja,34,Bangalore,Female,Karnataka,1222007.0,MSc,Finance Manager
99,Rhea Sridhar,36,Bangalore,Female,Karnataka,1989965.0,PhD,Finance Manager
100,Uthkarsh Balan,48,Hyderabad,Female,Telangana,2684272.0,MSc,Data Scientist
102,Eshani Grewal,46,Bangalore,Male,Karnataka,672836.0,B.Tech,Teacher
103,Manikya Kar,48,Chennai,Male,Tamil Nadu,1965897.0,MBA,Software Engineer
104,Aaina Ganguly,33,Bangalore,Female,Karnataka,825384.0,MSc,Doctor
105,Hrishita Butala,21,Ahmedabad,Male,Gujarat,1385260.0,PhD,Data Scientist
106,Heer Hans,32,Bangalore,Male,Karnataka,1245367.0,MBA,Software Engineer
107,Mahika Kala,34,Chennai,Male,Tamil Nadu,1901448.0,PhD,Software Engineer
108,Aarna Bhardwaj,30,Bangalore,Male,Karnataka,811812.0,M.Tech,Entrepreneur
109,Jivin Khatri,56,Ahmedabad,Female,Gujarat,522216.0,MCA,Accountant
110,Aarav Chander,48,Chennai,Male,Tamil Nadu,657035.0,B.A,Bank Clerk
111,Dhruv Sarkar,28,Delhi,Female,Delhi,2580010.0,PhD,Software Engineer
112,Dhanush Sangha,52,Kolkata,Female,West Bengal,781446.0,B.A,Teacher
113,Kiara Deshpande,32,Kolkata,Female,West Bengal,1549681.0,M.Tech,Entrepreneur
115,Sahil Chawla,19,Hyderabad,Female,Telangana,1471334.0,MBA,Doctor
116,Yakshit Dixit,52,Ahmedabad,Male,Gujarat,1247925.0,MBA,Finance Manager
117,Shamik Barman,41,Chennai,Female,Tamil Nadu,714861.0,B.Tech,Teacher
118,Trisha Bawa,25,Lucknow,Male,Uttar Pradesh,895979.0,PhD,Finance Manager
119,Nakul Doctor,18,Bangalore,Female,Karnataka,1065411.0,M.Tech,Finance Manager
120,Ehsaan Vohra,49,Delhi,Female,Delhi,718361.0,BSc,Marketing Executive
121,Tejas Kulkarni,36,Hyderabad,Female,Telangana,971418.0,PhD,Doctor
122,Bhavin Sankaran,49,Ahmedabad,Male,Gujarat,636458.0,MBA,HR Manager
123,Gatik Chad,35,Bangalore,Female,Karnataka,2255828.0,PhD,Doctor
124,Zaina Dutt,31,Mumbai,Female,Maharashtra,2127184.0,MSc,Doctor
125,Aaina Shanker,40,Delhi,Male,Delhi,2739963.0,MBA,Doctor
126,Gokul Vaidya,44,Chennai,Male,Tamil Nadu,1422528.0,MSc,Doctor
127,Jivin Jha,33,Bangalore,Male,Karnataka,2511244.0,MBA,Entrepreneur
128,Shaan Kanda,25,Delhi,Male,Delhi,1224230.0,M.Tech,Entrepreneur
129,Samar Mahajan,20,Delhi,Female,Delhi,1379763.0,PhD,Data Scientist
130,Kartik Goswami,44,Bangalore,Male,Karnataka,2157724.0,MSc,Data Scientist
131,Yuvraj  Iyengar,33,Delhi,Female,Delhi,1127241.0,M.Tech,Software Engineer
133,Alisha Sarraf,18,Delhi,Male,Delhi,350654.0,Diploma,Delivery Agent
134,Ivan Amble,45,Chennai,Male,Tamil Nadu,1325248.0,PhD,Data Scientist
135,Siya Lad,40,Delhi,Female,Delhi,1107156.0,MSc,Data Scientist
136,Kismat Lall,50,Bangalore,Female,Karnataka,952259.0,MSc,Data Scientist
137,Khushi Dugar,33,Delhi,Male,Delhi,568076.0,BSc,Teacher
138,Ira Som,48,Chennai,Female,Tamil Nadu,627862.0,BBA,Accountant
141,Nirvi Mani,38,Mumbai,Female,Maharashtra,1989905.0,PhD,Entrepreneur
142,Kismat Rajagopalan,34,Delhi,Male,Delhi,329228.0,12th Pass,Security Guard
143,Vedika Brar,37,Ahmedabad,Female,Gujarat,1642470.0,MBA,Entrepreneur
145,Nirvi Tank,53,Mumbai,Female,Maharashtra,1862154.0,MBA,Finance Manager
146,Yasmin Krishnan,45,Kolkata,Female,West Bengal,1838767.0,PhD,Finance Manager
147,Pranay Ranganathan,36,Delhi,Female,Delhi,1792885.0,MSc,Finance Manager
148,Amani Karnik,37,Delhi,Male,Delhi,2738543.0,M.Tech,Entrepreneur
149,Aarna Goda,47,Lucknow,Female,Uttar Pradesh,672041.0,MCA,Marketing Executive
150,Farhan Bajaj,33,Hyderabad,Male,Telangana,2676794.0,MBA,Software Engineer
151,Divit Iyer,36,Bangalore,Female,Karnataka,1769440.0,PhD,Software Engineer
152,Hunar Anand,23,Bangalore,Male,Karnataka,1710500.0,PhD,Doctor
153,Romil Sarkar,35,Bangalore,Male,Karnataka,646621.0,BBA,Accountant
154,Parinaaz Som,18,Ahmedabad,Female,Gujarat,382281.0,Diploma,Customer Support
155,Tarini Viswanathan,29,Delhi,Female,Delhi,617334.0,MBA,Marketing Executive
157,Aradhya Singh,33,Ahmedabad,Male,Gujarat,613928.0,B.Com,Bank Clerk
158,Suhana Dhillon,26,Mumbai,Female,Maharashtra,940318.0,MSc,Software Engineer
159,Zoya Kohli,48,Delhi,Female,Delhi,669495.0,MBA,Accountant
160,Darshit Kunda,40,Mumbai,Female,Maharashtra,2380369.0,MBA,Entrepreneur
163,Anahi Warrior,24,Delhi,Female,Delhi,375296.0,Diploma,Customer Support
164,Faiyaz Hayer,42,Kolkata,Male,West Bengal,725861.0,BBA,HR Manager
165,Rasha Solanki,50,Jaipur,Female,Rajasthan,311322.0,12th Pass,Delivery Agent
166,Azad Loyal,18,Mumbai,Male,Maharashtra,627128.0,Diploma,HR Manager
167,Piya Malhotra,41,Delhi,Female,Delhi,2430638.0,MBA,Data Scientist
168,Urvi Bail,31,Mumbai,Male,Maharashtra,793346.0,B.A,Marketing Executive
169,Arnav Wable,36,Chennai,Female,Tamil Nadu,546691.0,B.Tech,Bank Clerk
171,Nitara Bora,32,Delhi,Male,Delhi,2290272.0,M.Tech,Software Engineer
173,Seher Sangha,25,Ahmedabad,Male,Gujarat,533206.0,B.Com,Marketing Executive
174,Uthkarsh Vaidya,39,Chennai,Female,Tamil Nadu,1435112.0,PhD,Entrepreneur
175,Mamooty Sha,25,Ahmedabad,Male,Gujarat,1317445.0,MBA,Entrepreneur
176,Neelofar Dara,33,Jaipur,Male,Rajasthan,724237.0,MBA,Accountant
177,Nehmat Subramaniam,26,Delhi,Female,Delhi,552086.0,Diploma,Accountant
178,Misha Wason,34,Bangalore,Female,Karnataka,2288886.0,PhD,Data Scientist
179,Zeeshan Sahni,47,Hyderabad,Male,Telangana,2189856.0,M.Tech,Software Engineer
180,Divij Wable,19,Chennai,Male,Tamil Nadu,1238351.0,MBA,Data Scientist
181,Priyansh Sekhon,38,Mumbai,Male,Maharashtra,2546765.0,PhD,Software Engineer
182,Zain Doctor,33,Chennai,Male,Tamil Nadu,1834940.0,PhD,Software Engineer
183,Uthkarsh Majumdar,37,Jaipur,Male,Rajasthan,1075401.0,MBA,Entrepreneur
184,Samaira Ram,37,Jaipur,Female,Rajasthan,367120.0,Diploma,Security Guard
185,Shamik Bala,48,Mumbai,Female,Maharashtra,564952.0,Diploma,Teacher
187,Nirvi Yohannan,46,Ahmedabad,Male,Gujarat,1016057.0,MSc,Data Scientist
188,Farhan Choudhary,70,Mumbai,Male,Maharashtra,1655178.0,MBA,Entrepreneur
189,Jivika Dash,28,Hyderabad,Male,Telangana,1800112.0,PhD,Doctor
190,Urvi Rout,43,Mumbai,Male,Maharashtra,1742095.0,MBA,Software Engineer
191,Ojas Banik,46,Mumbai,Female,Maharashtra,2383777.0,M.Tech,Finance Manager
192,Zaina Khanna,37,Mumbai,Male,Maharashtra,484084.0,12th Pass,Factory Worker
193,Uthkarsh Gour,40,Bangalore,Female,Karnataka,2490272.0,MSc,Data Scientist
194,Nayantara Bera,29,Bangalore,Female,Karnataka,1548400.0,PhD,Entrepreneur
195,Madhav Baria,41,Ahmedabad,Male,Gujarat,1671955.0,MSc,Data Scientist
196,Ehsaan Dixit,27,Mumbai,Male,Maharashtra,2168807.0,M.Tech,Finance Manager
197,Manjari Datta,33,Mumbai,Male,Maharashtra,1071423.0,MBA,Software Engineer
199,Piya Sandhu,34,Hyderabad,Female,Telangana,2469939.0,PhD,Software Engineer
200,Anya Sura,35,Mumbai,Female,Maharashtra,1890269.0,M.Tech,Entrepreneur
202,Madhup Varughese,36,Hyderabad,Male,Telangana,1719746.0,MSc,Finance Manager
203,Farhan Kumar,46,Mumbai,Female,Maharashtra,2398651.0,M.Tech,Finance Manager
204,Lakshit Atwal,27,Ahmedabad,Male,Gujarat,1239673.0,MSc,Software Engineer
205,Devansh Ravi,18,Chennai,Male,Tamil Nadu,1310509.0,PhD,Entrepreneur
206,Ishaan Kakar,27,Mumbai,Male,Maharashtra,1820561.0,MBA,Doctor
208,Ela Srivastava,24,Delhi,Female,Delhi,2381125.0,PhD,Data Scientist
209,Nishith Bera,33,Chennai,Male,Tamil Nadu,1329492.0,MBA,Entrepreneur
210,Dhanuk Dewan,38,Chennai,Female,Tamil Nadu,757424.0,B.Com,Accountant
211,Madhav Kadakia,23,Kolkata,Male,West Bengal,1402491.0,MBA,Finance Manager
216,Jivika Bahl,33,Mumbai,Male,Maharashtra,487756.0,Diploma,Delivery Agent
217,Adira Agate,32,Mumbai,Female,Maharashtra,2222741.0,M.Tech,Doctor
218,Kashvi Sankaran,33,Ahmedabad,Female,Gujarat,872124.0,PhD,Entrepreneur
219,Baiju Gopal,18,Delhi,Female,Delhi,2168119.0,MSc,Entrepreneur
220,Madhav Kaur,36,Jaipur,Female,Rajasthan,1069850.0,MBA,Software Engineer
221,Himmat Dewan,51,Kolkata,Male,West Bengal,1896522.0,MBA,Doctor
222,Shamik Bhatnagar,41,Bangalore,Female,Karnataka,454788.0,Diploma,Factory Worker
223,Nirvaan Sur,42,Ahmedabad,Male,Gujarat,1071632.0,PhD,Doctor
224,Gokul Chad,25,Ahmedabad,Female,Gujarat,1271194.0,PhD,Data Scientist
225,Miraya Sarraf,32,Chennai,Female,Tamil Nadu,538435.0,B.A,Teacher
226,Ojas Sane,39,Bangalore,Female,Karnataka,2174923.0,M.Tech,Software Engineer
227,Drishya Doshi,27,Bangalore,Female,Karnataka,398359.0,Diploma,Factory Worker
229,Nayantara Tak,31,Bangalore,Female,Karnataka,2457050.0,PhD,Doctor
230,Oorja Dube,43,Bangalore,Male,Karnataka,2586314.0,PhD,Software Engineer
232,Abram Karan,37,Chennai,Male,Tamil Nadu,1833033.0,M.Tech,Finance Manager
233,Gatik Deshpande,47,Bangalore,Female,Karnataka,1303019.0,M.Tech,Data Scientist
234,Lakshay Halder,23,Pune,Female,Maharashtra,915306.0,PhD,Data Scientist
236,Shanaya Basu,37,Delhi,Female,Delhi,1581834.0,M.Tech,Data Scientist
238,Bhamini Sagar,34,Bangalore,Male,Karnataka,2220916.0,MSc,Entrepreneur
239,Kismat Chandran,41,Delhi,Female,Delhi,1358662.0,MSc,Finance Manager
241,Divyansh Agarwal,30,Kolkata,Female,West Bengal,1870530.0,M.Tech,Software Engineer
242,Trisha Ben,32,Chennai,Male,Tamil Nadu,1406586.0,M.Tech,Finance Manager
243,Mamooty Chatterjee,34,Bangalore,Male,Karnataka,1537172.0,MSc,Doctor
244,Nehmat Shah,40,Mumbai,Female,Maharashtra,1330671.0,MSc,Finance Manager
245,Anay Barman,39,Lucknow,Female,Uttar Pradesh,879593.0,MSc,Data Scientist
246,Purab Toor,35,Kolkata,Female,West Bengal,1943134.0,M.Tech,Entrepreneur
247,Riaan Hayre,53,Mumbai,Male,Maharashtra,1777911.0,PhD,Data Scientist
248,Jivin Aurora,35,Kolkata,Female,West Bengal,642615.0,MCA,Accountant
249,Samarth Bumb,42,Mumbai,Female,Maharashtra,761968.0,BBA,HR Manager
251,Ayesha Atwal,34,Mumbai,Male,Maharashtra,522573.0,B.A,Bank Clerk
253,Bhamini Sheth,25,Pune,Male,Maharashtra,559956.0,BBA,Marketing Executive
254,Zara Vig,36,Ahmedabad,Male,Gujarat,665884.0,BSc,HR Manager
255,Hiran Hayer,45,Hyderabad,Male,Telangana,653269.0,MBA,HR Manager
256,Vedika Sama,53,Mumbai,Female,Maharashtra,1473213.0,MSc,Data Scientist
258,Ivana Contractor,32,Ahmedabad,Male,Gujarat,1377053.0,M.Tech,Data Scientist
259,Mamooty Toor,45,Mumbai,Male,Maharashtra,1814986.0,M.Tech,Doctor
260,Eshani Raj,33,Bangalore,Female,Karnataka,898135.0,PhD,Data Scientist
261,Lagan Gade,23,Bangalore,Female,Karnataka,615400.0,BSc,Bank Clerk
262,Mohanlal Aurora,36,Hyderabad,Female,Telangana,2343201.0,M.Tech,Finance Manager
263,Bhavin Khanna,47,Delhi,Female,Delhi,864343.0,MSc,Entrepreneur
264,Samarth Tank,40,Hyderabad,Male,Telangana,2584745.0,M.Tech,Finance Manager
265,Sana Dhar,27,Chennai,Female,Tamil Nadu,725186.0,BBA,Accountant
266,Samiha Thakkar,39,Hyderabad,Male,Telangana,1286913.0,MSc,Doctor
267,Aarav Roy,56,Chennai,Female,Tamil Nadu,1110335.0,PhD,Entrepreneur
268,Seher Setty,31,Lucknow,Female,Uttar Pradesh,777177.0,B.A,Accountant
269,Tarini Khalsa,41,Hyderabad,Female,Telangana,2878261.0,M.Tech,Doctor
270,Neysa Sridhar,39,Bangalore,Female,Karnataka,1789631.0,PhD,Data Scientist
272,Kiara Vyas,31,Chennai,Male,Tamil Nadu,1615389.0,MBA,Finance Manager
273,Nitara Badal,40,Bangalore,Male,Karnataka,1972366.0,M.Tech,Entrepreneur
274,Kartik Ravi,31,Chennai,Female,Tamil Nadu,1965691.0,PhD,Finance Manager
275,Dhanuk Dara,18,Bangalore,Female,Karnataka,2116851.0,PhD,Software Engineer
277,Riya Banik,38,Ahmedabad,Female,Gujarat,1006855.0,PhD,Finance Manager
279,Raunak Dara,29,Bangalore,Female,Karnataka,2908907.0,MBA,Data Scientist
280,Dharmajan Sagar,22,Pune,Female,Maharashtra,761403.0,B.Tech,Marketing Executive
281,Kismat Zacharia,22,Bangalore,Male,Karnataka,945270.0,MSc,Software Engineer
282,Kiaan Ben,40,Mumbai,Male,Maharashtra,2055852.0,MSc,Data Scientist
283,Nitya Cherian,33,Mumbai,Female,Maharashtra,1405970.0,PhD,Entrepreneur
284,Abram Ramakrishnan,36,Mumbai,Female,Maharashtra,967210.0,M.Tech,Software Engineer
286,Rania Sekhon,40,Jaipur,Male,Rajasthan,1054622.0,MSc,Software Engineer
287,Sara Sarma,30,Hyderabad,Female,Telangana,2045763.0,M.Tech,Finance Manager
288,Kavya Bhandari,37,Pune,Male,Maharashtra,1764812.0,PhD,Entrepreneur
290,Aradhya Sami,69,Mumbai,Male,Maharashtra,1732382.0,MSc,Doctor
292,Ira Krish,50,Mumbai,Female,Maharashtra,1475236.0,MSc,Doctor
295,Anya Khalsa,29,Bangalore,Female,Karnataka,1833407.0,M.Tech,Entrepreneur
296,Rati Mani,29,Mumbai,Male,Maharashtra,2515036.0,M.Tech,Data Scientist
297,Zeeshan Behl,43,Ahmedabad,Female,Gujarat,1677494.0,M.Tech,Entrepreneur
298,Chirag Bahl,20,Bangalore,Female,Karnataka,2775368.0,MBA,Data Scientist
299,Diya Ravi,18,Delhi,Female,Delhi,801248.0,MBA,Software Engineer
300,Vihaan Mammen,40,Bangalore,Female,Karnataka,667097.0,MBA,HR Manager
301,Rati Suri,38,Delhi,Male,Delhi,1608697.0,MSc,Entrepreneur
302,Uthkarsh Dhillon,21,Hyderabad,Male,Telangana,2051818.0,MBA,Data Scientist
303,Seher Sharma,48,Kolkata,Female,West Bengal,726746.0,B.A,HR Manager
304,Aarna Gokhale,41,Ahmedabad,Male,Gujarat,1919790.0,PhD,Doctor
305,Ryan Bhatt,31,Bangalore,Female,Karnataka,2749670.0,PhD,Data Scientist
307,Bhavin Magar,42,Pune,Female,Maharashtra,1331911.0,MBA,Software Engineer
308,Priyansh Deol,41,Delhi,Male,Delhi,2850420.0,PhD,Entrepreneur
309,Kismat Kohli,32,Delhi,Female,Delhi,2194148.0,MBA,Doctor
310,Vardaniya Dalal,36,Bangalore,Female,Karnataka,546278.0,B.Com,Bank Clerk
312,Nehmat Tailor,18,Mumbai,Female,Maharashtra,2319735.0,MSc,Doctor
314,Ivan Sankaran,29,Delhi,Male,Delhi,1735015.0,M.Tech,Data Scientist
315,Raunak Karan,20,Kolkata,Male,West Bengal,1882235.0,MSc,Entrepreneur
316,Bhavin Sankar,41,Mumbai,Female,Maharashtra,345834.0,Diploma,Retail Worker
317,Mishti Lad,42,Delhi,Female,Delhi,492143.0,Diploma,Customer Support
318,Kashvi Ganguly,42,Lucknow,Female,Uttar Pradesh,709577.0,BSc,Accountant
320,Charvi Chandran,39,Delhi,Female,Delhi,777853.0,MBA,Bank Clerk
321,Yakshit Dalal,31,Hyderabad,Male,Telangana,2382138.0,MBA,Finance Manager
322,Riya Deshpande,40,Pune,Female,Maharashtra,1728445.0,MSc,Data Scientist
323,Saira Wable,36,Mumbai,Female,Maharashtra,1334001.0,MBA,Doctor
324,Arnav Jaggi,26,Mumbai,Male,Maharashtra,2851405.0,PhD,Software Engineer
325,Nishith Chokshi,34,Mumbai,Male,Maharashtra,1045338.0,PhD,Entrepreneur
326,Kimaya Vora,19,Ahmedabad,Female,Gujarat,1484535.0,MSc,Doctor
327,Tejas Ratti,24,Bangalore,Male,Karnataka,2884139.0,MSc,Data Scientist
328,Shanaya Mallick,29,Mumbai,Male,Maharashtra,2685735.0,M.Tech,Data Scientist
329,Neysa Kumer,41,Hyderabad,Male,Telangana,411067.0,Diploma,Security Guard
331,Neysa Kashyap,42,Hyderabad,Female,Telangana,1137966.0,MBA,Data Scientist
332,Hiran Dalal,56,Mumbai,Male,Maharashtra,1998562.0,PhD,Entrepreneur
333,Anahita Banik,39,Delhi,Female,Delhi,1565386.0,M.Tech,Entrepreneur
334,Samiha Barad,34,Mumbai,Female,Maharashtra,2920963.0,MSc,Data Scientist
335,Taimur Sankaran,57,Ahmedabad,Male,Gujarat,381342.0,12th Pass,Customer Support
336,Tejas Kuruvilla,29,Bangalore,Male,Karnataka,996852.0,MSc,Software Engineer
337,Yuvraj  Chauhan,22,Bangalore,Male,Karnataka,626325.0,Diploma,Accountant
338,Lagan Kade,48,Mumbai,Male,Maharashtra,2958647.0,PhD,Doctor
339,Tara Bath,18,Hyderabad,Female,Telangana,442343.0,Diploma,Delivery Agent
340,Miraan Ravi,25,Ahmedabad,Male,Gujarat,697984.0,B.Tech,HR Manager
341,Mehul Goswami,50,Bangalore,Male,Karnataka,985109.0,MBA,Software Engineer
342,Miraan Chad,23,Ahmedabad,Female,Gujarat,753712.0,B.Com,Bank Clerk
343,Romil Trivedi,34,Kolkata,Female,West Bengal,1633262.0,MSc,Data Scientist
344,Charvi Loyal,19,Hyderabad,Male,Telangana,2727086.0,MBA,Doctor
345,Nirvi Golla,47,Mumbai,Male,Maharashtra,1424368.0,M.Tech,Data Scientist
346,Nishith Date,29,Bangalore,Male,Karnataka,1783833.0,PhD,Entrepreneur
347,Hazel Vora,18,Mumbai,Female,Maharashtra,1563499.0,M.Tech,Finance Manager
349,Hazel Bains,26,Mumbai,Male,Maharashtra,2557813.0,MBA,Entrepreneur
350,Manjari Bhatti,45,Chennai,Male,Tamil Nadu,1468284.0,M.Tech,Software Engineer
351,Kiaan Ramaswamy,30,Delhi,Female,Delhi,2734443.0,M.Tech,Data Scientist
352,Eshani Tak,47,Chennai,Male,Tamil Nadu,1697407.0,M.Tech,Data Scientist
353,Madhup Raja,33,Ahmedabad,Female,Gujarat,766193.0,BBA,Accountant
354,Nitara Ghosh,41,Hyderabad,Male,Telangana,2921972.0,MBA,Entrepreneur
355,Kismat Dash,42,Ahmedabad,Female,Gujarat,899329.0,PhD,Data Scientist
358,Vritika Tripathi,32,Mumbai,Male,Maharashtra,887115.0,MSc,Data Scientist
359,Ahana  Swamy,21,Delhi,Male,Delhi,528984.0,MBA,HR Manager
360,Riaan Bhasin,24,Mumbai,Female,Maharashtra,2454304.0,MBA,Data Scientist
362,Jhanvi Ahuja,43,Ahmedabad,Female,Gujarat,1360318.0,MBA,Finance Manager
363,Zaina Doctor,18,Ahmedabad,Female,Gujarat,1530022.0,MBA,Finance Manager
364,Ojas Mangal,30,Mumbai,Female,Maharashtra,2343915.0,MSc,Doctor
366,Vihaan Raval,25,Kolkata,Female,West Bengal,674886.0,B.A,Accountant
367,Shlok Deshmukh,41,Ahmedabad,Female,Gujarat,537756.0,Diploma,Bank Clerk
368,Charvi Chanda,33,Chennai,Male,Tamil Nadu,1863847.0,PhD,Doctor
369,Dharmajan Reddy,26,Bangalore,Female,Karnataka,2297003.0,MSc,Doctor
370,Zain Bansal,30,Ahmedabad,Female,Gujarat,1828002.0,PhD,Entrepreneur
372,Devansh Dada,26,Mumbai,Female,Maharashtra,617034.0,Diploma,Teacher
373,Myra Bhalla,45,Bangalore,Male,Karnataka,506450.0,B.A,HR Manager
374,Mohanlal Lanka,38,Chennai,Male,Tamil Nadu,756069.0,BBA,HR Manager
375,Trisha Kaur,26,Lucknow,Male,Uttar Pradesh,369232.0,Diploma,Factory Worker
376,Anya Samra,25,Mumbai,Female,Maharashtra,728198.0,B.Com,Teacher
377,Gokul Sarin,47,Kolkata,Male,West Bengal,678178.0,BSc,Accountant
378,Samiha Sem,19,Delhi,Female,Delhi,1727768.0,MSc,Software Engineer
379,Anvi Gulati,32,Bangalore,Male,Karnataka,1577423.0,PhD,Doctor
380,Hansh Kota,46,Kolkata,Male,West Bengal,1337292.0,MBA,Doctor
381,Dhanuk Bora,42,Ahmedabad,Male,Gujarat,1003251.0,MSc,Entrepreneur
382,Azad Ramanathan,43,Chennai,Male,Tamil Nadu,1017423.0,MBA,Software Engineer
384,Hrishita Dhingra,46,Bangalore,Male,Karnataka,778630.0,MCA,Bank Clerk
385,Navya Som,39,Kolkata,Female,West Bengal,1352000.0,M.Tech,Finance Manager
386,Hiran Mani,38,Hyderabad,Female,Telangana,2752867.0,MSc,Software Engineer
387,Divij Dubey,44,Mumbai,Male,Maharashtra,1685827.0,MSc,Finance Manager
388,Umang Gaba,19,Bangalore,Male,Karnataka,1555970.0,M.Tech,Data Scientist
389,Romil Chhabra,40,Mumbai,Female,Maharashtra,2006547.0,M.Tech,Data Scientist
390,Sara Banik,32,Ahmedabad,Female,Gujarat,762609.0,B.A,Bank Clerk
391,Zara Bhatia,28,Hyderabad,Male,Telangana,2645101.0,MBA,Entrepreneur
392,Yasmin Wadhwa,42,Ahmedabad,Female,Gujarat,1080251.0,MSc,Entrepreneur
365,Baiju Iyengar,35,Delhi,Male,Delhi,1587270.0,MSc,Doctor
393,Oorja Tak,46,Mumbai,Female,Maharashtra,304211.0,12th Pass,Customer Support
394,Nirvaan Borra,18,Kolkata,Male,West Bengal,571879.0,B.Tech,Teacher
395,Krish Raja,31,Bangalore,Female,Karnataka,1658619.0,PhD,Doctor
397,Taimur Krishnamurthy,32,Hyderabad,Female,Telangana,1953079.0,MBA,Finance Manager
399,Ranbir Gade,32,Ahmedabad,Male,Gujarat,890452.0,MSc,Doctor
400,Gokul Bahl,37,Kolkata,Male,West Bengal,1961975.0,MBA,Software Engineer
401,Jayesh Bansal,28,Delhi,Male,Delhi,650444.0,MCA,Teacher
402,Azad Samra,31,Ahmedabad,Female,Gujarat,1910371.0,M.Tech,Entrepreneur
403,Prisha Dugar,37,Mumbai,Female,Maharashtra,2579495.0,MSc,Data Scientist
405,Ela Kadakia,26,Bangalore,Male,Karnataka,1914876.0,PhD,Data Scientist
406,Stuvan Tella,55,Hyderabad,Male,Telangana,2426114.0,MBA,Data Scientist
407,Anahi Sundaram,35,Hyderabad,Male,Telangana,1135894.0,M.Tech,Entrepreneur
410,Raghav Rajan,44,Bangalore,Female,Karnataka,415476.0,Diploma,Security Guard
411,Emir Sem,50,Ahmedabad,Female,Gujarat,586313.0,Diploma,HR Manager
412,Taimur Samra,36,Mumbai,Female,Maharashtra,1935729.0,MSc,Data Scientist
413,Stuvan Tripathi,31,Mumbai,Male,Maharashtra,465025.0,12th Pass,Retail Worker
414,Ahana  Kalla,40,Jaipur,Female,Rajasthan,580680.0,B.Tech,Teacher
415,Armaan Shanker,27,Mumbai,Male,Maharashtra,2372099.0,M.Tech,Doctor
416,Purab Sagar,28,Delhi,Female,Delhi,2418765.0,MBA,Data Scientist
417,Riya Bala,32,Pune,Male,Maharashtra,907100.0,MBA,Entrepreneur
419,Darshit Dutt,18,Hyderabad,Female,Telangana,1594903.0,MSc,Finance Manager
420,Rohan Swamy,49,Mumbai,Male,Maharashtra,1808457.0,PhD,Software Engineer
421,Sara Rajagopal,25,Kolkata,Female,West Bengal,374816.0,Diploma,Retail Worker
422,Pihu Dhar,41,Chennai,Male,Tamil Nadu,1377519.0,MSc,Doctor
423,Chirag Gandhi,28,Mumbai,Male,Maharashtra,2364474.0,PhD,Data Scientist
424,Devansh Iyer,35,Hyderabad,Female,Telangana,2688032.0,M.Tech,Doctor
425,Anaya Ratta,38,Mumbai,Female,Maharashtra,1156643.0,M.Tech,Software Engineer
426,Riaan Vyas,39,Mumbai,Female,Maharashtra,620357.0,B.A,HR Manager
427,Ishaan Batra,41,Hyderabad,Female,Telangana,978994.0,MSc,Software Engineer
429,Mahika Lalla,24,Ahmedabad,Female,Gujarat,1516591.0,MSc,Software Engineer
431,Aarna Raman,48,Chennai,Female,Tamil Nadu,1461246.0,MBA,Doctor
432,Emir Sachdeva,30,Ahmedabad,Female,Gujarat,1735231.0,MSc,Software Engineer
433,Eva Trivedi,31,Mumbai,Male,Maharashtra,827688.0,MBA,Data Scientist
434,Ranbir Bassi,22,Bangalore,Male,Karnataka,1731664.0,MBA,Doctor
435,Arhaan Goswami,31,Lucknow,Male,Uttar Pradesh,1108391.0,MSc,Data Scientist
437,Parinaaz Seshadri,38,Kolkata,Female,West Bengal,1677953.0,PhD,Doctor
438,Ahana  Savant,40,Chennai,Female,Tamil Nadu,1039721.0,PhD,Software Engineer
439,Inaaya  Shetty,47,Hyderabad,Male,Telangana,2503372.0,M.Tech,Software Engineer
440,Anika Gulati,18,Hyderabad,Male,Telangana,2955942.0,PhD,Data Scientist
441,Anahita Bobal,36,Delhi,Female,Delhi,2921612.0,PhD,Finance Manager
442,Mehul Ramakrishnan,54,Kolkata,Male,West Bengal,1167253.0,M.Tech,Software Engineer
443,Navya Kashyap,32,Bangalore,Male,Karnataka,1880853.0,MBA,Software Engineer
444,Mamooty Kapoor,43,Ahmedabad,Female,Gujarat,1764188.0,M.Tech,Software Engineer
446,Damini Saxena,44,Pune,Female,Maharashtra,1709481.0,MSc,Data Scientist
447,Vritika Karnik,44,Hyderabad,Male,Telangana,2290417.0,PhD,Data Scientist
448,Badal Yohannan,33,Hyderabad,Male,Telangana,481997.0,12th Pass,Retail Worker
449,Zain Sule,25,Delhi,Male,Delhi,1216303.0,M.Tech,Software Engineer
450,Chirag Shah,43,Bangalore,Female,Karnataka,553253.0,BBA,Bank Clerk
451,Aarush Shan,43,Pune,Female,Maharashtra,1157187.0,M.Tech,Data Scientist
453,Dhanuk Char,29,Chennai,Male,Tamil Nadu,1706114.0,MBA,Doctor
454,Ranbir Tandon,29,Delhi,Female,Delhi,1182279.0,MBA,Doctor
458,Vedika Agrawal,21,Kolkata,Male,West Bengal,998507.0,PhD,Doctor
459,Advika Verma,34,Hyderabad,Female,Telangana,2800449.0,M.Tech,Software Engineer
460,Kabir Thaker,23,Ahmedabad,Male,Gujarat,1597137.0,M.Tech,Entrepreneur
461,Lagan Vyas,18,Mumbai,Female,Maharashtra,383818.0,Diploma,Retail Worker
462,Manikya Gole,28,Kolkata,Male,West Bengal,1128569.0,MSc,Finance Manager
464,Manikya Doctor,48,Jaipur,Female,Rajasthan,842454.0,M.Tech,Entrepreneur
465,Purab Kalita,31,Bangalore,Female,Karnataka,1318255.0,MBA,Finance Manager
466,Arhaan Dada,37,Bangalore,Male,Karnataka,1385356.0,M.Tech,Finance Manager
467,Vaibhav Rama,43,Kolkata,Male,West Bengal,1112892.0,MBA,Entrepreneur
469,Zaina Jha,29,Ahmedabad,Male,Gujarat,1744236.0,PhD,Data Scientist
470,Bhavin Chowdhury,32,Mumbai,Male,Maharashtra,544385.0,B.Tech,Accountant
471,Vivaan Guha,20,Lucknow,Female,Uttar Pradesh,1114953.0,PhD,Data Scientist
472,Raghav Kala,29,Mumbai,Female,Maharashtra,1320770.0,MSc,Finance Manager
473,Lakshit Bhatia,38,Delhi,Male,Delhi,1872313.0,PhD,Doctor
474,Aarna Dugal,18,Hyderabad,Male,Telangana,1858129.0,M.Tech,Entrepreneur
476,Reyansh Varughese,40,Chennai,Male,Tamil Nadu,751260.0,MBA,HR Manager
477,Indrajit Contractor,38,Ahmedabad,Female,Gujarat,621457.0,Diploma,Marketing Executive
478,Lagan Mani,39,Bangalore,Female,Karnataka,2632941.0,M.Tech,Doctor
479,Trisha Sengupta,41,Mumbai,Male,Maharashtra,1066572.0,MBA,Software Engineer
482,Fateh Lall,43,Delhi,Male,Delhi,827276.0,M.Tech,Software Engineer
483,Vardaniya Devi,27,Hyderabad,Male,Telangana,543304.0,B.Com,HR Manager
484,Hrishita Ramesh,30,Mumbai,Female,Maharashtra,1866969.0,PhD,Finance Manager
485,Kiara Joshi,18,Mumbai,Female,Maharashtra,2748126.0,PhD,Software Engineer
486,Yakshit Tata,52,Mumbai,Female,Maharashtra,2423244.0,MBA,Entrepreneur
487,Jiya Sundaram,18,Mumbai,Female,Maharashtra,1017534.0,PhD,Entrepreneur
488,Ira Mandal,25,Hyderabad,Male,Telangana,472061.0,12th Pass,Customer Support
489,Nitara Sawhney,37,Ahmedabad,Female,Gujarat,572664.0,MCA,Marketing Executive
490,Dhanush Tata,37,Jaipur,Male,Rajasthan,616031.0,B.A,Accountant
492,Advika Chakraborty,18,Lucknow,Male,Uttar Pradesh,902066.0,MSc,Data Scientist
493,Divyansh Sethi,24,Jaipur,Male,Rajasthan,311518.0,12th Pass,Factory Worker
494,Vedika Walia,30,Kolkata,Male,West Bengal,1704220.0,M.Tech,Entrepreneur
495,Kismat Sahota,40,Mumbai,Female,Maharashtra,1679740.0,M.Tech,Data Scientist
496,Nishith Raj,35,Delhi,Male,Delhi,1507664.0,M.Tech,Software Engineer
497,Vardaniya Bhat,50,Mumbai,Male,Maharashtra,2950298.0,M.Tech,Doctor
498,Shray Kari,23,Delhi,Male,Delhi,2874700.0,M.Tech,Doctor
499,Yuvraj  Kumar,53,Bangalore,Male,Karnataka,1528971.0,PhD,Data Scientist
501,Pari Sahota,40,Pune,Female,Maharashtra,1568336.0,M.Tech,Data Scientist
502,Neysa Borde,18,Chennai,Male,Tamil Nadu,781439.0,MCA,Teacher
503,Dhanush Raval,19,Kolkata,Male,West Bengal,1849808.0,PhD,Software Engineer
505,Pihu Krishnan,35,Pune,Male,Maharashtra,703600.0,BBA,Marketing Executive
506,Anahita Agarwal,28,Bangalore,Male,Karnataka,2371802.0,MSc,Software Engineer
507,Rasha Master,47,Delhi,Female,Delhi,2460033.0,M.Tech,Entrepreneur
508,Pihu Chaudhry,36,Delhi,Female,Delhi,1570337.0,MSc,Data Scientist
509,Alisha Chana,18,Ahmedabad,Male,Gujarat,1196191.0,MBA,Finance Manager
510,Lavanya Kant,57,Jaipur,Male,Rajasthan,352892.0,Diploma,Customer Support
511,Aradhya Badal,44,Delhi,Female,Delhi,514595.0,MCA,Bank Clerk
512,Badal Sanghvi,37,Bangalore,Female,Karnataka,2105981.0,PhD,Doctor
513,Charvi Bose,25,Hyderabad,Male,Telangana,1796238.0,PhD,Data Scientist
514,Shalv Cherian,37,Bangalore,Female,Karnataka,1101733.0,MSc,Data Scientist
515,Hazel Sachar,40,Jaipur,Male,Rajasthan,995557.0,MBA,Entrepreneur
517,Jiya Barman,26,Bangalore,Male,Karnataka,2910450.0,MBA,Finance Manager
518,Anahi Dara,18,Delhi,Female,Delhi,2605127.0,M.Tech,Finance Manager
519,Mamooty Bal,36,Delhi,Female,Delhi,1504850.0,PhD,Data Scientist
522,Madhup Dada,27,Mumbai,Female,Maharashtra,1505459.0,M.Tech,Doctor
523,Miraya Rau,32,Mumbai,Male,Maharashtra,550809.0,BSc,Accountant
524,Hazel Char,53,Bangalore,Female,Karnataka,907149.0,M.Tech,Data Scientist
525,Kanav Bumb,18,Chennai,Male,Tamil Nadu,1397428.0,PhD,Data Scientist
526,Riya Borde,40,Hyderabad,Female,Telangana,2214003.0,MBA,Entrepreneur
527,Drishya Mannan,30,Bangalore,Female,Karnataka,980129.0,PhD,Entrepreneur
528,Anya Char,30,Mumbai,Female,Maharashtra,918268.0,MBA,Doctor
529,Kiara Bora,29,Chennai,Male,Tamil Nadu,472125.0,12th Pass,Factory Worker
530,Alisha Wali,37,Mumbai,Male,Maharashtra,372890.0,12th Pass,Retail Worker
531,Zain Kibe,42,Ahmedabad,Female,Gujarat,858978.0,M.Tech,Data Scientist
532,Azad Ravi,35,Chennai,Female,Tamil Nadu,1470552.0,MBA,Finance Manager
533,Nehmat Guha,53,Hyderabad,Male,Telangana,2031111.0,MSc,Data Scientist
534,Faiyaz Tripathi,31,Pune,Male,Maharashtra,1875533.0,MSc,Finance Manager
535,Kismat Kamdar,42,Hyderabad,Female,Telangana,1498028.0,MSc,Finance Manager
536,Eshani Kala,18,Delhi,Female,Delhi,1793252.0,MSc,Data Scientist
537,Dharmajan Shah,20,Bangalore,Female,Karnataka,1154915.0,MSc,Data Scientist
538,Aarav Gera,35,Bangalore,Female,Karnataka,1565277.0,MBA,Software Engineer
539,Hrishita Borde,32,Ahmedabad,Female,Gujarat,1145717.0,M.Tech,Doctor
541,Aaryahi Kadakia,44,Mumbai,Female,Maharashtra,675685.0,B.Tech,Bank Clerk
542,Zaina Chatterjee,37,Mumbai,Female,Maharashtra,495993.0,Diploma,Customer Support
543,Mohanlal Batra,35,Mumbai,Female,Maharashtra,2735665.0,MBA,Finance Manager
544,Sahil Buch,34,Ahmedabad,Female,Gujarat,1766875.0,MSc,Software Engineer
545,Amira Batta,53,Bangalore,Male,Karnataka,319312.0,Diploma,Factory Worker
547,Sana Madan,43,Bangalore,Female,Karnataka,867607.0,MBA,Data Scientist
548,Samarth D’Alia,48,Ahmedabad,Male,Gujarat,1888437.0,MSc,Finance Manager
550,Hridaan Kanda,19,Jaipur,Female,Rajasthan,789982.0,B.Com,Teacher
551,Anaya Banerjee,52,Delhi,Male,Delhi,1854104.0,M.Tech,Software Engineer
552,Sana Ahuja,36,Mumbai,Female,Maharashtra,2357503.0,MSc,Data Scientist
553,Kashvi Sankar,35,Delhi,Female,Delhi,2934668.0,MBA,Finance Manager
555,Reyansh Arora,56,Kolkata,Female,West Bengal,939293.0,MSc,Software Engineer
556,Khushi Bhalla,38,Ahmedabad,Male,Gujarat,1637915.0,M.Tech,Software Engineer
557,Nitara Aggarwal,36,Bangalore,Male,Karnataka,754892.0,B.Tech,Marketing Executive
559,Neelofar Ratti,36,Delhi,Male,Delhi,360556.0,Diploma,Retail Worker
560,Manjari Buch,28,Hyderabad,Male,Telangana,2032774.0,MBA,Finance Manager
561,Nakul Hari,44,Mumbai,Female,Maharashtra,811503.0,MSc,Entrepreneur
562,Nirvi Bose,42,Mumbai,Female,Maharashtra,594398.0,B.Com,Teacher
563,Vivaan Tella,19,Delhi,Female,Delhi,2924983.0,PhD,Software Engineer
564,Rania Shetty,45,Hyderabad,Female,Telangana,757779.0,MBA,Bank Clerk
565,Umang Ravel,33,Bangalore,Female,Karnataka,1448491.0,MSc,Doctor
566,Hiran Bawa,40,Mumbai,Male,Maharashtra,2144981.0,MSc,Entrepreneur
567,Jivika Sachdeva,42,Bangalore,Female,Karnataka,1325198.0,MBA,Data Scientist
568,Tejas Buch,60,Hyderabad,Male,Telangana,2991961.0,PhD,Software Engineer
570,Krish Kalla,27,Pune,Male,Maharashtra,993006.0,PhD,Entrepreneur
571,Faiyaz Sekhon,31,Bangalore,Female,Karnataka,1403291.0,MBA,Software Engineer
572,Indrajit Biswas,60,Pune,Male,Maharashtra,1840587.0,MSc,Data Scientist
573,Ishita Bera,38,Pune,Female,Maharashtra,1368533.0,PhD,Finance Manager
574,Inaaya  Dube,23,Lucknow,Female,Uttar Pradesh,705718.0,B.A,Teacher
575,Kimaya Borde,30,Delhi,Male,Delhi,2318617.0,MBA,Doctor
576,Azad Kanda,40,Mumbai,Male,Maharashtra,1619996.0,M.Tech,Data Scientist
577,Mamooty Seth,43,Ahmedabad,Female,Gujarat,1813246.0,M.Tech,Entrepreneur
578,Tanya Dora,33,Delhi,Female,Delhi,378048.0,Diploma,Retail Worker
580,Ela Tripathi,34,Pune,Male,Maharashtra,702595.0,B.Tech,Bank Clerk
581,Priyansh Hegde,49,Ahmedabad,Male,Gujarat,879694.0,MSc,Data Scientist
582,Faiyaz Acharya,33,Delhi,Female,Delhi,2630460.0,MBA,Software Engineer
583,Lakshit Bakshi,36,Hyderabad,Male,Telangana,2859207.0,M.Tech,Software Engineer
584,Jhanvi Chandran,22,Bangalore,Female,Karnataka,594593.0,MBA,Bank Clerk
585,Emir Gokhale,21,Chennai,Female,Tamil Nadu,1057328.0,PhD,Data Scientist
586,Jhanvi Jayaraman,21,Kolkata,Female,West Bengal,1413457.0,PhD,Entrepreneur
587,Bhamini Kanda,32,Bangalore,Female,Karnataka,2235245.0,MSc,Finance Manager
588,Zara Khosla,23,Lucknow,Male,Uttar Pradesh,780989.0,B.Com,HR Manager
589,Badal Varughese,41,Chennai,Male,Tamil Nadu,781136.0,Diploma,Bank Clerk
590,Eshani Sura,19,Delhi,Female,Delhi,2065689.0,M.Tech,Software Engineer
591,Advik Dua,42,Delhi,Male,Delhi,330366.0,Diploma,Delivery Agent
593,Heer Badal,34,Jaipur,Male,Rajasthan,909302.0,M.Tech,Finance Manager
594,Advika Sekhon,41,Ahmedabad,Male,Gujarat,1828886.0,PhD,Doctor
595,Mishti Taneja,31,Chennai,Female,Tamil Nadu,581945.0,B.Com,Marketing Executive
596,Zara Basak,48,Delhi,Male,Delhi,2438852.0,M.Tech,Entrepreneur
598,Dhruv Walla,45,Mumbai,Female,Maharashtra,710492.0,Diploma,Accountant
599,Tejas Rege,59,Bangalore,Female,Karnataka,2303130.0,MBA,Finance Manager
600,Vanya Varkey,33,Pune,Female,Maharashtra,1080976.0,MSc,Finance Manager
601,Kaira Iyer,39,Delhi,Female,Delhi,1321175.0,PhD,Software Engineer
603,Amira Yadav,18,Hyderabad,Female,Telangana,2184143.0,M.Tech,Doctor
604,Samaira Choudhary,55,Hyderabad,Male,Telangana,1713883.0,MBA,Doctor
605,Ojas Chana,52,Pune,Male,Maharashtra,1661337.0,MBA,Entrepreneur
606,Abram Shere,34,Delhi,Female,Delhi,2081192.0,MSc,Software Engineer
607,Rhea Bahri,34,Chennai,Male,Tamil Nadu,1245839.0,MBA,Software Engineer
608,Ira Shere,32,Chennai,Female,Tamil Nadu,568366.0,B.Com,Accountant
609,Aarav Rout,39,Delhi,Female,Delhi,2265121.0,MSc,Entrepreneur
610,Jayant Brar,39,Mumbai,Female,Maharashtra,686013.0,B.Tech,Accountant
613,Trisha Dutt,34,Chennai,Male,Tamil Nadu,525007.0,MCA,Accountant
614,Nirvi Bora,37,Delhi,Male,Delhi,2303511.0,PhD,Entrepreneur
615,Yakshit Bhalla,44,Delhi,Female,Delhi,493785.0,Diploma,Security Guard
616,Zoya Dayal,48,Hyderabad,Male,Telangana,888606.0,MSc,Software Engineer
618,Hansh Kurian,37,Delhi,Male,Delhi,1052000.0,PhD,Data Scientist
619,Vaibhav Bahl,33,Mumbai,Female,Maharashtra,353627.0,Diploma,Security Guard
620,Samarth Gera,23,Delhi,Male,Delhi,914283.0,MBA,Software Engineer
621,Anya Karan,43,Hyderabad,Female,Telangana,1101812.0,M.Tech,Doctor
622,Drishya Bandi,59,Ahmedabad,Female,Gujarat,1866676.0,MBA,Entrepreneur
625,Indrans Saraf,40,Hyderabad,Female,Telangana,2545244.0,MSc,Finance Manager
627,Sara Vora,22,Delhi,Female,Delhi,1674280.0,MBA,Data Scientist
628,Abram Bhat,39,Delhi,Female,Delhi,1123261.0,PhD,Doctor
630,Taran Kala,35,Delhi,Female,Delhi,2060733.0,M.Tech,Finance Manager
631,Aniruddh Jha,38,Delhi,Male,Delhi,470221.0,Diploma,Retail Worker
632,Madhav Das,37,Delhi,Female,Delhi,1314438.0,MSc,Doctor
634,Madhav Gala,45,Mumbai,Female,Maharashtra,2563743.0,MSc,Software Engineer
635,Nirvaan Raval,30,Bangalore,Female,Karnataka,804110.0,PhD,Software Engineer
637,Anika Yohannan,40,Kolkata,Male,West Bengal,1539410.0,MBA,Entrepreneur
638,Samaira Rana,35,Delhi,Female,Delhi,2204345.0,MBA,Doctor
639,Kaira Iyer,41,Chennai,Male,Tamil Nadu,693931.0,MCA,Bank Clerk
640,Aarush Ray,30,Ahmedabad,Male,Gujarat,1771078.0,MSc,Software Engineer
641,Sumer Bahri,64,Chennai,Female,Tamil Nadu,948421.0,M.Tech,Entrepreneur
642,Tara Singhal,18,Delhi,Male,Delhi,1172868.0,MBA,Finance Manager
643,Yuvraj  Ratti,33,Mumbai,Male,Maharashtra,1420641.0,MBA,Software Engineer
645,Raghav Gole,51,Delhi,Female,Delhi,504884.0,MBA,Bank Clerk
648,Priyansh Ratta,26,Delhi,Male,Delhi,2790220.0,MSc,Software Engineer
649,Akarsh Basu,21,Mumbai,Male,Maharashtra,1498247.0,MSc,Software Engineer
650,Nitara Kapoor,18,Mumbai,Male,Maharashtra,2308282.0,M.Tech,Data Scientist
651,Nakul Bhavsar,33,Delhi,Female,Delhi,517600.0,BBA,Accountant
652,Ela Balan,23,Chennai,Female,Tamil Nadu,1667175.0,M.Tech,Software Engineer
653,Ryan Cheema,18,Chennai,Male,Tamil Nadu,1276762.0,MBA,Entrepreneur
656,Devansh Loke,39,Delhi,Female,Delhi,2983588.0,PhD,Finance Manager
657,Devansh Tara,36,Ahmedabad,Female,Gujarat,1221199.0,MSc,Doctor
658,Jhanvi Chandran,33,Mumbai,Female,Maharashtra,638897.0,BSc,Marketing Executive
659,Kismat Halder,34,Delhi,Male,Delhi,1813890.0,PhD,Doctor
660,Nishith Ganguly,37,Delhi,Female,Delhi,542376.0,B.Com,HR Manager
661,Divyansh Ramachandran,40,Ahmedabad,Male,Gujarat,1611752.0,MBA,Data Scientist
662,Misha Dash,36,Mumbai,Male,Maharashtra,951461.0,PhD,Data Scientist
663,Renee Bhasin,48,Kolkata,Male,West Bengal,781821.0,B.A,Accountant
664,Mannat Varghese,42,Delhi,Female,Delhi,2335820.0,M.Tech,Finance Manager
665,Anay Buch,42,Ahmedabad,Female,Gujarat,882874.0,PhD,Data Scientist
666,Anya Sur,62,Mumbai,Male,Maharashtra,2202969.0,M.Tech,Data Scientist
667,Saira Ratta,44,Bangalore,Male,Karnataka,587653.0,MBA,Marketing Executive
668,Piya Kumer,54,Kolkata,Male,West Bengal,546700.0,MCA,HR Manager
669,Alia Anne,29,Pune,Male,Maharashtra,1179769.0,MSc,Software Engineer
670,Kiaan Lad,27,Delhi,Male,Delhi,2361877.0,MSc,Software Engineer
671,Advik Sodhi,30,Chennai,Male,Tamil Nadu,1491285.0,PhD,Doctor
673,Aayush Kanda,19,Bangalore,Male,Karnataka,1235975.0,MSc,Data Scientist
674,Zara Upadhyay,37,Chennai,Female,Tamil Nadu,1255410.0,MSc,Finance Manager
675,Arhaan De,23,Delhi,Female,Delhi,317458.0,Diploma,Factory Worker
676,Badal Gara,45,Delhi,Male,Delhi,1591693.0,MBA,Entrepreneur
677,Fateh Bassi,34,Bangalore,Male,Karnataka,964850.0,MBA,Data Scientist
678,Anahi Tella,27,Mumbai,Male,Maharashtra,2365748.0,MBA,Entrepreneur
679,Nishith Rout,34,Hyderabad,Female,Telangana,565416.0,B.A,Marketing Executive
680,Sara Sharma,37,Mumbai,Female,Maharashtra,2499911.0,MSc,Software Engineer
681,Aarna Borah,42,Bangalore,Male,Karnataka,2323984.0,PhD,Doctor
682,Seher Ghosh,37,Mumbai,Male,Maharashtra,1366739.0,MBA,Software Engineer
683,Myra Bhatt,31,Kolkata,Female,West Bengal,590872.0,Diploma,Teacher
685,Aayush Rastogi,29,Delhi,Male,Delhi,1805624.0,MSc,Doctor
686,Indranil Kunda,36,Mumbai,Female,Maharashtra,2213894.0,M.Tech,Doctor
687,Seher Gupta,22,Ahmedabad,Female,Gujarat,1476415.0,MBA,Software Engineer
688,Vivaan Biswas,52,Jaipur,Male,Rajasthan,736430.0,BSc,Accountant
689,Raunak Suresh,24,Hyderabad,Female,Telangana,1256755.0,MBA,Entrepreneur
690,Vardaniya Sabharwal,18,Bangalore,Male,Karnataka,2779903.0,MBA,Finance Manager
691,Kabir Tak,40,Pune,Male,Maharashtra,941947.0,MBA,Entrepreneur
692,Anahi Arora,34,Bangalore,Female,Karnataka,684962.0,MBA,Marketing Executive
693,Suhana Zacharia,41,Lucknow,Female,Uttar Pradesh,881157.0,MBA,Software Engineer
694,Samiha Sha,45,Ahmedabad,Female,Gujarat,1665952.0,MBA,Software Engineer
695,Mishti Grover,37,Hyderabad,Female,Telangana,1754383.0,PhD,Entrepreneur
697,Nitara Lall,32,Hyderabad,Female,Telangana,1732411.0,MSc,Finance Manager
698,Jivin Bava,18,Delhi,Male,Delhi,2992478.0,M.Tech,Software Engineer
699,Navya Dutt,31,Chennai,Female,Tamil Nadu,1817318.0,M.Tech,Entrepreneur
700,Ishita Som,18,Chennai,Male,Tamil Nadu,1466010.0,PhD,Doctor
701,Riaan Sinha,40,Chennai,Male,Tamil Nadu,1000015.0,MSc,Entrepreneur
702,Faiyaz Kapoor,36,Ahmedabad,Female,Gujarat,1513929.0,M.Tech,Software Engineer
703,Suhana Sem,22,Delhi,Male,Delhi,856584.0,PhD,Data Scientist
704,Madhav Sabharwal,29,Mumbai,Female,Maharashtra,2996780.0,PhD,Finance Manager
705,Inaaya  Bala,29,Mumbai,Male,Maharashtra,680063.0,BBA,Teacher
706,Alisha Subramaniam,51,Bangalore,Female,Karnataka,1568973.0,MBA,Data Scientist
708,Mamooty Sachar,50,Kolkata,Female,West Bengal,385305.0,Diploma,Delivery Agent
709,Kashvi Agate,26,Delhi,Female,Delhi,2639641.0,MSc,Doctor
710,Hiran Walla,21,Delhi,Female,Delhi,2934058.0,MBA,Doctor
712,Onkar Gade,22,Chennai,Male,Tamil Nadu,1343691.0,M.Tech,Finance Manager
713,Ela Raman,36,Chennai,Male,Tamil Nadu,1653211.0,MSc,Data Scientist
714,Tarini Bandi,41,Ahmedabad,Female,Gujarat,1276168.0,M.Tech,Finance Manager
715,Misha Varma,18,Mumbai,Male,Maharashtra,599765.0,B.Tech,Marketing Executive
716,Lakshay Gupta,44,Delhi,Male,Delhi,1048349.0,M.Tech,Doctor
717,Nirvi Grewal,40,Mumbai,Female,Maharashtra,2349872.0,MBA,Doctor
718,Jivika Shroff,36,Hyderabad,Male,Telangana,2530852.0,MBA,Software Engineer
719,Umang Basak,40,Hyderabad,Female,Telangana,1403026.0,M.Tech,Software Engineer
720,Riaan Sawhney,25,Ahmedabad,Female,Gujarat,1462756.0,PhD,Data Scientist
721,Diya Rau,24,Delhi,Female,Delhi,1063425.0,MBA,Doctor
722,Khushi Tailor,36,Mumbai,Male,Maharashtra,1492477.0,M.Tech,Data Scientist
723,Advik Yohannan,34,Mumbai,Male,Maharashtra,851359.0,MBA,Software Engineer
724,Adira Kunda,18,Mumbai,Male,Maharashtra,1510439.0,PhD,Entrepreneur
725,Trisha Kamdar,35,Delhi,Male,Delhi,2501187.0,M.Tech,Data Scientist
727,Ehsaan Kadakia,50,Pune,Female,Maharashtra,783823.0,MBA,Accountant
728,Piya Bava,19,Mumbai,Female,Maharashtra,1331252.0,PhD,Data Scientist
729,Mamooty Barman,52,Jaipur,Female,Rajasthan,333860.0,12th Pass,Delivery Agent
730,Shanaya Khalsa,38,Delhi,Female,Delhi,2575705.0,MBA,Data Scientist
731,Abram Sura,44,Ahmedabad,Female,Gujarat,1897506.0,PhD,Finance Manager
732,Indrans Goel,54,Bangalore,Female,Karnataka,1592253.0,MBA,Doctor
733,Piya Deshpande,37,Bangalore,Female,Karnataka,2122866.0,PhD,Entrepreneur
735,Akarsh Madan,50,Mumbai,Male,Maharashtra,406868.0,12th Pass,Factory Worker
737,Nayantara Din,50,Hyderabad,Male,Telangana,2768497.0,MSc,Data Scientist
738,Jayant Gala,35,Delhi,Female,Delhi,1600962.0,MBA,Software Engineer
739,Aarav Sankar,41,Mumbai,Female,Maharashtra,2342877.0,PhD,Software Engineer
740,Dhanush Iyengar,39,Ahmedabad,Female,Gujarat,1387708.0,MBA,Data Scientist
741,Aradhya Srinivasan,36,Hyderabad,Female,Telangana,545549.0,MCA,Marketing Executive
742,Vivaan Wable,49,Kolkata,Male,West Bengal,663410.0,BBA,HR Manager
743,Vanya Dhar,25,Delhi,Male,Delhi,1381063.0,PhD,Finance Manager
744,Zoya Subramaniam,54,Chennai,Male,Tamil Nadu,994918.0,MBA,Doctor
745,Prerak Ghosh,48,Hyderabad,Male,Telangana,2476498.0,MSc,Entrepreneur
746,Mamooty Varma,42,Mumbai,Male,Maharashtra,1636580.0,MBA,Doctor
747,Keya Bhardwaj,24,Lucknow,Male,Uttar Pradesh,334201.0,Diploma,Factory Worker
748,Charvi Ravi,46,Hyderabad,Male,Telangana,2065783.0,M.Tech,Entrepreneur
749,Dharmajan Bhatnagar,20,Chennai,Female,Tamil Nadu,1182507.0,M.Tech,Doctor
751,Nirvi Khurana,37,Bangalore,Female,Karnataka,1315642.0,MBA,Data Scientist
752,Sana Gill,47,Bangalore,Male,Karnataka,1233666.0,MBA,Software Engineer
753,Myra Balay,35,Delhi,Male,Delhi,858203.0,M.Tech,Data Scientist
755,Jivin Som,34,Mumbai,Female,Maharashtra,2796540.0,PhD,Data Scientist
758,Onkar Kanda,38,Delhi,Male,Delhi,362208.0,Diploma,Customer Support
759,Ryan Warrior,20,Kolkata,Male,West Bengal,1222625.0,PhD,Data Scientist
760,Saira Kibe,47,Delhi,Male,Delhi,1502306.0,M.Tech,Software Engineer
761,Ivan Bains,27,Pune,Male,Maharashtra,580831.0,MBA,Bank Clerk
762,Romil Deol,37,Delhi,Female,Delhi,1088084.0,PhD,Doctor
763,Amira Rattan,36,Mumbai,Male,Maharashtra,2926238.0,MBA,Finance Manager
764,Dharmajan Shankar,33,Pune,Male,Maharashtra,1790806.0,MSc,Data Scientist
765,Myra Ramakrishnan,25,Mumbai,Male,Maharashtra,2404652.0,MSc,Entrepreneur
766,Jivin Konda,57,Mumbai,Female,Maharashtra,2101574.0,PhD,Finance Manager
767,Nitara Buch,25,Bangalore,Female,Karnataka,1377342.0,PhD,Doctor
768,Shalv Anand,33,Pune,Male,Maharashtra,1973802.0,MBA,Data Scientist
769,Ishita Yohannan,45,Delhi,Female,Delhi,1286427.0,MSc,Software Engineer
770,Romil Ramanathan,43,Delhi,Female,Delhi,489679.0,12th Pass,Customer Support
771,Saanvi Guha,29,Hyderabad,Female,Telangana,1825435.0,M.Tech,Entrepreneur
772,Riya Agrawal,52,Bangalore,Male,Karnataka,1668436.0,PhD,Data Scientist
774,Faiyaz Warrior,44,Delhi,Male,Delhi,2739444.0,M.Tech,Doctor
775,Neelofar Rau,31,Ahmedabad,Male,Gujarat,808949.0,MBA,Entrepreneur
778,Umang Kale,25,Kolkata,Male,West Bengal,1509047.0,MBA,Finance Manager
779,Ehsaan Chakrabarti,25,Hyderabad,Female,Telangana,2310566.0,MSc,Software Engineer
780,Jiya Thaman,39,Ahmedabad,Female,Gujarat,1755673.0,MSc,Finance Manager
782,Shray Thakkar,43,Bangalore,Female,Karnataka,2773414.0,M.Tech,Software Engineer
783,Aradhya Bail,29,Chennai,Male,Tamil Nadu,1180027.0,M.Tech,Doctor
784,Zoya Barad,30,Delhi,Male,Delhi,2002255.0,MSc,Data Scientist
785,Manjari Bains,33,Mumbai,Male,Maharashtra,2302429.0,MSc,Software Engineer
786,Suhana Setty,33,Chennai,Female,Tamil Nadu,706128.0,BBA,Teacher
787,Anahi Badami,60,Jaipur,Male,Rajasthan,895665.0,MSc,Data Scientist
788,Samiha Varma,36,Kolkata,Female,West Bengal,812118.0,MSc,Data Scientist
789,Nehmat Bail,30,Mumbai,Female,Maharashtra,508267.0,BBA,Teacher
790,Dharmajan Toor,49,Bangalore,Male,Karnataka,311296.0,Diploma,Factory Worker
791,Raunak Uppal,26,Ahmedabad,Female,Gujarat,1480391.0,PhD,Entrepreneur
792,Himmat Ravi,38,Delhi,Female,Delhi,2156545.0,M.Tech,Data Scientist
795,Faiyaz Sibal,19,Delhi,Male,Delhi,1495451.0,MSc,Doctor
796,Nitara Choudhary,42,Mumbai,Male,Maharashtra,1331289.0,MBA,Software Engineer
797,Ishita Dube,24,Mumbai,Female,Maharashtra,924330.0,MBA,Entrepreneur
799,Kartik Viswanathan,21,Hyderabad,Female,Telangana,2480812.0,MBA,Entrepreneur
800,Dhanush Hans,41,Delhi,Male,Delhi,690381.0,BBA,Bank Clerk
801,Aarna Bhatt,37,Delhi,Female,Delhi,1512681.0,PhD,Data Scientist
802,Ehsaan Sachdev,40,Delhi,Female,Delhi,614698.0,MBA,HR Manager
803,Samar Bhatia,24,Delhi,Male,Delhi,1697599.0,MSc,Software Engineer
804,Ojas Bassi,36,Ahmedabad,Male,Gujarat,1371254.0,M.Tech,Data Scientist
805,Uthkarsh Bala,25,Kolkata,Female,West Bengal,1572665.0,MSc,Finance Manager
807,Adira Gill,48,Ahmedabad,Female,Gujarat,1394279.0,MSc,Data Scientist
808,Zara Bala,21,Ahmedabad,Male,Gujarat,595423.0,B.Tech,Marketing Executive
809,Eshani Karpe,37,Mumbai,Female,Maharashtra,588805.0,B.A,HR Manager
810,Anahi Dhillon,36,Hyderabad,Female,Telangana,342600.0,Diploma,Delivery Agent
811,Anya Doctor,42,Mumbai,Female,Maharashtra,2877354.0,M.Tech,Finance Manager
812,Pari Sachdeva,43,Bangalore,Female,Karnataka,2103804.0,MBA,Finance Manager
813,Faiyaz Vyas,18,Bangalore,Male,Karnataka,2360644.0,PhD,Data Scientist
814,Lagan Shetty,32,Mumbai,Female,Maharashtra,2422265.0,MSc,Software Engineer
815,Ritvik Sandal,35,Mumbai,Female,Maharashtra,1083951.0,M.Tech,Software Engineer
816,Shanaya Saxena,18,Bangalore,Female,Karnataka,447139.0,12th Pass,Retail Worker
817,Faiyaz Arora,32,Delhi,Female,Delhi,1153745.0,MBA,Software Engineer
818,Uthkarsh Sahota,31,Mumbai,Male,Maharashtra,962339.0,MSc,Data Scientist
820,Divit Kurian,27,Pune,Male,Maharashtra,1310138.0,MBA,Software Engineer
821,Diya Kamdar,32,Chennai,Female,Tamil Nadu,1067761.0,MSc,Entrepreneur
822,Shayak Rege,26,Pune,Male,Maharashtra,1756907.0,MSc,Entrepreneur
823,Vardaniya Sodhi,45,Chennai,Male,Tamil Nadu,1969293.0,PhD,Doctor
824,Inaaya  Ratta,41,Bangalore,Female,Karnataka,1937303.0,MBA,Data Scientist
826,Damini Dugal,40,Chennai,Female,Tamil Nadu,1701250.0,MSc,Data Scientist
827,Samiha Kakar,51,Mumbai,Male,Maharashtra,896356.0,PhD,Entrepreneur
828,Arnav Sarna,41,Kolkata,Male,West Bengal,1763018.0,MBA,Entrepreneur
829,Nirvi Behl,34,Hyderabad,Male,Telangana,2456108.0,MBA,Data Scientist
830,Parinaaz Varughese,40,Hyderabad,Male,Telangana,1903809.0,M.Tech,Software Engineer
831,Alisha Iyer,41,Delhi,Female,Delhi,1860595.0,MSc,Data Scientist
832,Ryan Desai,52,Kolkata,Male,West Bengal,1804729.0,MBA,Data Scientist
833,Akarsh Verma,47,Mumbai,Male,Maharashtra,408373.0,Diploma,Retail Worker
834,Vedika Mahajan,30,Bangalore,Female,Karnataka,1054528.0,MBA,Finance Manager
837,Krish Shah,42,Bangalore,Female,Karnataka,1299145.0,MBA,Software Engineer
838,Dhanush Roy,30,Hyderabad,Male,Telangana,470377.0,12th Pass,Delivery Agent
839,Nirvaan Jain,32,Mumbai,Male,Maharashtra,1778672.0,MSc,Data Scientist
841,Shayak Karan,19,Mumbai,Male,Maharashtra,891770.0,MSc,Doctor
842,Dhanush Bawa,49,Ahmedabad,Male,Gujarat,1167267.0,MSc,Data Scientist
843,Samaira Sundaram,38,Bangalore,Female,Karnataka,2637061.0,PhD,Finance Manager
844,Saira Chhabra,26,Mumbai,Female,Maharashtra,1160629.0,M.Tech,Finance Manager
845,Hunar Kulkarni,35,Ahmedabad,Male,Gujarat,924860.0,PhD,Finance Manager
846,Sumer Krishnan,34,Mumbai,Male,Maharashtra,2652321.0,PhD,Software Engineer
847,Tushar Bala,25,Chennai,Male,Tamil Nadu,1389418.0,PhD,Data Scientist
848,Vaibhav Shan,30,Bangalore,Male,Karnataka,631809.0,BBA,Teacher
850,Yuvaan Raval,43,Hyderabad,Female,Telangana,475197.0,12th Pass,Factory Worker
851,Taimur Reddy,26,Delhi,Female,Delhi,2858710.0,PhD,Data Scientist
852,Purab Chana,39,Delhi,Female,Delhi,2744267.0,PhD,Finance Manager
853,Darshit Chakraborty,35,Ahmedabad,Female,Gujarat,696419.0,BBA,Marketing Executive
854,Kismat Deep,18,Bangalore,Female,Karnataka,744154.0,MBA,Teacher
856,Heer Dhar,46,Mumbai,Male,Maharashtra,728528.0,B.Tech,HR Manager
857,Riaan Edwin,40,Kolkata,Female,West Bengal,304590.0,Diploma,Security Guard
858,Himmat Salvi,36,Mumbai,Male,Maharashtra,2464258.0,PhD,Data Scientist
859,Armaan Guha,31,Chennai,Male,Tamil Nadu,1671512.0,PhD,Finance Manager
860,Neelofar Saha,50,Delhi,Male,Delhi,2259831.0,MSc,Doctor
861,Alia Bansal,29,Delhi,Male,Delhi,1729006.0,MSc,Software Engineer
862,Pari Dhar,27,Bangalore,Female,Karnataka,2876241.0,PhD,Entrepreneur
863,Parinaaz Chada,50,Mumbai,Female,Maharashtra,1452221.0,MBA,Finance Manager
864,Divyansh Kala,29,Mumbai,Female,Maharashtra,2487487.0,M.Tech,Entrepreneur
866,Abram Choudhary,46,Delhi,Male,Delhi,1792460.0,MBA,Finance Manager
867,Jivika Arya,45,Bangalore,Male,Karnataka,2797282.0,MBA,Data Scientist
868,Ira Aggarwal,34,Mumbai,Male,Maharashtra,1357324.0,MBA,Software Engineer
870,Alisha Balakrishnan,36,Kolkata,Male,West Bengal,1976445.0,M.Tech,Doctor
871,Veer Kohli,30,Mumbai,Female,Maharashtra,369739.0,Diploma,Customer Support
872,Mehul Sundaram,49,Bangalore,Female,Karnataka,1467168.0,MBA,Finance Manager
873,Nirvi Deshpande,35,Bangalore,Female,Karnataka,1367244.0,PhD,Doctor
874,Tara Chatterjee,42,Mumbai,Male,Maharashtra,2678566.0,MSc,Entrepreneur
875,Aaryahi Gupta,54,Jaipur,Female,Rajasthan,829964.0,PhD,Doctor
876,Hazel Sama,35,Hyderabad,Male,Telangana,919843.0,MBA,Doctor
877,Dharmajan Dugal,38,Ahmedabad,Male,Gujarat,1447623.0,PhD,Finance Manager
878,Indrajit Swaminathan,27,Ahmedabad,Male,Gujarat,1413671.0,PhD,Entrepreneur
879,Stuvan Trivedi,18,Hyderabad,Male,Telangana,2815526.0,PhD,Doctor
880,Kiaan Kaur,20,Mumbai,Male,Maharashtra,1798882.0,M.Tech,Finance Manager
881,Nayantara Bhattacharyya,28,Delhi,Male,Delhi,1304003.0,MBA,Software Engineer
883,Shanaya Goyal,52,Chennai,Male,Tamil Nadu,791925.0,Diploma,Accountant
884,Trisha Brahmbhatt,20,Delhi,Female,Delhi,1924414.0,MBA,Finance Manager
885,Lagan Virk,28,Delhi,Female,Delhi,1490297.0,MBA,Finance Manager
886,Hansh Sarraf,20,Bangalore,Male,Karnataka,910174.0,MBA,Data Scientist
887,Nitara Mann,29,Hyderabad,Female,Telangana,2741594.0,MBA,Software Engineer
888,Shanaya Wali,36,Kolkata,Female,West Bengal,1788947.0,MBA,Entrepreneur
889,Adah Gandhi,23,Pune,Male,Maharashtra,1188160.0,PhD,Finance Manager
890,Mahika Walia,47,Delhi,Female,Delhi,909913.0,MSc,Finance Manager
891,Vedika Bava,41,Bangalore,Male,Karnataka,1073379.0,PhD,Data Scientist
892,Akarsh Dugal,26,Chennai,Male,Tamil Nadu,1346509.0,MBA,Finance Manager
893,Shray Talwar,27,Delhi,Male,Delhi,1418564.0,M.Tech,Entrepreneur
894,Bhavin Aggarwal,38,Hyderabad,Male,Telangana,523420.0,BSc,Marketing Executive
895,Kavya Dar,53,Delhi,Male,Delhi,1326039.0,MBA,Data Scientist
896,Adira Keer,42,Hyderabad,Female,Telangana,733656.0,MCA,Accountant
897,Nirvi Subramanian,26,Bangalore,Male,Karnataka,2440692.0,MBA,Software Engineer
898,Abram Devan,32,Bangalore,Female,Karnataka,2522897.0,M.Tech,Software Engineer
899,Aarav Lalla,43,Chennai,Female,Tamil Nadu,1792295.0,MSc,Finance Manager
900,Eva Cherian,55,Ahmedabad,Female,Gujarat,940208.0,MSc,Finance Manager
901,Indrajit Deshpande,44,Ahmedabad,Female,Gujarat,513246.0,BSc,Accountant
902,Dhruv Balakrishnan,40,Jaipur,Female,Rajasthan,711229.0,Diploma,Bank Clerk
903,Aaryahi Wason,34,Mumbai,Male,Maharashtra,2468089.0,MBA,Data Scientist
906,Renee Bahri,29,Kolkata,Male,West Bengal,751528.0,MBA,Accountant
909,Dhanuk Soni,30,Mumbai,Male,Maharashtra,1318611.0,M.Tech,Entrepreneur
910,Sana De,29,Ahmedabad,Male,Gujarat,1882404.0,MBA,Doctor
911,Miraya Behl,56,Delhi,Male,Delhi,2207691.0,MSc,Data Scientist
912,Tejas Trivedi,41,Delhi,Female,Delhi,794673.0,MBA,Bank Clerk
914,Jiya Shanker,43,Ahmedabad,Female,Gujarat,525586.0,MCA,Accountant
916,Zeeshan Srinivasan,45,Ahmedabad,Female,Gujarat,1113593.0,MBA,Entrepreneur
917,Trisha Manda,35,Mumbai,Female,Maharashtra,2175474.0,M.Tech,Entrepreneur
918,Khushi Sant,18,Ahmedabad,Female,Gujarat,1570325.0,PhD,Doctor
919,Vanya Raj,27,Bangalore,Female,Karnataka,2128541.0,M.Tech,Data Scientist
920,Saanvi Batra,51,Jaipur,Male,Rajasthan,439008.0,12th Pass,Security Guard
921,Pihu Brar,25,Mumbai,Female,Maharashtra,1003358.0,MSc,Finance Manager
922,Mamooty Bandi,38,Delhi,Male,Delhi,855934.0,MBA,Doctor
923,Zeeshan Kara,38,Delhi,Female,Delhi,2973453.0,MSc,Software Engineer
924,Mannat Swamy,34,Hyderabad,Female,Telangana,2032205.0,MBA,Software Engineer
925,Rania Mane,18,Ahmedabad,Male,Gujarat,1687671.0,PhD,Software Engineer
927,Kimaya Barad,18,Hyderabad,Female,Telangana,1270047.0,MBA,Software Engineer
929,Pihu Tank,28,Delhi,Female,Delhi,2348696.0,M.Tech,Doctor
930,Neelofar Kannan,38,Ahmedabad,Female,Gujarat,813024.0,MBA,Data Scientist
932,Indrajit Tiwari,40,Hyderabad,Female,Telangana,958597.0,M.Tech,Finance Manager
933,Badal Chaudhuri,43,Hyderabad,Male,Telangana,1864811.0,M.Tech,Finance Manager
934,Aarna Ganesan,43,Mumbai,Male,Maharashtra,1148011.0,M.Tech,Entrepreneur
935,Renee De,39,Kolkata,Female,West Bengal,645041.0,BSc,HR Manager
936,Emir Shukla,25,Delhi,Male,Delhi,1730934.0,PhD,Entrepreneur
937,Farhan Kari,34,Chennai,Female,Tamil Nadu,929197.0,MBA,Software Engineer
938,Yasmin Bahl,28,Bangalore,Female,Karnataka,2268047.0,MSc,Software Engineer
939,Shaan Doshi,47,Mumbai,Male,Maharashtra,1798428.0,MSc,Data Scientist
940,Alisha Roy,39,Delhi,Male,Delhi,2593465.0,MSc,Finance Manager
941,Manjari Rama,19,Bangalore,Female,Karnataka,1198800.0,MSc,Data Scientist
942,Zoya Upadhyay,18,Bangalore,Female,Karnataka,728327.0,B.Tech,Teacher
945,Samarth Grover,51,Chennai,Female,Tamil Nadu,1879788.0,PhD,Finance Manager
946,Veer Master,38,Bangalore,Male,Karnataka,1515183.0,PhD,Software Engineer
947,Ojas Vig,31,Mumbai,Female,Maharashtra,1687443.0,MSc,Doctor
948,Nehmat Chaudhuri,39,Kolkata,Male,West Bengal,1686219.0,MBA,Data Scientist
949,Yashvi Tella,21,Chennai,Male,Tamil Nadu,965398.0,MSc,Software Engineer
950,Vedika Tailor,26,Lucknow,Male,Uttar Pradesh,427801.0,Diploma,Retail Worker
951,Khushi Bal,37,Bangalore,Female,Karnataka,1145204.0,PhD,Software Engineer
952,Armaan Desai,39,Lucknow,Female,Uttar Pradesh,1015942.0,PhD,Data Scientist
953,Veer Chatterjee,24,Chennai,Male,Tamil Nadu,735703.0,BBA,HR Manager
954,Alia Brar,42,Bangalore,Male,Karnataka,2341747.0,PhD,Software Engineer
955,Azad Batra,34,Chennai,Male,Tamil Nadu,741803.0,BBA,Teacher
956,Ranbir Borra,31,Chennai,Female,Tamil Nadu,1905873.0,MBA,Doctor
957,Aaina Dora,23,Kolkata,Female,West Bengal,774577.0,Diploma,HR Manager
961,Kimaya Venkataraman,18,Ahmedabad,Male,Gujarat,1712611.0,MBA,Doctor
962,Samarth Vaidya,33,Chennai,Male,Tamil Nadu,892355.0,M.Tech,Doctor
965,Inaaya  Keer,22,Delhi,Male,Delhi,1621485.0,MSc,Finance Manager
966,Ivan Rege,37,Delhi,Female,Delhi,2752813.0,PhD,Data Scientist
967,Zoya Khosla,43,Jaipur,Male,Rajasthan,1181132.0,MSc,Doctor
968,Mishti Subramaniam,44,Bangalore,Male,Karnataka,1195034.0,MBA,Data Scientist
969,Miraya Joshi,25,Mumbai,Male,Maharashtra,636303.0,B.Com,Teacher
970,Jivika Basu,34,Mumbai,Male,Maharashtra,2213487.0,PhD,Entrepreneur
972,Ranbir Iyer,40,Delhi,Female,Delhi,570646.0,BBA,Marketing Executive
974,Diya Kapadia,18,Jaipur,Female,Rajasthan,1114017.0,PhD,Entrepreneur
975,Lakshit Krishnamurthy,36,Chennai,Male,Tamil Nadu,1012192.0,MSc,Entrepreneur
976,Saanvi Mall,39,Hyderabad,Female,Telangana,503361.0,MCA,Accountant
977,Kiara Konda,29,Mumbai,Male,Maharashtra,594688.0,B.Com,Accountant
978,Veer Sawhney,31,Mumbai,Female,Maharashtra,1433216.0,M.Tech,Entrepreneur
979,Gokul Lanka,24,Kolkata,Male,West Bengal,714995.0,B.Tech,Teacher
980,Mannat Khalsa,18,Pune,Male,Maharashtra,1355120.0,MSc,Entrepreneur
981,Tanya Balasubramanian,31,Hyderabad,Female,Telangana,1714734.0,M.Tech,Data Scientist
983,Romil Walla,45,Mumbai,Male,Maharashtra,2414412.0,PhD,Software Engineer
984,Krish Dalal,42,Bangalore,Male,Karnataka,2186087.0,PhD,Software Engineer
985,Miraya Bhardwaj,42,Kolkata,Female,West Bengal,563646.0,B.A,HR Manager
986,Emir Kale,25,Delhi,Male,Delhi,1496681.0,M.Tech,Software Engineer
987,Shanaya Vora,48,Mumbai,Male,Maharashtra,464018.0,12th Pass,Customer Support
988,Vritika Swaminathan,33,Delhi,Male,Delhi,720860.0,B.A,Marketing Executive
989,Devansh Dugal,37,Mumbai,Male,Maharashtra,1431087.0,MSc,Entrepreneur
990,Miraya Date,38,Pune,Female,Maharashtra,1741264.0,MBA,Finance Manager
991,Yasmin Varma,23,Hyderabad,Male,Telangana,1078930.0,PhD,Finance Manager
992,Saksham Sawhney,30,Delhi,Female,Delhi,771400.0,B.A,Bank Clerk
993,Nehmat Jain,45,Bangalore,Male,Karnataka,2625548.0,M.Tech,Doctor
994,Misha Lata,34,Delhi,Male,Delhi,389393.0,12th Pass,Security Guard
996,Myra Chopra,29,Ahmedabad,Female,Gujarat,1174731.0,M.Tech,Entrepreneur
997,Riaan Sibal,58,Chennai,Male,Tamil Nadu,933273.0,MSc,Doctor
998,Amira Wason,27,Bangalore,Female,Karnataka,1391660.0,MBA,Software Engineer
999,Madhav Bhatti,22,Lucknow,Male,Uttar Pradesh,1126125.0,M.Tech,Doctor
1002,Stuvan Dugal,30,Chennai,Male,Tamil Nadu,1750686.0,MSc,Software Engineer
1003,Ranbir Babu,24,Delhi,Male,Delhi,1889558.0,MSc,Software Engineer
1004,Vihaan Goel,41,Kolkata,Female,West Bengal,1180700.0,M.Tech,Data Scientist
1005,Anvi Mander,33,Bangalore,Male,Karnataka,423110.0,12th Pass,Security Guard
1006,Keya Venkataraman,33,Hyderabad,Male,Telangana,2348435.0,M.Tech,Doctor
1008,Anika Rau,46,Delhi,Female,Delhi,1534623.0,MBA,Data Scientist
1010,Raunak Babu,35,Hyderabad,Female,Telangana,928643.0,MSc,Entrepreneur
1011,Akarsh Chacko,43,Chennai,Female,Tamil Nadu,1760062.0,PhD,Software Engineer
1012,Anika Shah,26,Mumbai,Male,Maharashtra,899983.0,MSc,Finance Manager
1013,Aniruddh Vasa,46,Hyderabad,Female,Telangana,1545561.0,MSc,Doctor
1014,Samarth Ratti,27,Mumbai,Male,Maharashtra,1904054.0,MSc,Software Engineer
1015,Elakshi Kala,40,Mumbai,Male,Maharashtra,374072.0,Diploma,Factory Worker
1017,Emir Grover,23,Hyderabad,Male,Telangana,321520.0,12th Pass,Customer Support
1018,Kavya Singh,20,Kolkata,Female,West Bengal,549317.0,Diploma,Teacher
1019,Aarav Handa,39,Delhi,Female,Delhi,1523893.0,MSc,Entrepreneur
1020,Divyansh Dey,34,Mumbai,Male,Maharashtra,1985262.0,PhD,Entrepreneur
1021,Ivana Arya,30,Lucknow,Female,Uttar Pradesh,1049794.0,PhD,Software Engineer
1022,Anya Jani,18,Bangalore,Male,Karnataka,2010083.0,MSc,Entrepreneur
1023,Jayan Brahmbhatt,37,Mumbai,Female,Maharashtra,1542410.0,M.Tech,Doctor
1024,Kavya Hans,26,Ahmedabad,Female,Gujarat,1020613.0,PhD,Data Scientist
1025,Devansh Baria,37,Mumbai,Female,Maharashtra,518572.0,BBA,Bank Clerk
1026,Ehsaan Sankar,36,Bangalore,Female,Karnataka,1114225.0,M.Tech,Doctor
1027,Eshani Wagle,29,Mumbai,Male,Maharashtra,1493333.0,MBA,Finance Manager
1028,Amani Bora,35,Ahmedabad,Male,Gujarat,986238.0,MSc,Entrepreneur
1029,Taran Banik,27,Pune,Female,Maharashtra,1515227.0,PhD,Data Scientist
1030,Taimur Kibe,32,Chennai,Female,Tamil Nadu,1774236.0,PhD,Doctor
1031,Nitya Tak,21,Delhi,Male,Delhi,1182524.0,MSc,Finance Manager
1032,Oorja Saran,39,Chennai,Female,Tamil Nadu,1409174.0,MBA,Software Engineer
1033,Shanaya Gandhi,32,Mumbai,Female,Maharashtra,1376339.0,MSc,Software Engineer
1035,Vritika Bala,18,Mumbai,Male,Maharashtra,2155598.0,MBA,Finance Manager
1037,Biju Atwal,45,Mumbai,Female,Maharashtra,2672693.0,M.Tech,Software Engineer
1038,Jayan Goel,45,Ahmedabad,Female,Gujarat,508069.0,MBA,Marketing Executive
1039,Vritika Mammen,51,Kolkata,Female,West Bengal,1517269.0,MSc,Entrepreneur
1041,Pranay Bhatt,26,Chennai,Male,Tamil Nadu,630454.0,BSc,Marketing Executive
1042,Adira Vig,35,Pune,Female,Maharashtra,613396.0,MBA,Accountant
1043,Indrajit Kala,41,Chennai,Female,Tamil Nadu,1338984.0,MSc,Data Scientist
1044,Aarav Sha,38,Mumbai,Male,Maharashtra,1625505.0,PhD,Doctor
1045,Aaryahi Thakkar,24,Pune,Male,Maharashtra,1929895.0,PhD,Finance Manager
1046,Stuvan Sethi,27,Bangalore,Male,Karnataka,1956496.0,PhD,Finance Manager
1047,Ritvik Kunda,18,Delhi,Male,Delhi,2691598.0,M.Tech,Software Engineer
1048,Zeeshan Babu,50,Chennai,Female,Tamil Nadu,1754481.0,MBA,Finance Manager
1049,Jhanvi Batta,25,Delhi,Female,Delhi,2560099.0,MSc,Software Engineer
1050,Mannat Devi,33,Bangalore,Female,Karnataka,1068528.0,MSc,Finance Manager
1051,Aarna Dani,30,Delhi,Male,Delhi,827257.0,M.Tech,Entrepreneur
1052,Suhana Bir,40,Bangalore,Female,Karnataka,2819461.0,MSc,Data Scientist
1053,Shanaya Viswanathan,39,Delhi,Female,Delhi,745777.0,MCA,Accountant
1056,Abram Balan,18,Mumbai,Female,Maharashtra,2933143.0,M.Tech,Software Engineer
1057,Mehul Rau,51,Ahmedabad,Female,Gujarat,1887850.0,PhD,Entrepreneur
1058,Rhea Dara,30,Mumbai,Male,Maharashtra,2707560.0,MSc,Software Engineer
1059,Aarna Kalita,47,Mumbai,Female,Maharashtra,1778626.0,M.Tech,Doctor
1060,Lakshay Khalsa,30,Mumbai,Female,Maharashtra,2958772.0,MBA,Entrepreneur
1061,Onkar Deshmukh,36,Pune,Female,Maharashtra,1174118.0,MSc,Data Scientist
1062,Dishani Bhattacharyya,31,Ahmedabad,Female,Gujarat,776735.0,MBA,Teacher
1064,Zoya Upadhyay,36,Mumbai,Male,Maharashtra,2192103.0,MSc,Finance Manager
1065,Dhruv Bahl,49,Ahmedabad,Female,Gujarat,1072204.0,M.Tech,Entrepreneur
1066,Prerak Johal,31,Hyderabad,Female,Telangana,401621.0,Diploma,Factory Worker
1067,Zain Sur,39,Bangalore,Male,Karnataka,2314420.0,MSc,Finance Manager
1068,Bhavin Dhar,18,Kolkata,Male,West Bengal,1615482.0,MBA,Finance Manager
1069,Umang Raju,42,Chennai,Female,Tamil Nadu,624407.0,B.Tech,Teacher
1070,Samaira Kade,30,Delhi,Female,Delhi,579031.0,MCA,Bank Clerk
1071,Dharmajan Goyal,23,Ahmedabad,Male,Gujarat,1756877.0,MBA,Software Engineer
1072,Heer Sastry,32,Chennai,Male,Tamil Nadu,1423725.0,MBA,Software Engineer
1073,Aaryahi Sha,45,Mumbai,Male,Maharashtra,466851.0,12th Pass,Factory Worker
1075,Aaina Boase,33,Bangalore,Female,Karnataka,779130.0,BBA,Marketing Executive
1077,Yuvaan Gala,42,Mumbai,Female,Maharashtra,698887.0,Diploma,Teacher
1080,Jayesh Dhillon,36,Delhi,Female,Delhi,2242983.0,PhD,Software Engineer
1081,Zain Banerjee,36,Bangalore,Male,Karnataka,984767.0,M.Tech,Entrepreneur
1082,Aarav Sathe,37,Pune,Female,Maharashtra,1935631.0,PhD,Data Scientist
1083,Ritvik Dube,46,Hyderabad,Male,Telangana,1000883.0,MBA,Data Scientist
1084,Samarth Dhingra,38,Mumbai,Male,Maharashtra,1244378.0,M.Tech,Data Scientist
1086,Jayan Kapoor,27,Bangalore,Male,Karnataka,674212.0,B.Com,Marketing Executive
1087,Kavya Wadhwa,30,Delhi,Male,Delhi,529177.0,MCA,Marketing Executive
1088,Alia Randhawa,37,Ahmedabad,Male,Gujarat,1354400.0,MSc,Entrepreneur
1089,Ivana Char,49,Mumbai,Male,Maharashtra,2828617.0,M.Tech,Doctor
1090,Nirvi Chandran,34,Mumbai,Female,Maharashtra,1942328.0,PhD,Software Engineer
1091,Nirvaan Kade,18,Bangalore,Female,Karnataka,2813328.0,MSc,Software Engineer
1092,Elakshi Som,22,Hyderabad,Female,Telangana,2437393.0,PhD,Finance Manager
1093,Vedika Raman,31,Pune,Female,Maharashtra,735673.0,B.Com,Marketing Executive
1095,Nitya Datta,35,Lucknow,Male,Uttar Pradesh,863709.0,MBA,Software Engineer
1096,Armaan Singhal,40,Mumbai,Male,Maharashtra,1757940.0,MBA,Software Engineer
1098,Advik Chakrabarti,19,Delhi,Male,Delhi,1971754.0,MSc,Software Engineer
1099,Piya Sur,41,Ahmedabad,Male,Gujarat,1405837.0,MBA,Data Scientist
1100,Devansh Lata,23,Ahmedabad,Female,Gujarat,792519.0,BBA,Teacher
1101,Trisha Kannan,29,Ahmedabad,Female,Gujarat,1636669.0,MSc,Entrepreneur
1102,Mamooty D’Alia,29,Pune,Male,Maharashtra,1500807.0,M.Tech,Doctor
1103,Ryan Chanda,36,Kolkata,Male,West Bengal,967403.0,MBA,Entrepreneur
1104,Manjari Chahal,34,Mumbai,Male,Maharashtra,1859020.0,MSc,Data Scientist
1105,Anay Bhandari,20,Delhi,Male,Delhi,831465.0,M.Tech,Doctor
1106,Vanya Bajaj,51,Pune,Female,Maharashtra,1698282.0,M.Tech,Data Scientist
1107,Azad Kala,45,Delhi,Female,Delhi,757242.0,B.Tech,Bank Clerk
1108,Devansh Varkey,23,Bangalore,Female,Karnataka,1437643.0,MSc,Data Scientist
1109,Vihaan Bajwa,37,Chennai,Female,Tamil Nadu,1622261.0,PhD,Finance Manager
1110,Aaryahi Chakraborty,18,Chennai,Female,Tamil Nadu,1651643.0,M.Tech,Software Engineer
1111,Kanav Bakshi,31,Chennai,Female,Tamil Nadu,867592.0,MSc,Doctor
1112,Adira Deo,38,Chennai,Male,Tamil Nadu,1849693.0,M.Tech,Data Scientist
1113,Nirvi Upadhyay,29,Delhi,Female,Delhi,310858.0,Diploma,Delivery Agent
1114,Dhanush Sengupta,25,Mumbai,Female,Maharashtra,1258804.0,MSc,Finance Manager
1116,Aradhya Zachariah,33,Delhi,Female,Delhi,555224.0,B.Com,Teacher
1117,Indrajit Deep,19,Kolkata,Female,West Bengal,1967815.0,M.Tech,Data Scientist
1118,Elakshi Bhattacharyya,47,Delhi,Female,Delhi,1776774.0,PhD,Data Scientist
1120,Anika Agrawal,32,Delhi,Female,Delhi,1539806.0,MBA,Doctor
1121,Miraan Bal,47,Hyderabad,Female,Telangana,1660515.0,MBA,Doctor
1122,Biju Trivedi,21,Ahmedabad,Female,Gujarat,503255.0,MBA,HR Manager
1123,Samiha Bora,24,Hyderabad,Male,Telangana,1674871.0,MBA,Finance Manager
1124,Zara Soman,43,Jaipur,Male,Rajasthan,819550.0,MBA,Doctor
1125,Zoya Sodhi,50,Ahmedabad,Male,Gujarat,1323819.0,M.Tech,Data Scientist
1126,Lagan Setty,42,Mumbai,Male,Maharashtra,460234.0,12th Pass,Customer Support
1127,Divit Kalita,45,Mumbai,Male,Maharashtra,2988559.0,MSc,Data Scientist
1128,Advika Mane,39,Bangalore,Male,Karnataka,610650.0,B.Com,Accountant
1129,Samar Kumar,18,Hyderabad,Female,Telangana,328192.0,Diploma,Security Guard
1132,Baiju Madan,24,Delhi,Female,Delhi,664076.0,BSc,Marketing Executive
1133,Vihaan Sane,19,Delhi,Female,Delhi,1186038.0,MSc,Doctor
1134,Nirvaan Borde,43,Hyderabad,Male,Telangana,1858141.0,MBA,Entrepreneur
1135,Kismat Deshpande,34,Mumbai,Female,Maharashtra,1735055.0,MSc,Data Scientist
1137,Nishith Rege,18,Bangalore,Male,Karnataka,2866324.0,PhD,Entrepreneur
1138,Samar Zachariah,24,Mumbai,Female,Maharashtra,2774603.0,MBA,Software Engineer
1139,Shray Sant,23,Delhi,Male,Delhi,931517.0,MBA,Finance Manager
1140,Anvi Char,35,Delhi,Female,Delhi,2253077.0,M.Tech,Doctor
1141,Shanaya Dugar,39,Delhi,Male,Delhi,1682051.0,MBA,Doctor
1142,Ivana Gola,51,Hyderabad,Female,Telangana,2735481.0,M.Tech,Finance Manager
1145,Sumer Konda,22,Mumbai,Male,Maharashtra,1992874.0,MSc,Entrepreneur
1146,Ritvik Randhawa,47,Delhi,Female,Delhi,2964936.0,MBA,Software Engineer
1147,Tanya Madan,29,Mumbai,Female,Maharashtra,2354438.0,MBA,Data Scientist
1148,Prerak Shenoy,27,Mumbai,Male,Maharashtra,1916962.0,M.Tech,Doctor
1149,Tiya Bassi,31,Chennai,Female,Tamil Nadu,1358863.0,MSc,Data Scientist
1150,Yuvaan Chander,37,Kolkata,Male,West Bengal,1945122.0,PhD,Finance Manager
1151,Seher Raval,24,Kolkata,Female,West Bengal,821643.0,MBA,Data Scientist
1152,Dhanush Wable,19,Delhi,Male,Delhi,2796738.0,PhD,Entrepreneur
1153,Vidur Deol,36,Ahmedabad,Male,Gujarat,993681.0,M.Tech,Finance Manager
1154,Vritika Bose,36,Mumbai,Female,Maharashtra,1913393.0,M.Tech,Software Engineer
1155,Ehsaan Bala,44,Delhi,Male,Delhi,2820337.0,MSc,Finance Manager
1156,Vivaan Devan,31,Kolkata,Female,West Bengal,1446869.0,MBA,Software Engineer
1157,Mahika Bhasin,38,Chennai,Female,Tamil Nadu,348928.0,12th Pass,Factory Worker
1158,Mamooty Mane,20,Pune,Female,Maharashtra,992905.0,MSc,Software Engineer
1159,Veer Sabharwal,49,Chennai,Female,Tamil Nadu,1038135.0,MBA,Entrepreneur
1160,Tushar Mallick,32,Mumbai,Female,Maharashtra,1470775.0,M.Tech,Software Engineer
1161,Dhanuk Thaker,28,Mumbai,Male,Maharashtra,680990.0,B.A,Accountant
1162,Chirag Srinivas,35,Kolkata,Female,West Bengal,1287964.0,PhD,Doctor
1163,Mamooty Acharya,64,Mumbai,Male,Maharashtra,2704728.0,MBA,Finance Manager
1164,Vaibhav Kota,26,Delhi,Female,Delhi,2237975.0,M.Tech,Finance Manager
1165,Trisha Dass,30,Ahmedabad,Male,Gujarat,1359039.0,MBA,Software Engineer
1166,Shalv Shenoy,39,Pune,Male,Maharashtra,1461349.0,MSc,Software Engineer
1168,Aarav Krish,23,Mumbai,Male,Maharashtra,1063065.0,M.Tech,Doctor
1169,Rati Dube,32,Mumbai,Male,Maharashtra,1274714.0,MSc,Doctor
1172,Jayesh Vohra,45,Bangalore,Male,Karnataka,2065964.0,MSc,Entrepreneur
1175,Tejas Thaman,29,Kolkata,Male,West Bengal,860276.0,PhD,Doctor
1177,Anahita Jani,42,Hyderabad,Female,Telangana,1552381.0,PhD,Entrepreneur
1179,Umang Chawla,39,Pune,Female,Maharashtra,1144675.0,MBA,Data Scientist
1180,Kiaan Bajaj,45,Jaipur,Female,Rajasthan,300933.0,Diploma,Security Guard
1182,Fateh Raval,30,Mumbai,Male,Maharashtra,807823.0,PhD,Finance Manager
1183,Gokul Sen,34,Mumbai,Male,Maharashtra,791371.0,Diploma,Marketing Executive
1184,Fateh Kulkarni,21,Delhi,Male,Delhi,2014731.0,MSc,Doctor
1185,Emir Chatterjee,44,Pune,Female,Maharashtra,754079.0,BSc,Marketing Executive
1186,Tanya Deshpande,48,Delhi,Male,Delhi,893648.0,M.Tech,Data Scientist
1187,Taimur Roy,43,Kolkata,Female,West Bengal,837966.0,PhD,Doctor
1188,Indrajit Goyal,52,Delhi,Female,Delhi,337786.0,12th Pass,Customer Support
1189,Vardaniya Walia,37,Chennai,Male,Tamil Nadu,782879.0,B.A,HR Manager
1190,Saanvi Dugar,37,Chennai,Female,Tamil Nadu,1445110.0,MBA,Software Engineer
1191,Arhaan Venkatesh,30,Kolkata,Female,West Bengal,1131001.0,MSc,Software Engineer
1192,Eshani Bali,45,Bangalore,Female,Karnataka,1806370.0,PhD,Software Engineer
1193,Zain Hans,33,Hyderabad,Female,Telangana,2406988.0,PhD,Finance Manager
1195,Madhup Kale,22,Hyderabad,Male,Telangana,1705454.0,PhD,Data Scientist
1196,Vardaniya Karpe,33,Delhi,Female,Delhi,536475.0,B.Com,Marketing Executive
1197,Advika Issac,34,Delhi,Female,Delhi,390906.0,12th Pass,Factory Worker
1198,Sana Deep,43,Delhi,Female,Delhi,2650541.0,MSc,Data Scientist
1199,Nehmat Banerjee,33,Bangalore,Male,Karnataka,2514611.0,MBA,Data Scientist
1200,Nitya Chauhan,32,Chennai,Female,Tamil Nadu,514891.0,BBA,HR Manager
1201,Tejas Dass,39,Kolkata,Female,West Bengal,1661133.0,PhD,Entrepreneur
1202,Rati Buch,43,Delhi,Male,Delhi,2242359.0,PhD,Data Scientist
1203,Armaan Bala,26,Mumbai,Female,Maharashtra,2762924.0,M.Tech,Finance Manager
1206,Piya Ranganathan,28,Lucknow,Female,Uttar Pradesh,441341.0,12th Pass,Security Guard
1209,Kaira Sagar,48,Delhi,Male,Delhi,2569436.0,MBA,Data Scientist
1212,Azad Seth,33,Delhi,Female,Delhi,2566161.0,M.Tech,Finance Manager
1213,Anahi Shetty,48,Bangalore,Female,Karnataka,464516.0,Diploma,Retail Worker
1214,Umang Goyal,35,Mumbai,Male,Maharashtra,1727687.0,M.Tech,Doctor
1215,Diya Borah,26,Mumbai,Male,Maharashtra,1384197.0,MBA,Finance Manager
1216,Vivaan Chaudhary,43,Mumbai,Male,Maharashtra,1823197.0,MSc,Software Engineer
1217,Pari Jani,24,Hyderabad,Male,Telangana,1116761.0,M.Tech,Entrepreneur
1218,Reyansh Ray,50,Bangalore,Female,Karnataka,857297.0,MSc,Doctor
1219,Shamik Chakrabarti,37,Bangalore,Male,Karnataka,2987547.0,PhD,Doctor
1220,Nakul Majumdar,38,Delhi,Male,Delhi,1182679.0,MSc,Doctor
1221,Arhaan Swamy,32,Bangalore,Male,Karnataka,1424108.0,MBA,Doctor
1222,Riaan Raj,32,Hyderabad,Male,Telangana,2889421.0,MBA,Doctor
1224,Inaaya  Varty,45,Bangalore,Female,Karnataka,2086398.0,M.Tech,Doctor
1225,Shray Bains,33,Bangalore,Female,Karnataka,2670258.0,MBA,Doctor
1226,Ranbir Gill,36,Delhi,Male,Delhi,2764138.0,PhD,Doctor
1227,Amira Dara,33,Mumbai,Male,Maharashtra,1615969.0,M.Tech,Finance Manager
1228,Tara Halder,34,Mumbai,Male,Maharashtra,1776978.0,MBA,Software Engineer
1229,Miraya Kalla,49,Bangalore,Female,Karnataka,2835174.0,MBA,Entrepreneur
1230,Anahi Ramesh,33,Delhi,Male,Delhi,547553.0,BBA,Marketing Executive
1233,Ryan Bakshi,32,Delhi,Female,Delhi,2676513.0,MBA,Data Scientist
1234,Rasha Bhat,41,Chennai,Female,Tamil Nadu,1819416.0,MSc,Entrepreneur
1235,Prerak Kadakia,43,Mumbai,Male,Maharashtra,1259026.0,MBA,Finance Manager
1236,Rasha Karnik,38,Delhi,Male,Delhi,1528656.0,MBA,Finance Manager
1237,Charvi Mangat,19,Delhi,Female,Delhi,2158022.0,MSc,Finance Manager
1238,Diya Bandi,32,Delhi,Female,Delhi,2919156.0,MSc,Software Engineer
1239,Aniruddh Balan,29,Bangalore,Male,Karnataka,1237197.0,M.Tech,Doctor
1240,Siya Dyal,21,Kolkata,Female,West Bengal,646087.0,BSc,Bank Clerk
1241,Saanvi Bhardwaj,47,Delhi,Female,Delhi,2424673.0,M.Tech,Entrepreneur
1242,Rati Bhargava,34,Ahmedabad,Female,Gujarat,1605358.0,M.Tech,Entrepreneur
1243,Jayant Vig,31,Delhi,Male,Delhi,2402872.0,PhD,Finance Manager
1244,Rohan Kala,33,Hyderabad,Female,Telangana,1104555.0,M.Tech,Software Engineer
1246,Devansh Savant,28,Ahmedabad,Male,Gujarat,1289425.0,MSc,Software Engineer
1248,Gatik Andra,36,Ahmedabad,Male,Gujarat,1858533.0,MBA,Data Scientist
1249,Kashvi Goyal,30,Mumbai,Male,Maharashtra,2603713.0,M.Tech,Entrepreneur
1250,Suhana Kulkarni,26,Bangalore,Female,Karnataka,1353179.0,MSc,Entrepreneur
1251,Neelofar Goel,29,Chennai,Male,Tamil Nadu,1153932.0,M.Tech,Doctor
1252,Taimur D’Alia,25,Delhi,Male,Delhi,1902557.0,MSc,Doctor
1253,Nirvi Grewal,35,Kolkata,Female,West Bengal,1863656.0,PhD,Doctor
1255,Anya Luthra,43,Mumbai,Male,Maharashtra,2658050.0,M.Tech,Data Scientist
1223,Shamik Kale,28,Delhi,Male,Delhi,1387101.0,MSc,Doctor
1256,Amira Dani,37,Pune,Male,Maharashtra,1057695.0,MSc,Data Scientist
1258,Tushar Arya,28,Delhi,Female,Delhi,2864205.0,PhD,Doctor
1259,Mannat Setty,35,Pune,Male,Maharashtra,643465.0,MBA,Teacher
1260,Hridaan Borde,34,Kolkata,Female,West Bengal,1136084.0,MSc,Data Scientist
1261,Amira Dada,20,Hyderabad,Male,Telangana,2556354.0,MSc,Entrepreneur
1262,Kavya Iyer,52,Pune,Male,Maharashtra,1336692.0,MBA,Doctor
1263,Ivana Dua,33,Delhi,Female,Delhi,1845082.0,PhD,Software Engineer
1264,Tejas Bawa,18,Delhi,Female,Delhi,439954.0,Diploma,Factory Worker
1265,Lakshay Tandon,23,Hyderabad,Male,Telangana,470492.0,12th Pass,Factory Worker
1266,Kaira Sawhney,27,Delhi,Male,Delhi,2223619.0,PhD,Software Engineer
1267,Prerak Garg,42,Delhi,Male,Delhi,1730478.0,MBA,Data Scientist
1268,Alisha Dhar,20,Mumbai,Male,Maharashtra,900081.0,MBA,Finance Manager
1269,Kiaan Kari,32,Hyderabad,Male,Telangana,2928801.0,M.Tech,Data Scientist
1270,Kartik Dyal,26,Chennai,Female,Tamil Nadu,1283107.0,MBA,Entrepreneur
1271,Nehmat Rege,39,Bangalore,Female,Karnataka,2555285.0,M.Tech,Entrepreneur
1272,Elakshi Varughese,24,Mumbai,Female,Maharashtra,862608.0,PhD,Entrepreneur
1273,Baiju Sharma,28,Chennai,Female,Tamil Nadu,1433044.0,PhD,Entrepreneur
1274,Taimur Saini,18,Chennai,Female,Tamil Nadu,1201468.0,PhD,Doctor
1275,Samiha Gupta,36,Kolkata,Male,West Bengal,899283.0,PhD,Finance Manager
1277,Aaryahi Gopal,29,Ahmedabad,Female,Gujarat,982745.0,MSc,Software Engineer
1279,Divit Char,34,Delhi,Male,Delhi,916433.0,PhD,Data Scientist
1280,Saira Dugal,31,Bangalore,Female,Karnataka,1293594.0,PhD,Software Engineer
1281,Kimaya Saha,34,Chennai,Male,Tamil Nadu,531968.0,B.A,Bank Clerk
1282,Nitara Jaggi,38,Chennai,Male,Tamil Nadu,1375142.0,PhD,Entrepreneur
1283,Prisha Devi,35,Delhi,Female,Delhi,1635879.0,MBA,Doctor
1284,Nehmat Goyal,38,Hyderabad,Male,Telangana,2356743.0,PhD,Data Scientist
1285,Faiyaz Dasgupta,37,Kolkata,Male,West Bengal,1468011.0,PhD,Software Engineer
1286,Samar Krishna,27,Delhi,Female,Delhi,1290784.0,PhD,Software Engineer
1287,Misha Buch,36,Jaipur,Female,Rajasthan,410983.0,12th Pass,Customer Support
1288,Anya Swamy,47,Kolkata,Female,West Bengal,1582457.0,M.Tech,Doctor
1289,Rasha Thakur,48,Lucknow,Male,Uttar Pradesh,477294.0,12th Pass,Customer Support
1290,Nehmat Sharaf,32,Pune,Female,Maharashtra,1830469.0,M.Tech,Finance Manager
1291,Ahana  Vala,37,Delhi,Female,Delhi,1106080.0,M.Tech,Software Engineer
1293,Madhav Chanda,35,Delhi,Male,Delhi,739407.0,BSc,Marketing Executive
1294,Indrajit Sawhney,46,Hyderabad,Female,Telangana,2258894.0,PhD,Software Engineer
1295,Jayesh Chand,18,Delhi,Male,Delhi,819712.0,M.Tech,Data Scientist
1296,Ivana Comar,37,Delhi,Male,Delhi,827633.0,M.Tech,Finance Manager
1297,Prerak Bhardwaj,18,Delhi,Male,Delhi,1448401.0,MBA,Entrepreneur
1300,Myra Chhabra,40,Hyderabad,Male,Telangana,2071328.0,MBA,Data Scientist
1301,Heer Aggarwal,20,Kolkata,Male,West Bengal,1284608.0,MBA,Data Scientist
1302,Amira Acharya,27,Mumbai,Male,Maharashtra,351264.0,12th Pass,Customer Support
1303,Amani Bora,18,Delhi,Female,Delhi,1711928.0,MSc,Data Scientist
1304,Riya Savant,58,Jaipur,Female,Rajasthan,1167071.0,MBA,Software Engineer
1305,Nayantara Chandran,34,Hyderabad,Female,Telangana,2163847.0,M.Tech,Data Scientist
1307,Pranay Shanker,38,Chennai,Female,Tamil Nadu,784510.0,B.Tech,Teacher
1308,Lagan Dhar,37,Mumbai,Male,Maharashtra,2452513.0,PhD,Finance Manager
1309,Madhav Subramanian,19,Ahmedabad,Female,Gujarat,1151717.0,MSc,Software Engineer
1310,Myra Lala,21,Kolkata,Female,West Bengal,1345982.0,M.Tech,Finance Manager
1311,Stuvan Loyal,23,Bangalore,Male,Karnataka,2573054.0,MBA,Data Scientist
1312,Renee Babu,31,Chennai,Female,Tamil Nadu,1418831.0,PhD,Entrepreneur
1313,Damini Balakrishnan,19,Mumbai,Male,Maharashtra,925795.0,M.Tech,Doctor
1314,Yasmin Kaul,26,Delhi,Male,Delhi,2113929.0,MBA,Data Scientist
1315,Eshani Lalla,30,Mumbai,Male,Maharashtra,2712456.0,MSc,Entrepreneur
1316,Zain Khare,44,Mumbai,Female,Maharashtra,1923899.0,MBA,Entrepreneur
1317,Indranil Hayre,55,Bangalore,Female,Karnataka,1729898.0,PhD,Doctor
1319,Keya Balay,22,Hyderabad,Female,Telangana,1117698.0,PhD,Doctor
1320,Amira Mall,34,Kolkata,Male,West Bengal,955841.0,MSc,Finance Manager
1321,Dhruv Dara,41,Bangalore,Female,Karnataka,1084193.0,PhD,Software Engineer
1322,Stuvan Kanda,51,Pune,Female,Maharashtra,1228650.0,M.Tech,Doctor
1323,Renee Bhatti,34,Pune,Female,Maharashtra,777432.0,B.Com,HR Manager
1324,Anvi Tata,53,Mumbai,Male,Maharashtra,1440193.0,MSc,Finance Manager
1325,Mahika Lata,38,Mumbai,Female,Maharashtra,578047.0,BBA,Accountant
1326,Umang Dugar,53,Ahmedabad,Male,Gujarat,1371883.0,PhD,Entrepreneur
1327,Umang Hayer,33,Pune,Male,Maharashtra,512321.0,B.Com,HR Manager
1328,Nitara Deol,50,Hyderabad,Male,Telangana,778389.0,MCA,HR Manager
1329,Aayush Sengupta,47,Kolkata,Male,West Bengal,1624373.0,M.Tech,Finance Manager
1331,Saira Gupta,39,Delhi,Female,Delhi,384053.0,12th Pass,Delivery Agent
1332,Shray Sidhu,26,Mumbai,Female,Maharashtra,489504.0,Diploma,Security Guard
1333,Anika Bora,43,Kolkata,Male,West Bengal,793073.0,MBA,Marketing Executive
1335,Abram Hans,29,Jaipur,Female,Rajasthan,555085.0,Diploma,Teacher
1336,Ahana  Sani,21,Hyderabad,Female,Telangana,2153209.0,M.Tech,Doctor
1337,Bhavin Choudhury,22,Chennai,Female,Tamil Nadu,1134760.0,MBA,Data Scientist
1338,Mishti Ramaswamy,37,Delhi,Male,Delhi,457906.0,Diploma,Customer Support
1340,Adira Randhawa,46,Delhi,Male,Delhi,2100716.0,MBA,Finance Manager
1341,Oorja Khosla,33,Bangalore,Male,Karnataka,566245.0,Diploma,HR Manager
1342,Priyansh Sani,33,Hyderabad,Female,Telangana,473384.0,Diploma,Factory Worker
1343,Raunak Ravel,22,Delhi,Female,Delhi,1708402.0,M.Tech,Finance Manager
1345,Nayantara Dyal,44,Delhi,Male,Delhi,1851297.0,PhD,Software Engineer
1346,Rhea Lad,45,Delhi,Female,Delhi,1795859.0,M.Tech,Finance Manager
1347,Ahana  Gokhale,48,Hyderabad,Male,Telangana,2127397.0,MSc,Entrepreneur
1348,Kavya Zacharia,39,Delhi,Female,Delhi,1415111.0,MBA,Entrepreneur
1349,Indrans Ghose,36,Ahmedabad,Female,Gujarat,839375.0,M.Tech,Entrepreneur
1350,Jivika Dash,37,Chennai,Female,Tamil Nadu,1852824.0,MSc,Doctor
1352,Jayan Shah,35,Bangalore,Female,Karnataka,1373675.0,PhD,Entrepreneur
1353,Veer Gara,30,Ahmedabad,Female,Gujarat,656786.0,BSc,Teacher
1354,Darshit Maharaj,18,Bangalore,Female,Karnataka,468551.0,Diploma,Customer Support
1355,Keya Deep,33,Bangalore,Female,Karnataka,1363253.0,M.Tech,Doctor
1356,Divit Bumb,21,Bangalore,Male,Karnataka,410215.0,12th Pass,Retail Worker
1357,Yuvaan Chokshi,36,Mumbai,Female,Maharashtra,325543.0,12th Pass,Customer Support
1358,Amani Choudhury,24,Hyderabad,Female,Telangana,2880701.0,MSc,Doctor
1359,Indrajit Aggarwal,22,Ahmedabad,Male,Gujarat,1687479.0,MBA,Data Scientist
1360,Baiju Kalla,31,Delhi,Female,Delhi,2690557.0,MSc,Software Engineer
1361,Shaan Barman,45,Hyderabad,Male,Telangana,1133886.0,PhD,Software Engineer
1362,Rati Brahmbhatt,26,Hyderabad,Male,Telangana,1731566.0,M.Tech,Finance Manager
1363,Kismat Balan,18,Mumbai,Female,Maharashtra,2441869.0,PhD,Finance Manager
1364,Vihaan Madan,39,Chennai,Male,Tamil Nadu,1875123.0,M.Tech,Software Engineer
1365,Lagan Sur,35,Delhi,Female,Delhi,2678917.0,MSc,Software Engineer
1366,Rasha Sha,38,Hyderabad,Female,Telangana,304298.0,12th Pass,Delivery Agent
1367,Anahi Sane,18,Ahmedabad,Male,Gujarat,1449318.0,M.Tech,Entrepreneur
1369,Madhav Badami,33,Ahmedabad,Male,Gujarat,1550378.0,MBA,Data Scientist
1370,Neelofar Reddy,24,Delhi,Male,Delhi,1167675.0,MSc,Entrepreneur
1371,Nakul Borde,22,Chennai,Male,Tamil Nadu,988671.0,M.Tech,Finance Manager
1372,Nirvaan Zachariah,33,Mumbai,Male,Maharashtra,425838.0,Diploma,Customer Support
1373,Zain Halder,41,Delhi,Female,Delhi,1140344.0,MBA,Entrepreneur
1374,Pranay Sagar,31,Lucknow,Male,Uttar Pradesh,491032.0,12th Pass,Security Guard
1376,Kashvi Kashyap,18,Ahmedabad,Female,Gujarat,1550652.0,MBA,Software Engineer
1377,Saanvi Ben,34,Chennai,Female,Tamil Nadu,1133020.0,MSc,Doctor
1378,Tiya Sami,26,Jaipur,Female,Rajasthan,501292.0,Diploma,Teacher
1379,Anvi Dyal,31,Mumbai,Male,Maharashtra,1743882.0,PhD,Software Engineer
1380,Sahil Edwin,18,Delhi,Female,Delhi,1824997.0,M.Tech,Entrepreneur
1381,Shalv Mall,29,Hyderabad,Male,Telangana,2006868.0,M.Tech,Software Engineer
1382,Eshani Raman,37,Kolkata,Male,West Bengal,1973800.0,MBA,Entrepreneur
1384,Tushar Deshpande,49,Kolkata,Female,West Bengal,1948111.0,PhD,Entrepreneur
1385,Alisha Koshy,32,Hyderabad,Male,Telangana,2909989.0,PhD,Finance Manager
1386,Pranay Wagle,48,Delhi,Male,Delhi,2592588.0,MSc,Doctor
1387,Mamooty Sankaran,28,Lucknow,Male,Uttar Pradesh,841714.0,MBA,Software Engineer
1388,Eva Sarma,33,Kolkata,Male,West Bengal,1322420.0,MSc,Entrepreneur
1389,Neysa Devi,39,Bangalore,Male,Karnataka,1836112.0,M.Tech,Data Scientist
1390,Nayantara Hari,55,Ahmedabad,Male,Gujarat,874080.0,PhD,Data Scientist
1391,Ayesha Sant,18,Pune,Female,Maharashtra,1660944.0,PhD,Doctor
1392,Ivana Randhawa,38,Hyderabad,Male,Telangana,532579.0,BBA,Marketing Executive
1393,Alia Borde,26,Hyderabad,Male,Telangana,2670434.0,M.Tech,Doctor
1394,Yashvi Wable,43,Delhi,Male,Delhi,2732673.0,MSc,Data Scientist
1395,Anaya Anand,41,Bangalore,Female,Karnataka,503154.0,BSc,Accountant
1396,Zeeshan Sengupta,44,Delhi,Male,Delhi,2501303.0,M.Tech,Software Engineer
1399,Seher Anne,33,Delhi,Female,Delhi,1894824.0,M.Tech,Data Scientist
1400,Siya Divan,38,Mumbai,Male,Maharashtra,657275.0,MCA,Bank Clerk
1401,Ritvik Bath,22,Ahmedabad,Male,Gujarat,1831985.0,M.Tech,Finance Manager
1402,Aradhya Mandal,35,Jaipur,Male,Rajasthan,652768.0,BBA,Accountant
1403,Ritvik Dhillon,18,Chennai,Male,Tamil Nadu,624917.0,BSc,Teacher
1404,Lagan Ratti,27,Jaipur,Female,Rajasthan,655390.0,MCA,Marketing Executive
1405,Kiaan Sani,29,Delhi,Male,Delhi,976531.0,MBA,Finance Manager
1406,Aayush Kalla,56,Kolkata,Male,West Bengal,1505665.0,PhD,Doctor
1407,Damini Chaudhary,30,Delhi,Female,Delhi,1677002.0,PhD,Doctor
1410,Shray Grewal,18,Hyderabad,Female,Telangana,1756063.0,MBA,Entrepreneur
1411,Bhamini Hans,29,Ahmedabad,Male,Gujarat,1162346.0,PhD,Data Scientist
1412,Sahil Hayer,37,Pune,Female,Maharashtra,1081494.0,MBA,Data Scientist
1413,Shanaya Balakrishnan,33,Hyderabad,Male,Telangana,652992.0,BSc,Accountant
1414,Jhanvi Ahuja,25,Kolkata,Male,West Bengal,544471.0,B.A,Marketing Executive
1415,Siya Maharaj,31,Hyderabad,Female,Telangana,2198904.0,MBA,Doctor
1416,Samiha Sharaf,36,Chennai,Female,Tamil Nadu,1968629.0,MBA,Entrepreneur
1417,Divit D’Alia,18,Kolkata,Male,West Bengal,1515034.0,PhD,Entrepreneur
1419,Pari Lad,27,Jaipur,Female,Rajasthan,523220.0,BSc,Teacher
1420,Shayak Gaba,58,Hyderabad,Male,Telangana,1946891.0,MSc,Software Engineer
1422,Taran Bobal,49,Pune,Male,Maharashtra,1895959.0,MBA,Finance Manager
1423,Biju Bhargava,44,Mumbai,Female,Maharashtra,1592455.0,M.Tech,Software Engineer
1424,Nayantara Shan,26,Delhi,Female,Delhi,2254223.0,PhD,Data Scientist
1425,Aradhya Bakshi,33,Hyderabad,Female,Telangana,2555898.0,MSc,Doctor
1426,Madhav Suresh,41,Delhi,Male,Delhi,572747.0,BBA,Bank Clerk
1427,Shaan Varughese,18,Chennai,Female,Tamil Nadu,1064064.0,PhD,Finance Manager
1429,Kavya Kibe,31,Mumbai,Male,Maharashtra,1757728.0,PhD,Data Scientist
1431,Darshit Madan,18,Hyderabad,Female,Telangana,888649.0,PhD,Data Scientist
1432,Pari Tailor,33,Bangalore,Female,Karnataka,1597620.0,MSc,Entrepreneur
1434,Trisha Hegde,42,Chennai,Female,Tamil Nadu,1205398.0,MSc,Data Scientist
1435,Jayesh Dhingra,47,Delhi,Female,Delhi,2788838.0,M.Tech,Software Engineer
1436,Mohanlal Chakrabarti,36,Pune,Female,Maharashtra,1987912.0,PhD,Software Engineer
1437,Armaan Bhakta,29,Jaipur,Male,Rajasthan,1054335.0,MSc,Software Engineer
1438,Vaibhav Chanda,36,Bangalore,Female,Karnataka,1059268.0,M.Tech,Doctor
1439,Tanya Sastry,31,Delhi,Male,Delhi,2693662.0,MSc,Finance Manager
1440,Mannat Bandi,38,Hyderabad,Female,Telangana,2920866.0,PhD,Data Scientist
1441,Anaya Khatri,38,Hyderabad,Female,Telangana,868732.0,MBA,Entrepreneur
1442,Ivan Bhasin,25,Hyderabad,Male,Telangana,1506350.0,MSc,Entrepreneur
1443,Damini Wali,36,Bangalore,Female,Karnataka,2584363.0,M.Tech,Entrepreneur
1445,Jhanvi Cherian,41,Mumbai,Male,Maharashtra,1458526.0,PhD,Data Scientist
1446,Anika Chakraborty,24,Hyderabad,Female,Telangana,2608546.0,MSc,Software Engineer
1447,Kiaan Kumer,34,Lucknow,Male,Uttar Pradesh,1145348.0,MSc,Data Scientist
1448,Bhamini Bassi,25,Delhi,Male,Delhi,1237478.0,M.Tech,Data Scientist
1449,Krish Chowdhury,27,Delhi,Male,Delhi,2298363.0,PhD,Finance Manager
1450,Kartik Bir,36,Ahmedabad,Male,Gujarat,1815310.0,MBA,Data Scientist
1451,Kashvi Vasa,37,Mumbai,Female,Maharashtra,2097782.0,MBA,Finance Manager
1452,Siya Ramanathan,34,Kolkata,Male,West Bengal,949326.0,MSc,Data Scientist
1453,Uthkarsh Iyengar,45,Hyderabad,Male,Telangana,2441611.0,MBA,Entrepreneur
1454,Anvi Lall,43,Delhi,Male,Delhi,1190173.0,MBA,Finance Manager
1455,Miraya Saxena,24,Pune,Male,Maharashtra,1583365.0,M.Tech,Software Engineer
1456,Anika Deshmukh,35,Bangalore,Female,Karnataka,417559.0,Diploma,Customer Support
1457,Ranbir Yadav,29,Chennai,Female,Tamil Nadu,655137.0,BBA,Teacher
1458,Umang Kumar,48,Chennai,Female,Tamil Nadu,1114332.0,PhD,Doctor
1459,Vihaan Sane,32,Ahmedabad,Female,Gujarat,1229074.0,M.Tech,Finance Manager
1460,Mohanlal Jhaveri,31,Pune,Male,Maharashtra,1635056.0,M.Tech,Entrepreneur
1461,Sumer Dube,37,Bangalore,Female,Karnataka,1642182.0,M.Tech,Entrepreneur
1462,Krish Seshadri,29,Hyderabad,Male,Telangana,302377.0,12th Pass,Factory Worker
1463,Prerak Dash,54,Delhi,Male,Delhi,2728613.0,MBA,Data Scientist
1464,Jivin Luthra,36,Pune,Female,Maharashtra,1329588.0,MBA,Software Engineer
1465,Samiha Shroff,39,Ahmedabad,Male,Gujarat,1287773.0,MBA,Doctor
1466,Mohanlal Mannan,56,Mumbai,Female,Maharashtra,437428.0,Diploma,Retail Worker
1467,Prisha Zachariah,23,Jaipur,Male,Rajasthan,804891.0,MBA,Doctor
1470,Yakshit Dhaliwal,35,Bangalore,Male,Karnataka,973671.0,M.Tech,Doctor
1473,Shaan Dani,35,Pune,Male,Maharashtra,822225.0,PhD,Entrepreneur
1474,Sana Kohli,33,Chennai,Male,Tamil Nadu,1422457.0,MBA,Entrepreneur
1475,Taimur Chawla,38,Kolkata,Male,West Bengal,1045285.0,PhD,Finance Manager
1477,Riya Bajaj,30,Mumbai,Male,Maharashtra,802308.0,MBA,Doctor
1478,Saksham Rastogi,36,Delhi,Male,Delhi,1379954.0,MSc,Software Engineer
1479,Siya Rajan,40,Ahmedabad,Male,Gujarat,1456959.0,MSc,Data Scientist
1480,Eshani Sawhney,50,Jaipur,Male,Rajasthan,970281.0,M.Tech,Entrepreneur
1481,Bhamini Kamdar,19,Mumbai,Male,Maharashtra,1639878.0,MBA,Entrepreneur
1482,Aarna Sharma,22,Chennai,Female,Tamil Nadu,1401768.0,PhD,Data Scientist
1483,Hazel Buch,37,Delhi,Male,Delhi,1331590.0,PhD,Software Engineer
1484,Vritika Karan,41,Hyderabad,Male,Telangana,1689312.0,M.Tech,Finance Manager
1485,Yashvi Yohannan,41,Hyderabad,Female,Telangana,608834.0,BSc,Teacher
1487,Devansh Sabharwal,40,Bangalore,Female,Karnataka,706712.0,B.Com,HR Manager
1488,Seher Kapoor,51,Pune,Female,Maharashtra,721744.0,BSc,Marketing Executive
1489,Samaira Toor,41,Hyderabad,Female,Telangana,2131275.0,PhD,Data Scientist
1490,Misha Tata,46,Jaipur,Female,Rajasthan,1025917.0,MBA,Data Scientist
1491,Mamooty Sura,45,Mumbai,Female,Maharashtra,2967298.0,M.Tech,Software Engineer
1492,Hridaan Shankar,50,Bangalore,Female,Karnataka,1093523.0,PhD,Data Scientist
1493,Aaryahi Sachdev,48,Chennai,Male,Tamil Nadu,1730148.0,MSc,Data Scientist
1494,Onkar Singh,28,Ahmedabad,Female,Gujarat,614345.0,BSc,Bank Clerk
1495,Lavanya Goswami,35,Pune,Female,Maharashtra,613786.0,B.Com,Bank Clerk
1496,Hansh Bhasin,26,Mumbai,Male,Maharashtra,2642583.0,PhD,Doctor
1497,Shalv Rattan,37,Hyderabad,Female,Telangana,907391.0,MSc,Software Engineer
1498,Taran Saha,45,Bangalore,Female,Karnataka,488203.0,12th Pass,Customer Support
1499,Jivika Choudhury,45,Bangalore,Female,Karnataka,1235165.0,M.Tech,Data Scientist
1500,Mamooty Sarin,39,Bangalore,Male,Karnataka,2827445.0,MBA,Finance Manager
1502,Advika Dave,51,Hyderabad,Female,Telangana,321510.0,Diploma,Retail Worker
1503,Keya Kibe,47,Mumbai,Male,Maharashtra,2489944.0,MBA,Entrepreneur
1504,Neysa Kumar,35,Hyderabad,Female,Telangana,2347460.0,PhD,Software Engineer
1505,Manikya Madan,37,Delhi,Male,Delhi,1008284.0,MSc,Data Scientist
1506,Jivika Bedi,21,Mumbai,Male,Maharashtra,1382686.0,MBA,Software Engineer
1508,Hunar Din,44,Mumbai,Female,Maharashtra,303757.0,12th Pass,Delivery Agent
1509,Ranbir Choudhary,24,Bangalore,Male,Karnataka,531587.0,B.Com,HR Manager
1510,Shalv Bhagat,26,Mumbai,Female,Maharashtra,1056675.0,MSc,Data Scientist
1511,Ehsaan Bava,37,Bangalore,Male,Karnataka,543376.0,Diploma,Bank Clerk
1512,Azad Devi,46,Kolkata,Female,West Bengal,1641427.0,MBA,Software Engineer
1513,Jayan Chaudhari,18,Delhi,Female,Delhi,2700269.0,MSc,Software Engineer
1514,Kismat Desai,33,Jaipur,Female,Rajasthan,1053142.0,MSc,Software Engineer
1515,Jiya Karpe,47,Ahmedabad,Female,Gujarat,953693.0,PhD,Software Engineer
1516,Manjari Ben,32,Bangalore,Male,Karnataka,974053.0,MSc,Data Scientist
1517,Nitya Babu,38,Hyderabad,Male,Telangana,1753437.0,MBA,Finance Manager
1518,Charvi Choudhary,32,Kolkata,Male,West Bengal,1134651.0,MBA,Software Engineer
1519,Shayak Rege,37,Bangalore,Female,Karnataka,2318997.0,M.Tech,Software Engineer
1521,Hrishita Sarma,33,Mumbai,Male,Maharashtra,706201.0,B.Com,Marketing Executive
1522,Lagan Sur,49,Delhi,Male,Delhi,1425357.0,MSc,Entrepreneur
1523,Anya Chana,38,Mumbai,Female,Maharashtra,2798900.0,M.Tech,Entrepreneur
1524,Shlok Korpal,37,Delhi,Female,Delhi,1231786.0,PhD,Data Scientist
1525,Shlok Sankar,25,Mumbai,Female,Maharashtra,2076119.0,MSc,Entrepreneur
1526,Romil Shanker,26,Delhi,Female,Delhi,1928355.0,M.Tech,Finance Manager
1527,Taran Ramachandran,40,Mumbai,Female,Maharashtra,1334046.0,MSc,Doctor
1529,Suhana Reddy,42,Mumbai,Male,Maharashtra,2773534.0,MBA,Doctor
1530,Rasha Krish,32,Delhi,Female,Delhi,1668619.0,PhD,Software Engineer
1531,Ayesha Amble,34,Pune,Male,Maharashtra,1245838.0,MBA,Entrepreneur
1532,Anahi Mahajan,33,Pune,Female,Maharashtra,1264828.0,MBA,Doctor
1533,Khushi Apte,33,Hyderabad,Female,Telangana,2944844.0,M.Tech,Finance Manager
1534,Rohan Chaudhry,41,Chennai,Female,Tamil Nadu,562152.0,MBA,Marketing Executive
1535,Aaina Toor,36,Delhi,Male,Delhi,1893162.0,MBA,Finance Manager
1536,Hazel Dugar,35,Hyderabad,Female,Telangana,351431.0,Diploma,Customer Support
1537,Kanav Chatterjee,27,Delhi,Male,Delhi,1828108.0,MSc,Data Scientist
1538,Abram Gola,48,Delhi,Male,Delhi,1630810.0,M.Tech,Finance Manager
1539,Aniruddh Singhal,24,Chennai,Male,Tamil Nadu,812837.0,MSc,Entrepreneur
1540,Renee Kothari,28,Kolkata,Female,West Bengal,470045.0,Diploma,Retail Worker
1541,Tanya Verma,29,Hyderabad,Female,Telangana,809026.0,MSc,Data Scientist
1542,Bhamini Koshy,40,Mumbai,Female,Maharashtra,2024754.0,PhD,Software Engineer
1543,Kashvi Dugar,44,Chennai,Female,Tamil Nadu,1413129.0,M.Tech,Entrepreneur
1544,Urvi Chanda,29,Jaipur,Male,Rajasthan,655391.0,B.A,Marketing Executive
1545,Purab Dave,25,Hyderabad,Female,Telangana,450836.0,12th Pass,Delivery Agent
1546,Siya Kar,39,Pune,Male,Maharashtra,1294392.0,MBA,Entrepreneur
1547,Trisha Bava,31,Hyderabad,Male,Telangana,1377599.0,MSc,Finance Manager
1549,Krish Bajwa,35,Mumbai,Female,Maharashtra,2667909.0,PhD,Doctor
1550,Jiya Talwar,26,Ahmedabad,Female,Gujarat,899877.0,PhD,Finance Manager
1551,Ranbir Kashyap,39,Delhi,Male,Delhi,2111315.0,PhD,Software Engineer
1552,Taran Madan,46,Ahmedabad,Male,Gujarat,1581585.0,MSc,Entrepreneur
1553,Jiya Gandhi,39,Mumbai,Female,Maharashtra,2860868.0,PhD,Data Scientist
1554,Diya Mammen,41,Mumbai,Female,Maharashtra,2368328.0,MSc,Data Scientist
1555,Dishani Gola,18,Chennai,Female,Tamil Nadu,1979637.0,MBA,Finance Manager
1556,Zeeshan Saran,36,Mumbai,Male,Maharashtra,2110201.0,M.Tech,Doctor
1557,Ivana Basu,42,Lucknow,Male,Uttar Pradesh,1136291.0,MSc,Finance Manager
1560,Romil Borde,35,Bangalore,Male,Karnataka,1852572.0,M.Tech,Entrepreneur
1561,Armaan Ahuja,44,Hyderabad,Female,Telangana,660999.0,Diploma,Bank Clerk
1562,Shamik Uppal,33,Mumbai,Female,Maharashtra,1703189.0,MBA,Doctor
1563,Indranil Saha,25,Bangalore,Female,Karnataka,434254.0,12th Pass,Security Guard
1565,Zeeshan Reddy,38,Bangalore,Female,Karnataka,1501023.0,MSc,Finance Manager
1567,Tara Kala,18,Chennai,Male,Tamil Nadu,1031553.0,MSc,Data Scientist
1568,Urvi Hans,27,Hyderabad,Female,Telangana,2208933.0,MSc,Entrepreneur
1569,Myra Dara,38,Delhi,Male,Delhi,2400605.0,M.Tech,Data Scientist
1570,Saira Rattan,40,Chennai,Male,Tamil Nadu,1489416.0,M.Tech,Finance Manager
1571,Anya Bandi,44,Mumbai,Female,Maharashtra,2937675.0,M.Tech,Doctor
1572,Damini Johal,45,Mumbai,Male,Maharashtra,2862765.0,MBA,Software Engineer
1573,Zeeshan Anand,28,Bangalore,Male,Karnataka,1650867.0,PhD,Software Engineer
1574,Aarush Chand,30,Hyderabad,Female,Telangana,916386.0,PhD,Data Scientist
1575,Prisha Kar,21,Mumbai,Female,Maharashtra,1259432.0,PhD,Data Scientist
1576,Sumer Wali,30,Kolkata,Male,West Bengal,1549541.0,MSc,Doctor
1577,Ishita Guha,44,Ahmedabad,Female,Gujarat,753138.0,B.Com,HR Manager
1578,Miraan Badal,39,Delhi,Male,Delhi,2924677.0,M.Tech,Entrepreneur
1579,Anaya Sur,48,Bangalore,Male,Karnataka,2415815.0,MBA,Data Scientist
1580,Khushi Vaidya,46,Delhi,Male,Delhi,901038.0,MBA,Software Engineer
1581,Diya Chaudhari,39,Bangalore,Female,Karnataka,2009142.0,PhD,Entrepreneur
1582,Eshani Brahmbhatt,33,Mumbai,Male,Maharashtra,518163.0,B.A,Teacher
1583,Lakshit Chokshi,41,Bangalore,Female,Karnataka,1879679.0,MBA,Entrepreneur
1584,Nehmat Raval,29,Mumbai,Female,Maharashtra,1356139.0,M.Tech,Finance Manager
1585,Yashvi Bhargava,43,Ahmedabad,Female,Gujarat,1851015.0,MBA,Data Scientist
1587,Manikya Keer,36,Bangalore,Male,Karnataka,2150012.0,PhD,Doctor
1588,Yuvaan Bains,34,Mumbai,Female,Maharashtra,1786359.0,PhD,Software Engineer
1589,Kismat Wable,44,Kolkata,Male,West Bengal,1078053.0,MSc,Software Engineer
1590,Alia Borra,62,Bangalore,Female,Karnataka,520653.0,Diploma,Bank Clerk
1591,Vedika Salvi,37,Hyderabad,Female,Telangana,2549072.0,MSc,Doctor
1592,Badal Kota,58,Hyderabad,Male,Telangana,1296758.0,PhD,Software Engineer
1593,Ojas Khosla,35,Pune,Female,Maharashtra,1917458.0,M.Tech,Entrepreneur
1595,Ela Roy,21,Bangalore,Female,Karnataka,1945491.0,MSc,Entrepreneur
1597,Heer Sathe,37,Ahmedabad,Male,Gujarat,1645935.0,PhD,Software Engineer
1599,Miraya Rege,27,Chennai,Male,Tamil Nadu,1691631.0,MBA,Data Scientist
1600,Aarush Koshy,36,Bangalore,Female,Karnataka,936653.0,MSc,Software Engineer
1601,Divyansh Sarkar,46,Delhi,Male,Delhi,2391162.0,M.Tech,Entrepreneur
1602,Anahita Warrior,28,Ahmedabad,Male,Gujarat,977844.0,M.Tech,Software Engineer
1604,Kiara Bal,31,Bangalore,Male,Karnataka,1787364.0,MBA,Finance Manager
1605,Jayan Kurian,42,Delhi,Male,Delhi,968192.0,PhD,Doctor
1606,Vedika Baria,26,Pune,Female,Maharashtra,1688587.0,MBA,Software Engineer
1607,Pranay Loke,34,Lucknow,Female,Uttar Pradesh,321086.0,12th Pass,Retail Worker
1609,Dhanuk Maharaj,21,Bangalore,Female,Karnataka,1107244.0,M.Tech,Doctor
1610,Sara Hans,29,Delhi,Female,Delhi,2893715.0,PhD,Software Engineer
1611,Anaya Sur,37,Ahmedabad,Female,Gujarat,1511691.0,MBA,Data Scientist
1614,Anahita Badami,43,Ahmedabad,Female,Gujarat,1841283.0,MSc,Finance Manager
1616,Mannat Chowdhury,33,Chennai,Female,Tamil Nadu,1290827.0,MBA,Data Scientist
1617,Charvi Upadhyay,46,Bangalore,Male,Karnataka,1742418.0,MSc,Doctor
1618,Armaan Borra,50,Bangalore,Male,Karnataka,1212643.0,MSc,Doctor
1619,Zaina Hayer,30,Hyderabad,Male,Telangana,653223.0,MBA,Accountant
1621,Trisha Chhabra,53,Jaipur,Male,Rajasthan,352268.0,Diploma,Security Guard
1622,Kiaan Mandal,38,Hyderabad,Male,Telangana,1810410.0,M.Tech,Software Engineer
1623,Vivaan Vig,29,Pune,Female,Maharashtra,812241.0,MBA,Software Engineer
1624,Kartik Sharma,32,Jaipur,Male,Rajasthan,845518.0,M.Tech,Software Engineer
1625,Madhup Thakkar,53,Ahmedabad,Female,Gujarat,1331785.0,PhD,Software Engineer
1626,Priyansh Mahajan,51,Pune,Female,Maharashtra,1976496.0,M.Tech,Software Engineer
1627,Shanaya Amble,39,Bangalore,Male,Karnataka,2322126.0,MBA,Software Engineer
1628,Madhav Sami,26,Hyderabad,Female,Telangana,1922107.0,MBA,Software Engineer
1630,Nitara Ramesh,54,Delhi,Female,Delhi,2989445.0,PhD,Finance Manager
1631,Lakshit Barman,18,Mumbai,Female,Maharashtra,1516706.0,PhD,Software Engineer
1632,Trisha Soni,31,Kolkata,Male,West Bengal,1631922.0,PhD,Finance Manager
1633,Renee Gole,27,Delhi,Female,Delhi,1125201.0,PhD,Software Engineer
1634,Mannat Khalsa,30,Hyderabad,Male,Telangana,2979184.0,PhD,Finance Manager
1635,Lakshit Vasa,26,Pune,Female,Maharashtra,1294252.0,PhD,Software Engineer
1636,Riaan Bumb,42,Delhi,Male,Delhi,1964688.0,M.Tech,Finance Manager
1637,Kaira Dhar,18,Mumbai,Female,Maharashtra,1090190.0,PhD,Finance Manager
1638,Indranil Grover,20,Lucknow,Female,Uttar Pradesh,317293.0,12th Pass,Factory Worker
1639,Tara Dayal,21,Chennai,Female,Tamil Nadu,940169.0,PhD,Finance Manager
1640,Shalv Divan,22,Kolkata,Female,West Bengal,1013314.0,MSc,Entrepreneur
1642,Ritvik Chakrabarti,37,Jaipur,Male,Rajasthan,667560.0,Diploma,HR Manager
1643,Pihu Devi,26,Hyderabad,Female,Telangana,409665.0,12th Pass,Customer Support
1644,Charvi Anne,40,Ahmedabad,Female,Gujarat,767558.0,BBA,Teacher
1645,Hazel Agarwal,27,Delhi,Male,Delhi,1124478.0,MSc,Software Engineer
1646,Nishith Bal,34,Mumbai,Female,Maharashtra,745414.0,B.A,HR Manager
1647,Anahita Kalita,37,Mumbai,Male,Maharashtra,1451685.0,MBA,Finance Manager
1650,Dhanuk Mangal,30,Ahmedabad,Male,Gujarat,1696078.0,MBA,Entrepreneur
1651,Stuvan Talwar,33,Mumbai,Male,Maharashtra,2210884.0,MBA,Data Scientist
1652,Heer Shetty,33,Bangalore,Female,Karnataka,1760329.0,PhD,Software Engineer
1653,Parinaaz Suri,46,Pune,Female,Maharashtra,1431957.0,PhD,Entrepreneur
1654,Umang Butala,35,Mumbai,Male,Maharashtra,1990559.0,MSc,Finance Manager
1655,Raunak Bhalla,36,Hyderabad,Male,Telangana,2557932.0,M.Tech,Finance Manager
1656,Neelofar Shere,37,Delhi,Male,Delhi,1504568.0,MSc,Data Scientist
1657,Tejas Ramachandran,30,Ahmedabad,Male,Gujarat,571735.0,B.Tech,Accountant
1659,Kashvi Sandal,33,Hyderabad,Male,Telangana,1080763.0,MBA,Data Scientist
1660,Shray Bhatt,43,Delhi,Female,Delhi,1238893.0,MBA,Software Engineer
1661,Drishya Dasgupta,49,Mumbai,Female,Maharashtra,633193.0,BSc,Bank Clerk
1662,Divij Bhardwaj,27,Lucknow,Male,Uttar Pradesh,540827.0,B.Tech,Teacher
1663,Ayesha Vohra,18,Jaipur,Female,Rajasthan,781487.0,MCA,HR Manager
1665,Sumer Hans,36,Hyderabad,Male,Telangana,638293.0,MBA,Teacher
1666,Ojas Dora,18,Chennai,Female,Tamil Nadu,529737.0,MBA,Bank Clerk
1667,Kartik Sarin,20,Hyderabad,Female,Telangana,2296089.0,PhD,Entrepreneur
1668,Aradhya Thaman,29,Hyderabad,Male,Telangana,559506.0,MCA,Accountant
1670,Aayush Krishna,30,Delhi,Female,Delhi,1109999.0,MBA,Software Engineer
1671,Chirag Gera,21,Mumbai,Male,Maharashtra,1153606.0,MSc,Data Scientist
1672,Nayantara Grover,39,Delhi,Female,Delhi,1280208.0,MSc,Data Scientist
1674,Neysa Tata,36,Kolkata,Male,West Bengal,1006583.0,MSc,Doctor
1675,Manikya Grewal,27,Jaipur,Male,Rajasthan,915765.0,MSc,Entrepreneur
1676,Renee Bail,18,Delhi,Female,Delhi,960165.0,M.Tech,Finance Manager
1677,Riya Saraf,33,Ahmedabad,Male,Gujarat,888366.0,MSc,Data Scientist
1678,Drishya Shanker,32,Delhi,Female,Delhi,1523271.0,MBA,Finance Manager
1681,Prisha Jain,20,Mumbai,Male,Maharashtra,905135.0,MSc,Entrepreneur
1683,Aradhya Lad,38,Bangalore,Female,Karnataka,2352174.0,MBA,Doctor
1684,Prerak Ratti,36,Mumbai,Female,Maharashtra,1309636.0,PhD,Entrepreneur
1685,Stuvan Dua,34,Lucknow,Male,Uttar Pradesh,421537.0,Diploma,Security Guard
1686,Lakshit Salvi,27,Bangalore,Male,Karnataka,1613423.0,MSc,Software Engineer
1688,Ishaan Sarin,37,Bangalore,Male,Karnataka,317374.0,12th Pass,Factory Worker
1689,Pari Kuruvilla,44,Chennai,Female,Tamil Nadu,1644753.0,MBA,Entrepreneur
1690,Farhan Banik,31,Chennai,Female,Tamil Nadu,1333692.0,PhD,Finance Manager
1691,Taimur Sridhar,40,Pune,Male,Maharashtra,535942.0,BSc,Teacher
1692,Vanya Babu,42,Mumbai,Female,Maharashtra,2388649.0,MBA,Software Engineer
1693,Purab Gill,18,Mumbai,Female,Maharashtra,2632108.0,M.Tech,Finance Manager
1694,Arhaan Chowdhury,47,Chennai,Female,Tamil Nadu,1249709.0,MBA,Entrepreneur
1695,Yashvi Sen,36,Mumbai,Female,Maharashtra,1966268.0,MSc,Data Scientist
1696,Suhana Gupta,32,Kolkata,Male,West Bengal,1328529.0,PhD,Data Scientist
1697,Siya Bhatia,54,Pune,Female,Maharashtra,1528325.0,PhD,Data Scientist
1698,Prisha Guha,46,Ahmedabad,Female,Gujarat,1597066.0,M.Tech,Entrepreneur
1699,Reyansh Dhaliwal,25,Delhi,Female,Delhi,2150178.0,MSc,Finance Manager
1700,Mohanlal Atwal,37,Ahmedabad,Female,Gujarat,933341.0,PhD,Entrepreneur
1701,Divit Balan,48,Ahmedabad,Male,Gujarat,315907.0,Diploma,Retail Worker
1702,Azad Varma,28,Bangalore,Male,Karnataka,1763037.0,PhD,Entrepreneur
1703,Ira Kala,44,Pune,Male,Maharashtra,744105.0,Diploma,Marketing Executive
1704,Navya Warrior,26,Chennai,Female,Tamil Nadu,544702.0,Diploma,Accountant
1705,Divyansh Chaudhari,18,Bangalore,Male,Karnataka,1441664.0,MSc,Entrepreneur
1706,Eva Varughese,22,Bangalore,Female,Karnataka,660355.0,Diploma,HR Manager
1709,Priyansh Kale,24,Bangalore,Female,Karnataka,2828358.0,PhD,Finance Manager
1710,Sumer Dhawan,44,Mumbai,Male,Maharashtra,946711.0,MSc,Entrepreneur
1712,Piya Jain,45,Delhi,Female,Delhi,940601.0,M.Tech,Software Engineer
1713,Vidur Aurora,39,Delhi,Male,Delhi,2969537.0,MBA,Entrepreneur
1714,Manikya Chaudry,33,Chennai,Male,Tamil Nadu,1029610.0,M.Tech,Finance Manager
1715,Zara Bhargava,46,Bangalore,Male,Karnataka,2491417.0,PhD,Software Engineer
1717,Anahi Ramakrishnan,47,Pune,Male,Maharashtra,1007018.0,M.Tech,Doctor
1718,Shamik Savant,33,Delhi,Male,Delhi,1458480.0,MSc,Software Engineer
1719,Ivana Kalla,40,Delhi,Female,Delhi,1938517.0,MBA,Doctor
1720,Saksham Tiwari,40,Kolkata,Female,West Bengal,879595.0,PhD,Doctor
1721,Damini Bala,35,Jaipur,Female,Rajasthan,892966.0,MSc,Data Scientist
1723,Hansh Kumer,43,Bangalore,Female,Karnataka,1219571.0,PhD,Doctor
1724,Adira Ram,39,Delhi,Male,Delhi,2554750.0,MSc,Software Engineer
1716,Akarsh Sachdeva,24,Delhi,Male,Delhi,1068891.0,MSc,Doctor
1725,Yakshit Vora,24,Hyderabad,Male,Telangana,1021393.0,M.Tech,Finance Manager
1726,Anvi Bhatt,51,Kolkata,Female,West Bengal,989107.0,M.Tech,Data Scientist
1727,Zeeshan Kapur,42,Bangalore,Female,Karnataka,2565023.0,MSc,Finance Manager
1728,Raunak Sinha,34,Ahmedabad,Female,Gujarat,1362070.0,MSc,Doctor
1729,Vihaan Bains,42,Kolkata,Male,West Bengal,1362880.0,MBA,Entrepreneur
1730,Zaina Mangal,30,Hyderabad,Male,Telangana,2501275.0,MBA,Doctor
1731,Pihu Kunda,38,Bangalore,Female,Karnataka,2533382.0,M.Tech,Entrepreneur
1732,Kismat Lala,48,Ahmedabad,Female,Gujarat,714413.0,BBA,Accountant
1733,Pari Lanka,30,Hyderabad,Male,Telangana,486114.0,Diploma,Factory Worker
1734,Aarush Aurora,32,Mumbai,Male,Maharashtra,2938729.0,PhD,Data Scientist
1735,Dhruv Balakrishnan,18,Kolkata,Male,West Bengal,542434.0,BBA,Teacher
1736,Nitya Hari,32,Jaipur,Male,Rajasthan,467258.0,Diploma,Delivery Agent
1738,Kabir Gole,18,Mumbai,Male,Maharashtra,2771153.0,MSc,Entrepreneur
1739,Pranay Yogi,44,Hyderabad,Female,Telangana,457712.0,Diploma,Factory Worker
1740,Divyansh Badami,36,Ahmedabad,Male,Gujarat,1608886.0,PhD,Doctor
1741,Seher Chatterjee,27,Pune,Female,Maharashtra,1448051.0,PhD,Entrepreneur
1742,Vedika Rege,43,Delhi,Male,Delhi,2122438.0,MBA,Doctor
1743,Samar Bobal,39,Chennai,Female,Tamil Nadu,1280906.0,PhD,Doctor
1744,Tushar Shroff,25,Delhi,Female,Delhi,900076.0,MSc,Entrepreneur
1745,Zara Balay,27,Bangalore,Male,Karnataka,2480047.0,PhD,Data Scientist
1746,Alia Kuruvilla,44,Mumbai,Male,Maharashtra,2923430.0,PhD,Data Scientist
1747,Lakshit Sarraf,37,Delhi,Male,Delhi,1740168.0,MBA,Doctor
1749,Badal Sule,41,Bangalore,Male,Karnataka,451977.0,Diploma,Delivery Agent
1751,Aarav Swaminathan,25,Bangalore,Female,Karnataka,708205.0,B.A,Bank Clerk
1752,Pihu Vyas,45,Ahmedabad,Male,Gujarat,1810701.0,MSc,Doctor
1753,Kismat Yohannan,37,Ahmedabad,Male,Gujarat,1143539.0,MBA,Entrepreneur
1754,Romil Bhat,55,Mumbai,Female,Maharashtra,675197.0,MBA,HR Manager
1755,Trisha Sathe,32,Kolkata,Male,West Bengal,979170.0,MSc,Data Scientist
1756,Kimaya Lall,40,Mumbai,Male,Maharashtra,672273.0,MBA,HR Manager
1757,Kashvi Issac,22,Mumbai,Male,Maharashtra,867538.0,MBA,Data Scientist
1759,Vardaniya Yogi,31,Delhi,Male,Delhi,1621445.0,MBA,Data Scientist
1760,Kiaan Dhawan,26,Delhi,Female,Delhi,1032050.0,M.Tech,Entrepreneur
1761,Lakshit Amble,21,Pune,Female,Maharashtra,1348103.0,PhD,Entrepreneur
1762,Oorja Subramaniam,36,Bangalore,Male,Karnataka,2905766.0,MBA,Software Engineer
1763,Zoya Saxena,28,Hyderabad,Female,Telangana,871364.0,MSc,Software Engineer
1764,Kiara Bedi,54,Mumbai,Male,Maharashtra,1797711.0,MSc,Doctor
1765,Dharmajan Bhardwaj,20,Chennai,Male,Tamil Nadu,1666655.0,M.Tech,Finance Manager
1766,Ahana  Dass,38,Pune,Male,Maharashtra,628512.0,B.A,HR Manager
1767,Samiha Kara,31,Bangalore,Female,Karnataka,1693025.0,M.Tech,Doctor
1768,Adah Barad,18,Bangalore,Male,Karnataka,1098958.0,PhD,Data Scientist
1770,Manikya Bhat,29,Ahmedabad,Female,Gujarat,1187885.0,MSc,Doctor
1771,Indrans Chacko,49,Delhi,Male,Delhi,2054788.0,M.Tech,Software Engineer
1773,Tushar Karan,41,Mumbai,Female,Maharashtra,1778301.0,M.Tech,Data Scientist
1774,Ishita Kothari,32,Jaipur,Female,Rajasthan,460140.0,Diploma,Delivery Agent
1776,Kashvi Behl,38,Bangalore,Male,Karnataka,910756.0,MBA,Software Engineer
1778,Advik Bhavsar,37,Bangalore,Female,Karnataka,1628850.0,M.Tech,Finance Manager
1779,Dhanush Bose,27,Pune,Female,Maharashtra,1832421.0,MSc,Entrepreneur
1780,Riya Kalla,37,Ahmedabad,Male,Gujarat,1021632.0,PhD,Data Scientist
1781,Samar Barad,28,Kolkata,Male,West Bengal,991627.0,PhD,Software Engineer
1783,Shayak Handa,28,Mumbai,Female,Maharashtra,2487503.0,MSc,Entrepreneur
1784,Zara Deshmukh,42,Hyderabad,Male,Telangana,378691.0,Diploma,Customer Support
1785,Madhav Babu,23,Chennai,Female,Tamil Nadu,1445732.0,M.Tech,Entrepreneur
1786,Baiju Ranganathan,34,Bangalore,Male,Karnataka,1031044.0,MBA,Data Scientist
1787,Anika Bansal,41,Bangalore,Male,Karnataka,693669.0,Diploma,Marketing Executive
1788,Renee Dash,24,Mumbai,Female,Maharashtra,2180790.0,MSc,Finance Manager
1789,Pranay Vala,39,Bangalore,Male,Karnataka,2768783.0,PhD,Entrepreneur
1790,Tejas Lad,32,Jaipur,Female,Rajasthan,807066.0,PhD,Doctor
1791,Dishani Acharya,39,Chennai,Female,Tamil Nadu,1828236.0,MBA,Entrepreneur
1795,Dhanush Sanghvi,46,Pune,Female,Maharashtra,529738.0,B.A,Marketing Executive
1796,Yashvi Solanki,65,Jaipur,Female,Rajasthan,810885.0,MBA,Doctor
1798,Shray Brar,29,Mumbai,Female,Maharashtra,1298150.0,M.Tech,Entrepreneur
1799,Kaira Bhalla,43,Hyderabad,Male,Telangana,2252672.0,MSc,Entrepreneur
1800,Aarav Bobal,30,Delhi,Female,Delhi,2601828.0,PhD,Entrepreneur
1801,Bhamini Acharya,18,Bangalore,Female,Karnataka,1398720.0,PhD,Software Engineer
1802,Jayesh Rout,36,Mumbai,Female,Maharashtra,1684390.0,M.Tech,Finance Manager
1782,Zain Gaba,35,Mumbai,Male,Maharashtra,2097606.0,PhD,Doctor
1803,Lakshay Chand,56,Chennai,Female,Tamil Nadu,1394204.0,PhD,Finance Manager
1804,Prerak Cheema,26,Delhi,Female,Delhi,1436363.0,M.Tech,Entrepreneur
1805,Tarini Krishna,32,Bangalore,Female,Karnataka,351983.0,12th Pass,Customer Support
1806,Biju Gandhi,30,Ahmedabad,Female,Gujarat,794055.0,BSc,Accountant
1807,Reyansh Bhatnagar,31,Delhi,Male,Delhi,2162556.0,PhD,Data Scientist
1808,Ehsaan Raj,27,Mumbai,Male,Maharashtra,1588635.0,MSc,Entrepreneur
1809,Saanvi Balay,41,Mumbai,Female,Maharashtra,1437424.0,MBA,Data Scientist
1810,Parinaaz Keer,32,Delhi,Male,Delhi,606848.0,MBA,HR Manager
1811,Anahi Thaman,30,Ahmedabad,Male,Gujarat,1539706.0,MSc,Data Scientist
1814,Miraya Din,26,Mumbai,Female,Maharashtra,2074815.0,PhD,Software Engineer
1815,Zaina Setty,39,Mumbai,Female,Maharashtra,965315.0,PhD,Entrepreneur
1817,Romil Kulkarni,46,Delhi,Male,Delhi,960019.0,MSc,Software Engineer
1818,Zoya Zacharia,21,Pune,Male,Maharashtra,530678.0,B.Tech,Accountant
1819,Navya Badal,32,Ahmedabad,Male,Gujarat,1267268.0,MSc,Software Engineer
1820,Nakul Johal,31,Lucknow,Male,Uttar Pradesh,692258.0,B.Com,Teacher
1821,Dhanuk Manne,46,Bangalore,Female,Karnataka,1741046.0,M.Tech,Doctor
1822,Romil Kumer,33,Hyderabad,Male,Telangana,2419937.0,MBA,Software Engineer
1823,Mehul Raja,38,Mumbai,Female,Maharashtra,537157.0,B.Com,Accountant
1824,Oorja Chaudhari,30,Mumbai,Male,Maharashtra,2386777.0,PhD,Entrepreneur
1826,Vedika Kapur,46,Bangalore,Male,Karnataka,1916785.0,MBA,Data Scientist
1827,Umang Sheth,36,Mumbai,Male,Maharashtra,762525.0,BBA,Teacher
1828,Misha Dube,35,Mumbai,Male,Maharashtra,1122099.0,MSc,Finance Manager
1829,Faiyaz Vig,18,Mumbai,Male,Maharashtra,2148934.0,MBA,Doctor
1830,Sahil Randhawa,32,Lucknow,Male,Uttar Pradesh,746234.0,B.Tech,HR Manager
1831,Reyansh Yogi,35,Bangalore,Male,Karnataka,2771771.0,M.Tech,Doctor
1832,Bhavin Mannan,22,Delhi,Female,Delhi,857612.0,PhD,Software Engineer
1833,Pari Sachdeva,34,Hyderabad,Male,Telangana,572158.0,MCA,Accountant
1834,Prerak Sabharwal,49,Bangalore,Male,Karnataka,2051611.0,M.Tech,Entrepreneur
1835,Alia Loke,40,Ahmedabad,Male,Gujarat,417852.0,12th Pass,Customer Support
1836,Saksham Virk,37,Hyderabad,Male,Telangana,1873961.0,PhD,Software Engineer
1837,Ryan Subramanian,31,Mumbai,Female,Maharashtra,626036.0,Diploma,Bank Clerk
1838,Tejas Tak,40,Jaipur,Female,Rajasthan,1130845.0,M.Tech,Software Engineer
1839,Prerak Kara,24,Mumbai,Female,Maharashtra,770713.0,BSc,Marketing Executive
1840,Dhanuk Yogi,32,Bangalore,Female,Karnataka,671350.0,B.A,Bank Clerk
1841,Shlok Kapoor,18,Hyderabad,Female,Telangana,1425698.0,PhD,Software Engineer
1842,Khushi Sampath,58,Mumbai,Male,Maharashtra,1026533.0,M.Tech,Software Engineer
1843,Riya Zachariah,48,Ahmedabad,Male,Gujarat,950487.0,M.Tech,Entrepreneur
1844,Baiju Agarwal,27,Chennai,Female,Tamil Nadu,524161.0,B.A,HR Manager
1845,Tiya Madan,23,Delhi,Female,Delhi,934494.0,M.Tech,Software Engineer
1846,Inaaya  Khatri,33,Hyderabad,Female,Telangana,2050919.0,MBA,Finance Manager
1847,Anika Dora,25,Kolkata,Male,West Bengal,710971.0,MBA,Teacher
1849,Pranay Balasubramanian,33,Delhi,Female,Delhi,2565114.0,PhD,Entrepreneur
1850,Purab Barad,49,Mumbai,Male,Maharashtra,2962041.0,M.Tech,Software Engineer
1852,Sumer Kanda,27,Delhi,Female,Delhi,2833771.0,MBA,Entrepreneur
1853,Yuvaan Kaur,31,Chennai,Male,Tamil Nadu,590642.0,B.Com,Accountant
1855,Renee Shan,24,Delhi,Female,Delhi,1501631.0,M.Tech,Entrepreneur
1856,Krish Wagle,42,Delhi,Female,Delhi,1229993.0,PhD,Entrepreneur
1857,Baiju Sahni,43,Chennai,Female,Tamil Nadu,939105.0,M.Tech,Doctor
1858,Madhup Vala,45,Delhi,Male,Delhi,1955837.0,MBA,Doctor
1859,Alisha Wagle,38,Ahmedabad,Male,Gujarat,1619199.0,MSc,Software Engineer
1860,Purab Guha,51,Bangalore,Male,Karnataka,745163.0,Diploma,Teacher
1861,Pari Bora,20,Delhi,Male,Delhi,2213733.0,MSc,Entrepreneur
1862,Alisha Batra,29,Ahmedabad,Male,Gujarat,990544.0,PhD,Software Engineer
1863,Vardaniya Loyal,26,Bangalore,Male,Karnataka,1042643.0,M.Tech,Finance Manager
1864,Amira Majumdar,31,Hyderabad,Male,Telangana,2744799.0,MSc,Entrepreneur
1865,Nitara Raman,42,Hyderabad,Female,Telangana,474381.0,12th Pass,Retail Worker
1866,Shray Bhargava,46,Bangalore,Male,Karnataka,1182582.0,MSc,Software Engineer
1867,Biju Chopra,31,Chennai,Male,Tamil Nadu,522029.0,Diploma,Marketing Executive
1868,Ojas Sinha,41,Chennai,Male,Tamil Nadu,922205.0,MSc,Software Engineer
1869,Rohan Iyengar,19,Ahmedabad,Female,Gujarat,1247816.0,PhD,Doctor
1870,Sahil Ben,34,Pune,Female,Maharashtra,703163.0,BSc,HR Manager
1871,Yasmin Dayal,47,Lucknow,Male,Uttar Pradesh,438744.0,Diploma,Security Guard
1872,Pari Maharaj,50,Bangalore,Female,Karnataka,1517208.0,PhD,Data Scientist
1873,Onkar Sachdeva,40,Mumbai,Female,Maharashtra,2842943.0,PhD,Data Scientist
1875,Nakul Tiwari,40,Bangalore,Female,Karnataka,559394.0,B.A,Teacher
1876,Saksham Shroff,53,Chennai,Male,Tamil Nadu,738785.0,BSc,Accountant
1877,Saanvi Tata,33,Pune,Female,Maharashtra,1611365.0,MBA,Finance Manager
1878,Tushar Lala,43,Delhi,Male,Delhi,1257649.0,PhD,Entrepreneur
1879,Aarav Chander,37,Hyderabad,Female,Telangana,1137963.0,MSc,Finance Manager
1880,Jayesh Khatri,47,Pune,Female,Maharashtra,999609.0,MSc,Finance Manager
1881,Vanya Kurian,29,Delhi,Female,Delhi,1704424.0,PhD,Entrepreneur
1882,Mishti Gulati,33,Hyderabad,Male,Telangana,2324734.0,MBA,Doctor
1883,Parinaaz Dey,21,Hyderabad,Female,Telangana,2127463.0,MBA,Doctor
1884,Kanav Varty,39,Pune,Female,Maharashtra,1462458.0,M.Tech,Doctor
1885,Kavya Shukla,41,Mumbai,Male,Maharashtra,2206125.0,MBA,Doctor
1886,Vanya Dayal,35,Mumbai,Male,Maharashtra,1144493.0,M.Tech,Entrepreneur
1887,Gatik Chander,18,Mumbai,Male,Maharashtra,1409907.0,MBA,Doctor
1888,Sumer Ramesh,37,Bangalore,Male,Karnataka,2793907.0,PhD,Software Engineer
1889,Hunar Bali,47,Delhi,Male,Delhi,2803554.0,M.Tech,Data Scientist
1891,Shanaya Thakkar,32,Delhi,Male,Delhi,2980950.0,MBA,Entrepreneur
1892,Tejas Babu,22,Hyderabad,Male,Telangana,2340145.0,M.Tech,Doctor
1894,Zeeshan Solanki,37,Hyderabad,Female,Telangana,2472341.0,M.Tech,Finance Manager
1895,Aniruddh Wason,47,Bangalore,Male,Karnataka,485800.0,12th Pass,Delivery Agent
1896,Shlok Bhatia,47,Mumbai,Female,Maharashtra,1345533.0,MBA,Software Engineer
1897,Pihu Rastogi,30,Delhi,Female,Delhi,1391357.0,MBA,Doctor
1898,Divit Chaudhari,42,Delhi,Female,Delhi,2029377.0,M.Tech,Software Engineer
1899,Ranbir Bajaj,56,Delhi,Male,Delhi,1616322.0,M.Tech,Software Engineer
1901,Nitara Kar,37,Mumbai,Female,Maharashtra,2624592.0,PhD,Finance Manager
1905,Zeeshan Sarma,18,Ahmedabad,Female,Gujarat,871168.0,MBA,Entrepreneur
1906,Pranay Batra,36,Mumbai,Male,Maharashtra,2662028.0,M.Tech,Doctor
1907,Ela Bawa,57,Mumbai,Female,Maharashtra,2895180.0,MSc,Data Scientist
1908,Nirvi Bhagat,45,Chennai,Male,Tamil Nadu,1981951.0,MSc,Data Scientist
1912,Mahika Rege,31,Bangalore,Female,Karnataka,2094210.0,MBA,Data Scientist
1913,Kismat Ghosh,18,Mumbai,Female,Maharashtra,2674059.0,MBA,Doctor
1915,Aradhya Magar,39,Bangalore,Female,Karnataka,2533037.0,M.Tech,Finance Manager
1916,Kartik Vyas,35,Delhi,Female,Delhi,1986486.0,MBA,Software Engineer
1917,Jivin Swamy,44,Delhi,Female,Delhi,2669991.0,PhD,Entrepreneur
1918,Umang Raval,19,Hyderabad,Female,Telangana,999522.0,MSc,Doctor
1919,Hiran Trivedi,30,Ahmedabad,Female,Gujarat,1553896.0,MSc,Entrepreneur
1920,Urvi Srivastava,23,Delhi,Female,Delhi,1292912.0,M.Tech,Data Scientist
1921,Inaaya  Behl,37,Bangalore,Female,Karnataka,1815802.0,M.Tech,Finance Manager
1922,Navya Borde,36,Jaipur,Female,Rajasthan,749727.0,Diploma,Accountant
1923,Zain Sant,20,Pune,Male,Maharashtra,861245.0,PhD,Doctor
1926,Madhup Dhaliwal,38,Delhi,Male,Delhi,2991067.0,MSc,Software Engineer
1927,Arnav Barad,39,Pune,Female,Maharashtra,1783927.0,M.Tech,Entrepreneur
1928,Adira Bal,33,Mumbai,Female,Maharashtra,443505.0,Diploma,Customer Support
1929,Prisha Badami,30,Lucknow,Male,Uttar Pradesh,870016.0,MBA,Software Engineer
1931,Aaina Barad,30,Bangalore,Female,Karnataka,1490419.0,M.Tech,Finance Manager
1932,Tarini Sarin,35,Hyderabad,Female,Telangana,2543611.0,MBA,Software Engineer
1933,Adah Varty,38,Mumbai,Female,Maharashtra,399378.0,Diploma,Security Guard
1934,Siya Bahl,37,Hyderabad,Male,Telangana,1016517.0,M.Tech,Finance Manager
1935,Drishya Handa,32,Chennai,Male,Tamil Nadu,982385.0,M.Tech,Doctor
1936,Navya Date,32,Delhi,Female,Delhi,2600098.0,PhD,Finance Manager
1937,Pranay Chahal,22,Mumbai,Male,Maharashtra,520924.0,B.A,Bank Clerk
1939,Nehmat Andra,26,Delhi,Male,Delhi,537743.0,MBA,Marketing Executive
1940,Vivaan Chawla,33,Ahmedabad,Female,Gujarat,1623800.0,PhD,Entrepreneur
1941,Diya Shah,50,Pune,Male,Maharashtra,1622624.0,PhD,Entrepreneur
1942,Navya Sagar,30,Chennai,Female,Tamil Nadu,1404237.0,MSc,Software Engineer
1943,Yakshit Wadhwa,35,Bangalore,Male,Karnataka,1740516.0,PhD,Doctor
1944,Yakshit Sengupta,45,Mumbai,Male,Maharashtra,1324952.0,PhD,Software Engineer
1945,Chirag Karan,48,Mumbai,Male,Maharashtra,2550364.0,M.Tech,Finance Manager
1946,Hazel Din,23,Ahmedabad,Male,Gujarat,1516359.0,M.Tech,Doctor
1947,Saanvi Kara,32,Delhi,Female,Delhi,791139.0,MBA,Accountant
1948,Rati Salvi,47,Hyderabad,Male,Telangana,1665643.0,MSc,Doctor
1949,Nehmat Shere,43,Mumbai,Male,Maharashtra,1352972.0,MSc,Data Scientist
1950,Ishita Manda,34,Chennai,Female,Tamil Nadu,1900734.0,M.Tech,Finance Manager
1951,Zeeshan Srinivasan,23,Bangalore,Female,Karnataka,548864.0,B.Com,Bank Clerk
1952,Heer Bhattacharyya,38,Kolkata,Male,West Bengal,1889787.0,PhD,Software Engineer
1953,Kiara Sachar,20,Jaipur,Male,Rajasthan,522482.0,B.Com,Marketing Executive
1954,Hrishita Choudhury,45,Lucknow,Female,Uttar Pradesh,716254.0,MBA,Bank Clerk
1955,Renee Chandra,45,Delhi,Female,Delhi,1675357.0,M.Tech,Finance Manager
1956,Navya Mallick,34,Ahmedabad,Female,Gujarat,1681907.0,M.Tech,Entrepreneur
1957,Dhruv Ganesh,30,Mumbai,Female,Maharashtra,1310104.0,M.Tech,Entrepreneur
1958,Drishya Kashyap,31,Ahmedabad,Male,Gujarat,1240216.0,MBA,Entrepreneur
1960,Samar Gala,41,Mumbai,Male,Maharashtra,1781232.0,MSc,Entrepreneur
1962,Kimaya Sawhney,52,Pune,Female,Maharashtra,877734.0,M.Tech,Doctor
1964,Amira Shukla,30,Ahmedabad,Male,Gujarat,1527288.0,MBA,Software Engineer
1966,Fateh Date,35,Hyderabad,Male,Telangana,1608325.0,MBA,Software Engineer
1968,Rohan Ganesan,19,Hyderabad,Female,Telangana,1720574.0,MSc,Finance Manager
1970,Raunak Bal,34,Jaipur,Male,Rajasthan,526841.0,B.Com,Bank Clerk
1971,Umang Borah,44,Hyderabad,Male,Telangana,682468.0,MCA,Accountant
1972,Romil Karan,39,Delhi,Female,Delhi,1545487.0,MBA,Entrepreneur
1973,Anay Bail,41,Mumbai,Female,Maharashtra,1765128.0,M.Tech,Entrepreneur
1974,Ivan Rajagopalan,44,Delhi,Female,Delhi,453468.0,12th Pass,Retail Worker
1975,Nitya Chana,30,Ahmedabad,Male,Gujarat,1395776.0,MSc,Finance Manager
1976,Emir Bajwa,34,Hyderabad,Male,Telangana,1055392.0,PhD,Software Engineer
1978,Dishani Dutt,28,Mumbai,Female,Maharashtra,692186.0,Diploma,Accountant
1979,Faiyaz Thaman,18,Ahmedabad,Male,Gujarat,1559309.0,M.Tech,Software Engineer
1981,Tushar Sangha,27,Mumbai,Female,Maharashtra,615287.0,MCA,HR Manager
1982,Pihu Bir,44,Hyderabad,Female,Telangana,1307673.0,MSc,Finance Manager
1983,Ryan Shah,34,Jaipur,Male,Rajasthan,1112319.0,MBA,Doctor
1984,Kaira Bora,49,Chennai,Male,Tamil Nadu,1769987.0,MBA,Finance Manager
1985,Ivana Sharma,53,Ahmedabad,Male,Gujarat,1788869.0,MSc,Doctor
1986,Seher Virk,54,Chennai,Female,Tamil Nadu,745452.0,B.Tech,Teacher
1987,Alia Goswami,18,Kolkata,Male,West Bengal,1604115.0,MSc,Finance Manager
1988,Lavanya Trivedi,48,Delhi,Male,Delhi,2946314.0,MBA,Entrepreneur
1989,Tushar Ganguly,44,Bangalore,Male,Karnataka,990095.0,MBA,Finance Manager
1990,Madhav Gandhi,25,Bangalore,Female,Karnataka,1032923.0,M.Tech,Entrepreneur
1991,Nayantara Bansal,43,Ahmedabad,Female,Gujarat,535582.0,Diploma,HR Manager
1992,Suhana Singh,46,Bangalore,Male,Karnataka,2777016.0,MSc,Software Engineer
1993,Dharmajan Kapoor,34,Delhi,Male,Delhi,2628372.0,M.Tech,Data Scientist
1994,Miraan Ray,34,Bangalore,Male,Karnataka,1641142.0,MBA,Entrepreneur
1996,Lavanya Dave,47,Mumbai,Male,Maharashtra,1825407.0,MBA,Finance Manager
1998,Miraya Chowdhury,35,Bangalore,Female,Karnataka,933701.0,PhD,Software Engineer
1999,Sana Sekhon,48,Mumbai,Male,Maharashtra,2273317.0,PhD,Software Engineer
2000,Nehmat Hans,19,Hyderabad,Male,Telangana,1635728.0,MSc,Software Engineer
2001,Abram Sangha,18,Mumbai,Female,Maharashtra,887480.0,MSc,Finance Manager
2002,Ryan Saha,26,Mumbai,Male,Maharashtra,2973087.0,PhD,Data Scientist
2003,Advik Borah,27,Kolkata,Female,West Bengal,1709240.0,PhD,Entrepreneur
2004,Kiara Thakur,39,Kolkata,Male,West Bengal,792228.0,BSc,Accountant
2005,Siya Ganesan,35,Chennai,Male,Tamil Nadu,1467528.0,MSc,Data Scientist
2008,Divyansh Aggarwal,33,Mumbai,Male,Maharashtra,741355.0,B.A,Bank Clerk
2010,Oorja Chahal,44,Mumbai,Female,Maharashtra,2355931.0,MSc,Doctor
2011,Yuvaan Swamy,29,Bangalore,Female,Karnataka,362847.0,Diploma,Security Guard
2014,Miraya Dixit,60,Mumbai,Male,Maharashtra,1752879.0,MSc,Entrepreneur
2015,Nakul Borah,26,Ahmedabad,Female,Gujarat,1764628.0,MSc,Entrepreneur
2017,Vedika Bassi,28,Kolkata,Female,West Bengal,1881126.0,MBA,Doctor
2018,Ritvik Bose,29,Bangalore,Female,Karnataka,1964660.0,PhD,Doctor
2019,Samarth Sahota,55,Mumbai,Female,Maharashtra,1390707.0,MSc,Finance Manager
2020,Saanvi Sahni,43,Kolkata,Female,West Bengal,764612.0,B.Com,Bank Clerk
2021,Pari Chaudhuri,34,Kolkata,Female,West Bengal,1272061.0,M.Tech,Entrepreneur
2022,Sahil Sehgal,23,Hyderabad,Female,Telangana,980293.0,PhD,Entrepreneur
2023,Adira Ray,32,Chennai,Male,Tamil Nadu,1118037.0,MSc,Software Engineer
2024,Reyansh Bains,20,Lucknow,Female,Uttar Pradesh,479241.0,12th Pass,Customer Support
2025,Vedika Bali,39,Chennai,Female,Tamil Nadu,1030590.0,MBA,Entrepreneur
2026,Piya Chandran,38,Kolkata,Female,West Bengal,979809.0,MBA,Entrepreneur
2028,Hunar Chhabra,43,Kolkata,Male,West Bengal,1796382.0,PhD,Software Engineer
2029,Vanya Issac,37,Hyderabad,Male,Telangana,885874.0,MSc,Software Engineer
2030,Aaryahi Shan,35,Mumbai,Male,Maharashtra,2869320.0,PhD,Finance Manager
2031,Shayak Dube,18,Bangalore,Female,Karnataka,411970.0,12th Pass,Retail Worker
2032,Nakul Chauhan,61,Delhi,Male,Delhi,1454104.0,PhD,Doctor
2033,Chirag Kumar,53,Bangalore,Female,Karnataka,797135.0,BBA,Marketing Executive
2034,Rasha Gupta,35,Ahmedabad,Female,Gujarat,854245.0,MBA,Entrepreneur
2035,Armaan Bhasin,31,Ahmedabad,Female,Gujarat,1265426.0,PhD,Entrepreneur
2036,Adira Hayer,35,Pune,Female,Maharashtra,715228.0,BBA,Bank Clerk
2037,Rania Goswami,36,Ahmedabad,Female,Gujarat,1860142.0,MBA,Doctor
2038,Vidur Saini,29,Delhi,Male,Delhi,871282.0,MSc,Finance Manager
2039,Kiara Bir,51,Pune,Female,Maharashtra,1340213.0,MSc,Data Scientist
2040,Anaya Bera,37,Hyderabad,Male,Telangana,2237715.0,PhD,Data Scientist
2041,Navya Thaker,36,Hyderabad,Male,Telangana,2529533.0,M.Tech,Data Scientist
2042,Indrans Balay,39,Chennai,Male,Tamil Nadu,1862875.0,M.Tech,Software Engineer
2043,Kismat Gara,50,Pune,Female,Maharashtra,681919.0,BSc,Marketing Executive
2044,Priyansh Trivedi,22,Delhi,Female,Delhi,824782.0,PhD,Doctor
2045,Keya Goel,34,Ahmedabad,Female,Gujarat,1758401.0,M.Tech,Entrepreneur
2046,Parinaaz Rajan,22,Kolkata,Female,West Bengal,815135.0,MBA,Data Scientist
2047,Anvi Cheema,35,Mumbai,Female,Maharashtra,1779484.0,MSc,Data Scientist
2048,Charvi Loke,33,Bangalore,Male,Karnataka,2894411.0,MBA,Software Engineer
2050,Kashvi Golla,45,Mumbai,Male,Maharashtra,1233946.0,MBA,Doctor
2052,Nirvi Dani,44,Hyderabad,Female,Telangana,522091.0,BBA,Marketing Executive
2053,Hiran Bhakta,50,Ahmedabad,Female,Gujarat,836860.0,PhD,Software Engineer
2054,Divyansh Wali,35,Ahmedabad,Female,Gujarat,893309.0,MBA,Data Scientist
2055,Jiya Sane,20,Mumbai,Male,Maharashtra,2281915.0,MBA,Software Engineer
2059,Samaira Sabharwal,25,Delhi,Male,Delhi,1664172.0,MBA,Finance Manager
2060,Advik Upadhyay,35,Mumbai,Male,Maharashtra,1723151.0,M.Tech,Software Engineer
2061,Rati Lanka,32,Lucknow,Female,Uttar Pradesh,660988.0,B.A,Teacher
2062,Riya Koshy,34,Delhi,Female,Delhi,1073487.0,MBA,Entrepreneur
2063,Jayan Bora,28,Delhi,Male,Delhi,2797334.0,M.Tech,Entrepreneur
2064,Ahana  Korpal,24,Delhi,Male,Delhi,1438223.0,PhD,Doctor
2065,Misha Singh,34,Ahmedabad,Male,Gujarat,1706819.0,MSc,Entrepreneur
2066,Arnav Borra,61,Jaipur,Male,Rajasthan,853489.0,MBA,Doctor
2068,Gokul Chad,42,Bangalore,Male,Karnataka,1679586.0,M.Tech,Finance Manager
2069,Miraan Shan,43,Kolkata,Male,West Bengal,897956.0,M.Tech,Entrepreneur
2070,Manjari Rana,35,Hyderabad,Female,Telangana,2272059.0,PhD,Entrepreneur
2071,Azad Maharaj,42,Bangalore,Female,Karnataka,2449126.0,M.Tech,Software Engineer
2072,Mishti Seshadri,35,Pune,Female,Maharashtra,965263.0,MSc,Entrepreneur
2073,Dishani Sachar,28,Chennai,Male,Tamil Nadu,1063933.0,M.Tech,Data Scientist
2074,Vedika Seshadri,36,Pune,Male,Maharashtra,772482.0,BSc,Accountant
2075,Yashvi Sheth,39,Hyderabad,Female,Telangana,852701.0,MSc,Finance Manager
2076,Reyansh Sharaf,18,Hyderabad,Male,Telangana,2440762.0,MSc,Finance Manager
2078,Bhamini Sura,20,Ahmedabad,Male,Gujarat,1846866.0,M.Tech,Data Scientist
2079,Samar Rattan,18,Kolkata,Male,West Bengal,1560091.0,MSc,Finance Manager
2080,Ivana Tella,24,Bangalore,Female,Karnataka,1729539.0,M.Tech,Entrepreneur
2081,Madhup Venkatesh,28,Delhi,Male,Delhi,2221937.0,MBA,Finance Manager
2083,Kiara Dugal,40,Kolkata,Male,West Bengal,1048742.0,MBA,Entrepreneur
2084,Charvi Bose,46,Bangalore,Male,Karnataka,1500487.0,MSc,Data Scientist
2085,Mamooty Sami,18,Delhi,Male,Delhi,632432.0,MBA,HR Manager
2086,Lakshay Devan,50,Ahmedabad,Male,Gujarat,1865008.0,PhD,Finance Manager
2087,Divij Kota,24,Delhi,Female,Delhi,1923453.0,MBA,Entrepreneur
2088,Saira Sekhon,46,Ahmedabad,Male,Gujarat,1761600.0,MSc,Finance Manager
2089,Tara Sarkar,30,Ahmedabad,Male,Gujarat,1471103.0,MSc,Entrepreneur
2090,Amira Koshy,50,Pune,Male,Maharashtra,1359416.0,MSc,Software Engineer
2091,Vivaan Som,40,Hyderabad,Female,Telangana,2540186.0,M.Tech,Entrepreneur
2093,Ayesha Chokshi,23,Bangalore,Male,Karnataka,1074684.0,M.Tech,Doctor
2094,Misha Bahri,40,Hyderabad,Male,Telangana,1283601.0,M.Tech,Software Engineer
2095,Tejas Gill,39,Pune,Female,Maharashtra,1359149.0,MSc,Doctor
2096,Chirag Bandi,34,Mumbai,Female,Maharashtra,2832601.0,PhD,Software Engineer
2097,Adah Banerjee,24,Pune,Female,Maharashtra,985576.0,M.Tech,Doctor
2098,Devansh Dara,45,Kolkata,Female,West Bengal,1431620.0,PhD,Data Scientist
2099,Taran Manne,38,Mumbai,Female,Maharashtra,1368217.0,MSc,Doctor
2100,Zara Mander,21,Ahmedabad,Female,Gujarat,1173837.0,MSc,Doctor
2101,Madhup Trivedi,22,Delhi,Female,Delhi,2227257.0,M.Tech,Entrepreneur
2103,Lagan Lall,33,Delhi,Male,Delhi,1111642.0,MBA,Data Scientist
2104,Navya Raman,45,Delhi,Female,Delhi,2896145.0,MBA,Doctor
2106,Jayant Kakar,52,Chennai,Female,Tamil Nadu,1890780.0,MSc,Finance Manager
2107,Krish Agrawal,44,Lucknow,Male,Uttar Pradesh,745066.0,BBA,Accountant
2108,Riaan Sangha,29,Bangalore,Female,Karnataka,2985059.0,PhD,Entrepreneur
2109,Pihu Borde,33,Mumbai,Female,Maharashtra,1229502.0,MBA,Entrepreneur
2111,Shanaya Sagar,40,Mumbai,Female,Maharashtra,755188.0,B.A,HR Manager
2112,Eshani Sidhu,27,Mumbai,Male,Maharashtra,1771595.0,PhD,Entrepreneur
2113,Ryan Bava,34,Ahmedabad,Female,Gujarat,1554227.0,MBA,Software Engineer
2114,Reyansh Shah,20,Bangalore,Male,Karnataka,636112.0,MCA,Marketing Executive
2116,Rati Deo,45,Mumbai,Female,Maharashtra,683304.0,BSc,Teacher
2117,Biju Anne,18,Jaipur,Male,Rajasthan,456475.0,Diploma,Factory Worker
2118,Myra Sanghvi,40,Mumbai,Male,Maharashtra,431389.0,12th Pass,Customer Support
2119,Ishaan Bajwa,23,Ahmedabad,Female,Gujarat,516302.0,Diploma,Bank Clerk
2120,Anaya Gaba,53,Mumbai,Female,Maharashtra,2188181.0,PhD,Data Scientist
2122,Lagan Mani,49,Bangalore,Female,Karnataka,2596605.0,MSc,Finance Manager
2123,Damini Loyal,29,Hyderabad,Female,Telangana,1703758.0,MBA,Finance Manager
2125,Abram Soni,49,Mumbai,Female,Maharashtra,817376.0,PhD,Doctor
2126,Jiya Anne,52,Bangalore,Female,Karnataka,698786.0,Diploma,Teacher
2127,Anika Mahal,41,Delhi,Male,Delhi,909703.0,M.Tech,Doctor
2128,Rohan Golla,38,Kolkata,Female,West Bengal,580563.0,Diploma,Marketing Executive
2129,Adah Bhatt,22,Kolkata,Female,West Bengal,1059151.0,PhD,Entrepreneur
2130,Riya Shan,37,Jaipur,Female,Rajasthan,1063706.0,MBA,Entrepreneur
2131,Elakshi Luthra,28,Jaipur,Male,Rajasthan,526067.0,B.Tech,Teacher
2132,Alisha Virk,37,Ahmedabad,Male,Gujarat,1025303.0,MSc,Finance Manager
2133,Darshit Sastry,49,Mumbai,Male,Maharashtra,1029134.0,MSc,Finance Manager
2134,Zain Saha,37,Pune,Male,Maharashtra,746563.0,MCA,Teacher
2135,Shamik Dash,43,Mumbai,Male,Maharashtra,767190.0,MBA,HR Manager
2136,Shlok Hegde,52,Delhi,Female,Delhi,2742188.0,PhD,Software Engineer
2138,Rohan Banerjee,41,Chennai,Female,Tamil Nadu,691043.0,B.Tech,Marketing Executive
2139,Krish Chand,42,Bangalore,Male,Karnataka,2849372.0,M.Tech,Finance Manager
2140,Zara Sarna,25,Delhi,Male,Delhi,1431295.0,M.Tech,Software Engineer
2142,Zoya Bassi,44,Delhi,Female,Delhi,579925.0,Diploma,Bank Clerk
2143,Advik Apte,31,Bangalore,Female,Karnataka,1820548.0,PhD,Doctor
2144,Jayan Magar,52,Hyderabad,Male,Telangana,535771.0,BSc,Marketing Executive
2145,Shayak Atwal,44,Delhi,Female,Delhi,819997.0,M.Tech,Finance Manager
2146,Tarini Kota,43,Delhi,Male,Delhi,1722493.0,M.Tech,Entrepreneur
2148,Keya Sama,35,Delhi,Male,Delhi,2903076.0,MBA,Data Scientist
2150,Nakul Chaudhuri,34,Ahmedabad,Male,Gujarat,1444073.0,MBA,Data Scientist
2151,Mamooty Badal,29,Mumbai,Male,Maharashtra,2425586.0,PhD,Data Scientist
2152,Damini Jhaveri,33,Chennai,Male,Tamil Nadu,746459.0,MBA,Teacher
2153,Anay Johal,28,Bangalore,Male,Karnataka,1837473.0,PhD,Software Engineer
2155,Divyansh Singh,44,Bangalore,Female,Karnataka,2404037.0,MBA,Entrepreneur
2156,Lakshay Sule,32,Pune,Female,Maharashtra,937870.0,PhD,Software Engineer
2160,Shayak Choudhury,39,Mumbai,Female,Maharashtra,2793579.0,M.Tech,Entrepreneur
2161,Ahana  Amble,27,Delhi,Female,Delhi,1631508.0,PhD,Entrepreneur
2162,Yashvi Golla,39,Bangalore,Male,Karnataka,975175.0,PhD,Software Engineer
2163,Mishti Gokhale,27,Delhi,Male,Delhi,1465229.0,M.Tech,Finance Manager
2164,Tarini Bedi,24,Pune,Female,Maharashtra,1093300.0,PhD,Finance Manager
2166,Madhav Chakraborty,30,Hyderabad,Female,Telangana,1488447.0,MSc,Data Scientist
2170,Kaira Sarin,25,Ahmedabad,Female,Gujarat,1170626.0,MSc,Entrepreneur
2172,Hrishita Deshmukh,37,Mumbai,Male,Maharashtra,2204714.0,PhD,Data Scientist
2173,Khushi Andra,18,Delhi,Female,Delhi,2723732.0,PhD,Entrepreneur
2174,Pihu Shan,41,Delhi,Male,Delhi,520021.0,MCA,Teacher
2175,Yasmin Rau,35,Bangalore,Female,Karnataka,483090.0,Diploma,Security Guard
2176,Dharmajan Char,24,Delhi,Male,Delhi,2767062.0,PhD,Software Engineer
2177,Jhanvi Sachar,42,Ahmedabad,Male,Gujarat,1344110.0,PhD,Software Engineer
2178,Priyansh Bath,49,Delhi,Male,Delhi,455485.0,12th Pass,Retail Worker
2180,Inaaya  Keer,28,Mumbai,Male,Maharashtra,451751.0,Diploma,Factory Worker
2181,Siya Sachdeva,52,Lucknow,Female,Uttar Pradesh,715212.0,Diploma,Accountant
2182,Raghav Rajagopal,36,Ahmedabad,Female,Gujarat,1124126.0,M.Tech,Software Engineer
2183,Badal Dara,26,Bangalore,Female,Karnataka,2992662.0,MSc,Finance Manager
2185,Jhanvi Gupta,52,Mumbai,Female,Maharashtra,863309.0,PhD,Entrepreneur
2186,Bhavin Manda,50,Hyderabad,Female,Telangana,1488295.0,M.Tech,Software Engineer
2187,Uthkarsh Jani,33,Ahmedabad,Female,Gujarat,1875509.0,PhD,Finance Manager
2188,Indrans Deshpande,22,Delhi,Male,Delhi,1300461.0,MBA,Finance Manager
2189,Tara Kunda,40,Hyderabad,Male,Telangana,775609.0,B.Tech,HR Manager
2190,Madhav Vora,21,Delhi,Female,Delhi,398483.0,12th Pass,Retail Worker
2192,Raunak Konda,28,Mumbai,Female,Maharashtra,717482.0,B.Com,Marketing Executive
2193,Arhaan Agarwal,50,Kolkata,Male,West Bengal,622894.0,Diploma,Marketing Executive
2194,Chirag Sibal,49,Bangalore,Female,Karnataka,2384938.0,MSc,Data Scientist
2168,Alia Sarin,36,Delhi,Male,Delhi,2873521.0,MBA,Software Engineer
2195,Aarush Aggarwal,35,Mumbai,Male,Maharashtra,2416235.0,M.Tech,Finance Manager
2196,Sara Seth,27,Chennai,Female,Tamil Nadu,1964057.0,M.Tech,Data Scientist
2197,Zain Baria,39,Kolkata,Male,West Bengal,1757900.0,MBA,Entrepreneur
2198,Rati Hari,36,Mumbai,Female,Maharashtra,465579.0,Diploma,Factory Worker
2200,Yasmin Borah,42,Mumbai,Male,Maharashtra,1934225.0,MSc,Data Scientist
2201,Ela Doshi,37,Mumbai,Male,Maharashtra,2298263.0,MBA,Software Engineer
2203,Azad Boase,40,Chennai,Male,Tamil Nadu,621725.0,B.Tech,Bank Clerk
2204,Renee Kapoor,18,Delhi,Female,Delhi,1597690.0,MSc,Data Scientist
2205,Renee Kari,35,Hyderabad,Male,Telangana,433124.0,Diploma,Customer Support
2206,Vritika Acharya,38,Mumbai,Male,Maharashtra,2486265.0,MBA,Finance Manager
2207,Shlok Bhardwaj,44,Delhi,Male,Delhi,2238902.0,PhD,Finance Manager
2208,Chirag Shenoy,28,Bangalore,Female,Karnataka,414471.0,Diploma,Customer Support
2210,Jivika Dhaliwal,32,Hyderabad,Female,Telangana,2218249.0,MBA,Entrepreneur
2212,Indranil Rattan,26,Bangalore,Male,Karnataka,1670890.0,PhD,Data Scientist
2214,Sumer Dixit,21,Jaipur,Female,Rajasthan,517467.0,B.Com,Bank Clerk
2215,Inaaya  Bedi,45,Mumbai,Female,Maharashtra,518082.0,Diploma,Accountant
2216,Misha Thakkar,30,Bangalore,Female,Karnataka,1292480.0,M.Tech,Entrepreneur
2217,Renee Lalla,35,Pune,Female,Maharashtra,1038020.0,MBA,Finance Manager
2218,Jayan Rastogi,49,Pune,Male,Maharashtra,572852.0,Diploma,Bank Clerk
2219,Hansh Karan,19,Bangalore,Female,Karnataka,1438804.0,M.Tech,Software Engineer
2220,Dharmajan Arya,32,Delhi,Female,Delhi,2743988.0,PhD,Entrepreneur
2222,Hazel Goda,30,Hyderabad,Male,Telangana,1905096.0,MBA,Doctor
2223,Sana Walia,24,Bangalore,Female,Karnataka,1877003.0,MSc,Finance Manager
2224,Zara Biswas,36,Mumbai,Female,Maharashtra,1173567.0,PhD,Data Scientist
2225,Romil Rao,18,Mumbai,Male,Maharashtra,523946.0,B.Tech,Teacher
2226,Anay Goda,22,Jaipur,Male,Rajasthan,814011.0,M.Tech,Data Scientist
2227,Indranil Kapadia,30,Mumbai,Female,Maharashtra,2737693.0,MBA,Data Scientist
2228,Arhaan Bhardwaj,21,Hyderabad,Female,Telangana,638529.0,B.A,HR Manager
2229,Anvi Kata,32,Delhi,Male,Delhi,772383.0,B.Tech,HR Manager
2231,Adira Chawla,32,Bangalore,Female,Karnataka,1432771.0,PhD,Doctor
2232,Shayak Kamdar,61,Mumbai,Female,Maharashtra,1918185.0,MSc,Doctor
2233,Yuvraj  Srinivas,31,Delhi,Female,Delhi,1446411.0,MSc,Data Scientist
2234,Mohanlal Kata,32,Hyderabad,Female,Telangana,2745442.0,M.Tech,Software Engineer
2235,Divij Arora,35,Bangalore,Female,Karnataka,1394964.0,MSc,Finance Manager
2236,Himmat Vaidya,37,Mumbai,Female,Maharashtra,2155070.0,M.Tech,Entrepreneur
2237,Darshit Behl,47,Mumbai,Female,Maharashtra,1367870.0,MSc,Doctor
2238,Taran Lanka,36,Hyderabad,Male,Telangana,1938486.0,M.Tech,Finance Manager
2239,Tejas Kota,27,Ahmedabad,Male,Gujarat,1286664.0,M.Tech,Doctor
2241,Heer Cherian,30,Bangalore,Male,Karnataka,1561308.0,MSc,Data Scientist
2242,Vidur Borah,38,Hyderabad,Male,Telangana,1267034.0,MSc,Finance Manager
2243,Anahita Bansal,23,Chennai,Male,Tamil Nadu,1350084.0,PhD,Entrepreneur
2244,Neelofar Biswas,46,Hyderabad,Female,Telangana,1762010.0,PhD,Data Scientist
2247,Shray Bhatnagar,38,Kolkata,Female,West Bengal,1639133.0,MSc,Data Scientist
2248,Charvi Kala,48,Kolkata,Male,West Bengal,1948786.0,PhD,Entrepreneur
2249,Lagan Rajan,33,Mumbai,Male,Maharashtra,2490881.0,PhD,Data Scientist
2250,Saksham D’Alia,51,Mumbai,Female,Maharashtra,1943342.0,MBA,Software Engineer
2251,Advika Hari,38,Hyderabad,Male,Telangana,586879.0,MBA,Marketing Executive
2252,Piya Warrior,38,Mumbai,Female,Maharashtra,2316581.0,MBA,Software Engineer
2253,Biju Loyal,33,Jaipur,Male,Rajasthan,1094659.0,M.Tech,Finance Manager
2254,Samarth Srinivasan,46,Bangalore,Female,Karnataka,397793.0,Diploma,Security Guard
2255,Arnav Bali,32,Bangalore,Male,Karnataka,762878.0,B.Tech,Marketing Executive
2256,Oorja Mallick,39,Mumbai,Male,Maharashtra,2596308.0,MSc,Data Scientist
2257,Nishith Mand,25,Hyderabad,Male,Telangana,646401.0,MCA,Teacher
2258,Kiara Dass,43,Ahmedabad,Female,Gujarat,721693.0,MCA,Bank Clerk
2259,Vritika Boase,53,Bangalore,Male,Karnataka,1323575.0,PhD,Finance Manager
2260,Kiaan Acharya,19,Bangalore,Female,Karnataka,2039932.0,M.Tech,Data Scientist
2261,Neysa Kibe,33,Bangalore,Female,Karnataka,2068216.0,PhD,Software Engineer
2263,Eshani Mani,41,Delhi,Female,Delhi,879134.0,M.Tech,Doctor
2264,Piya Srivastava,23,Kolkata,Female,West Bengal,1898657.0,MBA,Entrepreneur
2265,Vedika Mandal,41,Delhi,Male,Delhi,915836.0,PhD,Software Engineer
2266,Zeeshan Garde,29,Ahmedabad,Female,Gujarat,843858.0,MBA,Entrepreneur
2267,Aaryahi Chatterjee,32,Mumbai,Female,Maharashtra,1794066.0,M.Tech,Software Engineer
2268,Rohan Cheema,33,Mumbai,Male,Maharashtra,962354.0,PhD,Doctor
2269,Navya Bassi,23,Ahmedabad,Female,Gujarat,1814970.0,M.Tech,Software Engineer
2270,Zoya Ganguly,47,Bangalore,Male,Karnataka,833660.0,MBA,Software Engineer
2272,Divit Agarwal,26,Jaipur,Female,Rajasthan,1023160.0,MSc,Data Scientist
2273,Rohan Keer,41,Bangalore,Male,Karnataka,2009536.0,MBA,Data Scientist
2274,Kiaan Sandal,45,Pune,Female,Maharashtra,1170556.0,M.Tech,Entrepreneur
2275,Ranbir Kurian,24,Hyderabad,Female,Telangana,745569.0,MCA,Bank Clerk
2276,Amira Bansal,46,Ahmedabad,Male,Gujarat,1136946.0,PhD,Finance Manager
2277,Onkar Varghese,35,Delhi,Male,Delhi,493419.0,Diploma,Retail Worker
2278,Arnav Sharma,32,Mumbai,Female,Maharashtra,2864428.0,M.Tech,Software Engineer
2279,Arhaan Anand,33,Mumbai,Male,Maharashtra,2940413.0,MSc,Doctor
2280,Tiya Wadhwa,37,Kolkata,Male,West Bengal,1922889.0,MBA,Software Engineer
2281,Lagan Bera,42,Hyderabad,Male,Telangana,1022003.0,PhD,Software Engineer
2282,Jayesh Bose,31,Kolkata,Female,West Bengal,1012641.0,PhD,Software Engineer
2283,Ela Tank,38,Lucknow,Female,Uttar Pradesh,516405.0,MBA,HR Manager
2284,Vaibhav Som,26,Hyderabad,Male,Telangana,817545.0,PhD,Finance Manager
2285,Hazel Joshi,27,Bangalore,Female,Karnataka,1466462.0,PhD,Finance Manager
2287,Inaaya  Bora,36,Hyderabad,Male,Telangana,1559182.0,M.Tech,Finance Manager
2288,Nakul Grewal,40,Mumbai,Female,Maharashtra,1369272.0,MBA,Software Engineer
2289,Saksham Sampath,22,Bangalore,Male,Karnataka,2772306.0,MSc,Software Engineer
2290,Vaibhav Jain,35,Bangalore,Female,Karnataka,1150694.0,MSc,Software Engineer
2291,Tushar Kashyap,31,Delhi,Female,Delhi,1173073.0,PhD,Software Engineer
2292,Shlok Kala,38,Kolkata,Male,West Bengal,1924517.0,MBA,Entrepreneur
2293,Tanya Bedi,26,Delhi,Male,Delhi,2828694.0,PhD,Finance Manager
2295,Lavanya Bawa,52,Bangalore,Male,Karnataka,705343.0,MBA,Marketing Executive
2296,Anya Walla,30,Ahmedabad,Female,Gujarat,1281664.0,MSc,Doctor
2298,Ojas Khatri,46,Mumbai,Male,Maharashtra,1925116.0,MSc,Doctor
2299,Eshani Yadav,38,Mumbai,Female,Maharashtra,2287412.0,M.Tech,Finance Manager
2300,Riya Loke,41,Kolkata,Male,West Bengal,1477905.0,MBA,Data Scientist
2301,Rhea Dora,44,Kolkata,Male,West Bengal,1881322.0,MBA,Entrepreneur
2302,Shamik Gulati,41,Mumbai,Female,Maharashtra,2283485.0,MBA,Data Scientist
2304,Uthkarsh Handa,44,Ahmedabad,Female,Gujarat,1370161.0,M.Tech,Entrepreneur
2306,Mishti Subramaniam,32,Bangalore,Female,Karnataka,2416010.0,MBA,Doctor
2307,Mehul Toor,45,Delhi,Female,Delhi,2051783.0,M.Tech,Software Engineer
2309,Anika Bal,29,Mumbai,Female,Maharashtra,496053.0,12th Pass,Delivery Agent
2310,Yakshit Andra,43,Delhi,Male,Delhi,540089.0,B.Tech,Marketing Executive
2311,Aarush Kumer,35,Delhi,Female,Delhi,2440402.0,PhD,Data Scientist
2312,Hunar Karnik,27,Delhi,Male,Delhi,2123854.0,MSc,Doctor
2313,Kanav Rao,39,Bangalore,Female,Karnataka,2114817.0,MBA,Doctor
2314,Adah Kurian,45,Mumbai,Female,Maharashtra,468921.0,Diploma,Factory Worker
2315,Mannat Korpal,68,Delhi,Female,Delhi,991746.0,PhD,Data Scientist
2316,Romil Raj,18,Delhi,Female,Delhi,431460.0,Diploma,Retail Worker
2318,Damini Kunda,18,Delhi,Female,Delhi,422165.0,12th Pass,Factory Worker
2319,Chirag Sahni,19,Jaipur,Female,Rajasthan,957141.0,MSc,Finance Manager
2320,Ritvik Salvi,38,Mumbai,Female,Maharashtra,2651646.0,MBA,Finance Manager
2321,Ayesha Ganguly,38,Chennai,Male,Tamil Nadu,947294.0,MBA,Doctor
2322,Saira Divan,24,Ahmedabad,Male,Gujarat,830541.0,MBA,Entrepreneur
2323,Ishita Chaudhari,28,Bangalore,Female,Karnataka,2892648.0,MSc,Doctor
2325,Azad Rao,29,Delhi,Male,Delhi,1126513.0,MBA,Data Scientist
2326,Bhavin Sibal,55,Delhi,Female,Delhi,1776725.0,MBA,Software Engineer
2327,Dishani Ahuja,35,Mumbai,Male,Maharashtra,970036.0,MBA,Software Engineer
2328,Eva Kar,28,Hyderabad,Female,Telangana,419273.0,12th Pass,Factory Worker
2329,Priyansh Dhawan,28,Mumbai,Female,Maharashtra,1682352.0,PhD,Software Engineer
2332,Alisha Ratta,26,Delhi,Male,Delhi,502902.0,Diploma,Accountant
2333,Jayant Varma,46,Mumbai,Female,Maharashtra,2722613.0,MSc,Software Engineer
2334,Dhanush Madan,22,Chennai,Male,Tamil Nadu,1820735.0,MSc,Entrepreneur
2336,Madhup Bawa,38,Delhi,Female,Delhi,2546593.0,MBA,Entrepreneur
2337,Mannat Comar,41,Jaipur,Male,Rajasthan,331234.0,Diploma,Factory Worker
2339,Tanya Dugar,41,Hyderabad,Female,Telangana,1550367.0,MBA,Doctor
2340,Yashvi Shenoy,32,Delhi,Female,Delhi,2900640.0,M.Tech,Doctor
2342,Ryan Wable,48,Delhi,Female,Delhi,1261272.0,M.Tech,Software Engineer
2344,Ojas Borah,32,Bangalore,Female,Karnataka,741378.0,MBA,Marketing Executive
2346,Ira Dutta,34,Delhi,Female,Delhi,328738.0,12th Pass,Retail Worker
2347,Hunar Konda,30,Bangalore,Female,Karnataka,1389890.0,MSc,Data Scientist
2349,Urvi Balan,42,Ahmedabad,Female,Gujarat,1513018.0,M.Tech,Doctor
2351,Fateh Rege,36,Pune,Male,Maharashtra,1620075.0,PhD,Finance Manager
2352,Piya Khatri,35,Chennai,Male,Tamil Nadu,1508278.0,MBA,Finance Manager
2353,Zeeshan Karan,50,Ahmedabad,Male,Gujarat,1481158.0,M.Tech,Entrepreneur
2354,Ahana  Kant,43,Delhi,Female,Delhi,1132301.0,M.Tech,Doctor
2355,Dhruv Walia,47,Pune,Female,Maharashtra,728490.0,B.A,Marketing Executive
2356,Tushar Gokhale,27,Chennai,Female,Tamil Nadu,1736326.0,M.Tech,Software Engineer
2357,Rohan Varty,25,Kolkata,Female,West Bengal,1559424.0,PhD,Software Engineer
2358,Yuvaan Shanker,19,Delhi,Male,Delhi,1120131.0,MSc,Software Engineer
2360,Hazel Walla,50,Hyderabad,Female,Telangana,2699141.0,PhD,Doctor
2361,Kismat Yadav,43,Ahmedabad,Male,Gujarat,639758.0,BSc,Marketing Executive
2362,Kartik Sidhu,48,Delhi,Male,Delhi,302227.0,12th Pass,Delivery Agent
2363,Aaryahi Dayal,30,Bangalore,Male,Karnataka,2364556.0,PhD,Data Scientist
2364,Advik Chana,48,Delhi,Female,Delhi,1900613.0,MSc,Doctor
2365,Kimaya Baria,45,Kolkata,Female,West Bengal,1244763.0,MBA,Finance Manager
2367,Jiya Gola,31,Chennai,Male,Tamil Nadu,526308.0,BSc,HR Manager
2368,Priyansh Randhawa,37,Bangalore,Male,Karnataka,1758418.0,MSc,Software Engineer
2369,Heer Talwar,39,Delhi,Male,Delhi,640670.0,MCA,Teacher
2370,Gokul Sachdeva,42,Jaipur,Male,Rajasthan,804402.0,PhD,Entrepreneur
2371,Hridaan Choudhury,19,Bangalore,Male,Karnataka,2792397.0,MSc,Finance Manager
2372,Kabir Raj,32,Mumbai,Male,Maharashtra,2006950.0,M.Tech,Finance Manager
2373,Mamooty Taneja,36,Mumbai,Female,Maharashtra,2774780.0,MBA,Data Scientist
2375,Indrajit Dayal,49,Pune,Female,Maharashtra,1420920.0,MBA,Data Scientist
2376,Miraya Thakur,39,Ahmedabad,Male,Gujarat,842035.0,MSc,Finance Manager
2377,Sana Sekhon,38,Mumbai,Female,Maharashtra,1504111.0,MSc,Doctor
2378,Hazel Sarin,57,Delhi,Male,Delhi,2369992.0,PhD,Software Engineer
2381,Arhaan Kale,22,Ahmedabad,Male,Gujarat,1545151.0,M.Tech,Finance Manager
2382,Priyansh Barman,23,Mumbai,Female,Maharashtra,1735302.0,MSc,Data Scientist
2383,Farhan Bhavsar,35,Ahmedabad,Male,Gujarat,1084168.0,MSc,Software Engineer
2384,Vaibhav Agarwal,24,Mumbai,Male,Maharashtra,747430.0,MCA,Bank Clerk
2385,Gatik Bir,22,Ahmedabad,Female,Gujarat,836945.0,MBA,Entrepreneur
2386,Armaan Dugar,48,Hyderabad,Male,Telangana,575521.0,BSc,HR Manager
2387,Samiha Ram,44,Bangalore,Female,Karnataka,320037.0,Diploma,Factory Worker
2388,Miraya Saxena,31,Kolkata,Female,West Bengal,1561264.0,MSc,Doctor
2389,Manjari Thakkar,21,Kolkata,Male,West Bengal,713211.0,MBA,Bank Clerk
2390,Ehsaan Mall,48,Chennai,Female,Tamil Nadu,1783625.0,PhD,Data Scientist
2391,Ojas Kothari,39,Delhi,Male,Delhi,409799.0,Diploma,Security Guard
2392,Himmat Vala,30,Bangalore,Male,Karnataka,660647.0,Diploma,HR Manager
2393,Sara Bhakta,31,Bangalore,Male,Karnataka,2198028.0,M.Tech,Software Engineer
2396,Mamooty Mandal,31,Mumbai,Male,Maharashtra,2014065.0,MSc,Software Engineer
2397,Vihaan Tiwari,22,Mumbai,Male,Maharashtra,1234734.0,MSc,Doctor
2399,Purab Vasa,24,Ahmedabad,Female,Gujarat,678813.0,B.A,HR Manager
2400,Nakul Tata,40,Delhi,Male,Delhi,2404569.0,M.Tech,Doctor
2401,Faiyaz Kala,32,Bangalore,Male,Karnataka,595511.0,Diploma,Teacher
2403,Diya Shere,39,Bangalore,Male,Karnataka,1942127.0,M.Tech,Software Engineer
2404,Pihu Bansal,46,Bangalore,Female,Karnataka,1865752.0,PhD,Data Scientist
2405,Madhav Maharaj,36,Bangalore,Male,Karnataka,745434.0,B.A,HR Manager
2406,Trisha Ahuja,44,Delhi,Female,Delhi,1417337.0,MSc,Doctor
2407,Krish Lalla,46,Ahmedabad,Female,Gujarat,827366.0,PhD,Entrepreneur
2408,Yakshit Solanki,48,Hyderabad,Male,Telangana,2587618.0,MBA,Entrepreneur
2409,Ela Rajagopalan,28,Delhi,Female,Delhi,2390105.0,MBA,Software Engineer
2410,Jivika Sharma,23,Delhi,Male,Delhi,737722.0,BBA,Accountant
2412,Jiya Sarin,19,Lucknow,Female,Uttar Pradesh,749792.0,Diploma,Teacher
2413,Inaaya  Aurora,46,Jaipur,Female,Rajasthan,484571.0,Diploma,Retail Worker
2415,Sana Kade,35,Mumbai,Male,Maharashtra,2585661.0,M.Tech,Software Engineer
2416,Jivin Sunder,33,Bangalore,Male,Karnataka,2129792.0,M.Tech,Doctor
2417,Miraya Ahuja,20,Kolkata,Female,West Bengal,1655559.0,PhD,Doctor
2418,Akarsh Ramesh,36,Hyderabad,Female,Telangana,2501249.0,M.Tech,Software Engineer
2419,Taimur Chander,54,Bangalore,Female,Karnataka,1282051.0,PhD,Entrepreneur
2420,Tejas Devan,67,Mumbai,Male,Maharashtra,1266341.0,PhD,Data Scientist
2422,Aniruddh Sama,30,Chennai,Female,Tamil Nadu,1176802.0,PhD,Software Engineer
2423,Ela Gera,31,Mumbai,Female,Maharashtra,752993.0,MBA,Bank Clerk
2424,Jivika Bains,18,Lucknow,Male,Uttar Pradesh,671756.0,B.A,Teacher
2426,Riya Aggarwal,44,Mumbai,Male,Maharashtra,356580.0,Diploma,Security Guard
2427,Mamooty Kakar,36,Hyderabad,Female,Telangana,2785477.0,MBA,Finance Manager
2428,Pari Iyer,47,Hyderabad,Male,Telangana,2500629.0,MBA,Doctor
2429,Shaan Sankaran,55,Bangalore,Female,Karnataka,2430727.0,MBA,Finance Manager
2402,Dhruv Sachdev,18,Delhi,Female,Delhi,2162383.0,MSc,Finance Manager
2430,Nirvi Grover,39,Delhi,Male,Delhi,411330.0,12th Pass,Security Guard
2433,Dishani Luthra,29,Ahmedabad,Male,Gujarat,565004.0,Diploma,HR Manager
2434,Faiyaz Kapur,27,Delhi,Male,Delhi,489295.0,12th Pass,Customer Support
2435,Pihu Anne,26,Mumbai,Female,Maharashtra,2170858.0,M.Tech,Software Engineer
2436,Kavya Sinha,38,Kolkata,Male,West Bengal,1618633.0,PhD,Finance Manager
2437,Ritvik Sule,18,Hyderabad,Female,Telangana,2936116.0,M.Tech,Software Engineer
2439,Dharmajan Mangal,18,Mumbai,Male,Maharashtra,683686.0,MBA,Accountant
2440,Ishita Soman,41,Pune,Male,Maharashtra,1634053.0,PhD,Data Scientist
2441,Rhea Kamdar,26,Delhi,Female,Delhi,1060969.0,MBA,Software Engineer
2442,Hunar Chandra,51,Bangalore,Male,Karnataka,2738370.0,M.Tech,Finance Manager
2445,Alisha Kumer,31,Mumbai,Female,Maharashtra,1984869.0,MSc,Software Engineer
2447,Ryan Kant,50,Kolkata,Male,West Bengal,1413984.0,PhD,Entrepreneur
2448,Ishita Zachariah,39,Mumbai,Female,Maharashtra,2438666.0,M.Tech,Data Scientist
2449,Kavya Varughese,35,Chennai,Female,Tamil Nadu,539847.0,MBA,Accountant
2450,Madhup Kar,42,Bangalore,Female,Karnataka,1497982.0,MBA,Software Engineer
2451,Anya Agrawal,39,Delhi,Male,Delhi,1179162.0,MSc,Entrepreneur
2452,Jiya Loyal,37,Hyderabad,Female,Telangana,2226134.0,PhD,Doctor
2454,Rania Mann,44,Bangalore,Female,Karnataka,2688072.0,M.Tech,Data Scientist
2455,Vivaan Shan,32,Delhi,Male,Delhi,353871.0,12th Pass,Factory Worker
2456,Renee Deshmukh,34,Jaipur,Female,Rajasthan,752826.0,B.Com,Marketing Executive
2457,Prerak Kadakia,41,Jaipur,Male,Rajasthan,898491.0,PhD,Data Scientist
2459,Darshit Bali,40,Delhi,Male,Delhi,1437760.0,MBA,Data Scientist
2460,Aarav Hayer,26,Pune,Female,Maharashtra,1361538.0,PhD,Finance Manager
2461,Anay Saraf,33,Pune,Female,Maharashtra,1752903.0,M.Tech,Entrepreneur
2462,Azad Kala,26,Mumbai,Female,Maharashtra,325556.0,12th Pass,Delivery Agent
2464,Zeeshan Kade,39,Kolkata,Female,West Bengal,1525886.0,PhD,Doctor
2465,Saanvi Chanda,31,Bangalore,Male,Karnataka,2194316.0,MSc,Entrepreneur
2466,Ivan Shere,32,Hyderabad,Male,Telangana,610169.0,B.Tech,HR Manager
2468,Samarth Som,33,Ahmedabad,Female,Gujarat,631510.0,B.Com,Teacher
2469,Urvi Uppal,27,Delhi,Female,Delhi,1093996.0,M.Tech,Software Engineer
2470,Badal Bhardwaj,33,Kolkata,Male,West Bengal,1228196.0,MSc,Finance Manager
2472,Taran Chawla,18,Mumbai,Male,Maharashtra,1366588.0,M.Tech,Doctor
2473,Aarush Saha,46,Hyderabad,Female,Telangana,2145092.0,PhD,Doctor
2474,Yasmin Kothari,41,Hyderabad,Female,Telangana,2339168.0,PhD,Doctor
2475,Lakshay Kota,34,Mumbai,Female,Maharashtra,959352.0,PhD,Entrepreneur
2476,Vedika Tata,25,Mumbai,Male,Maharashtra,2054231.0,M.Tech,Software Engineer
2477,Vihaan Bhatia,32,Delhi,Male,Delhi,546795.0,B.A,Accountant
2478,Jivin Wable,45,Bangalore,Female,Karnataka,2654619.0,MBA,Doctor
2479,Rohan Dube,23,Mumbai,Male,Maharashtra,1345218.0,M.Tech,Data Scientist
2481,Taimur Ganesh,21,Mumbai,Male,Maharashtra,625823.0,MCA,Teacher
2482,Myra Chaudhary,28,Delhi,Male,Delhi,2054515.0,MBA,Software Engineer
2483,Heer Soman,42,Lucknow,Female,Uttar Pradesh,932384.0,MSc,Doctor
2484,Nishith Kant,23,Mumbai,Female,Maharashtra,1325955.0,M.Tech,Software Engineer
2485,Nehmat Ramakrishnan,18,Delhi,Male,Delhi,1739860.0,MBA,Software Engineer
2486,Jayant Ahuja,22,Bangalore,Male,Karnataka,2925339.0,M.Tech,Finance Manager
2487,Nakul Korpal,30,Ahmedabad,Female,Gujarat,1340951.0,PhD,Doctor
2488,Misha Baria,32,Chennai,Female,Tamil Nadu,1301122.0,MBA,Software Engineer
2489,Diya Dalal,27,Delhi,Female,Delhi,314962.0,Diploma,Factory Worker
2490,Jiya Ganesh,27,Mumbai,Female,Maharashtra,1388279.0,M.Tech,Entrepreneur
2491,Kimaya Bhavsar,45,Kolkata,Male,West Bengal,1364331.0,MBA,Entrepreneur
2492,Advik Bora,23,Delhi,Female,Delhi,1552262.0,MSc,Entrepreneur
2493,Zoya Hayre,40,Delhi,Female,Delhi,1878601.0,M.Tech,Software Engineer
2494,Akarsh Tailor,48,Mumbai,Male,Maharashtra,1995577.0,M.Tech,Software Engineer
2497,Badal Bhakta,38,Kolkata,Male,West Bengal,977350.0,MSc,Entrepreneur
2498,Drishya Gupta,46,Mumbai,Female,Maharashtra,1242577.0,MBA,Doctor
2499,Zain Iyer,31,Mumbai,Male,Maharashtra,330305.0,Diploma,Retail Worker
2500,Mohanlal Kapoor,52,Mumbai,Male,Maharashtra,2551265.0,M.Tech,Finance Manager
2501,Rania Grover,19,Hyderabad,Female,Telangana,2972412.0,MSc,Finance Manager
2502,Aaina Bajaj,57,Ahmedabad,Male,Gujarat,1586061.0,MBA,Software Engineer
2503,Nitara Yogi,30,Bangalore,Female,Karnataka,2582015.0,M.Tech,Entrepreneur
2506,Lavanya Sawhney,35,Hyderabad,Male,Telangana,945308.0,MSc,Doctor
2507,Zeeshan Vora,18,Mumbai,Male,Maharashtra,825235.0,MSc,Software Engineer
2508,Kimaya Chokshi,34,Ahmedabad,Female,Gujarat,1875897.0,PhD,Entrepreneur
2509,Armaan Rastogi,30,Hyderabad,Male,Telangana,1444834.0,MBA,Doctor
2510,Tara Sharaf,36,Kolkata,Male,West Bengal,770055.0,Diploma,Teacher
2511,Ritvik Mahajan,24,Delhi,Female,Delhi,1578784.0,MSc,Doctor
2512,Shray Batra,28,Mumbai,Male,Maharashtra,1679584.0,M.Tech,Entrepreneur
2513,Hunar Upadhyay,26,Mumbai,Male,Maharashtra,1511030.0,MBA,Software Engineer
2514,Nehmat Manda,20,Ahmedabad,Male,Gujarat,1842251.0,MSc,Software Engineer
2515,Bhamini Grewal,49,Chennai,Male,Tamil Nadu,1923065.0,MBA,Data Scientist
2517,Ivana Rastogi,26,Delhi,Female,Delhi,2394176.0,MSc,Software Engineer
2518,Zaina Tripathi,30,Ahmedabad,Male,Gujarat,1096730.0,PhD,Data Scientist
2519,Shanaya Mall,26,Hyderabad,Female,Telangana,1900396.0,PhD,Doctor
2521,Ishaan Baria,35,Kolkata,Female,West Bengal,1637572.0,MSc,Software Engineer
2522,Vaibhav Dewan,53,Pune,Male,Maharashtra,934170.0,PhD,Entrepreneur
2523,Hazel Sunder,28,Chennai,Male,Tamil Nadu,1395772.0,PhD,Entrepreneur
2524,Anya Savant,48,Mumbai,Female,Maharashtra,905364.0,M.Tech,Data Scientist
2525,Keya Venkatesh,26,Pune,Male,Maharashtra,1323685.0,PhD,Software Engineer
2526,Ahana  Taneja,44,Hyderabad,Male,Telangana,2681276.0,M.Tech,Doctor
2527,Renee Iyengar,40,Delhi,Female,Delhi,2804327.0,M.Tech,Data Scientist
2528,Jhanvi Sibal,23,Delhi,Female,Delhi,869128.0,M.Tech,Data Scientist
2529,Zeeshan Ahuja,34,Pune,Female,Maharashtra,609873.0,BBA,Bank Clerk
2532,Nishith Lad,30,Delhi,Male,Delhi,2048258.0,MSc,Software Engineer
2535,Divij Bahri,44,Hyderabad,Female,Telangana,902070.0,M.Tech,Finance Manager
2536,Taimur Devan,38,Ahmedabad,Female,Gujarat,538273.0,BBA,Accountant
2537,Dishani Bose,42,Bangalore,Male,Karnataka,1642578.0,PhD,Data Scientist
2538,Taimur Balan,42,Delhi,Male,Delhi,1647851.0,MBA,Software Engineer
2539,Badal Biswas,21,Hyderabad,Female,Telangana,2058893.0,MSc,Entrepreneur
2540,Alia Swamy,35,Hyderabad,Female,Telangana,320071.0,12th Pass,Retail Worker
2541,Onkar Sampath,30,Chennai,Male,Tamil Nadu,1983128.0,MSc,Data Scientist
2542,Chirag Yogi,29,Chennai,Male,Tamil Nadu,1747045.0,MBA,Entrepreneur
2543,Shaan Ganguly,33,Chennai,Female,Tamil Nadu,933458.0,MSc,Doctor
2545,Dhanush Lalla,45,Chennai,Male,Tamil Nadu,1498030.0,MSc,Data Scientist
2546,Uthkarsh Sem,43,Jaipur,Male,Rajasthan,338569.0,12th Pass,Security Guard
2547,Abram Sani,32,Ahmedabad,Female,Gujarat,1164798.0,MSc,Software Engineer
2549,Indranil Iyer,38,Bangalore,Female,Karnataka,1214220.0,M.Tech,Data Scientist
2550,Mamooty Choudhary,24,Delhi,Male,Delhi,811919.0,PhD,Data Scientist
2551,Anya Dyal,24,Chennai,Female,Tamil Nadu,1845806.0,MSc,Data Scientist
2552,Taimur Karnik,26,Chennai,Female,Tamil Nadu,1160664.0,PhD,Finance Manager
2553,Hazel Krish,25,Bangalore,Male,Karnataka,2906849.0,MBA,Doctor
2554,Ela Sridhar,25,Ahmedabad,Male,Gujarat,750733.0,BSc,Teacher
2555,Navya Thakkar,48,Delhi,Male,Delhi,453280.0,Diploma,Customer Support
2556,Charvi Mandal,37,Bangalore,Female,Karnataka,2575084.0,M.Tech,Doctor
2557,Shlok Mall,37,Delhi,Female,Delhi,1154829.0,M.Tech,Entrepreneur
2558,Nirvi Babu,34,Jaipur,Female,Rajasthan,617768.0,BSc,Marketing Executive
2559,Vivaan Sandal,34,Ahmedabad,Male,Gujarat,1590226.0,M.Tech,Entrepreneur
2560,Zaina Bhatti,48,Bangalore,Female,Karnataka,1973337.0,PhD,Doctor
2561,Ivana Mangat,32,Ahmedabad,Male,Gujarat,515445.0,MCA,Marketing Executive
2562,Kashvi Handa,49,Pune,Female,Maharashtra,1645337.0,MSc,Doctor
2563,Dhanuk Viswanathan,18,Delhi,Male,Delhi,2923592.0,M.Tech,Doctor
2565,Chirag Aggarwal,45,Kolkata,Female,West Bengal,1515347.0,PhD,Software Engineer
2566,Bhamini Rajagopal,34,Mumbai,Male,Maharashtra,599298.0,Diploma,HR Manager
2567,Nitya Bhatnagar,38,Delhi,Female,Delhi,479531.0,Diploma,Delivery Agent
2568,Bhavin Mall,23,Hyderabad,Male,Telangana,990519.0,M.Tech,Entrepreneur
2569,Manikya Karan,25,Ahmedabad,Male,Gujarat,1188023.0,MSc,Doctor
2570,Anika Kade,42,Chennai,Female,Tamil Nadu,1475250.0,MSc,Software Engineer
2571,Tiya Chaudhuri,42,Chennai,Male,Tamil Nadu,888785.0,MBA,Finance Manager
2573,Sara Grover,55,Pune,Male,Maharashtra,929086.0,MSc,Data Scientist
2574,Samiha Chakrabarti,42,Mumbai,Male,Maharashtra,768033.0,B.A,Marketing Executive
2576,Armaan Bakshi,51,Delhi,Male,Delhi,1470209.0,M.Tech,Doctor
2577,Umang Dixit,28,Jaipur,Female,Rajasthan,415323.0,12th Pass,Customer Support
2578,Zoya Upadhyay,28,Ahmedabad,Male,Gujarat,987793.0,M.Tech,Doctor
2579,Zaina Raman,35,Hyderabad,Male,Telangana,1362919.0,PhD,Finance Manager
2580,Gokul Gulati,49,Bangalore,Female,Karnataka,870817.0,PhD,Doctor
2581,Nakul Goyal,43,Mumbai,Male,Maharashtra,1981569.0,PhD,Data Scientist
2583,Badal Sarma,27,Chennai,Male,Tamil Nadu,1460880.0,PhD,Data Scientist
2585,Miraan Rama,33,Mumbai,Female,Maharashtra,1169091.0,MBA,Entrepreneur
2586,Ishita Ramachandran,18,Mumbai,Female,Maharashtra,1146133.0,MBA,Finance Manager
2587,Madhav Dube,35,Delhi,Female,Delhi,1643086.0,PhD,Software Engineer
2588,Faiyaz Johal,41,Ahmedabad,Female,Gujarat,1497279.0,PhD,Software Engineer
2589,Vedika Ratta,47,Ahmedabad,Male,Gujarat,1783770.0,MSc,Entrepreneur
2591,Lavanya Dhar,47,Kolkata,Female,West Bengal,1368251.0,MSc,Entrepreneur
2592,Chirag Dutt,18,Hyderabad,Male,Telangana,426337.0,12th Pass,Security Guard
2593,Indranil Ramaswamy,44,Bangalore,Male,Karnataka,2077128.0,M.Tech,Software Engineer
2594,Madhav Sengupta,30,Bangalore,Female,Karnataka,1933478.0,MBA,Entrepreneur
2595,Taran Dada,23,Delhi,Female,Delhi,1129390.0,M.Tech,Doctor
2596,Elakshi Seth,27,Delhi,Male,Delhi,857323.0,MBA,Entrepreneur
2597,Taran Din,47,Delhi,Male,Delhi,1103611.0,M.Tech,Doctor
2598,Ivan Kata,47,Delhi,Male,Delhi,620016.0,B.A,Accountant
2599,Ivan Thakur,26,Mumbai,Female,Maharashtra,539257.0,BBA,HR Manager
2600,Onkar Anne,36,Mumbai,Male,Maharashtra,1129124.0,PhD,Entrepreneur
2601,Sara Dasgupta,37,Mumbai,Female,Maharashtra,2818499.0,MBA,Finance Manager
2602,Kabir Mahal,33,Hyderabad,Female,Telangana,964512.0,MSc,Entrepreneur
2603,Shamik Deshmukh,23,Bangalore,Male,Karnataka,1850500.0,MSc,Software Engineer
2604,Gatik Sani,39,Mumbai,Male,Maharashtra,2532802.0,PhD,Data Scientist
2605,Nitya Dada,25,Bangalore,Female,Karnataka,706768.0,BBA,Accountant
2606,Aaryahi Sood,37,Pune,Female,Maharashtra,1024191.0,MSc,Data Scientist
2607,Indrajit Randhawa,22,Hyderabad,Male,Telangana,2121906.0,MSc,Software Engineer
2608,Hrishita Mammen,40,Delhi,Female,Delhi,688179.0,Diploma,Bank Clerk
2609,Lakshit Bhakta,27,Mumbai,Female,Maharashtra,396217.0,12th Pass,Factory Worker
2610,Rohan Sarma,48,Mumbai,Female,Maharashtra,2750383.0,MBA,Software Engineer
2611,Mehul Kapoor,33,Hyderabad,Female,Telangana,1854013.0,MBA,Software Engineer
2612,Jayan Chand,18,Chennai,Male,Tamil Nadu,630638.0,B.A,HR Manager
2614,Parinaaz Madan,29,Mumbai,Female,Maharashtra,531394.0,BSc,Marketing Executive
2615,Damini Ganesh,41,Bangalore,Female,Karnataka,1594070.0,PhD,Doctor
2616,Tiya Dewan,54,Hyderabad,Male,Telangana,2389528.0,MSc,Doctor
2617,Shayak Sehgal,54,Kolkata,Male,West Bengal,1730166.0,MBA,Finance Manager
2618,Hiran Divan,36,Mumbai,Male,Maharashtra,2897459.0,MBA,Finance Manager
2619,Inaaya  Bala,32,Ahmedabad,Male,Gujarat,1841160.0,M.Tech,Entrepreneur
2620,Kartik Choudhry,46,Kolkata,Female,West Bengal,647607.0,BSc,HR Manager
2621,Indrajit Raju,36,Mumbai,Male,Maharashtra,2809291.0,M.Tech,Entrepreneur
2623,Devansh Shukla,41,Hyderabad,Male,Telangana,2800039.0,PhD,Finance Manager
2624,Reyansh Sastry,45,Kolkata,Male,West Bengal,1802071.0,MSc,Software Engineer
2625,Zain Chaudhari,46,Chennai,Male,Tamil Nadu,1398437.0,MBA,Finance Manager
2627,Tushar Balan,51,Kolkata,Female,West Bengal,1817955.0,M.Tech,Doctor
2629,Ahana  Kar,38,Hyderabad,Female,Telangana,2090265.0,MBA,Data Scientist
2630,Onkar Bhagat,31,Delhi,Female,Delhi,1912902.0,PhD,Software Engineer
2632,Aayush Jha,34,Delhi,Male,Delhi,1748468.0,M.Tech,Software Engineer
2634,Onkar Rajagopalan,18,Bangalore,Female,Karnataka,1209968.0,M.Tech,Doctor
2635,Dishani Raj,43,Mumbai,Female,Maharashtra,790308.0,B.A,Accountant
2636,Diya Krishnamurthy,29,Lucknow,Male,Uttar Pradesh,839929.0,MBA,Doctor
2637,Neysa Balasubramanian,26,Pune,Female,Maharashtra,959402.0,M.Tech,Finance Manager
2638,Kiara Babu,20,Mumbai,Female,Maharashtra,1964098.0,MBA,Entrepreneur
2639,Renee Bhattacharyya,47,Ahmedabad,Female,Gujarat,1297827.0,MSc,Entrepreneur
2641,Siya Chandra,32,Hyderabad,Male,Telangana,2148079.0,MSc,Software Engineer
2642,Nehmat Shenoy,51,Pune,Male,Maharashtra,1929559.0,M.Tech,Entrepreneur
2643,Raghav Din,58,Delhi,Male,Delhi,529488.0,B.A,Bank Clerk
2644,Alia Sharma,28,Delhi,Female,Delhi,1486737.0,MBA,Doctor
2646,Shray Sami,43,Bangalore,Female,Karnataka,2900235.0,PhD,Finance Manager
2647,Purab Khatri,32,Bangalore,Male,Karnataka,2240433.0,PhD,Finance Manager
2649,Arnav Sama,30,Ahmedabad,Male,Gujarat,1935360.0,M.Tech,Entrepreneur
2650,Kaira Hari,24,Mumbai,Female,Maharashtra,1600267.0,MSc,Entrepreneur
2652,Jiya Kanda,56,Bangalore,Female,Karnataka,347895.0,Diploma,Delivery Agent
2653,Rasha Ram,39,Mumbai,Male,Maharashtra,1039313.0,M.Tech,Entrepreneur
2654,Tanya Dara,49,Ahmedabad,Female,Gujarat,1243666.0,M.Tech,Doctor
2655,Tara Wali,34,Ahmedabad,Male,Gujarat,1720642.0,PhD,Entrepreneur
2656,Lakshay Chopra,44,Ahmedabad,Male,Gujarat,700251.0,Diploma,Accountant
2657,Anaya Sagar,43,Jaipur,Male,Rajasthan,1143954.0,M.Tech,Data Scientist
2660,Manjari Vasa,30,Hyderabad,Male,Telangana,2645221.0,MSc,Finance Manager
2661,Lakshay Sem,24,Delhi,Female,Delhi,2832269.0,MBA,Data Scientist
2662,Amani Chanda,44,Chennai,Female,Tamil Nadu,498854.0,Diploma,Security Guard
2663,Lavanya Karpe,27,Delhi,Female,Delhi,815514.0,M.Tech,Data Scientist
2664,Ahana  Sekhon,29,Kolkata,Female,West Bengal,736585.0,MBA,Accountant
2665,Amani Sundaram,43,Mumbai,Male,Maharashtra,2327388.0,MSc,Data Scientist
2667,Gokul Desai,28,Bangalore,Female,Karnataka,1443756.0,PhD,Doctor
2668,Anay Bora,61,Bangalore,Female,Karnataka,627151.0,Diploma,Marketing Executive
2669,Aradhya Sastry,22,Lucknow,Male,Uttar Pradesh,723091.0,Diploma,Bank Clerk
2670,Aaryahi Wadhwa,46,Delhi,Male,Delhi,2014083.0,M.Tech,Software Engineer
2672,Jivin Krish,40,Pune,Female,Maharashtra,1678449.0,MSc,Data Scientist
2673,Shayak Walia,24,Mumbai,Female,Maharashtra,2283069.0,MSc,Software Engineer
2674,Dhruv Doctor,35,Ahmedabad,Female,Gujarat,1056238.0,MBA,Entrepreneur
2675,Manikya Gade,28,Hyderabad,Female,Telangana,396630.0,Diploma,Customer Support
2676,Prerak Kari,35,Delhi,Male,Delhi,1413951.0,PhD,Software Engineer
2677,Sara Garg,60,Mumbai,Female,Maharashtra,1665299.0,MBA,Entrepreneur
2678,Anahi Badami,35,Mumbai,Female,Maharashtra,745149.0,B.Com,Bank Clerk
2679,Samar Ravi,19,Bangalore,Female,Karnataka,2446999.0,MSc,Finance Manager
2681,Aarna Kumer,35,Mumbai,Female,Maharashtra,1452867.0,PhD,Doctor
2682,Saanvi Bhardwaj,23,Bangalore,Female,Karnataka,1502285.0,PhD,Doctor
2683,Mishti Raval,60,Bangalore,Female,Karnataka,1225306.0,PhD,Data Scientist
2684,Eshani Kota,50,Ahmedabad,Male,Gujarat,1846416.0,M.Tech,Doctor
2685,Romil Bava,36,Delhi,Male,Delhi,2222209.0,M.Tech,Entrepreneur
2686,Krish Sagar,39,Mumbai,Male,Maharashtra,2902545.0,PhD,Entrepreneur
2687,Jayesh Banik,27,Chennai,Male,Tamil Nadu,1037803.0,MBA,Finance Manager
2688,Taimur Varkey,24,Mumbai,Female,Maharashtra,2030405.0,MSc,Doctor
2689,Arnav Chand,36,Kolkata,Female,West Bengal,968874.0,MSc,Entrepreneur
2690,Lavanya Sundaram,30,Hyderabad,Male,Telangana,1332114.0,M.Tech,Data Scientist
2691,Seher Bava,50,Mumbai,Male,Maharashtra,1982624.0,MSc,Software Engineer
2693,Taimur Varkey,38,Pune,Male,Maharashtra,1833156.0,PhD,Doctor
2694,Inaaya  Setty,43,Delhi,Male,Delhi,2782550.0,PhD,Doctor
2695,Indranil Sahni,33,Bangalore,Female,Karnataka,2506858.0,M.Tech,Data Scientist
2696,Rohan Behl,45,Ahmedabad,Male,Gujarat,1512092.0,M.Tech,Data Scientist
2697,Ivana Ghosh,27,Bangalore,Female,Karnataka,2009096.0,MSc,Entrepreneur
2698,Pari Rastogi,21,Kolkata,Female,West Bengal,701982.0,B.Tech,Marketing Executive
2701,Shanaya Suresh,27,Hyderabad,Female,Telangana,1996664.0,MSc,Software Engineer
2702,Nitara Chand,47,Ahmedabad,Female,Gujarat,576979.0,MCA,Teacher
2703,Prerak Bhasin,40,Lucknow,Female,Uttar Pradesh,937082.0,PhD,Finance Manager
2704,Raghav Sarin,34,Mumbai,Male,Maharashtra,2009696.0,PhD,Doctor
2705,Yuvraj  Shukla,31,Hyderabad,Male,Telangana,2368739.0,MBA,Data Scientist
2706,Faiyaz Rout,37,Bangalore,Female,Karnataka,2501950.0,PhD,Entrepreneur
2707,Piya Sant,22,Delhi,Female,Delhi,720485.0,B.Tech,Marketing Executive
2708,Ivan Dhillon,57,Hyderabad,Male,Telangana,765559.0,B.Com,Bank Clerk
2709,Kanav Desai,37,Chennai,Male,Tamil Nadu,1166928.0,M.Tech,Doctor
2711,Darshit Saxena,29,Mumbai,Female,Maharashtra,706433.0,MBA,Marketing Executive
2713,Samar Ben,18,Mumbai,Male,Maharashtra,655319.0,B.Com,Bank Clerk
2714,Heer Chaudhary,31,Mumbai,Female,Maharashtra,381414.0,Diploma,Customer Support
2715,Riya Raman,34,Mumbai,Male,Maharashtra,1705574.0,M.Tech,Software Engineer
2716,Ishita Shanker,34,Chennai,Male,Tamil Nadu,556274.0,MBA,Bank Clerk
2717,Aniruddh Sunder,26,Mumbai,Male,Maharashtra,2566403.0,PhD,Doctor
2718,Divyansh Garg,25,Mumbai,Female,Maharashtra,1873127.0,PhD,Entrepreneur
2719,Biju Anne,52,Ahmedabad,Female,Gujarat,1114585.0,MSc,Software Engineer
2721,Vaibhav Mallick,34,Hyderabad,Female,Telangana,1312605.0,PhD,Doctor
2722,Divij Seth,44,Delhi,Male,Delhi,1193280.0,MBA,Software Engineer
2723,Kismat Thakur,36,Kolkata,Female,West Bengal,1437243.0,MBA,Entrepreneur
2724,Damini Garde,30,Lucknow,Female,Uttar Pradesh,772670.0,MBA,Marketing Executive
2725,Shray Sethi,29,Hyderabad,Male,Telangana,1797946.0,M.Tech,Finance Manager
2726,Aaina Sampath,36,Kolkata,Female,West Bengal,1464004.0,MSc,Doctor
2727,Mamooty Sanghvi,42,Chennai,Male,Tamil Nadu,1750441.0,PhD,Software Engineer
2729,Dishani Loke,32,Hyderabad,Female,Telangana,1242905.0,MSc,Software Engineer
2730,Madhav Yogi,36,Kolkata,Male,West Bengal,1134659.0,MSc,Doctor
2731,Zeeshan Chaudhary,24,Delhi,Male,Delhi,2091349.0,M.Tech,Doctor
2733,Hazel Iyer,28,Hyderabad,Male,Telangana,534062.0,MBA,Marketing Executive
2734,Gokul Sachdeva,18,Mumbai,Male,Maharashtra,2509179.0,PhD,Software Engineer
2735,Jivin Krish,28,Bangalore,Male,Karnataka,1170008.0,MSc,Software Engineer
2736,Lavanya Agarwal,37,Bangalore,Male,Karnataka,1685114.0,MBA,Data Scientist
2737,Sana Dey,21,Mumbai,Female,Maharashtra,352249.0,12th Pass,Retail Worker
2738,Diya Shan,36,Chennai,Female,Tamil Nadu,1475288.0,MBA,Software Engineer
2739,Prerak Walla,31,Jaipur,Male,Rajasthan,874232.0,M.Tech,Doctor
2740,Yashvi Rajagopal,36,Pune,Male,Maharashtra,1717838.0,PhD,Finance Manager
2741,Mannat Som,50,Lucknow,Male,Uttar Pradesh,1019321.0,MBA,Entrepreneur
2742,Reyansh Kota,37,Mumbai,Male,Maharashtra,2248290.0,M.Tech,Software Engineer
2743,Adah Bala,36,Mumbai,Male,Maharashtra,1971189.0,MBA,Software Engineer
2744,Lakshit Singh,40,Delhi,Male,Delhi,1761519.0,MSc,Data Scientist
2745,Yashvi Maharaj,39,Mumbai,Female,Maharashtra,2251498.0,PhD,Doctor
2746,Manjari Yadav,42,Delhi,Male,Delhi,2738138.0,MBA,Doctor
2747,Anaya Agarwal,33,Bangalore,Male,Karnataka,1439046.0,MBA,Entrepreneur
2748,Anaya Kota,18,Chennai,Male,Tamil Nadu,1037733.0,MBA,Data Scientist
2749,Siya Deep,33,Bangalore,Male,Karnataka,1163978.0,MBA,Data Scientist
2750,Badal Keer,51,Bangalore,Female,Karnataka,1899905.0,M.Tech,Entrepreneur
2752,Divij Iyer,26,Kolkata,Male,West Bengal,1940565.0,M.Tech,Data Scientist
2753,Nishith Subramaniam,20,Ahmedabad,Male,Gujarat,1538980.0,M.Tech,Doctor
2754,Taran Dhaliwal,31,Bangalore,Female,Karnataka,480587.0,12th Pass,Factory Worker
2755,Anay Walia,33,Delhi,Female,Delhi,2420805.0,MSc,Entrepreneur
2756,Mannat Sundaram,25,Bangalore,Male,Karnataka,500436.0,BBA,HR Manager
2757,Navya Sur,30,Hyderabad,Male,Telangana,2721450.0,MBA,Finance Manager
2758,Mehul Tata,27,Bangalore,Male,Karnataka,546100.0,B.A,HR Manager
2759,Badal Sachar,23,Kolkata,Male,West Bengal,623237.0,MCA,Teacher
2760,Anahi Bava,38,Mumbai,Male,Maharashtra,1694716.0,MSc,Entrepreneur
2761,Gatik Dada,24,Bangalore,Male,Karnataka,1823091.0,MSc,Doctor
2762,Ishita Sami,43,Mumbai,Male,Maharashtra,2426674.0,PhD,Entrepreneur
2763,Hrishita Krishnamurthy,33,Jaipur,Female,Rajasthan,1178349.0,M.Tech,Software Engineer
2764,Ritvik Sheth,41,Chennai,Male,Tamil Nadu,362773.0,Diploma,Factory Worker
2765,Gokul Subramaniam,30,Delhi,Male,Delhi,745158.0,B.A,Marketing Executive
2766,Ishaan Ravi,45,Bangalore,Male,Karnataka,655733.0,B.Tech,Bank Clerk
2768,Tiya Aggarwal,37,Hyderabad,Male,Telangana,2779847.0,M.Tech,Software Engineer
2769,Biju Dass,22,Chennai,Female,Tamil Nadu,542354.0,B.Tech,HR Manager
2771,Adah Cheema,34,Bangalore,Female,Karnataka,2616785.0,PhD,Doctor
2772,Yasmin Dada,24,Jaipur,Female,Rajasthan,482695.0,Diploma,Delivery Agent
2773,Madhav Dua,36,Ahmedabad,Male,Gujarat,1498501.0,MSc,Finance Manager
2775,Kismat Biswas,32,Delhi,Female,Delhi,1057930.0,MSc,Finance Manager
2776,Manjari Kamdar,29,Mumbai,Female,Maharashtra,1830948.0,M.Tech,Doctor
2777,Nitya Wali,18,Hyderabad,Male,Telangana,787169.0,B.Tech,Accountant
2778,Suhana Sane,43,Pune,Male,Maharashtra,750995.0,Diploma,Teacher
2779,Aniruddh Boase,36,Delhi,Male,Delhi,2636939.0,PhD,Finance Manager
2780,Drishya Chakrabarti,30,Bangalore,Male,Karnataka,718284.0,MBA,HR Manager
2781,Samiha Vala,30,Mumbai,Female,Maharashtra,365900.0,12th Pass,Factory Worker
2782,Anay Deo,31,Chennai,Female,Tamil Nadu,935399.0,MSc,Entrepreneur
2784,Bhavin Balan,31,Kolkata,Male,West Bengal,1359030.0,PhD,Data Scientist
2785,Aaina Halder,61,Bangalore,Male,Karnataka,1823149.0,PhD,Doctor
2786,Veer Contractor,21,Kolkata,Female,West Bengal,1714009.0,MSc,Finance Manager
2787,Mohanlal Bansal,35,Chennai,Female,Tamil Nadu,589163.0,MBA,Bank Clerk
2788,Saira Sem,31,Bangalore,Male,Karnataka,763024.0,B.A,Bank Clerk
2789,Nitya Kurian,18,Chennai,Male,Tamil Nadu,1859710.0,PhD,Data Scientist
2790,Farhan Gole,38,Hyderabad,Male,Telangana,1310426.0,M.Tech,Doctor
2791,Nirvaan Rattan,36,Hyderabad,Male,Telangana,524703.0,B.Tech,Accountant
2792,Dishani Bora,27,Lucknow,Male,Uttar Pradesh,507503.0,Diploma,Accountant
2793,Zeeshan Choudhary,28,Delhi,Female,Delhi,1869280.0,MBA,Finance Manager
2794,Umang Som,34,Delhi,Female,Delhi,2655239.0,MBA,Software Engineer
2795,Mohanlal Shanker,34,Mumbai,Female,Maharashtra,1625435.0,PhD,Doctor
2796,Nitara Kade,29,Mumbai,Male,Maharashtra,1899127.0,M.Tech,Finance Manager
2797,Ishita Garde,25,Jaipur,Female,Rajasthan,716309.0,MCA,Teacher
2798,Vidur Kulkarni,18,Mumbai,Male,Maharashtra,1844927.0,MBA,Entrepreneur
2800,Kavya Ben,46,Mumbai,Male,Maharashtra,1540081.0,M.Tech,Software Engineer
2801,Kashvi Malhotra,26,Kolkata,Male,West Bengal,1935328.0,MSc,Data Scientist
2802,Miraan Chaudhary,44,Chennai,Male,Tamil Nadu,708215.0,B.A,Teacher
2803,Purab Baral,41,Mumbai,Female,Maharashtra,2849688.0,MSc,Software Engineer
2804,Romil Shukla,37,Pune,Female,Maharashtra,667210.0,MCA,Accountant
2805,Mishti Bhandari,35,Mumbai,Female,Maharashtra,2044622.0,PhD,Software Engineer
2807,Charvi Sarna,39,Chennai,Female,Tamil Nadu,513364.0,MBA,Marketing Executive
2808,Anahi Bera,41,Delhi,Female,Delhi,2459406.0,MBA,Finance Manager
2809,Amira Singh,39,Mumbai,Male,Maharashtra,1683992.0,MBA,Entrepreneur
2810,Vanya Kota,30,Pune,Female,Maharashtra,743694.0,BBA,HR Manager
2811,Tarini Shukla,29,Delhi,Male,Delhi,898345.0,M.Tech,Doctor
2812,Zara Vora,38,Mumbai,Female,Maharashtra,2304020.0,M.Tech,Entrepreneur
2813,Raunak Chaudhari,23,Ahmedabad,Male,Gujarat,1673776.0,M.Tech,Doctor
2814,Charvi Bajwa,18,Hyderabad,Male,Telangana,2567565.0,PhD,Software Engineer
2815,Sana Boase,35,Ahmedabad,Female,Gujarat,1411626.0,MBA,Software Engineer
2817,Kashvi Gupta,22,Ahmedabad,Male,Gujarat,637994.0,BSc,Accountant
2818,Manikya Balasubramanian,23,Hyderabad,Female,Telangana,1567737.0,MSc,Entrepreneur
2819,Ryan Khalsa,18,Ahmedabad,Female,Gujarat,1612397.0,M.Tech,Finance Manager
2820,Tara Sarma,32,Jaipur,Female,Rajasthan,788482.0,BBA,HR Manager
2774,Navya Borde,42,Bangalore,Female,Karnataka,1494844.0,M.Tech,Doctor
2821,Vanya Gole,26,Kolkata,Female,West Bengal,1998427.0,M.Tech,Software Engineer
2822,Kanav Ben,26,Bangalore,Male,Karnataka,2888129.0,PhD,Data Scientist
2824,Baiju Dar,18,Ahmedabad,Female,Gujarat,1414180.0,MSc,Software Engineer
2825,Kashvi Upadhyay,34,Mumbai,Female,Maharashtra,2658427.0,MBA,Finance Manager
2826,Mohanlal Trivedi,47,Pune,Female,Maharashtra,740287.0,B.Tech,Marketing Executive
2827,Myra Varughese,31,Ahmedabad,Male,Gujarat,1514625.0,PhD,Finance Manager
2828,Umang Baria,26,Mumbai,Male,Maharashtra,857130.0,MSc,Entrepreneur
2830,Adira Vohra,20,Bangalore,Female,Karnataka,1929254.0,M.Tech,Doctor
2831,Abram Dhar,24,Bangalore,Female,Karnataka,346011.0,12th Pass,Customer Support
2832,Indrans Rege,47,Kolkata,Male,West Bengal,1743298.0,PhD,Data Scientist
2833,Romil Saxena,30,Hyderabad,Female,Telangana,1032947.0,MSc,Doctor
2834,Arnav Kadakia,38,Hyderabad,Female,Telangana,2492335.0,MSc,Entrepreneur
2835,Zara Handa,20,Delhi,Female,Delhi,2721972.0,M.Tech,Doctor
2836,Tushar Sridhar,42,Bangalore,Male,Karnataka,1035738.0,M.Tech,Data Scientist
2837,Umang Das,47,Jaipur,Female,Rajasthan,554374.0,BSc,Teacher
2838,Nitara Hegde,21,Chennai,Female,Tamil Nadu,1155455.0,MBA,Finance Manager
2842,Prerak Bose,36,Pune,Female,Maharashtra,817067.0,M.Tech,Finance Manager
2843,Ira Gupta,39,Mumbai,Male,Maharashtra,1419974.0,M.Tech,Software Engineer
2844,Oorja Vig,36,Delhi,Male,Delhi,861242.0,MSc,Software Engineer
2845,Divit Atwal,19,Bangalore,Male,Karnataka,1165764.0,MSc,Data Scientist
2846,Ahana  Uppal,25,Mumbai,Female,Maharashtra,1525410.0,PhD,Entrepreneur
2847,Emir Kumar,22,Kolkata,Male,West Bengal,1084480.0,PhD,Software Engineer
2848,Krish Samra,45,Hyderabad,Female,Telangana,2791415.0,MSc,Doctor
2850,Mishti Agarwal,29,Delhi,Male,Delhi,700389.0,Diploma,Marketing Executive
2851,Hiran Singhal,39,Delhi,Male,Delhi,796696.0,BSc,Teacher
2852,Taran Kohli,33,Bangalore,Female,Karnataka,965782.0,MSc,Doctor
2853,Rohan Madan,25,Kolkata,Male,West Bengal,609007.0,B.Com,Marketing Executive
2854,Khushi Dani,48,Delhi,Male,Delhi,2285174.0,MBA,Software Engineer
2856,Divij Goyal,40,Bangalore,Male,Karnataka,1003086.0,MSc,Software Engineer
2857,Nitara Goel,36,Delhi,Male,Delhi,2305486.0,MBA,Entrepreneur
2858,Stuvan Dhar,45,Pune,Female,Maharashtra,946896.0,MSc,Doctor
2859,Mishti Dubey,28,Chennai,Male,Tamil Nadu,1519876.0,PhD,Software Engineer
2860,Lagan Sant,44,Kolkata,Male,West Bengal,1629705.0,M.Tech,Doctor
2861,Kashvi Gara,49,Pune,Female,Maharashtra,381186.0,Diploma,Delivery Agent
2864,Nakul Sood,27,Pune,Male,Maharashtra,1746771.0,MSc,Software Engineer
2865,Badal Gopal,30,Mumbai,Female,Maharashtra,1413740.0,M.Tech,Entrepreneur
2866,Sahil Chandra,35,Mumbai,Female,Maharashtra,2783241.0,M.Tech,Doctor
2867,Faiyaz Maharaj,18,Ahmedabad,Male,Gujarat,1750228.0,MBA,Entrepreneur
2868,Aradhya Dora,42,Mumbai,Female,Maharashtra,1555887.0,MBA,Finance Manager
2870,Nirvi Barman,40,Kolkata,Female,West Bengal,1590363.0,MSc,Entrepreneur
2871,Oorja Raval,37,Chennai,Male,Tamil Nadu,1947239.0,MSc,Entrepreneur
2872,Miraya Saini,35,Ahmedabad,Female,Gujarat,892953.0,M.Tech,Software Engineer
2873,Lagan Desai,36,Mumbai,Male,Maharashtra,1626622.0,M.Tech,Finance Manager
2874,Kiaan Bath,42,Mumbai,Female,Maharashtra,2042857.0,M.Tech,Finance Manager
2875,Krish Gulati,40,Chennai,Male,Tamil Nadu,1990277.0,PhD,Entrepreneur
2876,Kabir Mander,50,Kolkata,Male,West Bengal,1015997.0,PhD,Finance Manager
2878,Aniruddh Kannan,34,Delhi,Male,Delhi,939412.0,PhD,Doctor
2879,Ehsaan Thakkar,21,Hyderabad,Female,Telangana,384205.0,12th Pass,Delivery Agent
2880,Taimur Joshi,34,Kolkata,Male,West Bengal,1318768.0,M.Tech,Finance Manager
2881,Riaan Dayal,33,Chennai,Female,Tamil Nadu,502474.0,BBA,Marketing Executive
2883,Biju Upadhyay,27,Bangalore,Female,Karnataka,2560614.0,MSc,Data Scientist
2886,Rhea Chahal,48,Mumbai,Female,Maharashtra,1633150.0,MSc,Software Engineer
2887,Nitara Thakkar,48,Mumbai,Male,Maharashtra,2706372.0,PhD,Finance Manager
2888,Anay Sunder,24,Ahmedabad,Female,Gujarat,1769675.0,MBA,Doctor
2889,Anahita Samra,30,Delhi,Male,Delhi,1800813.0,MSc,Entrepreneur
2891,Fateh Dalal,18,Delhi,Female,Delhi,2698481.0,M.Tech,Entrepreneur
2892,Stuvan Dixit,26,Mumbai,Male,Maharashtra,411846.0,Diploma,Security Guard
2893,Advika Baria,52,Bangalore,Male,Karnataka,719194.0,Diploma,Accountant
2894,Pihu Anne,26,Bangalore,Male,Karnataka,2909585.0,M.Tech,Finance Manager
2895,Nayantara Bawa,54,Hyderabad,Female,Telangana,1473612.0,PhD,Doctor
2897,Taran Thaman,33,Delhi,Male,Delhi,2422031.0,MBA,Doctor
2898,Mannat Sandhu,25,Kolkata,Female,West Bengal,1554389.0,MBA,Doctor
2899,Trisha Tandon,37,Mumbai,Male,Maharashtra,391647.0,12th Pass,Retail Worker
2900,Jayant Choudhury,34,Kolkata,Female,West Bengal,623070.0,B.A,Bank Clerk
2901,Anahita Lalla,21,Ahmedabad,Male,Gujarat,1609238.0,MBA,Data Scientist
2902,Hrishita Shetty,34,Mumbai,Female,Maharashtra,501106.0,B.A,Marketing Executive
2903,Sahil Rege,28,Delhi,Female,Delhi,1617549.0,M.Tech,Doctor
2904,Darshit Keer,38,Delhi,Male,Delhi,2187628.0,M.Tech,Entrepreneur
2905,Dishani Ranganathan,48,Hyderabad,Female,Telangana,2369974.0,MBA,Software Engineer
2906,Ishita Bera,33,Delhi,Male,Delhi,2286895.0,M.Tech,Software Engineer
2907,Madhup Rattan,37,Hyderabad,Male,Telangana,929442.0,MSc,Finance Manager
2909,Tejas Doshi,63,Jaipur,Female,Rajasthan,724827.0,Diploma,Accountant
2910,Ryan Dass,38,Bangalore,Female,Karnataka,1994242.0,MSc,Finance Manager
2911,Azad Bose,43,Bangalore,Female,Karnataka,1246526.0,PhD,Entrepreneur
2912,Mannat Jha,26,Bangalore,Female,Karnataka,1461435.0,MBA,Entrepreneur
2913,Yuvaan Chada,49,Delhi,Female,Delhi,2304593.0,MBA,Finance Manager
2915,Trisha Kari,18,Delhi,Female,Delhi,2597506.0,M.Tech,Software Engineer
2916,Suhana Mahajan,24,Kolkata,Female,West Bengal,1996739.0,M.Tech,Finance Manager
2917,Shlok Saraf,30,Bangalore,Male,Karnataka,1259850.0,MBA,Data Scientist
2918,Samiha Borde,40,Chennai,Female,Tamil Nadu,1833269.0,MBA,Finance Manager
2919,Yasmin Kade,18,Bangalore,Male,Karnataka,2636466.0,MSc,Doctor
2920,Renee Sur,22,Delhi,Female,Delhi,2053124.0,M.Tech,Entrepreneur
2921,Sahil Wagle,35,Bangalore,Male,Karnataka,1273763.0,M.Tech,Entrepreneur
2922,Kashvi Viswanathan,37,Delhi,Male,Delhi,1269815.0,M.Tech,Data Scientist
2924,Anvi Bala,24,Jaipur,Female,Rajasthan,625987.0,BBA,Marketing Executive
2925,Azad Barman,18,Hyderabad,Male,Telangana,1201970.0,MSc,Doctor
2926,Tarini Bhakta,26,Ahmedabad,Male,Gujarat,1249920.0,MSc,Software Engineer
2927,Kabir Bansal,35,Kolkata,Male,West Bengal,1005513.0,PhD,Entrepreneur
2928,Heer Dani,44,Kolkata,Male,West Bengal,817689.0,PhD,Entrepreneur
2929,Anahita Thakkar,38,Bangalore,Male,Karnataka,935293.0,PhD,Data Scientist
2930,Himmat Wali,29,Hyderabad,Female,Telangana,989631.0,MSc,Finance Manager
2931,Abram Kapoor,36,Hyderabad,Male,Telangana,769397.0,MBA,HR Manager
2932,Anvi Chaudry,38,Mumbai,Female,Maharashtra,2869408.0,PhD,Doctor
2933,Nirvaan Shere,39,Kolkata,Female,West Bengal,1559356.0,MSc,Entrepreneur
2934,Tushar Ramesh,32,Ahmedabad,Male,Gujarat,336328.0,Diploma,Delivery Agent
2935,Raunak Sawhney,43,Ahmedabad,Female,Gujarat,1531990.0,MSc,Doctor
2937,Elakshi Kata,42,Chennai,Male,Tamil Nadu,720922.0,B.Tech,Teacher
2938,Ira Goda,37,Kolkata,Female,West Bengal,546370.0,B.Tech,Bank Clerk
2939,Devansh Mammen,25,Chennai,Female,Tamil Nadu,552916.0,BSc,Accountant
2940,Priyansh Bandi,34,Delhi,Female,Delhi,1790734.0,PhD,Software Engineer
2941,Anahita Jha,32,Mumbai,Male,Maharashtra,2254821.0,PhD,Software Engineer
2942,Pihu Chaudhari,27,Kolkata,Female,West Bengal,1376448.0,PhD,Data Scientist
2943,Biju Bakshi,18,Chennai,Female,Tamil Nadu,1672740.0,M.Tech,Data Scientist
2945,Anvi Dyal,33,Mumbai,Male,Maharashtra,588149.0,B.Com,Accountant
2946,Mannat Krishna,18,Hyderabad,Male,Telangana,418421.0,Diploma,Delivery Agent
2947,Shanaya Chatterjee,35,Delhi,Male,Delhi,1464256.0,MBA,Data Scientist
2948,Hansh Gola,54,Bangalore,Female,Karnataka,2432770.0,M.Tech,Finance Manager
2949,Nayantara Karpe,47,Bangalore,Male,Karnataka,1669169.0,M.Tech,Doctor
2950,Sara Dugar,37,Hyderabad,Male,Telangana,1131625.0,MSc,Software Engineer
2951,Lavanya Rama,28,Delhi,Male,Delhi,1835387.0,M.Tech,Finance Manager
2952,Darshit Sura,18,Pune,Female,Maharashtra,1378820.0,M.Tech,Software Engineer
2953,Yashvi Ranganathan,28,Delhi,Female,Delhi,1047519.0,PhD,Data Scientist
2954,Miraya Kunda,45,Bangalore,Female,Karnataka,2285870.0,M.Tech,Entrepreneur
2955,Taimur Saini,43,Chennai,Male,Tamil Nadu,797665.0,BSc,Accountant
2956,Romil Bhatnagar,53,Delhi,Female,Delhi,373965.0,Diploma,Retail Worker
2957,Sumer Subramaniam,18,Mumbai,Male,Maharashtra,1695945.0,MBA,Entrepreneur
2958,Rohan Sami,44,Bangalore,Female,Karnataka,398536.0,Diploma,Retail Worker
2959,Ira Subramanian,40,Hyderabad,Female,Telangana,1214991.0,MBA,Software Engineer
2962,Tejas Wagle,27,Mumbai,Male,Maharashtra,380596.0,12th Pass,Customer Support
2963,Jayesh Khurana,31,Mumbai,Male,Maharashtra,412262.0,12th Pass,Retail Worker
2965,Akarsh Boase,34,Bangalore,Male,Karnataka,2354253.0,M.Tech,Finance Manager
2966,Nirvaan Dhar,29,Hyderabad,Female,Telangana,1337839.0,MSc,Software Engineer
2968,Yuvraj  Tata,24,Ahmedabad,Female,Gujarat,1863854.0,MSc,Entrepreneur
2970,Elakshi Barad,33,Bangalore,Male,Karnataka,1056302.0,MSc,Doctor
2971,Ryan Chakrabarti,27,Mumbai,Female,Maharashtra,1292555.0,PhD,Software Engineer
2972,Kimaya Tripathi,50,Kolkata,Female,West Bengal,976302.0,MSc,Data Scientist
2973,Arhaan Rege,38,Pune,Male,Maharashtra,1380230.0,PhD,Doctor
2975,Jivin Dey,32,Chennai,Female,Tamil Nadu,870813.0,PhD,Software Engineer
2979,Anahita Ahuja,36,Delhi,Male,Delhi,2434593.0,MSc,Finance Manager
2980,Kartik Dewan,66,Jaipur,Male,Rajasthan,1046329.0,MSc,Entrepreneur
2982,Nitara Edwin,32,Mumbai,Male,Maharashtra,910622.0,MSc,Doctor
2983,Renee Madan,36,Kolkata,Female,West Bengal,675328.0,BSc,Accountant
2986,Veer Thaman,29,Bangalore,Female,Karnataka,699135.0,MCA,Bank Clerk
2987,Anika Bhagat,45,Delhi,Female,Delhi,2931005.0,MSc,Data Scientist
2989,Prisha Bhasin,35,Chennai,Male,Tamil Nadu,1091989.0,MBA,Entrepreneur
2990,Kartik Deep,27,Chennai,Male,Tamil Nadu,1764264.0,MSc,Software Engineer
2991,Kiaan Barad,28,Bangalore,Female,Karnataka,413619.0,12th Pass,Delivery Agent
2992,Ojas Bose,35,Hyderabad,Female,Telangana,1413234.0,MBA,Doctor
2993,Rati Lalla,48,Delhi,Male,Delhi,2190256.0,MBA,Data Scientist
2994,Tarini Rajagopal,42,Bangalore,Female,Karnataka,1241238.0,MSc,Data Scientist
2995,Veer Mangat,46,Mumbai,Male,Maharashtra,911695.0,M.Tech,Finance Manager
2996,Kiaan Dora,37,Hyderabad,Male,Telangana,1739799.0,MBA,Finance Manager
2997,Dharmajan Ahluwalia,30,Mumbai,Male,Maharashtra,969505.0,M.Tech,Doctor
2998,Manikya Kaul,29,Delhi,Female,Delhi,1566066.0,MSc,Data Scientist
2999,Zain Ram,50,Bangalore,Male,Karnataka,1824778.0,M.Tech,Finance Manager
3000,Oorja Brahmbhatt,30,Hyderabad,Male,Telangana,2187784.0,PhD,Entrepreneur
3001,Jivin Rana,18,Mumbai,Female,Maharashtra,2255946.0,PhD,Doctor
3002,Siya Bhakta,50,Delhi,Female,Delhi,2593364.0,MBA,Data Scientist
3003,Purab Gera,35,Bangalore,Male,Karnataka,1298397.0,M.Tech,Entrepreneur
3004,Kartik Bhat,42,Delhi,Male,Delhi,1570513.0,PhD,Finance Manager
3005,Vedika Buch,35,Delhi,Male,Delhi,2335516.0,M.Tech,Data Scientist
3006,Amani Rama,38,Ahmedabad,Female,Gujarat,1006071.0,PhD,Finance Manager
3007,Rhea Srinivas,25,Chennai,Male,Tamil Nadu,1483236.0,PhD,Finance Manager
3010,Suhana Lanka,36,Hyderabad,Male,Telangana,2085417.0,MSc,Software Engineer
3011,Kabir Sankar,36,Ahmedabad,Female,Gujarat,1029021.0,MSc,Software Engineer
3012,Raghav Chaudhuri,50,Pune,Female,Maharashtra,1363505.0,M.Tech,Finance Manager
3013,Darshit Kant,42,Ahmedabad,Female,Gujarat,1004304.0,MSc,Entrepreneur
3014,Jivin Krishnan,31,Delhi,Male,Delhi,2644978.0,MBA,Entrepreneur
3016,Zara Walia,27,Chennai,Male,Tamil Nadu,1540312.0,MSc,Software Engineer
3018,Tanya Chandra,25,Bangalore,Female,Karnataka,2910550.0,PhD,Data Scientist
3020,Raunak Baral,50,Delhi,Female,Delhi,816045.0,PhD,Software Engineer
3022,Arnav Sastry,36,Bangalore,Female,Karnataka,496685.0,Diploma,Delivery Agent
3023,Tara Maharaj,36,Delhi,Male,Delhi,2687963.0,MBA,Software Engineer
3024,Shaan Ravi,35,Chennai,Male,Tamil Nadu,1277684.0,MSc,Finance Manager
3025,Diya Mann,41,Bangalore,Female,Karnataka,586354.0,B.Tech,HR Manager
3026,Divyansh Sankaran,43,Hyderabad,Female,Telangana,1948187.0,M.Tech,Doctor
3027,Emir Varty,23,Delhi,Female,Delhi,2161715.0,M.Tech,Data Scientist
3028,Gokul Doctor,18,Delhi,Female,Delhi,1155577.0,PhD,Doctor
3029,Biju Chand,18,Delhi,Male,Delhi,1601092.0,MSc,Finance Manager
3030,Dhanuk Bumb,35,Kolkata,Female,West Bengal,1594733.0,MSc,Finance Manager
3031,Drishya Bose,30,Bangalore,Female,Karnataka,1682157.0,M.Tech,Data Scientist
3032,Fateh Sem,18,Delhi,Male,Delhi,2266740.0,M.Tech,Doctor
3033,Saira Bose,29,Hyderabad,Male,Telangana,1781071.0,PhD,Doctor
3034,Madhup Dar,38,Delhi,Female,Delhi,1730546.0,PhD,Software Engineer
3035,Jivika Lata,27,Delhi,Female,Delhi,2842846.0,PhD,Doctor
3036,Amani Buch,43,Delhi,Female,Delhi,2834967.0,MBA,Finance Manager
3037,Samiha Ghose,43,Mumbai,Male,Maharashtra,1264480.0,PhD,Entrepreneur
3038,Ira Thaman,25,Bangalore,Female,Karnataka,1824858.0,MSc,Finance Manager
3039,Riya Kale,37,Kolkata,Male,West Bengal,1525680.0,M.Tech,Entrepreneur
3040,Darshit Bajwa,29,Kolkata,Male,West Bengal,910046.0,PhD,Doctor
3041,Lakshay Brahmbhatt,40,Bangalore,Female,Karnataka,323601.0,12th Pass,Security Guard
3045,Vidur Lal,37,Mumbai,Female,Maharashtra,1476583.0,MSc,Doctor
3046,Armaan Shetty,28,Kolkata,Male,West Bengal,665183.0,B.A,Teacher
3047,Shray Sharaf,33,Delhi,Male,Delhi,2620853.0,MBA,Entrepreneur
3048,Charvi Sethi,46,Delhi,Female,Delhi,2039162.0,MBA,Data Scientist
3049,Vardaniya Toor,28,Pune,Female,Maharashtra,350784.0,Diploma,Security Guard
3050,Pari Chakrabarti,27,Delhi,Female,Delhi,2246782.0,PhD,Software Engineer
3051,Siya Dara,32,Chennai,Female,Tamil Nadu,1650075.0,MSc,Data Scientist
3052,Aaryahi Bali,29,Bangalore,Female,Karnataka,1949609.0,MBA,Finance Manager
3054,Miraya Dey,43,Ahmedabad,Female,Gujarat,963609.0,PhD,Entrepreneur
3015,Stuvan Dutt,19,Chennai,Female,Tamil Nadu,1556522.0,MBA,Doctor
3055,Hridaan Ramakrishnan,52,Ahmedabad,Female,Gujarat,751069.0,B.A,Accountant
3056,Diya Bedi,18,Hyderabad,Male,Telangana,1864513.0,PhD,Doctor
3057,Ahana  Ranganathan,37,Mumbai,Female,Maharashtra,1273715.0,MSc,Entrepreneur
3058,Hansh Devi,26,Kolkata,Male,West Bengal,1218854.0,PhD,Data Scientist
3059,Keya Kata,29,Chennai,Male,Tamil Nadu,1105465.0,PhD,Doctor
3060,Arhaan Bhalla,20,Delhi,Male,Delhi,779195.0,BSc,Bank Clerk
3061,Mishti Srinivasan,32,Delhi,Female,Delhi,2050240.0,MSc,Finance Manager
3062,Jayesh Ben,35,Bangalore,Female,Karnataka,1023970.0,M.Tech,Doctor
3063,Eva Char,43,Hyderabad,Male,Telangana,2386147.0,M.Tech,Software Engineer
3065,Gatik Ahuja,46,Hyderabad,Female,Telangana,405845.0,12th Pass,Security Guard
3066,Rasha Chatterjee,28,Hyderabad,Male,Telangana,1639934.0,MSc,Finance Manager
3067,Madhup Chandran,47,Mumbai,Female,Maharashtra,1570680.0,MBA,Software Engineer
3068,Raunak Deo,31,Lucknow,Female,Uttar Pradesh,343357.0,12th Pass,Security Guard
3069,Nirvi Dhawan,29,Mumbai,Male,Maharashtra,2072156.0,MBA,Finance Manager
3070,Ayesha Behl,26,Bangalore,Male,Karnataka,764982.0,MBA,Accountant
3071,Kimaya Vala,43,Bangalore,Female,Karnataka,2178435.0,M.Tech,Software Engineer
3072,Shanaya Dass,33,Delhi,Female,Delhi,384129.0,12th Pass,Customer Support
3074,Ranbir Hari,40,Mumbai,Female,Maharashtra,2753147.0,M.Tech,Software Engineer
3075,Kavya Mallick,39,Mumbai,Male,Maharashtra,2996830.0,MBA,Finance Manager
3076,Aradhya Agate,32,Kolkata,Male,West Bengal,1501297.0,PhD,Entrepreneur
3078,Zoya Chaudhari,37,Pune,Female,Maharashtra,724690.0,B.A,Bank Clerk
3079,Dharmajan Ravel,44,Chennai,Female,Tamil Nadu,867574.0,PhD,Entrepreneur
3080,Mehul Wason,43,Chennai,Female,Tamil Nadu,530318.0,B.Com,Teacher
3081,Myra Sangha,35,Chennai,Male,Tamil Nadu,1335444.0,MBA,Finance Manager
3082,Jayesh Subramaniam,54,Ahmedabad,Male,Gujarat,1149991.0,PhD,Finance Manager
3083,Nitara Raman,26,Bangalore,Male,Karnataka,1077421.0,PhD,Doctor
3084,Kavya Yohannan,36,Hyderabad,Female,Telangana,1092410.0,PhD,Software Engineer
3085,Pranay Agate,34,Ahmedabad,Male,Gujarat,1835989.0,MBA,Entrepreneur
3086,Jivin Kashyap,29,Chennai,Male,Tamil Nadu,1598144.0,MSc,Software Engineer
3087,Hrishita Gole,46,Pune,Female,Maharashtra,1261355.0,MSc,Finance Manager
3088,Zoya Dugal,34,Mumbai,Female,Maharashtra,2863547.0,MSc,Doctor
3089,Anaya Sampath,26,Lucknow,Female,Uttar Pradesh,1086305.0,MBA,Doctor
3090,Ojas Ganesh,34,Bangalore,Male,Karnataka,1309516.0,MSc,Finance Manager
3091,Lavanya Subramaniam,36,Hyderabad,Male,Telangana,2661875.0,M.Tech,Entrepreneur
3092,Nitara Gulati,40,Delhi,Female,Delhi,2322665.0,M.Tech,Data Scientist
3093,Nishith Iyengar,35,Pune,Female,Maharashtra,1181784.0,M.Tech,Data Scientist
3094,Sahil Varma,44,Mumbai,Female,Maharashtra,2436543.0,MSc,Entrepreneur
3095,Lakshit Hans,18,Mumbai,Male,Maharashtra,1102783.0,PhD,Data Scientist
3096,Saanvi Baria,39,Hyderabad,Female,Telangana,2034095.0,M.Tech,Finance Manager
3097,Aaina Bhatt,18,Delhi,Female,Delhi,812725.0,M.Tech,Entrepreneur
3098,Advika Das,25,Mumbai,Male,Maharashtra,1239462.0,PhD,Doctor
3100,Ayesha Baral,43,Mumbai,Female,Maharashtra,900942.0,MSc,Doctor
3101,Manjari Tara,27,Chennai,Male,Tamil Nadu,1747949.0,MSc,Finance Manager
3104,Jiya Dave,18,Ahmedabad,Female,Gujarat,1788800.0,MBA,Entrepreneur
3105,Kiaan Srivastava,39,Hyderabad,Female,Telangana,2255253.0,PhD,Software Engineer
3108,Armaan Bobal,36,Delhi,Female,Delhi,1007981.0,MBA,Doctor
3109,Kanav Guha,38,Pune,Male,Maharashtra,1541458.0,M.Tech,Entrepreneur
3110,Gatik Wali,50,Bangalore,Male,Karnataka,631441.0,MBA,Marketing Executive
3114,Prerak Ghosh,30,Ahmedabad,Female,Gujarat,999835.0,MBA,Entrepreneur
3115,Shamik Chhabra,20,Bangalore,Male,Karnataka,1925994.0,PhD,Finance Manager
3116,Ivan Lall,27,Delhi,Male,Delhi,1769848.0,MBA,Software Engineer
3117,Hrishita Seth,57,Bangalore,Female,Karnataka,956005.0,M.Tech,Doctor
3118,Trisha Zacharia,47,Delhi,Male,Delhi,303870.0,Diploma,Customer Support
3119,Navya Varughese,42,Mumbai,Male,Maharashtra,2593178.0,PhD,Software Engineer
3120,Mannat Buch,33,Pune,Female,Maharashtra,1456919.0,PhD,Doctor
3121,Vaibhav Suri,31,Delhi,Female,Delhi,577216.0,BBA,Marketing Executive
3122,Dishani Hari,23,Hyderabad,Male,Telangana,1160715.0,MSc,Data Scientist
3123,Ranbir Choudhury,28,Mumbai,Male,Maharashtra,1860352.0,PhD,Entrepreneur
3124,Hiran Ben,27,Mumbai,Male,Maharashtra,2646329.0,PhD,Entrepreneur
3125,Nitya Chaudhry,40,Pune,Female,Maharashtra,581376.0,B.Com,Bank Clerk
3126,Khushi Chahal,39,Bangalore,Female,Karnataka,1637000.0,MSc,Data Scientist
3127,Kimaya Saha,30,Mumbai,Female,Maharashtra,2563405.0,MSc,Software Engineer
3128,Taran Chacko,30,Chennai,Female,Tamil Nadu,658369.0,B.A,Bank Clerk
3129,Tara Bath,44,Mumbai,Male,Maharashtra,1628918.0,MSc,Entrepreneur
3131,Eshani Apte,50,Delhi,Male,Delhi,1975149.0,M.Tech,Entrepreneur
3132,Kanav Kar,25,Hyderabad,Female,Telangana,1648892.0,MSc,Entrepreneur
3133,Amira Borra,36,Hyderabad,Female,Telangana,2746575.0,MBA,Data Scientist
3134,Indrajit D’Alia,38,Bangalore,Male,Karnataka,1703711.0,MBA,Entrepreneur
3135,Tushar Bassi,22,Delhi,Female,Delhi,708315.0,B.A,HR Manager
3136,Pari Acharya,31,Bangalore,Male,Karnataka,1308320.0,MSc,Data Scientist
3137,Mohanlal Choudhury,41,Jaipur,Female,Rajasthan,595633.0,B.Com,Marketing Executive
3138,Jivin Deshpande,19,Mumbai,Female,Maharashtra,873049.0,MSc,Data Scientist
3139,Prisha Choudhury,54,Mumbai,Male,Maharashtra,570852.0,MCA,Bank Clerk
3140,Miraya Gara,18,Chennai,Male,Tamil Nadu,1455446.0,PhD,Entrepreneur
3142,Kashvi Subramaniam,36,Lucknow,Male,Uttar Pradesh,892227.0,MSc,Data Scientist
3143,Adira Datta,36,Hyderabad,Male,Telangana,908942.0,MSc,Software Engineer
3144,Darshit Shetty,31,Bangalore,Male,Karnataka,2722120.0,PhD,Finance Manager
3145,Riaan Kala,45,Hyderabad,Female,Telangana,1493569.0,MBA,Doctor
3146,Nitya Wason,30,Chennai,Female,Tamil Nadu,1508181.0,MBA,Software Engineer
3147,Seher Dube,39,Delhi,Female,Delhi,1132263.0,MSc,Doctor
3149,Farhan Kashyap,23,Bangalore,Female,Karnataka,1632985.0,PhD,Entrepreneur
3151,Hridaan Chaudhary,42,Delhi,Male,Delhi,2936671.0,MSc,Entrepreneur
3152,Divij Upadhyay,21,Ahmedabad,Male,Gujarat,617771.0,B.Tech,Bank Clerk
3153,Aarav Gala,34,Mumbai,Male,Maharashtra,601369.0,B.A,Accountant
3154,Fateh Kumer,44,Mumbai,Female,Maharashtra,822637.0,MBA,Doctor
3155,Mehul Swamy,28,Hyderabad,Female,Telangana,1990568.0,MBA,Entrepreneur
3156,Tiya Bhatti,35,Delhi,Female,Delhi,2358699.0,PhD,Entrepreneur
3157,Navya Arora,32,Hyderabad,Male,Telangana,539754.0,B.A,Marketing Executive
3158,Tiya Bora,38,Mumbai,Female,Maharashtra,1216833.0,MSc,Software Engineer
3159,Biju Lad,44,Delhi,Female,Delhi,1738927.0,PhD,Finance Manager
3162,Zara Dewan,41,Mumbai,Female,Maharashtra,2503970.0,MBA,Software Engineer
3164,Riya Dewan,18,Jaipur,Male,Rajasthan,635089.0,Diploma,Marketing Executive
3165,Rati Sinha,44,Delhi,Female,Delhi,1354031.0,MBA,Software Engineer
3166,Drishya Barad,27,Ahmedabad,Male,Gujarat,1833393.0,PhD,Entrepreneur
3167,Anika Bawa,18,Ahmedabad,Male,Gujarat,1742817.0,MBA,Entrepreneur
3168,Indrajit Tank,31,Bangalore,Female,Karnataka,2005022.0,PhD,Software Engineer
3169,Alisha Ganesan,25,Pune,Female,Maharashtra,822162.0,MBA,Entrepreneur
3170,Darshit Balay,29,Chennai,Female,Tamil Nadu,1326908.0,M.Tech,Doctor
3171,Himmat Bali,34,Bangalore,Female,Karnataka,1373550.0,MBA,Finance Manager
3172,Inaaya  Gulati,32,Delhi,Female,Delhi,734392.0,MBA,Accountant
3173,Biju Saha,37,Mumbai,Male,Maharashtra,1397945.0,PhD,Entrepreneur
3174,Krish Dora,50,Kolkata,Female,West Bengal,1726817.0,MSc,Data Scientist
3175,Shamik Sidhu,27,Mumbai,Female,Maharashtra,2880934.0,PhD,Entrepreneur
3176,Purab Sankar,34,Mumbai,Male,Maharashtra,1006464.0,PhD,Doctor
3177,Hazel Bala,25,Bangalore,Male,Karnataka,1062464.0,PhD,Software Engineer
3178,Ishaan Cheema,34,Delhi,Male,Delhi,2771207.0,M.Tech,Entrepreneur
3179,Urvi Sidhu,35,Mumbai,Female,Maharashtra,2459988.0,MSc,Data Scientist
3180,Tejas Sem,25,Pune,Female,Maharashtra,751392.0,Diploma,HR Manager
3181,Bhavin Boase,25,Jaipur,Male,Rajasthan,1197804.0,MSc,Entrepreneur
3182,Aarush Gupta,18,Delhi,Female,Delhi,2136405.0,M.Tech,Doctor
3183,Aaina Bhavsar,24,Bangalore,Female,Karnataka,2258229.0,MBA,Software Engineer
3184,Dhanush Jhaveri,33,Kolkata,Male,West Bengal,1144523.0,M.Tech,Data Scientist
3185,Anay Samra,26,Bangalore,Female,Karnataka,2851339.0,MSc,Entrepreneur
3186,Ishita Ahuja,28,Delhi,Male,Delhi,1915451.0,MSc,Software Engineer
3187,Charvi Malhotra,33,Mumbai,Female,Maharashtra,2828895.0,M.Tech,Doctor
3189,Nishith Dixit,24,Delhi,Male,Delhi,932964.0,M.Tech,Entrepreneur
3190,Sahil Deshmukh,62,Mumbai,Female,Maharashtra,2145929.0,MSc,Doctor
3191,Riya Kapur,45,Kolkata,Male,West Bengal,674194.0,B.Tech,Marketing Executive
3192,Jivin Lanka,35,Hyderabad,Female,Telangana,1131184.0,M.Tech,Finance Manager
3193,Rohan Sahota,22,Bangalore,Male,Karnataka,1816633.0,PhD,Doctor
3194,Shalv Iyengar,40,Chennai,Male,Tamil Nadu,800544.0,MBA,Entrepreneur
3197,Anika Kurian,18,Hyderabad,Male,Telangana,1976218.0,MSc,Entrepreneur
3198,Ivana Vora,36,Bangalore,Male,Karnataka,1148125.0,PhD,Finance Manager
3199,Darshit Varughese,35,Bangalore,Male,Karnataka,747916.0,MCA,Bank Clerk
3200,Aniruddh Swamy,19,Jaipur,Male,Rajasthan,742364.0,B.Com,Accountant
3201,Devansh Dass,35,Delhi,Female,Delhi,1094318.0,PhD,Finance Manager
3202,Mishti Babu,37,Delhi,Male,Delhi,1504692.0,MBA,Doctor
3203,Lagan Atwal,33,Delhi,Female,Delhi,973949.0,M.Tech,Software Engineer
3204,Vaibhav Char,32,Mumbai,Male,Maharashtra,1045815.0,MSc,Software Engineer
3205,Taran Kunda,26,Hyderabad,Female,Telangana,2626179.0,PhD,Finance Manager
3206,Chirag Chakraborty,28,Chennai,Female,Tamil Nadu,1696253.0,M.Tech,Software Engineer
3207,Indrajit Bath,29,Bangalore,Male,Karnataka,874585.0,PhD,Finance Manager
3208,Khushi Aurora,36,Mumbai,Male,Maharashtra,2895362.0,MSc,Finance Manager
3209,Indrajit Iyer,18,Chennai,Male,Tamil Nadu,1919277.0,M.Tech,Entrepreneur
3210,Miraan Deshmukh,33,Bangalore,Female,Karnataka,2705724.0,MBA,Software Engineer
3211,Anaya Bir,36,Pune,Male,Maharashtra,1366755.0,PhD,Finance Manager
3212,Yuvaan Jaggi,25,Chennai,Female,Tamil Nadu,1855314.0,MBA,Data Scientist
3213,Divit Hora,34,Mumbai,Female,Maharashtra,1224272.0,MSc,Finance Manager
3214,Vidur Dasgupta,35,Ahmedabad,Male,Gujarat,1481327.0,MBA,Entrepreneur
3215,Aarav Contractor,53,Chennai,Male,Tamil Nadu,691364.0,B.A,Marketing Executive
3216,Gokul Jaggi,38,Ahmedabad,Female,Gujarat,1694011.0,PhD,Software Engineer
3217,Yasmin Basu,37,Mumbai,Female,Maharashtra,1859720.0,PhD,Data Scientist
3218,Kiara Barad,40,Ahmedabad,Female,Gujarat,1006867.0,PhD,Software Engineer
3220,Madhup Dash,39,Bangalore,Female,Karnataka,323053.0,12th Pass,Customer Support
3221,Nirvaan Kanda,32,Mumbai,Male,Maharashtra,1301593.0,M.Tech,Doctor
3222,Saksham Mand,19,Bangalore,Male,Karnataka,971707.0,MSc,Software Engineer
3223,Mohanlal Vyas,31,Delhi,Male,Delhi,603612.0,B.A,Marketing Executive
3224,Jivin Rattan,39,Bangalore,Female,Karnataka,1557622.0,MSc,Finance Manager
3226,Jayan Kumer,36,Ahmedabad,Female,Gujarat,1800562.0,PhD,Doctor
3227,Vaibhav Ravi,27,Delhi,Male,Delhi,560516.0,BBA,Bank Clerk
3228,Yuvraj  Ranganathan,55,Mumbai,Male,Maharashtra,2252749.0,PhD,Data Scientist
3230,Zain Deol,18,Ahmedabad,Male,Gujarat,1486264.0,M.Tech,Entrepreneur
3231,Baiju Sundaram,22,Kolkata,Male,West Bengal,684470.0,MBA,Accountant
3232,Tara Manda,35,Delhi,Male,Delhi,1410624.0,MBA,Software Engineer
3233,Sana Vasa,38,Ahmedabad,Male,Gujarat,865910.0,PhD,Doctor
3234,Vihaan Chandran,35,Hyderabad,Female,Telangana,2092282.0,MBA,Entrepreneur
3235,Hridaan Balasubramanian,18,Ahmedabad,Female,Gujarat,1743613.0,M.Tech,Entrepreneur
3236,Yashvi Singhal,41,Delhi,Female,Delhi,433971.0,12th Pass,Delivery Agent
3237,Reyansh Chahal,23,Delhi,Female,Delhi,1061397.0,PhD,Data Scientist
3238,Aaina Raju,31,Delhi,Female,Delhi,1240783.0,PhD,Entrepreneur
3242,Baiju Kakar,55,Hyderabad,Female,Telangana,1384623.0,M.Tech,Data Scientist
3243,Eshani Dhingra,34,Hyderabad,Male,Telangana,2919091.0,MSc,Software Engineer
3244,Ehsaan Rao,39,Hyderabad,Female,Telangana,2474759.0,MSc,Data Scientist
3245,Alia Suri,30,Mumbai,Male,Maharashtra,1911173.0,MBA,Software Engineer
3246,Anya Reddy,37,Ahmedabad,Male,Gujarat,779607.0,Diploma,Accountant
3247,Aarna Ghose,22,Mumbai,Female,Maharashtra,2253279.0,MSc,Software Engineer
3248,Jayan Bali,43,Bangalore,Female,Karnataka,2231143.0,MSc,Data Scientist
3249,Jivika Sarin,32,Delhi,Male,Delhi,2759517.0,MSc,Doctor
3251,Tejas Joshi,37,Mumbai,Female,Maharashtra,2498570.0,PhD,Finance Manager
3252,Lakshay Amble,27,Hyderabad,Female,Telangana,2178788.0,M.Tech,Doctor
3253,Ishaan Gade,40,Hyderabad,Female,Telangana,1230103.0,MBA,Entrepreneur
3254,Vidur Hayer,36,Delhi,Male,Delhi,1606728.0,PhD,Software Engineer
3255,Tiya Barad,49,Delhi,Male,Delhi,1329477.0,PhD,Software Engineer
3256,Nitara Divan,44,Ahmedabad,Male,Gujarat,1590009.0,M.Tech,Software Engineer
3258,Jivin Bava,48,Mumbai,Male,Maharashtra,1318713.0,MBA,Doctor
3259,Vaibhav Edwin,32,Chennai,Female,Tamil Nadu,1614098.0,M.Tech,Entrepreneur
3260,Pranay Shere,18,Pune,Male,Maharashtra,572043.0,Diploma,Accountant
3262,Lakshit Sandhu,33,Jaipur,Female,Rajasthan,359244.0,Diploma,Factory Worker
3263,Aradhya Jain,27,Bangalore,Male,Karnataka,521806.0,MBA,Marketing Executive
3264,Raghav Bava,49,Chennai,Female,Tamil Nadu,680569.0,BBA,Accountant
3265,Alisha Goel,38,Hyderabad,Female,Telangana,1624969.0,MSc,Data Scientist
3266,Yashvi Sankaran,27,Hyderabad,Female,Telangana,888931.0,MSc,Software Engineer
3267,Raghav Ghose,38,Mumbai,Male,Maharashtra,1802528.0,MBA,Entrepreneur
3268,Suhana Bose,27,Bangalore,Male,Karnataka,1900881.0,MBA,Doctor
3269,Aarna Issac,35,Jaipur,Female,Rajasthan,1198189.0,PhD,Finance Manager
3270,Yuvaan Anne,39,Kolkata,Male,West Bengal,792994.0,BBA,Accountant
3271,Shanaya Dugar,53,Hyderabad,Male,Telangana,1283619.0,PhD,Data Scientist
3272,Saira Kanda,47,Hyderabad,Male,Telangana,699899.0,MBA,Marketing Executive
3273,Mamooty Hans,33,Chennai,Female,Tamil Nadu,630012.0,MBA,Accountant
3274,Nayantara Mani,40,Delhi,Male,Delhi,1486694.0,MSc,Entrepreneur
3275,Riya Brar,35,Mumbai,Female,Maharashtra,1239540.0,M.Tech,Finance Manager
3276,Saksham Johal,39,Ahmedabad,Female,Gujarat,779373.0,B.A,Teacher
3278,Mannat Manne,38,Bangalore,Female,Karnataka,1549131.0,PhD,Software Engineer
3281,Ranbir Behl,46,Chennai,Female,Tamil Nadu,738520.0,BSc,Accountant
3282,Dharmajan Garde,35,Chennai,Female,Tamil Nadu,1685491.0,MBA,Finance Manager
3283,Hrishita Sibal,25,Chennai,Male,Tamil Nadu,1248111.0,MSc,Data Scientist
3285,Divyansh Loke,27,Ahmedabad,Male,Gujarat,703510.0,MBA,Accountant
3286,Nishith Lall,37,Mumbai,Female,Maharashtra,1875215.0,PhD,Software Engineer
3287,Hunar Sami,18,Bangalore,Female,Karnataka,888643.0,MBA,Data Scientist
3288,Prisha Sengupta,29,Chennai,Female,Tamil Nadu,1024752.0,MBA,Data Scientist
3289,Ishita Divan,47,Jaipur,Female,Rajasthan,1132563.0,M.Tech,Data Scientist
3290,Shray Chatterjee,25,Bangalore,Female,Karnataka,604361.0,B.Tech,Accountant
3291,Rhea Bhat,41,Bangalore,Female,Karnataka,607470.0,BBA,HR Manager
3292,Anya Dhar,47,Delhi,Male,Delhi,1202047.0,MBA,Entrepreneur
3293,Jayan Dayal,51,Chennai,Male,Tamil Nadu,1104043.0,MBA,Entrepreneur
3294,Jivin Bandi,24,Bangalore,Female,Karnataka,2032429.0,PhD,Data Scientist
3296,Yuvaan Barad,25,Mumbai,Male,Maharashtra,2716347.0,PhD,Doctor
3297,Arnav Dhar,47,Pune,Male,Maharashtra,1978744.0,MSc,Software Engineer
3298,Ehsaan Ahluwalia,38,Hyderabad,Female,Telangana,2189415.0,M.Tech,Entrepreneur
3299,Manikya Sem,29,Delhi,Female,Delhi,2614246.0,MBA,Doctor
3300,Saksham Bhasin,26,Chennai,Male,Tamil Nadu,1602234.0,M.Tech,Finance Manager
3301,Divit Chawla,47,Kolkata,Female,West Bengal,1856890.0,MBA,Entrepreneur
3302,Adira Lalla,34,Mumbai,Female,Maharashtra,2918254.0,M.Tech,Entrepreneur
3303,Samarth Bera,32,Kolkata,Male,West Bengal,1976473.0,M.Tech,Entrepreneur
3304,Biju Basu,50,Bangalore,Male,Karnataka,2769270.0,MSc,Entrepreneur
3305,Renee Chokshi,48,Mumbai,Male,Maharashtra,759752.0,BSc,HR Manager
3306,Anvi Kale,34,Kolkata,Male,West Bengal,1550157.0,MBA,Finance Manager
3307,Inaaya  Raju,42,Delhi,Male,Delhi,2590130.0,M.Tech,Software Engineer
3309,Onkar Ravel,29,Mumbai,Female,Maharashtra,2573470.0,MBA,Entrepreneur
3310,Navya Mannan,50,Mumbai,Male,Maharashtra,1044915.0,MSc,Software Engineer
3311,Urvi Chauhan,18,Mumbai,Male,Maharashtra,1334715.0,PhD,Software Engineer
3312,Alisha Vig,53,Bangalore,Female,Karnataka,2593845.0,MBA,Finance Manager
3313,Parinaaz Halder,24,Pune,Male,Maharashtra,1878708.0,M.Tech,Doctor
3314,Nitya Ramaswamy,49,Mumbai,Male,Maharashtra,300693.0,12th Pass,Customer Support
3315,Khushi Hora,36,Delhi,Male,Delhi,788991.0,B.A,Teacher
3316,Shalv Shukla,34,Chennai,Male,Tamil Nadu,1992766.0,PhD,Software Engineer
3317,Romil Shenoy,21,Kolkata,Male,West Bengal,1490979.0,MSc,Doctor
3320,Raunak Gola,24,Ahmedabad,Male,Gujarat,1818093.0,M.Tech,Doctor
3321,Dhruv Jaggi,36,Mumbai,Female,Maharashtra,1579091.0,MSc,Software Engineer
3322,Ira Tailor,37,Hyderabad,Female,Telangana,704651.0,MBA,Bank Clerk
3323,Ehsaan Jani,36,Chennai,Female,Tamil Nadu,1414753.0,MSc,Entrepreneur
3324,Adira Agate,32,Mumbai,Male,Maharashtra,975984.0,M.Tech,Doctor
3325,Bhavin Varkey,39,Delhi,Female,Delhi,1458778.0,MBA,Finance Manager
3326,Ryan Chakrabarti,34,Pune,Male,Maharashtra,1283260.0,PhD,Software Engineer
3328,Vritika Bhatia,46,Delhi,Female,Delhi,2780758.0,MBA,Data Scientist
3329,Reyansh Goda,35,Delhi,Female,Delhi,2719676.0,MBA,Doctor
3330,Ryan Arora,32,Ahmedabad,Female,Gujarat,794773.0,B.Com,HR Manager
3331,Manikya Agate,21,Pune,Female,Maharashtra,1181950.0,MBA,Software Engineer
3332,Kismat Soman,53,Hyderabad,Male,Telangana,1640976.0,M.Tech,Entrepreneur
3333,Vaibhav Varghese,48,Hyderabad,Male,Telangana,1892089.0,MSc,Doctor
3335,Zara Ramakrishnan,30,Bangalore,Female,Karnataka,761014.0,MBA,Bank Clerk
3336,Vardaniya Bhat,39,Chennai,Male,Tamil Nadu,1392462.0,MSc,Entrepreneur
3337,Madhup Kothari,45,Bangalore,Male,Karnataka,1664546.0,PhD,Data Scientist
3339,Saksham Basak,36,Chennai,Male,Tamil Nadu,523980.0,BSc,Marketing Executive
3340,Riaan Sachdeva,25,Bangalore,Male,Karnataka,1236205.0,PhD,Doctor
3341,Yasmin Thaman,34,Pune,Male,Maharashtra,845631.0,M.Tech,Finance Manager
3342,Zain Sha,23,Bangalore,Female,Karnataka,387053.0,12th Pass,Factory Worker
3343,Aradhya Dani,40,Delhi,Female,Delhi,2686809.0,M.Tech,Doctor
3344,Samaira Chokshi,53,Bangalore,Male,Karnataka,2602296.0,PhD,Doctor
3345,Renee Ratti,18,Hyderabad,Male,Telangana,419363.0,12th Pass,Customer Support
3346,Prisha Ravi,20,Chennai,Male,Tamil Nadu,1008609.0,MBA,Doctor
3347,Farhan Chada,18,Mumbai,Female,Maharashtra,572466.0,B.A,Accountant
3350,Alia Wadhwa,48,Mumbai,Male,Maharashtra,2993110.0,PhD,Software Engineer
3351,Tara Sagar,49,Pune,Female,Maharashtra,1983670.0,MSc,Finance Manager
3352,Jivin Agate,33,Bangalore,Male,Karnataka,1778079.0,PhD,Finance Manager
3354,Ira Bala,24,Delhi,Female,Delhi,1276566.0,M.Tech,Doctor
3355,Nayantara Kaur,44,Bangalore,Female,Karnataka,1137942.0,MSc,Entrepreneur
3357,Biju Chana,54,Chennai,Male,Tamil Nadu,1081460.0,MBA,Entrepreneur
3358,Hiran Swaminathan,46,Mumbai,Female,Maharashtra,2787859.0,PhD,Finance Manager
3359,Ela Handa,18,Kolkata,Male,West Bengal,1505297.0,MBA,Finance Manager
3360,Urvi Jaggi,27,Kolkata,Male,West Bengal,668264.0,Diploma,Marketing Executive
3361,Amani Hayer,27,Kolkata,Male,West Bengal,1810885.0,MSc,Software Engineer
3362,Nirvaan Kanda,33,Ahmedabad,Female,Gujarat,761938.0,Diploma,Teacher
3363,Kaira Gulati,36,Mumbai,Female,Maharashtra,2595232.0,MBA,Doctor
3364,Ritvik Vohra,46,Hyderabad,Male,Telangana,1132120.0,PhD,Finance Manager
3365,Ehsaan Varghese,25,Hyderabad,Female,Telangana,1404724.0,PhD,Data Scientist
3366,Arnav Ahuja,40,Ahmedabad,Female,Gujarat,1442780.0,M.Tech,Data Scientist
3367,Veer Sahota,35,Delhi,Female,Delhi,2053305.0,PhD,Finance Manager
3368,Inaaya  Chana,20,Chennai,Female,Tamil Nadu,1787297.0,MBA,Finance Manager
3371,Gatik Mangal,35,Kolkata,Male,West Bengal,1458509.0,MBA,Doctor
3372,Lakshay Balasubramanian,44,Jaipur,Male,Rajasthan,617674.0,B.Com,Accountant
3373,Shayak Mangat,28,Hyderabad,Female,Telangana,1446577.0,M.Tech,Entrepreneur
3374,Gokul Bains,28,Hyderabad,Female,Telangana,1877468.0,M.Tech,Entrepreneur
3375,Elakshi Shan,37,Bangalore,Male,Karnataka,1791345.0,MSc,Data Scientist
3377,Tejas Lalla,39,Delhi,Female,Delhi,1407577.0,M.Tech,Entrepreneur
3378,Taimur Chhabra,18,Delhi,Male,Delhi,1229286.0,PhD,Doctor
3379,Kabir Lal,24,Delhi,Female,Delhi,724120.0,Diploma,Marketing Executive
3380,Shaan Khare,34,Kolkata,Male,West Bengal,1158872.0,M.Tech,Finance Manager
3381,Gatik Contractor,32,Mumbai,Male,Maharashtra,2463521.0,MSc,Data Scientist
3382,Sahil Varughese,45,Mumbai,Male,Maharashtra,938122.0,MSc,Doctor
3383,Yashvi Garde,34,Kolkata,Female,West Bengal,501845.0,BSc,Bank Clerk
3384,Anahita Loyal,30,Mumbai,Male,Maharashtra,1544174.0,MBA,Data Scientist
3385,Ela Basu,20,Mumbai,Female,Maharashtra,1073702.0,M.Tech,Finance Manager
3386,Anahita Zacharia,23,Mumbai,Female,Maharashtra,587071.0,BSc,Accountant
3389,Samarth Borah,31,Mumbai,Female,Maharashtra,2788947.0,PhD,Doctor
3390,Alisha Shanker,21,Delhi,Male,Delhi,2053830.0,MBA,Software Engineer
3391,Kabir Kalla,38,Hyderabad,Male,Telangana,1777960.0,M.Tech,Data Scientist
3393,Emir Keer,45,Ahmedabad,Male,Gujarat,1383901.0,M.Tech,Data Scientist
3394,Faiyaz Chawla,32,Kolkata,Male,West Bengal,1352356.0,MBA,Finance Manager
3396,Lagan Soni,38,Mumbai,Male,Maharashtra,2288574.0,PhD,Entrepreneur
3398,Mohanlal Shere,36,Pune,Male,Maharashtra,1570040.0,PhD,Data Scientist
3399,Vidur Sane,41,Mumbai,Male,Maharashtra,627070.0,BSc,Bank Clerk
3400,Shlok Raval,18,Ahmedabad,Female,Gujarat,1990551.0,MBA,Doctor
3401,Kiara Gokhale,40,Mumbai,Male,Maharashtra,1046981.0,MSc,Data Scientist
3402,Vidur Manda,36,Ahmedabad,Female,Gujarat,729740.0,B.A,Bank Clerk
3403,Riaan D’Alia,23,Mumbai,Female,Maharashtra,648560.0,BBA,Teacher
3404,Aarush Sethi,36,Mumbai,Female,Maharashtra,2787235.0,MBA,Finance Manager
3405,Jivin Raju,31,Ahmedabad,Male,Gujarat,559453.0,MBA,Bank Clerk
3406,Aayush Tiwari,46,Chennai,Female,Tamil Nadu,850537.0,PhD,Doctor
3407,Madhav Sami,40,Delhi,Female,Delhi,438258.0,Diploma,Delivery Agent
3409,Anahi Korpal,30,Delhi,Female,Delhi,2641235.0,MBA,Finance Manager
3410,Prisha Sheth,30,Chennai,Female,Tamil Nadu,1811467.0,M.Tech,Software Engineer
3411,Samarth Sant,26,Mumbai,Female,Maharashtra,719539.0,MCA,HR Manager
3412,Mehul Wali,30,Mumbai,Male,Maharashtra,2904998.0,MBA,Finance Manager
3413,Umang Kothari,43,Bangalore,Male,Karnataka,1870557.0,M.Tech,Doctor
3414,Khushi Karnik,40,Pune,Male,Maharashtra,1247915.0,MSc,Data Scientist
3415,Kaira Mahajan,33,Delhi,Male,Delhi,429761.0,Diploma,Factory Worker
3416,Umang Balan,18,Delhi,Male,Delhi,2111629.0,PhD,Finance Manager
3417,Anya Viswanathan,27,Mumbai,Female,Maharashtra,2579354.0,PhD,Doctor
3418,Anaya Mahal,20,Pune,Male,Maharashtra,1963503.0,PhD,Entrepreneur
3419,Aayush Bobal,23,Chennai,Male,Tamil Nadu,516983.0,BBA,Teacher
3420,Vivaan Bera,40,Mumbai,Female,Maharashtra,1037443.0,MBA,Doctor
3421,Kashvi Garde,42,Mumbai,Male,Maharashtra,595035.0,MBA,Marketing Executive
3422,Ira Sha,35,Mumbai,Male,Maharashtra,947607.0,MSc,Finance Manager
3423,Indrajit Vasa,30,Delhi,Male,Delhi,499458.0,12th Pass,Factory Worker
3424,Hiran Kala,55,Hyderabad,Female,Telangana,1517402.0,MSc,Software Engineer
3425,Romil Raval,23,Hyderabad,Male,Telangana,2361809.0,MBA,Entrepreneur
3427,Jayant Jaggi,34,Chennai,Male,Tamil Nadu,855269.0,MSc,Doctor
3428,Anya Tank,45,Delhi,Male,Delhi,1524537.0,MBA,Doctor
3429,Dhanush Shah,22,Delhi,Female,Delhi,1121304.0,MSc,Data Scientist
3430,Nehmat Toor,36,Hyderabad,Male,Telangana,830868.0,PhD,Data Scientist
3431,Divit Walla,44,Lucknow,Male,Uttar Pradesh,1064187.0,MBA,Finance Manager
3432,Jivin Tak,50,Delhi,Male,Delhi,587811.0,Diploma,HR Manager
3435,Yasmin Karpe,37,Ahmedabad,Male,Gujarat,1546233.0,PhD,Entrepreneur
3436,Madhav Chand,26,Bangalore,Male,Karnataka,1426910.0,PhD,Finance Manager
3437,Prisha Kale,27,Lucknow,Female,Uttar Pradesh,827213.0,MBA,Software Engineer
3438,Azad Kohli,20,Delhi,Female,Delhi,2598599.0,MBA,Software Engineer
3439,Zara Bansal,47,Bangalore,Female,Karnataka,1014290.0,MBA,Finance Manager
3441,Seher Ramesh,42,Bangalore,Female,Karnataka,1840672.0,PhD,Finance Manager
3442,Taimur Ramanathan,33,Delhi,Male,Delhi,1212808.0,MBA,Doctor
3443,Kavya Shankar,18,Hyderabad,Female,Telangana,1335090.0,M.Tech,Data Scientist
3444,Tejas Sarma,30,Hyderabad,Female,Telangana,2714281.0,MSc,Finance Manager
3446,Shayak Khalsa,31,Kolkata,Female,West Bengal,1194269.0,M.Tech,Entrepreneur
3448,Yashvi Chad,55,Chennai,Female,Tamil Nadu,769885.0,Diploma,Marketing Executive
3449,Hiran Bail,30,Mumbai,Male,Maharashtra,2055354.0,MSc,Doctor
3450,Farhan Warrior,42,Delhi,Male,Delhi,1365011.0,PhD,Data Scientist
3451,Nehmat Tank,58,Delhi,Female,Delhi,2485137.0,PhD,Doctor
3452,Manikya Choudhury,18,Delhi,Male,Delhi,665829.0,BSc,Teacher
3453,Ahana  Mane,54,Mumbai,Male,Maharashtra,893676.0,MBA,Doctor
3455,Zara Srivastava,20,Hyderabad,Male,Telangana,2906871.0,M.Tech,Doctor
3457,Bhavin Kakar,28,Chennai,Female,Tamil Nadu,1264680.0,PhD,Doctor
3458,Hansh Reddy,28,Mumbai,Female,Maharashtra,2969612.0,MSc,Software Engineer
3459,Vaibhav Varghese,25,Delhi,Female,Delhi,1505871.0,M.Tech,Entrepreneur
3460,Kiara Deshpande,33,Delhi,Male,Delhi,1885798.0,PhD,Entrepreneur
3461,Neelofar Kibe,50,Delhi,Female,Delhi,312348.0,Diploma,Security Guard
3462,Fateh Gaba,19,Delhi,Female,Delhi,1745108.0,M.Tech,Doctor
3463,Vidur Ganesan,27,Bangalore,Female,Karnataka,1455838.0,M.Tech,Entrepreneur
3465,Heer Uppal,39,Hyderabad,Female,Telangana,1767691.0,MSc,Finance Manager
3466,Tarini Ben,36,Chennai,Male,Tamil Nadu,657828.0,Diploma,Bank Clerk
3467,Vritika Gaba,44,Jaipur,Male,Rajasthan,443321.0,12th Pass,Delivery Agent
3468,Aarav Gala,51,Hyderabad,Female,Telangana,2740227.0,MSc,Software Engineer
3469,Nitya Lad,37,Ahmedabad,Male,Gujarat,533192.0,B.Tech,Marketing Executive
3470,Aarush Sarna,37,Bangalore,Female,Karnataka,1592866.0,MBA,Finance Manager
3471,Tiya Sama,18,Mumbai,Male,Maharashtra,575542.0,BSc,HR Manager
3472,Jayan Chaudhary,31,Hyderabad,Male,Telangana,2059740.0,MBA,Doctor
3473,Purab Magar,18,Mumbai,Female,Maharashtra,1411570.0,MBA,Data Scientist
3474,Yuvaan Sinha,32,Bangalore,Female,Karnataka,2376411.0,MSc,Finance Manager
3475,Hridaan Setty,40,Mumbai,Male,Maharashtra,2292384.0,MSc,Entrepreneur
3478,Krish Sarraf,40,Hyderabad,Male,Telangana,1919369.0,M.Tech,Finance Manager
3479,Shamik Bal,18,Ahmedabad,Female,Gujarat,875790.0,M.Tech,Entrepreneur
3480,Tiya Thaker,33,Delhi,Female,Delhi,2245183.0,M.Tech,Software Engineer
3481,Sumer Goda,18,Delhi,Male,Delhi,1766857.0,MBA,Finance Manager
3482,Dharmajan Krish,49,Chennai,Male,Tamil Nadu,1713896.0,M.Tech,Data Scientist
3483,Aarna Mahal,33,Pune,Female,Maharashtra,469077.0,Diploma,Delivery Agent
3484,Lakshay Toor,50,Delhi,Female,Delhi,2020709.0,PhD,Entrepreneur
3485,Ela Bedi,28,Delhi,Male,Delhi,2118615.0,M.Tech,Software Engineer
3486,Aaryahi Bali,32,Jaipur,Female,Rajasthan,395097.0,12th Pass,Delivery Agent
3487,Samarth Sachar,39,Delhi,Male,Delhi,996923.0,MBA,Data Scientist
3488,Tanya Sandhu,29,Chennai,Female,Tamil Nadu,1410156.0,MSc,Finance Manager
3489,Kiara Shetty,20,Mumbai,Female,Maharashtra,2910908.0,MBA,Data Scientist
3490,Shaan Boase,25,Mumbai,Male,Maharashtra,1007294.0,MSc,Finance Manager
3491,Yuvraj  Gill,40,Pune,Female,Maharashtra,1791715.0,MSc,Entrepreneur
3492,Kismat Vaidya,31,Pune,Male,Maharashtra,1459434.0,M.Tech,Data Scientist
3493,Vivaan Chandran,36,Mumbai,Male,Maharashtra,1560953.0,MSc,Software Engineer
3495,Prerak Sampath,47,Kolkata,Female,West Bengal,1813436.0,PhD,Finance Manager
3496,Nirvi Magar,47,Mumbai,Female,Maharashtra,1035435.0,PhD,Data Scientist
3497,Jivin Singh,23,Hyderabad,Male,Telangana,1068802.0,MBA,Software Engineer
3498,Biju Manda,46,Delhi,Male,Delhi,1388409.0,M.Tech,Data Scientist
3499,Kanav Rau,51,Bangalore,Male,Karnataka,1371858.0,MSc,Doctor
3500,Anvi Ramachandran,40,Mumbai,Male,Maharashtra,1256857.0,MSc,Entrepreneur
3501,Aradhya Bhakta,31,Hyderabad,Male,Telangana,2682536.0,MSc,Entrepreneur
3502,Aarav Rajagopal,26,Chennai,Female,Tamil Nadu,974678.0,MSc,Finance Manager
3503,Piya Bora,31,Lucknow,Female,Uttar Pradesh,869006.0,MBA,Finance Manager
3504,Hridaan Raman,21,Kolkata,Female,West Bengal,887975.0,PhD,Entrepreneur
3505,Rati Tiwari,18,Delhi,Female,Delhi,2705634.0,M.Tech,Software Engineer
3506,Yasmin Koshy,32,Mumbai,Male,Maharashtra,2558320.0,PhD,Doctor
3507,Arnav Chawla,23,Mumbai,Female,Maharashtra,831228.0,PhD,Data Scientist
3509,Shlok Kothari,47,Kolkata,Male,West Bengal,575339.0,Diploma,Marketing Executive
3510,Ehsaan Vasa,24,Kolkata,Female,West Bengal,618231.0,MBA,Teacher
3511,Priyansh Biswas,22,Delhi,Female,Delhi,2213165.0,MSc,Entrepreneur
3512,Myra Kale,18,Kolkata,Female,West Bengal,1734291.0,M.Tech,Doctor
3513,Veer Dugal,43,Ahmedabad,Male,Gujarat,332304.0,12th Pass,Delivery Agent
3515,Oorja Raj,37,Chennai,Female,Tamil Nadu,898868.0,M.Tech,Data Scientist
3516,Zaina Yogi,35,Mumbai,Female,Maharashtra,340778.0,12th Pass,Retail Worker
3517,Nakul Mangal,25,Hyderabad,Male,Telangana,1847467.0,MBA,Software Engineer
3518,Sahil Kale,39,Mumbai,Female,Maharashtra,1700497.0,MBA,Data Scientist
3519,Heer Mane,24,Kolkata,Male,West Bengal,1573628.0,M.Tech,Finance Manager
3520,Adira Srivastava,46,Delhi,Male,Delhi,1255346.0,MBA,Finance Manager
3522,Vidur Ganesan,36,Bangalore,Male,Karnataka,845247.0,MSc,Finance Manager
3523,Pari Sampath,41,Hyderabad,Male,Telangana,1725915.0,MBA,Data Scientist
3524,Shanaya Goyal,40,Delhi,Female,Delhi,744149.0,MCA,Teacher
3525,Samiha Agarwal,53,Mumbai,Female,Maharashtra,337022.0,12th Pass,Delivery Agent
3526,Zain Sule,40,Bangalore,Male,Karnataka,1692643.0,MSc,Finance Manager
3527,Ivan Lad,27,Ahmedabad,Female,Gujarat,1205492.0,PhD,Software Engineer
3528,Zaina Dara,28,Delhi,Female,Delhi,1764308.0,MSc,Doctor
3529,Priyansh Raju,40,Chennai,Male,Tamil Nadu,1901320.0,MBA,Entrepreneur
3530,Vaibhav Desai,18,Bangalore,Male,Karnataka,498518.0,Diploma,Delivery Agent
3531,Misha Acharya,36,Lucknow,Female,Uttar Pradesh,622863.0,B.Com,Marketing Executive
3532,Shaan Wason,26,Mumbai,Male,Maharashtra,2545847.0,PhD,Software Engineer
3533,Nakul Kamdar,25,Kolkata,Male,West Bengal,816689.0,MSc,Doctor
3535,Lavanya Mander,46,Mumbai,Male,Maharashtra,1785071.0,M.Tech,Software Engineer
3536,Kavya Yohannan,44,Bangalore,Female,Karnataka,368182.0,12th Pass,Delivery Agent
3538,Kiaan Ramakrishnan,22,Kolkata,Female,West Bengal,1119567.0,MSc,Data Scientist
3539,Tara Mani,33,Bangalore,Female,Karnataka,2591717.0,MBA,Software Engineer
3540,Badal Boase,33,Bangalore,Male,Karnataka,2211218.0,MBA,Entrepreneur
3541,Manjari Sachdeva,28,Delhi,Female,Delhi,2109972.0,MSc,Software Engineer
3542,Trisha Trivedi,50,Lucknow,Male,Uttar Pradesh,962263.0,MBA,Finance Manager
3543,Seher Sura,33,Lucknow,Male,Uttar Pradesh,962376.0,PhD,Software Engineer
3544,Farhan Sachdev,20,Delhi,Female,Delhi,521291.0,MBA,Accountant
3545,Aaryahi Lalla,24,Mumbai,Male,Maharashtra,750820.0,MCA,Teacher
3546,Aarav Cheema,28,Kolkata,Male,West Bengal,911014.0,MBA,Doctor
3547,Priyansh Mani,30,Delhi,Male,Delhi,792101.0,BBA,Marketing Executive
3548,Riaan Chakraborty,25,Mumbai,Female,Maharashtra,953776.0,M.Tech,Doctor
3549,Miraan Warrior,40,Mumbai,Male,Maharashtra,621404.0,B.Com,HR Manager
3550,Hunar Varty,44,Hyderabad,Female,Telangana,2119904.0,MBA,Finance Manager
3551,Zoya Chander,42,Chennai,Female,Tamil Nadu,664741.0,B.Com,HR Manager
3552,Advik Mani,39,Bangalore,Male,Karnataka,469592.0,Diploma,Factory Worker
3553,Anahita Sen,26,Chennai,Female,Tamil Nadu,1159338.0,PhD,Entrepreneur
3554,Armaan Dada,60,Kolkata,Female,West Bengal,1639022.0,MSc,Entrepreneur
3555,Mannat Khare,34,Hyderabad,Female,Telangana,2701230.0,MBA,Finance Manager
3556,Aayush Rama,18,Jaipur,Male,Rajasthan,557029.0,B.Tech,Bank Clerk
3557,Renee Atwal,35,Bangalore,Female,Karnataka,1029276.0,MSc,Doctor
3558,Madhav Ganesh,45,Bangalore,Female,Karnataka,1895953.0,PhD,Finance Manager
3559,Ivana Mangal,23,Lucknow,Female,Uttar Pradesh,1193979.0,MSc,Data Scientist
3560,Indrajit Gera,38,Bangalore,Female,Karnataka,2328871.0,PhD,Software Engineer
3562,Emir Amble,22,Chennai,Female,Tamil Nadu,1133355.0,M.Tech,Doctor
3563,Trisha Amble,28,Bangalore,Female,Karnataka,1883670.0,MSc,Finance Manager
3564,Advika Anand,45,Bangalore,Male,Karnataka,2563077.0,MBA,Data Scientist
3565,Taimur De,40,Ahmedabad,Male,Gujarat,1801716.0,MBA,Finance Manager
3566,Damini Vala,37,Ahmedabad,Male,Gujarat,917309.0,MSc,Software Engineer
3567,Vihaan Tara,27,Delhi,Female,Delhi,2842887.0,MSc,Software Engineer
3568,Devansh Kade,20,Delhi,Male,Delhi,505009.0,MBA,Marketing Executive
3569,Indrajit Gola,22,Bangalore,Male,Karnataka,1741684.0,MBA,Software Engineer
3570,Aaina Sarraf,48,Pune,Female,Maharashtra,1617769.0,MBA,Software Engineer
3571,Anika Agate,37,Chennai,Female,Tamil Nadu,1234955.0,MBA,Data Scientist
3572,Emir Saini,34,Kolkata,Male,West Bengal,1417851.0,M.Tech,Entrepreneur
3573,Alisha Tripathi,26,Kolkata,Female,West Bengal,989885.0,PhD,Finance Manager
3574,Yashvi Kumar,27,Mumbai,Male,Maharashtra,1008615.0,MBA,Data Scientist
3575,Chirag Kota,23,Mumbai,Female,Maharashtra,903465.0,MBA,Software Engineer
3576,Rasha Ahuja,30,Mumbai,Female,Maharashtra,342181.0,12th Pass,Retail Worker
3577,Diya Tak,28,Pune,Male,Maharashtra,1126965.0,MSc,Doctor
3578,Samiha Handa,47,Mumbai,Male,Maharashtra,2734832.0,M.Tech,Entrepreneur
3581,Biju Bala,49,Hyderabad,Female,Telangana,1399078.0,MBA,Entrepreneur
3582,Mamooty Kata,36,Delhi,Male,Delhi,644947.0,B.Tech,Marketing Executive
3583,Misha Tripathi,37,Bangalore,Male,Karnataka,2642289.0,MSc,Entrepreneur
3584,Eva Rege,38,Hyderabad,Female,Telangana,1948946.0,M.Tech,Data Scientist
3585,Kiara Boase,29,Bangalore,Female,Karnataka,1708129.0,MBA,Entrepreneur
3586,Yuvaan Shankar,46,Hyderabad,Female,Telangana,2944067.0,M.Tech,Data Scientist
3587,Divit Sama,27,Bangalore,Female,Karnataka,1761233.0,MSc,Software Engineer
3588,Hansh Loyal,32,Pune,Female,Maharashtra,1410227.0,PhD,Finance Manager
3589,Romil Malhotra,21,Mumbai,Female,Maharashtra,1177198.0,MSc,Doctor
3590,Shamik D’Alia,31,Mumbai,Female,Maharashtra,1009514.0,PhD,Software Engineer
3591,Vivaan Suri,28,Hyderabad,Male,Telangana,1834358.0,M.Tech,Finance Manager
3593,Alisha Sarraf,53,Pune,Female,Maharashtra,1043663.0,MSc,Data Scientist
3594,Devansh Cherian,30,Delhi,Male,Delhi,1762725.0,M.Tech,Entrepreneur
3596,Tushar Srinivasan,26,Bangalore,Male,Karnataka,722628.0,MCA,Marketing Executive
3597,Jivika Kalla,47,Ahmedabad,Male,Gujarat,1005084.0,MBA,Doctor
3598,Lakshit Chaudhry,35,Delhi,Male,Delhi,2456635.0,MBA,Doctor
3599,Samar Randhawa,40,Bangalore,Male,Karnataka,346668.0,12th Pass,Factory Worker
3601,Lavanya Ghosh,18,Chennai,Male,Tamil Nadu,1545813.0,MBA,Data Scientist
3602,Shamik Banik,41,Mumbai,Male,Maharashtra,2126223.0,MSc,Finance Manager
3603,Anaya Balay,54,Delhi,Male,Delhi,2467947.0,MSc,Entrepreneur
3604,Emir Chauhan,34,Bangalore,Male,Karnataka,1971670.0,PhD,Entrepreneur
3605,Tiya Kant,45,Mumbai,Male,Maharashtra,1907679.0,PhD,Doctor
3606,Tiya Chander,31,Hyderabad,Male,Telangana,909405.0,PhD,Data Scientist
3607,Eva Babu,26,Delhi,Female,Delhi,760402.0,MCA,Bank Clerk
3608,Abram Srivastava,40,Bangalore,Female,Karnataka,1317327.0,MBA,Data Scientist
3609,Sumer Dube,34,Chennai,Male,Tamil Nadu,755295.0,B.Com,Teacher
3611,Ranbir Kaur,29,Bangalore,Male,Karnataka,2052216.0,M.Tech,Doctor
3612,Yuvaan Tandon,28,Chennai,Female,Tamil Nadu,1725624.0,PhD,Doctor
3613,Tiya Sridhar,39,Bangalore,Male,Karnataka,754042.0,Diploma,Bank Clerk
3614,Ivana Krishnamurthy,24,Delhi,Female,Delhi,1587059.0,MSc,Software Engineer
3615,Baiju Shere,28,Hyderabad,Male,Telangana,1054368.0,PhD,Finance Manager
3616,Indranil Chanda,40,Bangalore,Male,Karnataka,1547457.0,MSc,Entrepreneur
3617,Alisha Tailor,32,Lucknow,Female,Uttar Pradesh,853874.0,PhD,Finance Manager
3618,Rasha Kumer,39,Mumbai,Male,Maharashtra,2257779.0,M.Tech,Data Scientist
3619,Divit Bhasin,28,Bangalore,Female,Karnataka,2295374.0,MBA,Entrepreneur
3620,Kiara Dave,35,Mumbai,Male,Maharashtra,592213.0,B.A,Accountant
3621,Vidur Bhattacharyya,21,Chennai,Male,Tamil Nadu,926811.0,M.Tech,Finance Manager
3622,Kismat Lal,19,Ahmedabad,Male,Gujarat,1402319.0,M.Tech,Data Scientist
3623,Jiya Raval,21,Bangalore,Female,Karnataka,350623.0,Diploma,Delivery Agent
3625,Dhanush Dugar,46,Delhi,Male,Delhi,2779287.0,MBA,Entrepreneur
3626,Baiju Vig,26,Delhi,Female,Delhi,833740.0,MBA,Entrepreneur
3627,Kavya Sarkar,19,Ahmedabad,Male,Gujarat,1132961.0,PhD,Software Engineer
3628,Yashvi Deol,35,Delhi,Male,Delhi,2172161.0,MBA,Data Scientist
3630,Pranay Bakshi,38,Bangalore,Male,Karnataka,2302376.0,MBA,Doctor
3631,Kaira Wable,20,Bangalore,Female,Karnataka,1932578.0,MBA,Data Scientist
3632,Amani Banerjee,41,Kolkata,Male,West Bengal,769564.0,MCA,Bank Clerk
3633,Trisha Chokshi,44,Ahmedabad,Male,Gujarat,774955.0,B.Com,Accountant
3635,Hiran Bobal,39,Hyderabad,Male,Telangana,2819522.0,MSc,Entrepreneur
3636,Vaibhav Savant,52,Kolkata,Male,West Bengal,1416674.0,M.Tech,Doctor
3637,Misha Lanka,47,Chennai,Female,Tamil Nadu,1997142.0,PhD,Data Scientist
3638,Tejas Chauhan,32,Delhi,Male,Delhi,1955695.0,PhD,Doctor
3640,Aradhya Goswami,34,Chennai,Male,Tamil Nadu,1499982.0,PhD,Entrepreneur
3641,Neysa Bains,24,Bangalore,Female,Karnataka,1302236.0,MSc,Data Scientist
3642,Jiya Bhat,42,Delhi,Female,Delhi,442476.0,Diploma,Retail Worker
3643,Piya De,46,Bangalore,Female,Karnataka,1279748.0,PhD,Finance Manager
3644,Ranbir Khatri,55,Mumbai,Male,Maharashtra,1656272.0,MBA,Entrepreneur
3645,Parinaaz Ramachandran,31,Delhi,Female,Delhi,2122488.0,M.Tech,Software Engineer
3646,Jiya Sachdev,34,Delhi,Male,Delhi,2286193.0,MBA,Entrepreneur
3647,Hridaan Chakrabarti,45,Delhi,Male,Delhi,519175.0,MCA,Bank Clerk
3648,Tejas Choudhury,30,Chennai,Male,Tamil Nadu,1833789.0,MSc,Software Engineer
3649,Amani Balasubramanian,32,Hyderabad,Female,Telangana,923280.0,MSc,Data Scientist
3650,Faiyaz Doctor,18,Mumbai,Male,Maharashtra,456952.0,Diploma,Factory Worker
3651,Fateh Dara,40,Mumbai,Female,Maharashtra,1554117.0,MBA,Software Engineer
3652,Taran Gopal,38,Bangalore,Female,Karnataka,2924686.0,PhD,Data Scientist
3653,Myra Wagle,50,Chennai,Male,Tamil Nadu,1061338.0,MSc,Data Scientist
3654,Jayant Bandi,41,Delhi,Female,Delhi,1516729.0,M.Tech,Software Engineer
3655,Onkar Subramaniam,28,Kolkata,Male,West Bengal,1189269.0,MSc,Data Scientist
3656,Kabir Bali,56,Chennai,Male,Tamil Nadu,1663636.0,MSc,Doctor
3657,Umang Buch,39,Jaipur,Female,Rajasthan,753192.0,Diploma,Accountant
3660,Urvi Sahota,32,Jaipur,Male,Rajasthan,767666.0,B.Com,Accountant
3661,Lavanya Golla,27,Bangalore,Male,Karnataka,1818416.0,MSc,Finance Manager
3662,Trisha Kata,25,Mumbai,Female,Maharashtra,2631023.0,PhD,Doctor
3663,Kaira Borde,43,Chennai,Male,Tamil Nadu,1849388.0,M.Tech,Data Scientist
3664,Bhamini Srivastava,34,Delhi,Male,Delhi,1871621.0,MSc,Finance Manager
3665,Eshani Cherian,48,Chennai,Male,Tamil Nadu,621616.0,B.Com,Bank Clerk
3666,Rasha Kurian,18,Delhi,Male,Delhi,2813850.0,M.Tech,Doctor
3667,Divit Dash,45,Bangalore,Male,Karnataka,546327.0,B.A,Teacher
3668,Badal Wali,44,Delhi,Male,Delhi,989810.0,MSc,Entrepreneur
3670,Hridaan Majumdar,61,Bangalore,Female,Karnataka,2043085.0,PhD,Finance Manager
3673,Pihu Kapur,33,Kolkata,Male,West Bengal,946991.0,MBA,Doctor
3674,Kanav Dara,32,Delhi,Male,Delhi,1527679.0,MBA,Doctor
3675,Khushi Lala,38,Mumbai,Female,Maharashtra,1649483.0,MSc,Doctor
3676,Nitara Anne,38,Ahmedabad,Female,Gujarat,898102.0,PhD,Doctor
3677,Shanaya Toor,37,Mumbai,Male,Maharashtra,2836187.0,MBA,Data Scientist
3678,Yasmin Issac,41,Jaipur,Male,Rajasthan,1091179.0,PhD,Finance Manager
3679,Ayesha Master,40,Bangalore,Male,Karnataka,1568740.0,MBA,Finance Manager
3681,Rati Kannan,23,Chennai,Female,Tamil Nadu,1744483.0,MSc,Entrepreneur
3682,Armaan Tara,28,Hyderabad,Male,Telangana,1806053.0,M.Tech,Finance Manager
3683,Rhea Tiwari,23,Kolkata,Male,West Bengal,899752.0,MBA,Finance Manager
3684,Amani Datta,34,Kolkata,Female,West Bengal,1775202.0,M.Tech,Data Scientist
3685,Aarush Chandra,47,Ahmedabad,Female,Gujarat,1693477.0,MBA,Finance Manager
3686,Taran Seth,33,Mumbai,Female,Maharashtra,1074771.0,M.Tech,Finance Manager
3687,Advika Tella,49,Mumbai,Male,Maharashtra,1124621.0,M.Tech,Data Scientist
3688,Divij Kaul,18,Jaipur,Male,Rajasthan,772326.0,BSc,HR Manager
3689,Raghav Chander,35,Pune,Female,Maharashtra,1220766.0,MSc,Finance Manager
3690,Uthkarsh Virk,33,Mumbai,Female,Maharashtra,1206050.0,MSc,Finance Manager
3691,Zoya Ramachandran,35,Mumbai,Male,Maharashtra,915513.0,M.Tech,Finance Manager
3693,Vritika Taneja,44,Pune,Female,Maharashtra,1623924.0,M.Tech,Data Scientist
3694,Nirvaan Kothari,28,Mumbai,Female,Maharashtra,444884.0,12th Pass,Customer Support
3695,Nishith Sur,27,Kolkata,Female,West Bengal,893074.0,M.Tech,Software Engineer
3697,Umang Bhakta,30,Hyderabad,Female,Telangana,2147758.0,MSc,Entrepreneur
3698,Tara Rajagopal,38,Mumbai,Female,Maharashtra,1589070.0,MSc,Entrepreneur
3699,Taran Vig,50,Bangalore,Female,Karnataka,766379.0,B.Com,Teacher
3700,Myra Malhotra,36,Lucknow,Female,Uttar Pradesh,767138.0,Diploma,Teacher
3701,Mamooty Bose,29,Kolkata,Female,West Bengal,865666.0,MSc,Doctor
3703,Sana Dhawan,32,Delhi,Male,Delhi,2832903.0,MBA,Data Scientist
3704,Mahika Ramanathan,29,Delhi,Female,Delhi,645696.0,MBA,HR Manager
3705,Zaina Char,33,Chennai,Male,Tamil Nadu,1432125.0,PhD,Doctor
3707,Kiara Khatri,56,Hyderabad,Male,Telangana,393297.0,Diploma,Factory Worker
3708,Tanya Dalal,46,Chennai,Female,Tamil Nadu,1718432.0,M.Tech,Finance Manager
3709,Taimur Bandi,36,Chennai,Female,Tamil Nadu,1054758.0,M.Tech,Finance Manager
3711,Eva Sathe,27,Ahmedabad,Male,Gujarat,562399.0,BSc,Accountant
3712,Ela Lanka,43,Jaipur,Male,Rajasthan,641457.0,B.Com,Bank Clerk
3713,Mehul Lad,55,Mumbai,Male,Maharashtra,1792696.0,PhD,Data Scientist
3714,Tejas Rastogi,18,Bangalore,Male,Karnataka,521778.0,B.Tech,Bank Clerk
3715,Neysa Mall,28,Bangalore,Male,Karnataka,306244.0,12th Pass,Delivery Agent
3718,Devansh Tripathi,31,Bangalore,Male,Karnataka,1357733.0,MBA,Doctor
3719,Anahita Chanda,37,Lucknow,Male,Uttar Pradesh,478446.0,Diploma,Retail Worker
3720,Lakshay Kadakia,33,Mumbai,Male,Maharashtra,1703063.0,PhD,Software Engineer
3721,Divyansh Jayaraman,25,Jaipur,Male,Rajasthan,895372.0,MSc,Software Engineer
3722,Saira Devi,43,Pune,Male,Maharashtra,1191036.0,MBA,Entrepreneur
3723,Mannat Ramesh,37,Ahmedabad,Male,Gujarat,848518.0,MBA,Software Engineer
3724,Vaibhav Wason,27,Mumbai,Male,Maharashtra,2911814.0,MBA,Finance Manager
3725,Jayan Khosla,32,Ahmedabad,Female,Gujarat,1469095.0,PhD,Data Scientist
3726,Taran Khanna,39,Delhi,Female,Delhi,2525617.0,MSc,Software Engineer
3727,Mishti Karnik,42,Ahmedabad,Male,Gujarat,1991675.0,MSc,Software Engineer
3728,Anaya Sridhar,38,Delhi,Female,Delhi,2601409.0,MBA,Doctor
3729,Pari Subramanian,18,Kolkata,Female,West Bengal,1361866.0,MBA,Software Engineer
3730,Tiya Reddy,33,Kolkata,Male,West Bengal,1403258.0,M.Tech,Finance Manager
3733,Bhamini Kibe,47,Mumbai,Female,Maharashtra,541774.0,B.Tech,HR Manager
3734,Aaina Kannan,36,Hyderabad,Male,Telangana,1098086.0,PhD,Entrepreneur
3735,Ishaan Lalla,18,Kolkata,Female,West Bengal,1966611.0,MSc,Data Scientist
3736,Hunar Gaba,42,Bangalore,Male,Karnataka,350035.0,Diploma,Security Guard
3737,Farhan Ravi,32,Delhi,Female,Delhi,349529.0,Diploma,Customer Support
3739,Ira Kala,43,Ahmedabad,Female,Gujarat,1836608.0,PhD,Doctor
3742,Romil Ganesh,32,Pune,Female,Maharashtra,1608571.0,MSc,Entrepreneur
3744,Raghav Chanda,29,Chennai,Female,Tamil Nadu,557775.0,B.Com,HR Manager
3745,Onkar Malhotra,21,Lucknow,Female,Uttar Pradesh,444843.0,Diploma,Delivery Agent
3746,Jivin Reddy,35,Delhi,Female,Delhi,992660.0,MBA,Doctor
3747,Rania Khalsa,37,Mumbai,Male,Maharashtra,2719268.0,MSc,Data Scientist
3748,Divit Rajagopal,27,Bangalore,Male,Karnataka,1669844.0,MSc,Data Scientist
3749,Vardaniya Ganesan,25,Mumbai,Male,Maharashtra,2875239.0,MBA,Finance Manager
3750,Aaryahi Chopra,44,Ahmedabad,Male,Gujarat,1960463.0,MSc,Entrepreneur
3751,Zaina Sheth,23,Chennai,Female,Tamil Nadu,1827300.0,MBA,Software Engineer
3752,Hridaan Hayer,40,Bangalore,Male,Karnataka,2912939.0,MSc,Entrepreneur
3754,Ahana  Tata,28,Bangalore,Male,Karnataka,1661443.0,MBA,Software Engineer
3755,Manikya Gera,39,Pune,Female,Maharashtra,353195.0,12th Pass,Retail Worker
3757,Yashvi Konda,26,Bangalore,Female,Karnataka,1940203.0,MSc,Finance Manager
3758,Reyansh Dubey,45,Hyderabad,Female,Telangana,2502624.0,MSc,Software Engineer
3759,Raunak Rout,42,Mumbai,Female,Maharashtra,1984069.0,PhD,Software Engineer
3760,Badal Bhatti,35,Kolkata,Male,West Bengal,579155.0,B.Com,Marketing Executive
3761,Onkar Hans,45,Mumbai,Female,Maharashtra,475874.0,12th Pass,Delivery Agent
3762,Indrajit Garde,30,Ahmedabad,Female,Gujarat,1485892.0,MSc,Data Scientist
3763,Aarna Saraf,46,Mumbai,Female,Maharashtra,2087113.0,MSc,Software Engineer
3764,Nirvi Baria,30,Delhi,Male,Delhi,2773898.0,M.Tech,Doctor
3765,Renee Talwar,42,Mumbai,Female,Maharashtra,764867.0,MBA,HR Manager
3766,Aniruddh Manne,30,Bangalore,Female,Karnataka,2976801.0,M.Tech,Software Engineer
3767,Aarna Vala,35,Ahmedabad,Male,Gujarat,651314.0,BSc,HR Manager
3768,Rohan Chaudry,18,Ahmedabad,Female,Gujarat,1980125.0,M.Tech,Finance Manager
3769,Raunak Mane,34,Delhi,Male,Delhi,2805167.0,MBA,Software Engineer
3770,Armaan Guha,41,Bangalore,Female,Karnataka,2576645.0,MBA,Finance Manager
3771,Rati Sehgal,47,Bangalore,Male,Karnataka,1240265.0,MBA,Entrepreneur
3774,Riya Ganguly,23,Hyderabad,Female,Telangana,889148.0,MBA,Data Scientist
3776,Pranay Ganguly,56,Delhi,Female,Delhi,1343095.0,MSc,Software Engineer
3777,Jiya Banerjee,18,Mumbai,Female,Maharashtra,2289706.0,PhD,Doctor
3778,Indrajit Yohannan,38,Bangalore,Female,Karnataka,1205575.0,MSc,Finance Manager
3779,Pranay Shroff,25,Mumbai,Female,Maharashtra,1872906.0,PhD,Entrepreneur
3780,Kiara Sant,33,Mumbai,Male,Maharashtra,2454292.0,MBA,Finance Manager
3781,Myra Amble,25,Jaipur,Male,Rajasthan,862291.0,PhD,Doctor
3782,Tarini Dhawan,20,Bangalore,Male,Karnataka,686590.0,MBA,HR Manager
3783,Divij Khosla,42,Mumbai,Female,Maharashtra,1231091.0,M.Tech,Doctor
3784,Vritika Dhillon,22,Pune,Female,Maharashtra,807496.0,MSc,Finance Manager
3786,Shalv Yogi,51,Mumbai,Male,Maharashtra,2683639.0,MSc,Data Scientist
3787,Kabir Sibal,35,Ahmedabad,Female,Gujarat,1272149.0,MBA,Doctor
3788,Vanya Ravel,19,Kolkata,Female,West Bengal,1803823.0,MBA,Finance Manager
3789,Jiya Yohannan,44,Delhi,Male,Delhi,362320.0,12th Pass,Factory Worker
3790,Vihaan Bhatt,30,Delhi,Male,Delhi,1852408.0,M.Tech,Entrepreneur
3791,Kaira Sundaram,31,Bangalore,Female,Karnataka,1524548.0,MBA,Data Scientist
3792,Akarsh Dass,27,Bangalore,Male,Karnataka,2580548.0,MSc,Data Scientist
3793,Armaan Suresh,18,Chennai,Female,Tamil Nadu,1012577.0,MSc,Finance Manager
3794,Myra Bumb,41,Bangalore,Female,Karnataka,2614718.0,MBA,Software Engineer
3795,Indranil Brar,27,Bangalore,Female,Karnataka,2489245.0,PhD,Finance Manager
3796,Hazel Issac,31,Delhi,Female,Delhi,2935256.0,M.Tech,Software Engineer
3797,Hrishita Kunda,34,Ahmedabad,Male,Gujarat,615262.0,B.A,Bank Clerk
3799,Anya Tank,45,Delhi,Male,Delhi,2462007.0,M.Tech,Data Scientist
3800,Adira Kumar,34,Jaipur,Male,Rajasthan,323284.0,Diploma,Security Guard
3801,Manjari Agrawal,26,Lucknow,Female,Uttar Pradesh,943577.0,PhD,Data Scientist
3802,Ojas Dutt,37,Bangalore,Female,Karnataka,1424876.0,PhD,Data Scientist
3803,Biju Din,62,Ahmedabad,Male,Gujarat,1214744.0,MBA,Entrepreneur
3804,Heer Desai,31,Kolkata,Male,West Bengal,767750.0,BSc,Teacher
3805,Chirag Wable,22,Jaipur,Male,Rajasthan,344505.0,Diploma,Customer Support
3806,Zara Ganesh,51,Delhi,Female,Delhi,2091813.0,MBA,Data Scientist
3807,Samar Sem,26,Mumbai,Male,Maharashtra,1072131.0,PhD,Finance Manager
3808,Chirag Dhar,39,Chennai,Female,Tamil Nadu,715774.0,MCA,Marketing Executive
3809,Keya Chandran,31,Mumbai,Female,Maharashtra,1347461.0,MSc,Software Engineer
3810,Zara Dutta,45,Kolkata,Male,West Bengal,1346541.0,M.Tech,Software Engineer
3811,Kaira Trivedi,54,Chennai,Female,Tamil Nadu,1548623.0,M.Tech,Data Scientist
3812,Kavya Chaudhuri,26,Lucknow,Female,Uttar Pradesh,694502.0,Diploma,Teacher
3813,Gatik Zachariah,28,Bangalore,Female,Karnataka,2333387.0,MBA,Data Scientist
3814,Sahil Savant,42,Bangalore,Male,Karnataka,751722.0,B.Tech,Marketing Executive
3815,Amira Khare,47,Delhi,Female,Delhi,1102031.0,PhD,Software Engineer
3816,Alia Divan,36,Hyderabad,Female,Telangana,1833190.0,MBA,Doctor
3817,Prerak Jain,31,Mumbai,Female,Maharashtra,422687.0,12th Pass,Security Guard
3818,Nayantara Chandran,35,Bangalore,Male,Karnataka,2163656.0,MSc,Finance Manager
3820,Alisha Sodhi,35,Mumbai,Female,Maharashtra,796944.0,MCA,Marketing Executive
3821,Tiya Bhatt,36,Mumbai,Male,Maharashtra,667713.0,MBA,Accountant
3822,Dishani Vig,24,Hyderabad,Male,Telangana,2803736.0,M.Tech,Software Engineer
3824,Ehsaan Badami,34,Delhi,Female,Delhi,1258239.0,PhD,Doctor
3825,Piya Wadhwa,30,Bangalore,Female,Karnataka,641880.0,MBA,Accountant
3826,Aniruddh Chauhan,34,Hyderabad,Female,Telangana,1272103.0,MSc,Software Engineer
3827,Stuvan Krishna,31,Hyderabad,Male,Telangana,383914.0,Diploma,Delivery Agent
3828,Ela Behl,44,Bangalore,Male,Karnataka,791297.0,MCA,Teacher
3830,Alisha Vora,23,Mumbai,Male,Maharashtra,1154254.0,MSc,Data Scientist
3831,Tushar Bhardwaj,27,Mumbai,Female,Maharashtra,1127696.0,M.Tech,Data Scientist
3832,Priyansh Dixit,31,Hyderabad,Female,Telangana,754536.0,MBA,Marketing Executive
3833,Tushar Wadhwa,37,Mumbai,Male,Maharashtra,523343.0,B.Com,Marketing Executive
3834,Indrajit Ganesh,44,Hyderabad,Male,Telangana,1976125.0,M.Tech,Doctor
3835,Ojas Viswanathan,26,Bangalore,Female,Karnataka,2928321.0,MSc,Entrepreneur
3837,Saanvi Kant,45,Pune,Female,Maharashtra,1159266.0,M.Tech,Entrepreneur
3838,Krish Vasa,26,Mumbai,Male,Maharashtra,2751506.0,MBA,Doctor
3839,Gokul Batta,41,Mumbai,Female,Maharashtra,1271908.0,MBA,Entrepreneur
3840,Akarsh Sridhar,28,Delhi,Female,Delhi,2733121.0,MBA,Data Scientist
3841,Advik Manda,25,Mumbai,Male,Maharashtra,419087.0,12th Pass,Retail Worker
3842,Nitya Swaminathan,37,Pune,Female,Maharashtra,567758.0,BBA,Accountant
3843,Anahita Shetty,44,Mumbai,Male,Maharashtra,904225.0,PhD,Finance Manager
3844,Vardaniya Sant,50,Delhi,Female,Delhi,2636362.0,M.Tech,Software Engineer
3845,Shalv Varkey,36,Bangalore,Male,Karnataka,969205.0,M.Tech,Doctor
3847,Ritvik Goswami,41,Delhi,Male,Delhi,1446009.0,M.Tech,Entrepreneur
3848,Samarth Din,46,Mumbai,Female,Maharashtra,2539798.0,PhD,Data Scientist
3849,Ranbir Chaudhari,35,Mumbai,Male,Maharashtra,541103.0,Diploma,Bank Clerk
3850,Aradhya Maharaj,29,Mumbai,Female,Maharashtra,922412.0,PhD,Finance Manager
3851,Divyansh Bali,41,Mumbai,Male,Maharashtra,1920279.0,PhD,Data Scientist
3852,Zeeshan Reddy,53,Delhi,Female,Delhi,2268764.0,MBA,Data Scientist
3853,Nirvaan Vasa,43,Delhi,Female,Delhi,1166039.0,MBA,Software Engineer
3854,Rati Brahmbhatt,44,Delhi,Female,Delhi,2513743.0,MSc,Doctor
3857,Hridaan Mander,51,Mumbai,Female,Maharashtra,1504342.0,PhD,Entrepreneur
3858,Madhav Apte,39,Delhi,Male,Delhi,405588.0,Diploma,Customer Support
3859,Prisha Suri,28,Bangalore,Female,Karnataka,2115215.0,M.Tech,Finance Manager
3861,Yuvaan Chanda,40,Jaipur,Female,Rajasthan,750244.0,MBA,Teacher
3862,Tanya Gola,37,Hyderabad,Female,Telangana,1115494.0,MBA,Data Scientist
3864,Indrans Wable,35,Mumbai,Female,Maharashtra,458917.0,Diploma,Factory Worker
3866,Veer Kakar,39,Bangalore,Female,Karnataka,1027475.0,PhD,Entrepreneur
3867,Jivin Kamdar,38,Chennai,Male,Tamil Nadu,1166592.0,PhD,Data Scientist
3868,Yakshit Khare,33,Mumbai,Male,Maharashtra,1471416.0,MBA,Finance Manager
3869,Taran Hari,36,Kolkata,Female,West Bengal,1941381.0,MSc,Software Engineer
3870,Mehul Sundaram,65,Kolkata,Male,West Bengal,1325855.0,MBA,Software Engineer
3872,Inaaya  Sen,29,Hyderabad,Female,Telangana,2842285.0,MSc,Entrepreneur
3873,Adira Varty,36,Delhi,Male,Delhi,1575344.0,MBA,Data Scientist
3874,Yuvaan Karpe,30,Bangalore,Male,Karnataka,1600583.0,MSc,Finance Manager
3875,Jayant Tandon,29,Hyderabad,Female,Telangana,2932280.0,PhD,Entrepreneur
3876,Eshani Hari,18,Mumbai,Female,Maharashtra,507552.0,BSc,HR Manager
3877,Keya Sathe,36,Jaipur,Male,Rajasthan,1097991.0,MSc,Finance Manager
3879,Azad Saran,25,Hyderabad,Male,Telangana,1267825.0,PhD,Finance Manager
3880,Manikya Wadhwa,31,Hyderabad,Female,Telangana,303495.0,12th Pass,Retail Worker
3881,Sumer Mahajan,40,Bangalore,Female,Karnataka,565024.0,B.Tech,Marketing Executive
3883,Ivan Sibal,34,Mumbai,Male,Maharashtra,947647.0,M.Tech,Data Scientist
3884,Biju Bir,42,Chennai,Male,Tamil Nadu,1719260.0,M.Tech,Software Engineer
3885,Vaibhav Dara,31,Kolkata,Male,West Bengal,760439.0,B.Tech,Teacher
3886,Shlok Sule,37,Bangalore,Male,Karnataka,1696858.0,MBA,Entrepreneur
3887,Adah Doshi,48,Ahmedabad,Male,Gujarat,819170.0,M.Tech,Data Scientist
3888,Indrajit Sidhu,33,Mumbai,Female,Maharashtra,698884.0,B.Tech,HR Manager
3890,Charvi Goel,29,Hyderabad,Male,Telangana,2346794.0,M.Tech,Entrepreneur
3892,Himmat Tiwari,37,Hyderabad,Male,Telangana,353113.0,12th Pass,Security Guard
3894,Kimaya Babu,26,Pune,Female,Maharashtra,1498081.0,MSc,Finance Manager
3895,Madhup Batra,57,Delhi,Male,Delhi,1454780.0,M.Tech,Data Scientist
3896,Jivika Bali,27,Ahmedabad,Male,Gujarat,1931981.0,MBA,Doctor
3898,Divit Ahluwalia,34,Bangalore,Male,Karnataka,544556.0,BSc,Marketing Executive
3899,Amani Bhakta,44,Hyderabad,Male,Telangana,1165243.0,MBA,Finance Manager
3900,Kartik Shroff,23,Hyderabad,Male,Telangana,1059129.0,M.Tech,Data Scientist
3901,Kiaan Varma,18,Kolkata,Female,West Bengal,1371999.0,MBA,Data Scientist
3902,Kimaya Mallick,34,Bangalore,Male,Karnataka,574723.0,B.A,Teacher
3903,Badal Kale,45,Ahmedabad,Female,Gujarat,1675426.0,MSc,Entrepreneur
3904,Aaryahi Khatri,65,Mumbai,Male,Maharashtra,2180898.0,MSc,Finance Manager
3905,Aayush Apte,18,Hyderabad,Female,Telangana,1165451.0,MSc,Software Engineer
3906,Fateh Malhotra,32,Bangalore,Female,Karnataka,487523.0,Diploma,Security Guard
3907,Kanav Madan,18,Mumbai,Female,Maharashtra,1899683.0,M.Tech,Finance Manager
3908,Prisha Gole,42,Bangalore,Male,Karnataka,2764893.0,M.Tech,Data Scientist
3911,Madhup Luthra,48,Ahmedabad,Male,Gujarat,1502374.0,M.Tech,Data Scientist
3912,Ranbir Jha,18,Delhi,Male,Delhi,1192548.0,MSc,Software Engineer
3913,Shalv Roy,40,Bangalore,Male,Karnataka,467030.0,Diploma,Delivery Agent
3914,Parinaaz Dhingra,44,Ahmedabad,Female,Gujarat,666886.0,Diploma,Accountant
3915,Eva Zachariah,48,Mumbai,Female,Maharashtra,1332098.0,M.Tech,Data Scientist
3917,Vritika Shanker,37,Mumbai,Male,Maharashtra,2546967.0,MSc,Finance Manager
3918,Ira Subramanian,42,Ahmedabad,Female,Gujarat,1349310.0,MSc,Entrepreneur
3919,Yuvaan Wali,30,Bangalore,Male,Karnataka,593508.0,MCA,Bank Clerk
3920,Shanaya Warrior,30,Chennai,Female,Tamil Nadu,1395534.0,MSc,Entrepreneur
3921,Zoya Venkataraman,43,Delhi,Female,Delhi,637899.0,B.Tech,Accountant
3922,Anaya Amble,34,Ahmedabad,Male,Gujarat,636023.0,B.Tech,Marketing Executive
3923,Jayesh Goda,37,Bangalore,Female,Karnataka,1206300.0,MSc,Data Scientist
3924,Trisha Aggarwal,31,Delhi,Female,Delhi,2208403.0,MSc,Software Engineer
3925,Veer Chana,62,Bangalore,Female,Karnataka,744852.0,Diploma,HR Manager
3926,Neelofar Sethi,40,Chennai,Female,Tamil Nadu,643015.0,B.Tech,Teacher
3927,Vritika Bala,35,Delhi,Male,Delhi,2635817.0,M.Tech,Entrepreneur
3928,Anahi Bora,31,Ahmedabad,Male,Gujarat,1399522.0,MBA,Doctor
3930,Raghav Edwin,28,Mumbai,Male,Maharashtra,1233549.0,MSc,Software Engineer
3931,Oorja Randhawa,35,Chennai,Female,Tamil Nadu,957812.0,MSc,Finance Manager
3932,Saira Vala,42,Delhi,Female,Delhi,2810075.0,PhD,Data Scientist
3933,Sumer Desai,49,Hyderabad,Male,Telangana,1882447.0,MSc,Finance Manager
3934,Tara Buch,31,Mumbai,Male,Maharashtra,459148.0,Diploma,Factory Worker
3935,Farhan Gole,47,Delhi,Male,Delhi,1919396.0,M.Tech,Finance Manager
3937,Kimaya Sachar,38,Mumbai,Female,Maharashtra,699340.0,Diploma,Accountant
3938,Kashvi Kadakia,22,Bangalore,Male,Karnataka,2827944.0,MSc,Software Engineer
3939,Onkar Chakrabarti,29,Bangalore,Female,Karnataka,1150912.0,M.Tech,Finance Manager
3941,Yashvi Sood,35,Chennai,Male,Tamil Nadu,1562431.0,PhD,Data Scientist
3945,Darshit Soman,39,Chennai,Male,Tamil Nadu,1952678.0,MSc,Entrepreneur
3946,Azad Mand,48,Delhi,Male,Delhi,2482496.0,MBA,Entrepreneur
3947,Siya Vig,40,Pune,Male,Maharashtra,1747379.0,MBA,Data Scientist
3948,Seher Deol,35,Mumbai,Female,Maharashtra,2696080.0,M.Tech,Software Engineer
3949,Urvi Seth,48,Bangalore,Female,Karnataka,780266.0,MBA,Marketing Executive
3950,Aradhya Deshpande,30,Delhi,Female,Delhi,2939361.0,MBA,Doctor
3951,Lakshit Khurana,39,Bangalore,Male,Karnataka,2025083.0,MSc,Software Engineer
3952,Drishya Soman,22,Mumbai,Male,Maharashtra,964341.0,MSc,Finance Manager
3953,Drishya Hora,23,Mumbai,Female,Maharashtra,399544.0,Diploma,Retail Worker
3954,Ranbir Subramanian,21,Hyderabad,Female,Telangana,517565.0,MCA,Teacher
3955,Mishti Kapur,36,Mumbai,Female,Maharashtra,1431459.0,MBA,Finance Manager
3956,Damini Borra,20,Bangalore,Female,Karnataka,1267323.0,PhD,Data Scientist
3957,Vritika Kadakia,38,Mumbai,Female,Maharashtra,865830.0,M.Tech,Entrepreneur
3958,Anahita Kunda,18,Mumbai,Female,Maharashtra,422067.0,12th Pass,Delivery Agent
3959,Mannat Sarkar,51,Bangalore,Female,Karnataka,2922153.0,MSc,Finance Manager
3960,Amira Konda,45,Chennai,Female,Tamil Nadu,786547.0,MBA,HR Manager
3961,Riya Bala,31,Hyderabad,Male,Telangana,720614.0,B.Tech,Bank Clerk
3962,Trisha Kapur,50,Mumbai,Male,Maharashtra,879299.0,MBA,Software Engineer
3964,Sana Brar,28,Hyderabad,Female,Telangana,1137552.0,PhD,Software Engineer
3965,Bhavin Chaudhary,19,Ahmedabad,Male,Gujarat,591933.0,B.A,Bank Clerk
3966,Lakshay Dutt,23,Chennai,Male,Tamil Nadu,1909363.0,MBA,Finance Manager
3967,Nakul Saha,31,Kolkata,Male,West Bengal,1214375.0,MSc,Data Scientist
3970,Elakshi Karan,38,Kolkata,Male,West Bengal,969625.0,M.Tech,Doctor
3973,Darshit Sengupta,38,Hyderabad,Male,Telangana,1563413.0,MSc,Software Engineer
3974,Anika Jha,37,Delhi,Male,Delhi,695197.0,B.A,HR Manager
3976,Indrajit Ravi,18,Bangalore,Male,Karnataka,1545425.0,PhD,Entrepreneur
3977,Uthkarsh Mann,40,Chennai,Female,Tamil Nadu,1198406.0,M.Tech,Finance Manager
3978,Pranay Bedi,29,Pune,Male,Maharashtra,759431.0,B.Com,HR Manager
3980,Manikya Dasgupta,18,Hyderabad,Male,Telangana,795842.0,MBA,Bank Clerk
3981,Keya Bora,37,Bangalore,Male,Karnataka,2486344.0,MSc,Software Engineer
3982,Vanya Kant,18,Mumbai,Male,Maharashtra,1094457.0,M.Tech,Doctor
3983,Zain Varghese,43,Mumbai,Female,Maharashtra,2150547.0,PhD,Data Scientist
3984,Anya Randhawa,40,Ahmedabad,Male,Gujarat,917809.0,PhD,Doctor
3985,Mamooty Chander,18,Mumbai,Female,Maharashtra,647676.0,MBA,Bank Clerk
3987,Madhav Ahuja,42,Chennai,Male,Tamil Nadu,751477.0,Diploma,HR Manager
3988,Lakshay Chakrabarti,34,Pune,Female,Maharashtra,1727685.0,MBA,Data Scientist
3989,Advika Sani,34,Mumbai,Female,Maharashtra,2756007.0,MSc,Doctor
3990,Hiran Lala,29,Kolkata,Male,West Bengal,1789400.0,PhD,Entrepreneur
3991,Jayesh Dua,39,Chennai,Female,Tamil Nadu,720665.0,BSc,Bank Clerk
3993,Ela Khanna,30,Hyderabad,Male,Telangana,2167309.0,MBA,Finance Manager
3994,Sana Choudhry,52,Bangalore,Male,Karnataka,863282.0,PhD,Entrepreneur
3995,Shanaya Iyer,42,Pune,Female,Maharashtra,676485.0,MCA,Teacher
3997,Himmat Rajagopalan,30,Bangalore,Male,Karnataka,1160525.0,M.Tech,Data Scientist
3998,Tanya Kala,42,Kolkata,Female,West Bengal,1246059.0,MSc,Finance Manager
3999,Chirag Keer,32,Delhi,Male,Delhi,767859.0,Diploma,Bank Clerk
4000,Yuvaan Brahmbhatt,32,Kolkata,Male,West Bengal,549826.0,Diploma,HR Manager
4002,Tara Jayaraman,43,Mumbai,Male,Maharashtra,1515299.0,MSc,Software Engineer
4003,Rania Gaba,48,Kolkata,Female,West Bengal,515986.0,B.A,HR Manager
4004,Yuvaan Sampath,36,Ahmedabad,Male,Gujarat,1008669.0,PhD,Doctor
4005,Samaira Sastry,41,Hyderabad,Female,Telangana,2130818.0,M.Tech,Software Engineer
4006,Romil Raman,48,Hyderabad,Female,Telangana,2520966.0,M.Tech,Doctor
4007,Nirvi Arya,24,Bangalore,Male,Karnataka,2988257.0,M.Tech,Software Engineer
4008,Anya Sarraf,42,Jaipur,Female,Rajasthan,1042899.0,PhD,Entrepreneur
4009,Fateh Gandhi,41,Kolkata,Male,West Bengal,786222.0,BSc,Marketing Executive
4010,Damini Chaudhry,49,Pune,Female,Maharashtra,1874873.0,MSc,Data Scientist
4011,Dishani Goda,36,Mumbai,Male,Maharashtra,1550571.0,M.Tech,Entrepreneur
4012,Divyansh Vala,26,Hyderabad,Male,Telangana,2041542.0,MBA,Software Engineer
4013,Indrans Toor,38,Mumbai,Male,Maharashtra,899666.0,MBA,Finance Manager
4014,Kiaan Sampath,39,Bangalore,Male,Karnataka,2193207.0,PhD,Finance Manager
4015,Vaibhav Varma,33,Ahmedabad,Female,Gujarat,1575448.0,M.Tech,Doctor
4016,Adira Cheema,24,Jaipur,Male,Rajasthan,1148302.0,MSc,Doctor
4017,Ehsaan Hegde,39,Lucknow,Male,Uttar Pradesh,836059.0,MBA,Data Scientist
4018,Mannat Raja,29,Mumbai,Female,Maharashtra,1167795.0,MSc,Data Scientist
4019,Vaibhav Rajan,33,Ahmedabad,Female,Gujarat,503484.0,BSc,Marketing Executive
4020,Nishith Ravi,35,Kolkata,Male,West Bengal,1186636.0,MBA,Data Scientist
4021,Gatik Basak,40,Bangalore,Male,Karnataka,2370928.0,MSc,Entrepreneur
4022,Vardaniya Sethi,46,Bangalore,Male,Karnataka,1920203.0,MBA,Data Scientist
4023,Mishti Deshmukh,36,Hyderabad,Female,Telangana,779392.0,B.Com,Teacher
4024,Mannat Sahota,27,Ahmedabad,Female,Gujarat,1983079.0,PhD,Entrepreneur
4025,Bhavin Joshi,34,Hyderabad,Male,Telangana,1687723.0,PhD,Entrepreneur
4026,Samiha Ratti,33,Delhi,Male,Delhi,879015.0,PhD,Software Engineer
4027,Aniruddh Boase,29,Jaipur,Female,Rajasthan,580198.0,Diploma,Teacher
4028,Onkar Sehgal,44,Mumbai,Male,Maharashtra,1913345.0,M.Tech,Finance Manager
4029,Rania Basak,42,Mumbai,Male,Maharashtra,2512071.0,PhD,Entrepreneur
4031,Tarini Sekhon,39,Pune,Male,Maharashtra,520229.0,MBA,Accountant
4032,Kashvi Srinivasan,44,Chennai,Female,Tamil Nadu,1941181.0,M.Tech,Software Engineer
4033,Bhavin Kamdar,18,Hyderabad,Female,Telangana,937689.0,MSc,Data Scientist
4034,Mishti Dora,27,Kolkata,Male,West Bengal,1469244.0,M.Tech,Finance Manager
4035,Manikya Sarraf,25,Chennai,Male,Tamil Nadu,466707.0,Diploma,Security Guard
4036,Sahil Dalal,44,Ahmedabad,Female,Gujarat,1236178.0,PhD,Data Scientist
4039,Vardaniya Kapoor,33,Mumbai,Male,Maharashtra,766314.0,B.Com,HR Manager
4040,Azad Dhillon,26,Hyderabad,Female,Telangana,1178010.0,M.Tech,Entrepreneur
4041,Taimur Sachdev,34,Delhi,Female,Delhi,2773961.0,PhD,Software Engineer
4042,Dishani Basak,26,Mumbai,Female,Maharashtra,2289690.0,MBA,Entrepreneur
4043,Dishani Hans,50,Hyderabad,Female,Telangana,2037245.0,PhD,Software Engineer
4044,Mishti Chaudry,49,Hyderabad,Male,Telangana,1308173.0,MSc,Data Scientist
4045,Raunak Varkey,29,Hyderabad,Male,Telangana,2559066.0,MBA,Software Engineer
4046,Zeeshan Bansal,25,Chennai,Female,Tamil Nadu,484722.0,12th Pass,Factory Worker
4047,Miraan Sodhi,43,Pune,Female,Maharashtra,1417010.0,M.Tech,Entrepreneur
4048,Eshani Chand,30,Mumbai,Female,Maharashtra,1233493.0,MBA,Entrepreneur
4049,Parinaaz Sodhi,45,Delhi,Female,Delhi,948769.0,M.Tech,Finance Manager
4050,Bhamini Dugar,33,Kolkata,Female,West Bengal,1172645.0,MBA,Entrepreneur
4051,Nirvi Chakraborty,37,Mumbai,Male,Maharashtra,1774755.0,MBA,Software Engineer
4052,Dharmajan Raju,52,Jaipur,Male,Rajasthan,636009.0,BBA,Teacher
4053,Riya Ahluwalia,38,Bangalore,Female,Karnataka,2350937.0,MBA,Entrepreneur
4054,Rasha Vora,41,Hyderabad,Female,Telangana,1619648.0,M.Tech,Finance Manager
4055,Kartik Balay,35,Mumbai,Female,Maharashtra,461435.0,12th Pass,Factory Worker
4056,Dishani Ram,18,Pune,Female,Maharashtra,1689200.0,M.Tech,Finance Manager
4057,Aarav Chakraborty,38,Chennai,Female,Tamil Nadu,1738003.0,MSc,Doctor
4058,Darshit Tella,26,Chennai,Female,Tamil Nadu,1598292.0,MBA,Software Engineer
4059,Divit Khare,31,Chennai,Male,Tamil Nadu,1659939.0,MBA,Entrepreneur
4060,Kaira Shah,23,Bangalore,Female,Karnataka,2910892.0,MSc,Data Scientist
4061,Jhanvi Chandran,33,Mumbai,Male,Maharashtra,1794819.0,MSc,Finance Manager
4062,Ishita Seth,31,Pune,Female,Maharashtra,1522893.0,M.Tech,Software Engineer
4063,Jivin Vig,43,Mumbai,Male,Maharashtra,1947590.0,MSc,Finance Manager
4064,Azad Savant,30,Ahmedabad,Female,Gujarat,636352.0,B.A,HR Manager
4065,Chirag Saraf,32,Chennai,Male,Tamil Nadu,1961921.0,MBA,Entrepreneur
4066,Nitya Mahal,38,Mumbai,Male,Maharashtra,1990581.0,MBA,Data Scientist
4067,Armaan Cherian,40,Pune,Female,Maharashtra,1533003.0,PhD,Finance Manager
4070,Ryan Chaudry,18,Pune,Female,Maharashtra,1991478.0,MSc,Entrepreneur
4071,Urvi Kala,24,Hyderabad,Male,Telangana,2336186.0,PhD,Software Engineer
4072,Dhruv Sathe,39,Chennai,Male,Tamil Nadu,1759674.0,MBA,Software Engineer
4074,Darshit Cheema,22,Kolkata,Male,West Bengal,1593479.0,M.Tech,Entrepreneur
4075,Devansh Raman,31,Delhi,Female,Delhi,1507516.0,MBA,Data Scientist
4076,Riya Lata,34,Chennai,Male,Tamil Nadu,672403.0,B.A,Marketing Executive
4077,Keya Bath,24,Ahmedabad,Female,Gujarat,1845093.0,MSc,Software Engineer
4078,Yasmin Kalita,37,Hyderabad,Female,Telangana,1575977.0,M.Tech,Data Scientist
4079,Nishith Ratti,31,Bangalore,Female,Karnataka,2139202.0,MBA,Software Engineer
4080,Yuvaan Dani,21,Chennai,Male,Tamil Nadu,1123875.0,MBA,Entrepreneur
4081,Taimur Sachdev,18,Kolkata,Female,West Bengal,771778.0,BBA,Bank Clerk
4082,Nayantara Shanker,55,Chennai,Female,Tamil Nadu,1441991.0,PhD,Doctor
4084,Mohanlal Kala,55,Hyderabad,Male,Telangana,1415547.0,M.Tech,Finance Manager
4085,Madhup Dhaliwal,38,Mumbai,Male,Maharashtra,1356579.0,PhD,Finance Manager
4087,Himmat Shroff,29,Bangalore,Female,Karnataka,1388885.0,MSc,Finance Manager
4088,Nirvi Ganesan,29,Chennai,Male,Tamil Nadu,624794.0,BBA,HR Manager
4089,Saira Bhagat,53,Ahmedabad,Female,Gujarat,1487966.0,MBA,Software Engineer
4090,Damini Krishnan,37,Bangalore,Female,Karnataka,731808.0,B.Com,HR Manager
4092,Tanya Mander,48,Mumbai,Male,Maharashtra,806688.0,MBA,Software Engineer
4093,Parinaaz Cheema,37,Delhi,Male,Delhi,602764.0,B.A,Marketing Executive
4094,Zeeshan Sant,42,Hyderabad,Female,Telangana,883803.0,M.Tech,Software Engineer
4096,Jhanvi Chaudhuri,38,Mumbai,Male,Maharashtra,1163566.0,MSc,Doctor
4097,Lavanya Dass,38,Ahmedabad,Female,Gujarat,1619343.0,MSc,Data Scientist
4098,Shalv Seshadri,29,Pune,Female,Maharashtra,1499462.0,PhD,Doctor
4099,Darshit Goel,29,Hyderabad,Male,Telangana,1212048.0,MBA,Entrepreneur
4100,Dhruv Ben,39,Lucknow,Male,Uttar Pradesh,317674.0,Diploma,Factory Worker
4101,Zain Deshmukh,37,Mumbai,Female,Maharashtra,1084607.0,PhD,Finance Manager
4102,Jivin Bala,48,Delhi,Male,Delhi,1185998.0,M.Tech,Doctor
4103,Prerak Amble,40,Ahmedabad,Female,Gujarat,607449.0,B.A,Teacher
4104,Tara Das,41,Jaipur,Female,Rajasthan,1106067.0,M.Tech,Doctor
4105,Miraya Aggarwal,38,Hyderabad,Female,Telangana,2854903.0,PhD,Doctor
4106,Jhanvi Varghese,41,Mumbai,Male,Maharashtra,870422.0,M.Tech,Entrepreneur
4107,Sumer Ram,32,Delhi,Male,Delhi,1468882.0,MSc,Data Scientist
4109,Jayant Iyengar,42,Chennai,Female,Tamil Nadu,1557785.0,MSc,Data Scientist
4110,Pranay Banik,31,Chennai,Male,Tamil Nadu,618097.0,MBA,Bank Clerk
4111,Sumer Majumdar,27,Mumbai,Male,Maharashtra,1555564.0,MBA,Doctor
4112,Renee Rattan,30,Mumbai,Female,Maharashtra,1653685.0,MSc,Entrepreneur
4114,Manjari Kar,36,Delhi,Male,Delhi,1301116.0,PhD,Data Scientist
4115,Vaibhav Vig,48,Delhi,Female,Delhi,2550961.0,PhD,Data Scientist
4116,Alisha Dada,42,Mumbai,Male,Maharashtra,920327.0,M.Tech,Entrepreneur
4117,Vivaan Vyas,43,Mumbai,Male,Maharashtra,1392771.0,MBA,Doctor
4118,Veer Ramakrishnan,18,Delhi,Male,Delhi,2286959.0,M.Tech,Doctor
4119,Saksham Kapur,46,Kolkata,Male,West Bengal,1852305.0,M.Tech,Software Engineer
4120,Nehmat Shah,36,Mumbai,Male,Maharashtra,2879807.0,MSc,Finance Manager
4121,Saira Rama,40,Bangalore,Male,Karnataka,1112269.0,PhD,Data Scientist
4122,Damini Banik,23,Delhi,Female,Delhi,2617192.0,PhD,Data Scientist
4123,Kismat Chauhan,35,Delhi,Female,Delhi,1830570.0,M.Tech,Doctor
4124,Vaibhav Kalita,50,Delhi,Female,Delhi,1659979.0,MBA,Finance Manager
4125,Taran Mann,37,Jaipur,Female,Rajasthan,569743.0,B.Tech,Accountant
4127,Taimur Bava,30,Jaipur,Male,Rajasthan,523627.0,B.A,HR Manager
4129,Nehmat Varughese,24,Delhi,Female,Delhi,519224.0,B.Tech,Marketing Executive
4131,Vaibhav Iyer,26,Chennai,Female,Tamil Nadu,1368220.0,PhD,Doctor
4133,Ivana Loyal,37,Mumbai,Female,Maharashtra,325798.0,Diploma,Retail Worker
4134,Amira Cheema,47,Delhi,Male,Delhi,2395863.0,M.Tech,Software Engineer
4135,Dhanuk Bhagat,27,Ahmedabad,Female,Gujarat,1546030.0,MBA,Entrepreneur
4137,Nehmat Dua,42,Kolkata,Male,West Bengal,1522039.0,MSc,Finance Manager
4138,Himmat Sankaran,36,Delhi,Female,Delhi,2728590.0,MSc,Finance Manager
4139,Yashvi Singh,29,Delhi,Male,Delhi,516546.0,BSc,Marketing Executive
4141,Piya Uppal,44,Mumbai,Female,Maharashtra,584828.0,MBA,HR Manager
4142,Ehsaan Lad,23,Delhi,Female,Delhi,922605.0,M.Tech,Data Scientist
4143,Sumer Chatterjee,34,Bangalore,Female,Karnataka,2137797.0,MBA,Entrepreneur
4144,Inaaya  Dube,38,Chennai,Male,Tamil Nadu,1587786.0,M.Tech,Finance Manager
4145,Pranay Bath,34,Bangalore,Male,Karnataka,1419654.0,MSc,Doctor
4146,Fateh Devan,34,Mumbai,Female,Maharashtra,449040.0,Diploma,Delivery Agent
4140,Misha Dada,33,Delhi,Female,Delhi,367225.0,12th Pass,Retail Worker
4151,Zeeshan Chakrabarti,28,Hyderabad,Female,Telangana,784579.0,B.Tech,Marketing Executive
4152,Kiaan Yadav,45,Chennai,Female,Tamil Nadu,931985.0,PhD,Doctor
4153,Aarav D’Alia,29,Chennai,Female,Tamil Nadu,1795694.0,M.Tech,Entrepreneur
4155,Siya Varghese,18,Hyderabad,Male,Telangana,1862097.0,MBA,Finance Manager
4156,Yuvraj  Balay,45,Delhi,Male,Delhi,2894574.0,MSc,Doctor
4158,Ojas Manne,26,Delhi,Male,Delhi,1335945.0,MBA,Software Engineer
4159,Ishita Banik,19,Kolkata,Male,West Bengal,1821608.0,MBA,Doctor
4161,Divit Hari,46,Pune,Female,Maharashtra,634252.0,BBA,Bank Clerk
4162,Arnav Sangha,32,Delhi,Female,Delhi,2614777.0,MSc,Doctor
4163,Baiju Dasgupta,42,Kolkata,Male,West Bengal,805000.0,MBA,Software Engineer
4164,Aaryahi Kota,25,Bangalore,Male,Karnataka,1692739.0,MBA,Finance Manager
4165,Yuvraj  Thaman,38,Hyderabad,Female,Telangana,1870732.0,MBA,Doctor
4166,Zoya Halder,29,Mumbai,Male,Maharashtra,2287422.0,MSc,Software Engineer
4167,Shamik Sunder,24,Bangalore,Female,Karnataka,1020612.0,MBA,Finance Manager
4168,Suhana Kala,35,Pune,Female,Maharashtra,1709281.0,M.Tech,Data Scientist
4169,Yuvraj  Jayaraman,28,Delhi,Female,Delhi,1300794.0,MBA,Software Engineer
4170,Keya Grover,45,Pune,Male,Maharashtra,1291508.0,M.Tech,Data Scientist
4172,Myra Thakur,34,Lucknow,Female,Uttar Pradesh,996130.0,PhD,Software Engineer
4173,Nakul Shenoy,28,Hyderabad,Female,Telangana,951129.0,MBA,Software Engineer
4174,Manjari Mandal,39,Hyderabad,Female,Telangana,1553186.0,MBA,Entrepreneur
4175,Alisha Luthra,27,Delhi,Female,Delhi,2426388.0,MSc,Finance Manager
4176,Dhanuk Luthra,35,Delhi,Male,Delhi,1036552.0,MBA,Software Engineer
4177,Tushar Basu,30,Pune,Female,Maharashtra,664881.0,BSc,Accountant
4178,Zain Gola,25,Kolkata,Female,West Bengal,1586560.0,M.Tech,Finance Manager
4179,Nayantara Bail,46,Bangalore,Male,Karnataka,2601119.0,M.Tech,Doctor
4181,Shalv Setty,53,Hyderabad,Female,Telangana,888969.0,PhD,Entrepreneur
4182,Hazel Raval,34,Delhi,Female,Delhi,536871.0,Diploma,HR Manager
4183,Hazel Kalla,28,Ahmedabad,Female,Gujarat,1066170.0,PhD,Entrepreneur
4184,Shray Sura,32,Bangalore,Female,Karnataka,2657258.0,MBA,Software Engineer
4186,Manikya Varma,40,Mumbai,Female,Maharashtra,1324043.0,MSc,Data Scientist
4187,Yasmin Bava,37,Ahmedabad,Female,Gujarat,722475.0,BBA,Bank Clerk
4188,Prisha Dixit,22,Bangalore,Male,Karnataka,1593115.0,MBA,Finance Manager
4189,Kartik Ravel,56,Mumbai,Female,Maharashtra,421445.0,12th Pass,Delivery Agent
4191,Kiara Bala,20,Lucknow,Female,Uttar Pradesh,885514.0,MBA,Entrepreneur
4193,Renee Doshi,44,Delhi,Male,Delhi,2153790.0,PhD,Data Scientist
4194,Arhaan Bal,29,Bangalore,Female,Karnataka,2248008.0,M.Tech,Doctor
4195,Aaina Sura,33,Pune,Female,Maharashtra,1328802.0,MSc,Doctor
4197,Indrans Bora,41,Hyderabad,Female,Telangana,771890.0,Diploma,Marketing Executive
4198,Tara Balan,36,Chennai,Female,Tamil Nadu,575056.0,MCA,Bank Clerk
4199,Lakshay Arora,41,Lucknow,Female,Uttar Pradesh,872869.0,MBA,Entrepreneur
4200,Yashvi Kothari,23,Kolkata,Male,West Bengal,1646313.0,M.Tech,Entrepreneur
4201,Pihu Garde,18,Mumbai,Male,Maharashtra,1990100.0,MBA,Entrepreneur
4203,Jayesh Khanna,41,Chennai,Male,Tamil Nadu,1930055.0,MSc,Entrepreneur
4205,Nitya Mani,18,Pune,Male,Maharashtra,1456848.0,MSc,Entrepreneur
4206,Ranbir Krishnan,29,Delhi,Female,Delhi,1113866.0,MSc,Finance Manager
4207,Zain Wadhwa,32,Mumbai,Female,Maharashtra,1804847.0,M.Tech,Finance Manager
4208,Azad Chana,22,Pune,Male,Maharashtra,931432.0,MBA,Entrepreneur
4209,Dharmajan Chandra,41,Jaipur,Male,Rajasthan,752636.0,BSc,HR Manager
4210,Tushar Ghosh,37,Hyderabad,Male,Telangana,2572911.0,PhD,Entrepreneur
4211,Adah Deol,29,Chennai,Male,Tamil Nadu,1213437.0,M.Tech,Software Engineer
4212,Myra Sood,35,Bangalore,Female,Karnataka,470786.0,Diploma,Security Guard
4214,Kavya Bains,38,Lucknow,Female,Uttar Pradesh,610743.0,Diploma,Marketing Executive
4215,Dharmajan Upadhyay,29,Ahmedabad,Male,Gujarat,903241.0,M.Tech,Doctor
4216,Anay Bajaj,18,Ahmedabad,Male,Gujarat,1607135.0,M.Tech,Finance Manager
4217,Chirag Sanghvi,38,Bangalore,Male,Karnataka,1494261.0,PhD,Finance Manager
4218,Stuvan Khosla,18,Lucknow,Male,Uttar Pradesh,551850.0,MCA,Bank Clerk
4220,Tiya Devi,37,Chennai,Male,Tamil Nadu,1291193.0,PhD,Entrepreneur
4221,Pranay Jha,18,Delhi,Female,Delhi,2599984.0,MBA,Entrepreneur
4222,Alia Bajaj,20,Mumbai,Male,Maharashtra,2397361.0,PhD,Entrepreneur
4223,Shalv Bedi,47,Ahmedabad,Female,Gujarat,1405859.0,MSc,Finance Manager
4226,Taimur Babu,27,Hyderabad,Male,Telangana,419018.0,Diploma,Delivery Agent
4227,Gatik Aggarwal,34,Bangalore,Male,Karnataka,1963568.0,M.Tech,Finance Manager
4228,Badal Suri,43,Delhi,Female,Delhi,1764371.0,MSc,Entrepreneur
4229,Kavya Seth,43,Bangalore,Female,Karnataka,963236.0,M.Tech,Finance Manager
4230,Tiya Rama,32,Hyderabad,Female,Telangana,425099.0,12th Pass,Security Guard
4231,Umang Bose,28,Ahmedabad,Female,Gujarat,736784.0,BBA,Bank Clerk
4232,Emir Korpal,33,Mumbai,Female,Maharashtra,1769110.0,M.Tech,Software Engineer
4234,Yakshit Deep,49,Chennai,Female,Tamil Nadu,721573.0,BBA,Teacher
4235,Himmat Grover,31,Mumbai,Male,Maharashtra,2437524.0,M.Tech,Data Scientist
4236,Jivin Bhargava,37,Kolkata,Female,West Bengal,1640490.0,MSc,Software Engineer
4237,Saanvi Bhasin,18,Ahmedabad,Male,Gujarat,864961.0,M.Tech,Doctor
4239,Rohan Subramaniam,36,Bangalore,Male,Karnataka,522820.0,Diploma,Marketing Executive
4240,Akarsh Singhal,24,Mumbai,Male,Maharashtra,2799721.0,M.Tech,Software Engineer
4241,Saira Dhar,35,Bangalore,Female,Karnataka,2678590.0,PhD,Doctor
4242,Ivan Manne,39,Mumbai,Female,Maharashtra,503955.0,Diploma,Accountant
4243,Farhan Saran,35,Ahmedabad,Male,Gujarat,600265.0,BSc,Bank Clerk
4244,Vaibhav Bala,18,Mumbai,Male,Maharashtra,2378766.0,MBA,Software Engineer
4245,Samar Halder,23,Mumbai,Male,Maharashtra,1761887.0,MBA,Software Engineer
4246,Emir Kunda,36,Lucknow,Male,Uttar Pradesh,573544.0,Diploma,Accountant
4247,Advika Dhingra,37,Bangalore,Female,Karnataka,2162403.0,M.Tech,Entrepreneur
4248,Amira Deshpande,49,Mumbai,Female,Maharashtra,586572.0,MCA,Teacher
4249,Abram Varma,52,Ahmedabad,Female,Gujarat,679691.0,BSc,Bank Clerk
4250,Shray Chaudhari,37,Jaipur,Female,Rajasthan,445799.0,12th Pass,Delivery Agent
4251,Shalv Seth,39,Ahmedabad,Female,Gujarat,955500.0,PhD,Doctor
4252,Sana Anne,40,Delhi,Male,Delhi,354271.0,Diploma,Retail Worker
4253,Neelofar Ganguly,37,Bangalore,Female,Karnataka,1328907.0,MSc,Software Engineer
4254,Parinaaz Sur,29,Pune,Female,Maharashtra,1282382.0,PhD,Software Engineer
4255,Umang Wadhwa,18,Mumbai,Female,Maharashtra,1378017.0,MSc,Finance Manager
4256,Kabir Arora,48,Ahmedabad,Female,Gujarat,670743.0,B.A,Teacher
4257,Amani Devi,38,Mumbai,Male,Maharashtra,1313274.0,M.Tech,Software Engineer
4258,Taimur Jha,41,Kolkata,Male,West Bengal,1901877.0,M.Tech,Software Engineer
4259,Yakshit Lal,37,Delhi,Female,Delhi,2717909.0,M.Tech,Software Engineer
4260,Vivaan Soman,28,Bangalore,Female,Karnataka,734539.0,BBA,Teacher
4261,Kiara Bora,33,Bangalore,Female,Karnataka,2772676.0,M.Tech,Data Scientist
4262,Vritika Basu,28,Kolkata,Male,West Bengal,1337995.0,MSc,Doctor
4263,Armaan Seshadri,22,Jaipur,Male,Rajasthan,718730.0,B.A,HR Manager
4264,Hridaan Chakrabarti,21,Bangalore,Female,Karnataka,2163267.0,M.Tech,Finance Manager
4266,Onkar Dhaliwal,34,Lucknow,Male,Uttar Pradesh,713544.0,B.Tech,HR Manager
4268,Chirag Bir,36,Delhi,Female,Delhi,654005.0,Diploma,Bank Clerk
4269,Ira Dugar,34,Bangalore,Male,Karnataka,2221528.0,MSc,Doctor
4270,Ivana Kuruvilla,29,Delhi,Male,Delhi,318031.0,Diploma,Delivery Agent
4271,Arhaan Ghose,45,Bangalore,Female,Karnataka,1336832.0,MSc,Doctor
4272,Drishya Sura,29,Bangalore,Male,Karnataka,2222104.0,M.Tech,Data Scientist
4273,Shamik Chowdhury,19,Delhi,Male,Delhi,1517119.0,MSc,Doctor
4274,Hazel Majumdar,40,Chennai,Female,Tamil Nadu,618131.0,Diploma,Marketing Executive
4275,Anvi Chaudhary,36,Hyderabad,Female,Telangana,2968142.0,M.Tech,Software Engineer
4276,Shalv Sandal,38,Hyderabad,Female,Telangana,1007347.0,M.Tech,Software Engineer
4277,Sahil Kale,28,Ahmedabad,Male,Gujarat,619231.0,B.A,Bank Clerk
4278,Ryan Saxena,32,Ahmedabad,Male,Gujarat,1471600.0,MBA,Software Engineer
4279,Mamooty Mani,33,Bangalore,Female,Karnataka,1245329.0,MBA,Entrepreneur
4280,Zara Baral,24,Hyderabad,Female,Telangana,853635.0,M.Tech,Doctor
4281,Dhanuk Wagle,37,Hyderabad,Female,Telangana,1840282.0,PhD,Finance Manager
4282,Khushi Mall,37,Kolkata,Female,West Bengal,870385.0,MSc,Data Scientist
4285,Navya De,38,Delhi,Male,Delhi,640780.0,MBA,Accountant
4286,Priyansh Chaudhary,21,Mumbai,Female,Maharashtra,2688420.0,MBA,Data Scientist
4287,Vivaan Lata,39,Mumbai,Male,Maharashtra,882847.0,MBA,Entrepreneur
4288,Sahil Sheth,41,Kolkata,Female,West Bengal,746131.0,MCA,Marketing Executive
4289,Samar Dara,25,Ahmedabad,Female,Gujarat,508840.0,Diploma,Bank Clerk
4290,Samarth Sundaram,22,Bangalore,Female,Karnataka,1559499.0,PhD,Finance Manager
4292,Tushar Hegde,21,Chennai,Male,Tamil Nadu,718991.0,B.Tech,HR Manager
4293,Ranbir Goyal,35,Bangalore,Female,Karnataka,1440361.0,MBA,Data Scientist
4294,Kartik Hora,35,Delhi,Male,Delhi,2916932.0,MSc,Doctor
4295,Parinaaz Boase,34,Mumbai,Female,Maharashtra,1393215.0,M.Tech,Finance Manager
4296,Ivana Bora,30,Hyderabad,Male,Telangana,2824441.0,MSc,Doctor
4297,Lagan Gara,26,Mumbai,Female,Maharashtra,2421339.0,MSc,Data Scientist
4298,Nirvaan Ranganathan,30,Hyderabad,Female,Telangana,1410845.0,PhD,Doctor
4299,Nitara Badal,43,Bangalore,Male,Karnataka,726187.0,B.Tech,HR Manager
4300,Nitya Anand,24,Mumbai,Female,Maharashtra,2889198.0,MBA,Finance Manager
4301,Khushi Sur,44,Ahmedabad,Male,Gujarat,1811555.0,MBA,Software Engineer
4302,Raghav Zachariah,36,Ahmedabad,Male,Gujarat,1618180.0,MSc,Entrepreneur
4303,Madhav Sant,36,Ahmedabad,Female,Gujarat,1648856.0,PhD,Software Engineer
4304,Jivin Banik,41,Hyderabad,Male,Telangana,1633843.0,MSc,Data Scientist
4305,Ehsaan Chowdhury,38,Pune,Male,Maharashtra,1801343.0,M.Tech,Finance Manager
4306,Samar Agarwal,34,Delhi,Female,Delhi,1907240.0,MSc,Entrepreneur
4307,Myra Gala,35,Delhi,Female,Delhi,361929.0,12th Pass,Retail Worker
4308,Mishti Shankar,31,Mumbai,Male,Maharashtra,906257.0,MBA,Software Engineer
4309,Seher Dara,26,Jaipur,Female,Rajasthan,914312.0,PhD,Data Scientist
4310,Nitya Tripathi,36,Mumbai,Male,Maharashtra,1538188.0,M.Tech,Data Scientist
4312,Ishaan Hora,35,Delhi,Male,Delhi,1454902.0,MBA,Entrepreneur
4313,Renee Sane,27,Mumbai,Male,Maharashtra,331590.0,12th Pass,Factory Worker
4314,Indrans Rau,41,Ahmedabad,Male,Gujarat,1651217.0,PhD,Software Engineer
4315,Yuvraj  Batta,32,Kolkata,Male,West Bengal,1622655.0,M.Tech,Finance Manager
4316,Saanvi Krishnan,23,Mumbai,Female,Maharashtra,2750362.0,MSc,Entrepreneur
4317,Anya Sem,29,Pune,Male,Maharashtra,879690.0,MBA,Finance Manager
4318,Sara Ghose,42,Delhi,Female,Delhi,1861876.0,M.Tech,Data Scientist
4319,Riaan Baria,31,Bangalore,Female,Karnataka,1013423.0,PhD,Doctor
4320,Dharmajan Gulati,42,Hyderabad,Female,Telangana,2149190.0,MBA,Finance Manager
4321,Aarav Bobal,33,Jaipur,Male,Rajasthan,428148.0,Diploma,Customer Support
4322,Aarush Keer,37,Mumbai,Male,Maharashtra,725879.0,BSc,Bank Clerk
4323,Tara Chaudhuri,36,Ahmedabad,Female,Gujarat,1627094.0,PhD,Finance Manager
4324,Purab Deo,53,Delhi,Male,Delhi,2135182.0,M.Tech,Software Engineer
4325,Ishita Mammen,28,Jaipur,Female,Rajasthan,652266.0,BBA,Marketing Executive
4326,Piya Mane,30,Ahmedabad,Male,Gujarat,536867.0,Diploma,Marketing Executive
4327,Sahil Vaidya,21,Bangalore,Male,Karnataka,2514430.0,MBA,Data Scientist
4328,Pihu Gill,27,Bangalore,Male,Karnataka,1177806.0,MBA,Finance Manager
4329,Lakshit Chandran,42,Mumbai,Male,Maharashtra,2079272.0,MSc,Finance Manager
4330,Keya Bajaj,45,Delhi,Male,Delhi,1091816.0,MBA,Data Scientist
4332,Shamik Raman,41,Bangalore,Male,Karnataka,2705384.0,MSc,Data Scientist
4333,Sahil Dubey,44,Ahmedabad,Male,Gujarat,1299738.0,MSc,Data Scientist
4334,Madhav Ramaswamy,29,Mumbai,Female,Maharashtra,2143950.0,M.Tech,Doctor
4335,Yuvraj  Karpe,37,Jaipur,Male,Rajasthan,658709.0,Diploma,HR Manager
4336,Vihaan Dora,32,Bangalore,Male,Karnataka,2121128.0,M.Tech,Finance Manager
4337,Romil Bath,59,Bangalore,Female,Karnataka,2309339.0,PhD,Finance Manager
4338,Kanav Basu,38,Bangalore,Female,Karnataka,2838065.0,MSc,Finance Manager
4339,Kismat Bal,52,Delhi,Male,Delhi,2951160.0,MBA,Software Engineer
4340,Mamooty Raju,25,Bangalore,Female,Karnataka,747895.0,B.Tech,Teacher
4341,Vedika Kala,42,Delhi,Male,Delhi,2488419.0,MSc,Entrepreneur
4342,Romil Sane,18,Delhi,Male,Delhi,2016505.0,PhD,Entrepreneur
4343,Taimur Ganesan,21,Mumbai,Female,Maharashtra,2678065.0,MBA,Finance Manager
4344,Farhan Varma,49,Mumbai,Female,Maharashtra,2530076.0,MSc,Entrepreneur
4345,Nayantara D’Alia,32,Mumbai,Male,Maharashtra,1099547.0,M.Tech,Finance Manager
4346,Mamooty Chandra,21,Pune,Male,Maharashtra,1991081.0,M.Tech,Data Scientist
4347,Hridaan Behl,33,Bangalore,Female,Karnataka,2727184.0,MBA,Finance Manager
4348,Aarna Banerjee,45,Hyderabad,Female,Telangana,467091.0,Diploma,Retail Worker
4351,Hridaan Upadhyay,35,Pune,Female,Maharashtra,955236.0,PhD,Entrepreneur
4352,Samiha Divan,27,Kolkata,Female,West Bengal,1720998.0,MBA,Doctor
4353,Kanav Raju,30,Delhi,Female,Delhi,1306375.0,MSc,Entrepreneur
4354,Farhan Buch,24,Ahmedabad,Female,Gujarat,599779.0,MCA,HR Manager
4355,Heer Chakrabarti,25,Chennai,Female,Tamil Nadu,1700690.0,MBA,Data Scientist
4356,Mahika Chowdhury,39,Jaipur,Male,Rajasthan,1041228.0,PhD,Entrepreneur
4357,Lagan Trivedi,18,Mumbai,Male,Maharashtra,1956446.0,PhD,Software Engineer
4358,Taran Agrawal,45,Ahmedabad,Female,Gujarat,1545202.0,MSc,Doctor
4360,Shray Goyal,38,Mumbai,Male,Maharashtra,2306637.0,MSc,Finance Manager
4361,Pranay Shanker,41,Delhi,Female,Delhi,2837091.0,MSc,Software Engineer
4362,Nehmat Tank,23,Delhi,Female,Delhi,577438.0,B.Com,Bank Clerk
4363,Jayan Jha,20,Bangalore,Female,Karnataka,2721718.0,M.Tech,Software Engineer
4364,Jiya Walia,35,Hyderabad,Female,Telangana,860149.0,MSc,Doctor
4365,Jayan Mahal,25,Delhi,Female,Delhi,2238698.0,MSc,Data Scientist
4366,Shayak Jani,32,Mumbai,Male,Maharashtra,506799.0,Diploma,Marketing Executive
4367,Romil Anand,33,Jaipur,Female,Rajasthan,1169776.0,PhD,Entrepreneur
4368,Alisha Khatri,42,Bangalore,Male,Karnataka,2912363.0,MBA,Doctor
4369,Zara Wable,37,Delhi,Female,Delhi,307155.0,Diploma,Delivery Agent
4370,Ishaan Bobal,53,Pune,Female,Maharashtra,626389.0,Diploma,HR Manager
4371,Onkar Chanda,38,Ahmedabad,Female,Gujarat,1925934.0,MSc,Entrepreneur
4372,Chirag Shenoy,28,Hyderabad,Female,Telangana,1803977.0,MSc,Finance Manager
4373,Samiha Dhar,39,Delhi,Female,Delhi,2201945.0,MSc,Entrepreneur
4374,Kimaya Borde,18,Ahmedabad,Female,Gujarat,1756016.0,PhD,Entrepreneur
4375,Dharmajan Bhatnagar,28,Bangalore,Male,Karnataka,1069824.0,M.Tech,Entrepreneur
4376,Mehul Kashyap,30,Kolkata,Female,West Bengal,1506422.0,MSc,Entrepreneur
4377,Stuvan Kannan,31,Bangalore,Male,Karnataka,767253.0,MCA,Accountant
4378,Hiran Brar,48,Delhi,Female,Delhi,1210616.0,MBA,Finance Manager
4379,Vanya Jani,37,Hyderabad,Female,Telangana,1808818.0,M.Tech,Finance Manager
4381,Adah Seth,30,Kolkata,Male,West Bengal,1564395.0,PhD,Doctor
4382,Gokul Mani,28,Mumbai,Male,Maharashtra,765716.0,B.Com,Marketing Executive
4383,Biju Choudhary,18,Mumbai,Female,Maharashtra,1640797.0,PhD,Finance Manager
4384,Zoya Gaba,46,Ahmedabad,Male,Gujarat,1148874.0,PhD,Entrepreneur
4386,Rhea Dixit,63,Bangalore,Female,Karnataka,879696.0,MSc,Software Engineer
4387,Akarsh Dada,31,Bangalore,Female,Karnataka,2928532.0,MBA,Doctor
4388,Nakul Devan,44,Bangalore,Male,Karnataka,1877419.0,M.Tech,Software Engineer
4389,Nakul Chandran,41,Pune,Male,Maharashtra,1603289.0,M.Tech,Data Scientist
4391,Yashvi Jaggi,27,Mumbai,Female,Maharashtra,1325445.0,M.Tech,Finance Manager
4393,Ishita Trivedi,41,Delhi,Female,Delhi,902708.0,MBA,Doctor
4394,Eshani Chaudhari,25,Chennai,Male,Tamil Nadu,1669449.0,PhD,Finance Manager
4395,Farhan Kalla,18,Hyderabad,Female,Telangana,2184970.0,MBA,Software Engineer
4396,Shayak Bahri,18,Mumbai,Female,Maharashtra,2640101.0,PhD,Software Engineer
4397,Reyansh Bir,43,Bangalore,Male,Karnataka,1058369.0,MBA,Software Engineer
4398,Gokul Goyal,40,Delhi,Male,Delhi,1692761.0,MBA,Finance Manager
4399,Hridaan Bora,38,Ahmedabad,Male,Gujarat,1066120.0,MBA,Entrepreneur
4401,Rhea Apte,32,Lucknow,Female,Uttar Pradesh,711476.0,MCA,Bank Clerk
4402,Pihu Date,32,Pune,Male,Maharashtra,680801.0,MBA,Marketing Executive
4403,Nitara Agrawal,33,Bangalore,Female,Karnataka,2674569.0,PhD,Doctor
4404,Vedika Madan,18,Kolkata,Female,West Bengal,1132168.0,PhD,Entrepreneur
4406,Aarush Cheema,25,Delhi,Male,Delhi,1944335.0,M.Tech,Entrepreneur
4407,Saira Baria,43,Bangalore,Female,Karnataka,724365.0,MCA,Teacher
4408,Trisha Bal,36,Kolkata,Female,West Bengal,767188.0,B.A,HR Manager
4409,Jivika Ganguly,21,Delhi,Male,Delhi,2561326.0,M.Tech,Data Scientist
4411,Arnav Golla,33,Mumbai,Male,Maharashtra,2250145.0,M.Tech,Software Engineer
4412,Divit Chander,40,Ahmedabad,Male,Gujarat,1336630.0,PhD,Software Engineer
4414,Kanav Amble,45,Hyderabad,Female,Telangana,2771033.0,PhD,Software Engineer
4415,Pari Rastogi,37,Jaipur,Male,Rajasthan,908086.0,MBA,Data Scientist
4417,Inaaya  Sarma,36,Pune,Female,Maharashtra,1255642.0,MSc,Software Engineer
4419,Fateh Choudhury,18,Lucknow,Female,Uttar Pradesh,724830.0,BSc,HR Manager
4420,Uthkarsh Mangal,53,Ahmedabad,Male,Gujarat,1001038.0,M.Tech,Software Engineer
4421,Pranay Bhattacharyya,44,Hyderabad,Female,Telangana,2845006.0,PhD,Finance Manager
4424,Diya Wagle,28,Pune,Male,Maharashtra,1675428.0,M.Tech,Software Engineer
4425,Kaira Chad,23,Bangalore,Female,Karnataka,2068390.0,MBA,Doctor
4426,Hunar Kannan,23,Pune,Female,Maharashtra,930948.0,MSc,Software Engineer
4430,Samarth Sahota,53,Pune,Male,Maharashtra,906802.0,MBA,Software Engineer
4431,Shray Handa,40,Pune,Female,Maharashtra,1175957.0,MSc,Data Scientist
4432,Rhea Acharya,40,Hyderabad,Male,Telangana,2464275.0,M.Tech,Data Scientist
4433,Anika Chadha,34,Pune,Female,Maharashtra,1026347.0,PhD,Data Scientist
4435,Drishya Dixit,37,Hyderabad,Male,Telangana,2235140.0,MSc,Entrepreneur
4437,Ryan Doctor,30,Chennai,Male,Tamil Nadu,1119272.0,MBA,Software Engineer
4438,Rasha Swaminathan,46,Hyderabad,Female,Telangana,1284444.0,MBA,Doctor
4440,Anvi Dara,18,Mumbai,Male,Maharashtra,492389.0,Diploma,Customer Support
4441,Shalv Badal,38,Pune,Male,Maharashtra,1988155.0,M.Tech,Data Scientist
4442,Tejas Bains,50,Delhi,Female,Delhi,2250746.0,M.Tech,Finance Manager
4443,Mannat Verma,30,Bangalore,Male,Karnataka,1773534.0,MBA,Entrepreneur
4444,Alisha Sani,39,Delhi,Female,Delhi,996566.0,PhD,Software Engineer
4445,Kismat Sharaf,32,Hyderabad,Male,Telangana,2091458.0,MSc,Doctor
4446,Charvi Kashyap,30,Mumbai,Male,Maharashtra,990738.0,MBA,Entrepreneur
4447,Ivan Sarkar,30,Mumbai,Female,Maharashtra,663103.0,MCA,HR Manager
4448,Ira Dey,18,Chennai,Male,Tamil Nadu,1456956.0,M.Tech,Data Scientist
4449,Romil Chad,32,Bangalore,Male,Karnataka,761114.0,BSc,Accountant
4450,Eva Chowdhury,38,Kolkata,Female,West Bengal,1462569.0,M.Tech,Entrepreneur
4451,Myra Kadakia,31,Bangalore,Male,Karnataka,421049.0,12th Pass,Customer Support
4452,Mahika Goda,44,Kolkata,Male,West Bengal,582256.0,MBA,Teacher
4453,Tejas Date,37,Hyderabad,Male,Telangana,1995955.0,MSc,Software Engineer
4454,Arnav Zachariah,28,Mumbai,Male,Maharashtra,1991091.0,M.Tech,Finance Manager
4455,Tushar Upadhyay,21,Delhi,Female,Delhi,844028.0,PhD,Finance Manager
4456,Yashvi Suri,27,Delhi,Female,Delhi,1069884.0,M.Tech,Software Engineer
4458,Tara Mander,53,Bangalore,Female,Karnataka,2109788.0,MSc,Data Scientist
4459,Dhanush Dhaliwal,35,Mumbai,Male,Maharashtra,2055430.0,MBA,Software Engineer
4460,Riya Rajagopalan,31,Kolkata,Female,West Bengal,956264.0,MBA,Software Engineer
4461,Indranil Chakrabarti,20,Mumbai,Male,Maharashtra,380946.0,12th Pass,Customer Support
4462,Kabir Grewal,34,Jaipur,Female,Rajasthan,860762.0,M.Tech,Finance Manager
4463,Miraya Majumdar,28,Hyderabad,Male,Telangana,2488492.0,MSc,Doctor
4464,Shamik Dhar,42,Bangalore,Male,Karnataka,1812229.0,MBA,Doctor
4465,Raunak Bassi,33,Delhi,Female,Delhi,432785.0,Diploma,Factory Worker
4466,Navya Mannan,20,Delhi,Male,Delhi,1599716.0,MSc,Doctor
4469,Azad Borra,47,Hyderabad,Female,Telangana,2909678.0,PhD,Entrepreneur
4470,Kiaan Khatri,57,Bangalore,Male,Karnataka,2393674.0,M.Tech,Software Engineer
4471,Krish Bumb,29,Hyderabad,Male,Telangana,619586.0,MBA,Marketing Executive
4472,Hunar Banik,31,Delhi,Male,Delhi,1706294.0,MBA,Software Engineer
4473,Zaina Chaudhry,34,Mumbai,Male,Maharashtra,576999.0,MBA,Teacher
4474,Miraan Kari,18,Bangalore,Male,Karnataka,2212044.0,M.Tech,Software Engineer
4475,Adira Dash,27,Delhi,Female,Delhi,1141411.0,MBA,Data Scientist
4476,Kaira Baria,36,Ahmedabad,Male,Gujarat,1732624.0,M.Tech,Data Scientist
4477,Adira Gola,40,Delhi,Male,Delhi,684840.0,Diploma,Accountant
4478,Mamooty Ramakrishnan,45,Delhi,Female,Delhi,401516.0,Diploma,Security Guard
4479,Aarush Gera,37,Delhi,Male,Delhi,391586.0,12th Pass,Factory Worker
4480,Mehul Singh,35,Bangalore,Male,Karnataka,1365569.0,PhD,Data Scientist
4481,Urvi Golla,30,Pune,Male,Maharashtra,812937.0,M.Tech,Software Engineer
4482,Aarush Soni,32,Delhi,Male,Delhi,1799600.0,MBA,Doctor
4483,Manjari Barman,29,Jaipur,Male,Rajasthan,335535.0,Diploma,Delivery Agent
4484,Rati Mannan,27,Ahmedabad,Male,Gujarat,766144.0,MCA,Bank Clerk
4485,Kiaan Kurian,28,Ahmedabad,Male,Gujarat,1998029.0,PhD,Data Scientist
4486,Anaya Sule,18,Delhi,Male,Delhi,1738663.0,M.Tech,Software Engineer
4487,Urvi Sule,26,Mumbai,Male,Maharashtra,937261.0,MSc,Software Engineer
4488,Madhav Wadhwa,31,Mumbai,Male,Maharashtra,1965120.0,MSc,Doctor
4489,Umang Bhatt,45,Bangalore,Male,Karnataka,2187680.0,MSc,Doctor
4490,Keya Balan,45,Ahmedabad,Male,Gujarat,777074.0,B.Com,HR Manager
4491,Keya Varma,31,Mumbai,Male,Maharashtra,1550125.0,MSc,Software Engineer
4492,Fateh Yogi,28,Ahmedabad,Female,Gujarat,1785946.0,MSc,Data Scientist
4493,Aradhya Shan,39,Delhi,Male,Delhi,1747694.0,PhD,Data Scientist
4494,Rasha Balan,34,Bangalore,Male,Karnataka,784108.0,MCA,Bank Clerk
4495,Darshit Chaudhari,52,Bangalore,Male,Karnataka,1355785.0,MSc,Finance Manager
4496,Arnav Doctor,49,Bangalore,Female,Karnataka,973256.0,M.Tech,Doctor
4497,Divij Gupta,42,Bangalore,Female,Karnataka,650632.0,B.Tech,Marketing Executive
4498,Adah Taneja,26,Kolkata,Male,West Bengal,687080.0,BBA,Marketing Executive
4499,Seher Apte,22,Kolkata,Female,West Bengal,605069.0,B.Tech,Teacher
4500,Diya Badal,39,Mumbai,Female,Maharashtra,1240272.0,MSc,Doctor
4501,Yuvraj  Gupta,43,Hyderabad,Male,Telangana,309710.0,Diploma,Factory Worker
4502,Suhana Lal,22,Mumbai,Male,Maharashtra,1419267.0,PhD,Software Engineer
4503,Jivika Shanker,43,Ahmedabad,Male,Gujarat,608195.0,MCA,Bank Clerk
4504,Raghav Karan,24,Ahmedabad,Male,Gujarat,1041146.0,MSc,Software Engineer
4505,Advik Saran,30,Mumbai,Female,Maharashtra,783211.0,Diploma,Marketing Executive
4506,Ela Soman,32,Hyderabad,Male,Telangana,2595919.0,MSc,Data Scientist
4507,Madhav Sekhon,42,Mumbai,Female,Maharashtra,959391.0,MBA,Software Engineer
4508,Kismat Chand,33,Mumbai,Female,Maharashtra,1901366.0,MSc,Finance Manager
4509,Hridaan Chaudry,42,Chennai,Male,Tamil Nadu,1709753.0,MSc,Finance Manager
4510,Stuvan Raja,20,Ahmedabad,Female,Gujarat,1358046.0,M.Tech,Software Engineer
4511,Amira Swaminathan,30,Chennai,Female,Tamil Nadu,1607443.0,MSc,Data Scientist
4512,Vedika Sodhi,40,Ahmedabad,Female,Gujarat,861945.0,PhD,Entrepreneur
4513,Kartik Tella,45,Delhi,Male,Delhi,1390066.0,MBA,Software Engineer
4514,Umang Kala,43,Bangalore,Female,Karnataka,900095.0,MSc,Data Scientist
4515,Mannat Aggarwal,39,Mumbai,Male,Maharashtra,2699410.0,MBA,Data Scientist
4517,Akarsh Yogi,54,Delhi,Male,Delhi,1172284.0,PhD,Doctor
4518,Onkar Buch,25,Bangalore,Male,Karnataka,2873387.0,PhD,Data Scientist
4519,Gokul Golla,41,Delhi,Female,Delhi,760417.0,B.Tech,HR Manager
4520,Onkar Dugar,24,Hyderabad,Female,Telangana,2733157.0,M.Tech,Entrepreneur
4521,Damini Tandon,27,Delhi,Male,Delhi,2141555.0,PhD,Data Scientist
4524,Shamik Sarraf,28,Hyderabad,Male,Telangana,2716853.0,MSc,Data Scientist
4525,Rhea Ahluwalia,31,Hyderabad,Male,Telangana,2480657.0,MSc,Data Scientist
4526,Faiyaz Tripathi,19,Kolkata,Male,West Bengal,729447.0,BSc,Bank Clerk
4527,Ivan Goel,46,Bangalore,Female,Karnataka,1571374.0,MSc,Doctor
4530,Mishti Bhandari,22,Bangalore,Male,Karnataka,2675795.0,M.Tech,Software Engineer
4531,Gatik Chaudhari,52,Delhi,Male,Delhi,2743022.0,PhD,Data Scientist
4532,Anahita Master,38,Hyderabad,Female,Telangana,447150.0,Diploma,Customer Support
4533,Seher Ramaswamy,18,Delhi,Female,Delhi,867047.0,MBA,Finance Manager
4534,Yuvraj  Hora,28,Hyderabad,Male,Telangana,2118317.0,MSc,Doctor
4535,Nehmat Dasgupta,35,Bangalore,Female,Karnataka,2996851.0,M.Tech,Finance Manager
4536,Krish Swamy,34,Delhi,Female,Delhi,2612747.0,MSc,Finance Manager
4538,Uthkarsh Krishnamurthy,46,Chennai,Female,Tamil Nadu,625570.0,Diploma,Marketing Executive
4539,Anahita Lad,37,Ahmedabad,Male,Gujarat,1196029.0,MSc,Finance Manager
4540,Vritika Sachdev,30,Mumbai,Female,Maharashtra,961491.0,MSc,Data Scientist
4541,Dhanuk Basak,45,Kolkata,Female,West Bengal,564052.0,MCA,HR Manager
4542,Madhav Gade,19,Ahmedabad,Female,Gujarat,1869230.0,MBA,Data Scientist
4543,Ivana Halder,47,Mumbai,Male,Maharashtra,2303749.0,PhD,Entrepreneur
4544,Samar Venkataraman,36,Hyderabad,Male,Telangana,860319.0,PhD,Software Engineer
4545,Kashvi Ramesh,34,Delhi,Female,Delhi,785119.0,BSc,HR Manager
4547,Piya Hayre,45,Delhi,Female,Delhi,565792.0,BBA,Teacher
4548,Advik Bhatti,38,Bangalore,Male,Karnataka,2445310.0,PhD,Doctor
4549,Ojas Agrawal,47,Pune,Female,Maharashtra,758941.0,BBA,Accountant
4551,Nitara Golla,39,Pune,Male,Maharashtra,1905924.0,MSc,Entrepreneur
4552,Aarush Thakkar,34,Delhi,Female,Delhi,1398552.0,MBA,Finance Manager
4553,Aniruddh Sridhar,24,Bangalore,Female,Karnataka,2628000.0,M.Tech,Data Scientist
4554,Shamik Iyer,35,Kolkata,Female,West Bengal,1418890.0,MBA,Software Engineer
4555,Kavya Vaidya,41,Mumbai,Female,Maharashtra,353279.0,Diploma,Customer Support
4556,Elakshi Garde,18,Delhi,Male,Delhi,934643.0,MSc,Software Engineer
4557,Riaan Chaudhary,36,Mumbai,Female,Maharashtra,2644473.0,PhD,Software Engineer
4558,Nitya Dhingra,18,Pune,Male,Maharashtra,1106930.0,M.Tech,Doctor
4559,Raunak Sharaf,40,Hyderabad,Male,Telangana,450312.0,12th Pass,Delivery Agent
4560,Yakshit Amble,68,Pune,Female,Maharashtra,669049.0,MCA,Teacher
4561,Manjari Chacko,50,Jaipur,Male,Rajasthan,868987.0,MBA,Data Scientist
4562,Saira Issac,35,Delhi,Female,Delhi,2416920.0,MSc,Finance Manager
4563,Shayak Tata,38,Delhi,Female,Delhi,1598802.0,MBA,Entrepreneur
4564,Kiara Chandran,46,Kolkata,Male,West Bengal,1521875.0,MSc,Software Engineer
4566,Neelofar Salvi,25,Hyderabad,Male,Telangana,875877.0,MSc,Entrepreneur
4567,Kanav Agrawal,27,Ahmedabad,Female,Gujarat,611278.0,B.Com,Bank Clerk
4568,Zeeshan Goswami,56,Bangalore,Female,Karnataka,861425.0,MBA,Entrepreneur
4569,Parinaaz Seshadri,31,Mumbai,Female,Maharashtra,2448898.0,M.Tech,Data Scientist
4571,Ivan Wable,49,Kolkata,Male,West Bengal,535745.0,BBA,Accountant
4573,Oorja Bhardwaj,48,Delhi,Male,Delhi,2288423.0,MBA,Data Scientist
4574,Aayush Saraf,25,Bangalore,Male,Karnataka,932216.0,MBA,Doctor
4576,Gokul Iyengar,46,Chennai,Male,Tamil Nadu,865234.0,PhD,Entrepreneur
4579,Ranbir Kar,31,Kolkata,Female,West Bengal,1648091.0,MBA,Entrepreneur
4580,Abram Sarna,50,Bangalore,Male,Karnataka,1703106.0,PhD,Entrepreneur
4581,Arnav Shetty,41,Bangalore,Female,Karnataka,1505998.0,M.Tech,Software Engineer
4582,Suhana Savant,40,Chennai,Female,Tamil Nadu,1183787.0,PhD,Doctor
4583,Anaya Khare,31,Mumbai,Male,Maharashtra,2564687.0,M.Tech,Software Engineer
4584,Kiaan Kalita,39,Delhi,Male,Delhi,546688.0,B.A,Bank Clerk
4585,Baiju Uppal,47,Delhi,Female,Delhi,2102030.0,M.Tech,Data Scientist
4586,Heer Sule,32,Pune,Male,Maharashtra,1751960.0,M.Tech,Finance Manager
4588,Priyansh Gaba,38,Hyderabad,Female,Telangana,2486266.0,M.Tech,Finance Manager
4589,Madhup Mandal,50,Chennai,Male,Tamil Nadu,1968767.0,M.Tech,Data Scientist
4590,Jayan Tripathi,33,Lucknow,Male,Uttar Pradesh,882762.0,MBA,Finance Manager
4592,Aniruddh Sami,41,Pune,Male,Maharashtra,1163729.0,M.Tech,Software Engineer
4593,Dhanuk Khatri,30,Chennai,Male,Tamil Nadu,786890.0,Diploma,Bank Clerk
4594,Vritika Ramakrishnan,33,Mumbai,Male,Maharashtra,346394.0,12th Pass,Delivery Agent
4595,Sara Kari,19,Delhi,Female,Delhi,390934.0,Diploma,Customer Support
4596,Mahika Tata,44,Bangalore,Female,Karnataka,2209085.0,M.Tech,Finance Manager
4597,Manikya Aurora,34,Mumbai,Male,Maharashtra,2905275.0,MBA,Entrepreneur
4598,Sahil Yohannan,18,Bangalore,Female,Karnataka,2908489.0,MSc,Data Scientist
4599,Aarush Kumar,27,Bangalore,Male,Karnataka,330046.0,Diploma,Factory Worker
4600,Arhaan Kumer,41,Bangalore,Male,Karnataka,1196794.0,PhD,Software Engineer
4601,Ayesha Vala,51,Hyderabad,Male,Telangana,1886503.0,MBA,Entrepreneur
4602,Yuvaan Chaudhary,29,Chennai,Male,Tamil Nadu,1259209.0,MSc,Data Scientist
4603,Chirag Ahluwalia,39,Hyderabad,Male,Telangana,783261.0,Diploma,Marketing Executive
4604,Nirvi Kala,33,Chennai,Male,Tamil Nadu,1132852.0,PhD,Software Engineer
4605,Tejas Desai,40,Pune,Female,Maharashtra,1488577.0,MBA,Software Engineer
4606,Raunak Sant,25,Delhi,Female,Delhi,1023028.0,MBA,Finance Manager
4607,Madhav Majumdar,37,Hyderabad,Female,Telangana,1626090.0,MSc,Doctor
4608,Gokul Sura,42,Mumbai,Female,Maharashtra,2852440.0,M.Tech,Doctor
4609,Dishani Venkataraman,51,Hyderabad,Male,Telangana,448814.0,12th Pass,Delivery Agent
4610,Aarna Bhargava,25,Hyderabad,Male,Telangana,1570257.0,M.Tech,Doctor
4611,Amani Bajaj,49,Lucknow,Male,Uttar Pradesh,984207.0,M.Tech,Software Engineer
4612,Riaan Varkey,34,Ahmedabad,Female,Gujarat,1465105.0,PhD,Entrepreneur
4613,Aarav Dube,40,Delhi,Male,Delhi,2617686.0,M.Tech,Entrepreneur
4614,Shlok Issac,41,Delhi,Female,Delhi,1636451.0,M.Tech,Data Scientist
4615,Samiha Raja,25,Chennai,Female,Tamil Nadu,1548796.0,MSc,Data Scientist
4616,Tejas Gour,60,Mumbai,Male,Maharashtra,2547166.0,MBA,Finance Manager
4618,Jiya Khare,40,Delhi,Male,Delhi,2181732.0,MBA,Software Engineer
4619,Gatik Khanna,36,Hyderabad,Female,Telangana,2695068.0,MSc,Entrepreneur
4620,Bhavin Dhar,28,Ahmedabad,Male,Gujarat,1924022.0,MSc,Data Scientist
4621,Aayush Sidhu,26,Hyderabad,Male,Telangana,1869440.0,MSc,Finance Manager
4622,Dhanush Saxena,21,Mumbai,Female,Maharashtra,1040233.0,M.Tech,Data Scientist
4624,Shayak Bhandari,36,Ahmedabad,Male,Gujarat,1076091.0,PhD,Doctor
4625,Tara Keer,26,Bangalore,Female,Karnataka,2470163.0,MBA,Entrepreneur
4626,Jhanvi Basu,38,Mumbai,Male,Maharashtra,1974028.0,PhD,Data Scientist
4627,Gokul Garg,22,Bangalore,Male,Karnataka,2137288.0,MSc,Entrepreneur
4628,Chirag Amble,42,Bangalore,Male,Karnataka,2876870.0,M.Tech,Data Scientist
4629,Gokul Gola,36,Mumbai,Male,Maharashtra,622714.0,MCA,Teacher
4630,Vihaan Sangha,37,Chennai,Female,Tamil Nadu,1088135.0,M.Tech,Doctor
4631,Ira Anne,28,Pune,Female,Maharashtra,1807787.0,MSc,Doctor
4632,Purab Khare,41,Delhi,Female,Delhi,585440.0,MBA,HR Manager
4633,Ritvik Sundaram,20,Pune,Male,Maharashtra,1797396.0,M.Tech,Finance Manager
4634,Yasmin Kapoor,32,Bangalore,Male,Karnataka,2769763.0,MSc,Software Engineer
4635,Aaryahi Basu,50,Hyderabad,Female,Telangana,2885147.0,PhD,Entrepreneur
4636,Hrishita Kota,26,Bangalore,Female,Karnataka,305009.0,Diploma,Retail Worker
4638,Nehmat Dass,18,Delhi,Female,Delhi,1983041.0,MBA,Entrepreneur
4639,Tara Issac,33,Pune,Female,Maharashtra,1447993.0,M.Tech,Software Engineer
4640,Sumer Sengupta,36,Bangalore,Male,Karnataka,2836461.0,M.Tech,Entrepreneur
4641,Adira Amble,45,Bangalore,Male,Karnataka,2392062.0,MBA,Finance Manager
4642,Pihu Rattan,56,Delhi,Female,Delhi,602060.0,B.Com,Accountant
4643,Romil Khanna,41,Hyderabad,Female,Telangana,2200107.0,M.Tech,Finance Manager
4645,Aarav Kalita,29,Delhi,Female,Delhi,2830434.0,MSc,Doctor
4646,Ehsaan Sule,37,Bangalore,Male,Karnataka,1696962.0,MBA,Entrepreneur
4647,Baiju Ramachandran,19,Bangalore,Male,Karnataka,1868973.0,MSc,Doctor
4648,Mishti Uppal,31,Mumbai,Male,Maharashtra,1346556.0,MSc,Finance Manager
4649,Hiran Sachar,31,Delhi,Female,Delhi,687160.0,BBA,Bank Clerk
4650,Tara Sachdeva,38,Kolkata,Male,West Bengal,1226483.0,MBA,Finance Manager
4651,Parinaaz Ganesh,18,Bangalore,Female,Karnataka,1615758.0,MBA,Doctor
4652,Akarsh Apte,26,Delhi,Female,Delhi,2445209.0,PhD,Finance Manager
4653,Hunar Sathe,44,Chennai,Female,Tamil Nadu,758050.0,Diploma,Bank Clerk
4655,Gatik Barad,47,Chennai,Male,Tamil Nadu,731563.0,MCA,HR Manager
4656,Divij Tella,33,Delhi,Female,Delhi,2708576.0,MSc,Doctor
4658,Ehsaan Sawhney,33,Delhi,Male,Delhi,2914645.0,PhD,Entrepreneur
4659,Anay Tripathi,34,Kolkata,Male,West Bengal,875887.0,MSc,Entrepreneur
4660,Tarini Hegde,41,Delhi,Female,Delhi,548084.0,BSc,Marketing Executive
4661,Jayan Aurora,36,Delhi,Male,Delhi,1350624.0,PhD,Software Engineer
4662,Anvi Shan,28,Mumbai,Male,Maharashtra,978828.0,M.Tech,Software Engineer
4663,Jivin Tara,42,Mumbai,Male,Maharashtra,2127619.0,PhD,Doctor
4664,Ayesha Bali,42,Hyderabad,Male,Telangana,1172548.0,MSc,Entrepreneur
4668,Hiran Goyal,39,Delhi,Female,Delhi,2567648.0,MBA,Data Scientist
4669,Kabir Ganguly,24,Delhi,Female,Delhi,1291064.0,MBA,Finance Manager
4671,Nakul Chokshi,34,Ahmedabad,Male,Gujarat,614751.0,B.A,Bank Clerk
4672,Dhanuk Din,37,Lucknow,Male,Uttar Pradesh,1037019.0,M.Tech,Entrepreneur
4673,Divyansh Edwin,23,Bangalore,Female,Karnataka,2600183.0,M.Tech,Software Engineer
4675,Madhav Joshi,34,Ahmedabad,Male,Gujarat,706900.0,BBA,Teacher
4677,Indrans Ramesh,46,Pune,Female,Maharashtra,1781633.0,MBA,Software Engineer
4678,Chirag Chauhan,49,Jaipur,Female,Rajasthan,591081.0,BSc,Accountant
4679,Renee Dutt,34,Ahmedabad,Male,Gujarat,1554283.0,M.Tech,Doctor
4680,Adira Dutt,25,Bangalore,Female,Karnataka,2896833.0,MBA,Data Scientist
4681,Farhan Kari,33,Ahmedabad,Female,Gujarat,953208.0,PhD,Software Engineer
4682,Hunar Saran,29,Ahmedabad,Female,Gujarat,1555613.0,MBA,Doctor
4683,Divyansh Sagar,33,Ahmedabad,Female,Gujarat,725061.0,B.Com,HR Manager
4685,Pihu Dhar,39,Ahmedabad,Male,Gujarat,1023158.0,MSc,Doctor
4686,Dhruv Bhatia,36,Mumbai,Male,Maharashtra,2092256.0,PhD,Finance Manager
4687,Madhav Bhattacharyya,40,Bangalore,Female,Karnataka,581941.0,BSc,HR Manager
4688,Amira Vohra,39,Delhi,Male,Delhi,2048839.0,MBA,Data Scientist
4689,Biju Sachar,47,Hyderabad,Male,Telangana,456357.0,Diploma,Retail Worker
4690,Dharmajan Bansal,44,Mumbai,Male,Maharashtra,1119692.0,MBA,Software Engineer
4691,Nitara Dugal,49,Bangalore,Female,Karnataka,1475522.0,MBA,Data Scientist
4693,Dhruv Sarkar,48,Lucknow,Female,Uttar Pradesh,1117186.0,M.Tech,Software Engineer
4694,Riya Balan,26,Jaipur,Male,Rajasthan,617056.0,BBA,Teacher
4695,Vivaan Chaudhry,30,Jaipur,Female,Rajasthan,1194692.0,MSc,Data Scientist
4696,Riaan Kannan,51,Lucknow,Female,Uttar Pradesh,897010.0,M.Tech,Data Scientist
4697,Jayesh Goel,25,Bangalore,Male,Karnataka,1126528.0,MBA,Doctor
4698,Zeeshan Gupta,40,Hyderabad,Female,Telangana,2975125.0,PhD,Finance Manager
4699,Rohan Lata,30,Mumbai,Male,Maharashtra,2493243.0,MSc,Software Engineer
4700,Tanya Gopal,25,Mumbai,Male,Maharashtra,804336.0,MBA,Data Scientist
4701,Abram Kannan,49,Mumbai,Female,Maharashtra,340564.0,12th Pass,Delivery Agent
4702,Anay Srivastava,33,Hyderabad,Male,Telangana,772330.0,B.Tech,HR Manager
4704,Vedika Sandhu,35,Pune,Male,Maharashtra,1383636.0,MBA,Doctor
4705,Parinaaz Sahni,61,Delhi,Female,Delhi,740790.0,B.Tech,Accountant
4706,Vivaan Singhal,40,Mumbai,Female,Maharashtra,1464371.0,MBA,Finance Manager
4707,Jayan Dyal,41,Chennai,Male,Tamil Nadu,511597.0,MCA,Marketing Executive
4708,Misha Mannan,25,Pune,Female,Maharashtra,1676979.0,M.Tech,Software Engineer
4710,Oorja Kohli,51,Mumbai,Male,Maharashtra,1231474.0,MSc,Doctor
4711,Shamik Swaminathan,21,Hyderabad,Male,Telangana,1267652.0,PhD,Doctor
4712,Zara Thaman,44,Pune,Female,Maharashtra,1258115.0,MSc,Finance Manager
4713,Shayak Babu,25,Mumbai,Male,Maharashtra,1672162.0,PhD,Entrepreneur
4714,Krish Khosla,24,Mumbai,Male,Maharashtra,2351080.0,PhD,Doctor
4715,Bhavin Vyas,21,Delhi,Male,Delhi,1931833.0,MBA,Data Scientist
4717,Kavya Ray,22,Bangalore,Female,Karnataka,842504.0,M.Tech,Finance Manager
4718,Amira Arya,48,Ahmedabad,Male,Gujarat,1658821.0,MSc,Software Engineer
4719,Kaira Chandran,36,Delhi,Female,Delhi,675144.0,MCA,Bank Clerk
4721,Umang Chawla,38,Delhi,Male,Delhi,1703139.0,PhD,Doctor
4722,Mahika Mane,46,Bangalore,Male,Karnataka,2132776.0,PhD,Software Engineer
4723,Indranil Ratti,28,Chennai,Female,Tamil Nadu,1409881.0,MSc,Software Engineer
4726,Ira Khalsa,18,Mumbai,Male,Maharashtra,1187282.0,MBA,Entrepreneur
4728,Stuvan Sharaf,46,Chennai,Female,Tamil Nadu,706877.0,B.Tech,HR Manager
4729,Lagan Dani,49,Bangalore,Male,Karnataka,1751546.0,MBA,Entrepreneur
4730,Lagan Bail,46,Bangalore,Male,Karnataka,944130.0,MSc,Finance Manager
4731,Zara Anand,34,Chennai,Male,Tamil Nadu,1259609.0,MBA,Data Scientist
4733,Rasha Aurora,42,Delhi,Female,Delhi,2929823.0,PhD,Data Scientist
4734,Anay Rastogi,22,Bangalore,Male,Karnataka,1076356.0,PhD,Entrepreneur
4735,Darshit Sarkar,35,Chennai,Female,Tamil Nadu,1346169.0,MSc,Entrepreneur
4738,Kabir Brahmbhatt,30,Bangalore,Male,Karnataka,1025800.0,M.Tech,Doctor
4739,Charvi Ramaswamy,32,Mumbai,Male,Maharashtra,2770138.0,PhD,Doctor
4741,Madhav Gera,60,Ahmedabad,Female,Gujarat,1400696.0,MSc,Data Scientist
4742,Miraan Sachdeva,47,Bangalore,Female,Karnataka,1826858.0,MSc,Entrepreneur
4743,Myra Dey,44,Mumbai,Male,Maharashtra,2613649.0,MBA,Doctor
4744,Priyansh Wable,45,Delhi,Female,Delhi,1816848.0,M.Tech,Data Scientist
4745,Renee Raval,22,Delhi,Male,Delhi,1817697.0,PhD,Data Scientist
4746,Neelofar Srinivas,28,Hyderabad,Male,Telangana,1077363.0,MBA,Finance Manager
4747,Nirvaan Subramaniam,39,Chennai,Male,Tamil Nadu,1907072.0,PhD,Entrepreneur
4748,Tanya Bhatnagar,25,Delhi,Female,Delhi,645205.0,B.Com,Accountant
4749,Jiya Ramachandran,36,Mumbai,Female,Maharashtra,1329824.0,PhD,Data Scientist
4750,Lagan Mandal,42,Hyderabad,Female,Telangana,682815.0,BSc,Marketing Executive
4751,Samarth Baria,21,Mumbai,Male,Maharashtra,2313166.0,MBA,Finance Manager
4752,Indrajit Srivastava,27,Chennai,Male,Tamil Nadu,565669.0,B.Tech,Bank Clerk
4753,Biju Dugal,18,Bangalore,Female,Karnataka,709195.0,BBA,Accountant
4755,Shamik Gandhi,18,Pune,Female,Maharashtra,1298616.0,MBA,Data Scientist
4756,Ritvik Zacharia,37,Bangalore,Male,Karnataka,1803786.0,MBA,Finance Manager
4757,Alisha Joshi,32,Mumbai,Female,Maharashtra,2338357.0,MSc,Finance Manager
4758,Shaan Soman,33,Ahmedabad,Male,Gujarat,1645786.0,MSc,Doctor
4759,Farhan Raj,37,Mumbai,Male,Maharashtra,2980002.0,MSc,Software Engineer
4760,Sumer Raja,18,Hyderabad,Female,Telangana,1997468.0,MSc,Data Scientist
4761,Zara Singhal,56,Mumbai,Male,Maharashtra,869227.0,M.Tech,Data Scientist
4762,Aradhya Bhat,37,Ahmedabad,Male,Gujarat,843959.0,MSc,Entrepreneur
4763,Ishaan Upadhyay,35,Mumbai,Male,Maharashtra,1399862.0,PhD,Software Engineer
4764,Alia Badal,37,Bangalore,Male,Karnataka,547317.0,BSc,Bank Clerk
4765,Jhanvi Chakrabarti,33,Bangalore,Male,Karnataka,1654971.0,PhD,Data Scientist
4766,Ishita Venkatesh,31,Chennai,Female,Tamil Nadu,958097.0,M.Tech,Finance Manager
4767,Aarush Borde,29,Bangalore,Female,Karnataka,2535820.0,M.Tech,Data Scientist
4769,Vivaan Dugar,22,Hyderabad,Male,Telangana,455101.0,Diploma,Retail Worker
4770,Baiju Choudhry,42,Mumbai,Female,Maharashtra,757515.0,MCA,Bank Clerk
4771,Manjari Din,29,Delhi,Male,Delhi,1388416.0,MBA,Finance Manager
4772,Nayantara Thakkar,51,Kolkata,Male,West Bengal,1993027.0,PhD,Doctor
4774,Hunar Bora,28,Kolkata,Male,West Bengal,1576514.0,PhD,Finance Manager
4775,Darshit Kapoor,34,Bangalore,Female,Karnataka,455766.0,12th Pass,Delivery Agent
4776,Indranil Kar,26,Delhi,Male,Delhi,398307.0,12th Pass,Delivery Agent
4727,Prerak Maharaj,48,Jaipur,Male,Rajasthan,1027137.0,MSc,Doctor
4778,Shalv Varkey,28,Hyderabad,Male,Telangana,331825.0,12th Pass,Factory Worker
4779,Keya Chopra,30,Hyderabad,Male,Telangana,2597147.0,PhD,Doctor
4780,Keya Mammen,52,Hyderabad,Female,Telangana,1209471.0,M.Tech,Software Engineer
4781,Aarush Dua,70,Hyderabad,Female,Telangana,1997206.0,MBA,Finance Manager
4782,Parinaaz Vyas,37,Bangalore,Male,Karnataka,2691625.0,MSc,Data Scientist
4783,Vihaan Bhasin,28,Jaipur,Male,Rajasthan,344795.0,12th Pass,Factory Worker
4784,Yakshit Konda,24,Jaipur,Male,Rajasthan,981065.0,MSc,Doctor
4785,Romil Ghose,50,Bangalore,Female,Karnataka,1629430.0,MBA,Doctor
4786,Eshani Mani,25,Hyderabad,Male,Telangana,2987962.0,MSc,Finance Manager
4787,Damini Chahal,47,Bangalore,Female,Karnataka,2510792.0,PhD,Data Scientist
4788,Ahana  Venkatesh,36,Delhi,Male,Delhi,1828143.0,M.Tech,Doctor
4789,Piya Bassi,30,Delhi,Male,Delhi,1804785.0,MBA,Finance Manager
4790,Nirvi Viswanathan,20,Delhi,Male,Delhi,718280.0,BBA,Teacher
4791,Suhana Sehgal,19,Bangalore,Male,Karnataka,2148516.0,M.Tech,Finance Manager
4792,Vedika Mall,56,Pune,Male,Maharashtra,1872830.0,M.Tech,Entrepreneur
4793,Umang Hari,31,Hyderabad,Male,Telangana,1581688.0,MSc,Entrepreneur
4795,Advika Bose,52,Ahmedabad,Female,Gujarat,1142035.0,PhD,Doctor
4797,Arhaan Bumb,21,Kolkata,Female,West Bengal,1332023.0,MSc,Software Engineer
4798,Mahika Kade,36,Bangalore,Female,Karnataka,498040.0,Diploma,Delivery Agent
4799,Chirag Borah,28,Jaipur,Male,Rajasthan,689099.0,BSc,HR Manager
4800,Vaibhav Venkatesh,48,Mumbai,Male,Maharashtra,450702.0,Diploma,Security Guard
4801,Jivin Borah,51,Bangalore,Female,Karnataka,2006209.0,MSc,Entrepreneur
4803,Mannat Majumdar,44,Ahmedabad,Female,Gujarat,1254351.0,MSc,Software Engineer
4804,Nehmat Arora,42,Bangalore,Male,Karnataka,989009.0,M.Tech,Entrepreneur
4805,Eva Konda,30,Hyderabad,Female,Telangana,509835.0,Diploma,Bank Clerk
4806,Vidur Contractor,40,Bangalore,Female,Karnataka,2321330.0,MSc,Finance Manager
4807,Damini Dhar,24,Kolkata,Male,West Bengal,1344635.0,MSc,Finance Manager
4808,Nakul Bedi,30,Lucknow,Male,Uttar Pradesh,423016.0,12th Pass,Security Guard
4809,Ishita Lad,32,Bangalore,Female,Karnataka,348094.0,Diploma,Delivery Agent
4810,Yuvraj  Dhar,48,Chennai,Male,Tamil Nadu,847941.0,PhD,Doctor
4811,Kiaan Lala,42,Mumbai,Male,Maharashtra,849121.0,M.Tech,Finance Manager
4812,Anahi Ramakrishnan,22,Delhi,Male,Delhi,1441331.0,M.Tech,Entrepreneur
4813,Khushi Chatterjee,37,Hyderabad,Male,Telangana,2708237.0,PhD,Data Scientist
4815,Yashvi Bal,18,Mumbai,Male,Maharashtra,2669192.0,MBA,Finance Manager
4818,Divyansh Tella,24,Delhi,Female,Delhi,2183379.0,PhD,Entrepreneur
4819,Hunar Chatterjee,48,Kolkata,Male,West Bengal,594322.0,BBA,Bank Clerk
4820,Nakul Gopal,18,Chennai,Male,Tamil Nadu,1789965.0,M.Tech,Finance Manager
4821,Anahi Goyal,23,Pune,Female,Maharashtra,1050729.0,PhD,Finance Manager
4823,Riya Sandhu,28,Kolkata,Male,West Bengal,813886.0,MSc,Finance Manager
4824,Baiju Anand,39,Delhi,Male,Delhi,582379.0,BBA,Bank Clerk
4825,Sara Sachdeva,18,Hyderabad,Female,Telangana,1797058.0,MBA,Software Engineer
4826,Mamooty Shanker,51,Lucknow,Male,Uttar Pradesh,608146.0,Diploma,Teacher
4828,Riaan Dalal,34,Pune,Male,Maharashtra,1137910.0,M.Tech,Entrepreneur
4830,Anahita Golla,32,Chennai,Female,Tamil Nadu,1916304.0,MSc,Software Engineer
4833,Biju Chaudhry,37,Bangalore,Female,Karnataka,1152529.0,MBA,Entrepreneur
4834,Bhavin Chokshi,35,Kolkata,Female,West Bengal,590283.0,B.Tech,HR Manager
4835,Indrans Saran,42,Ahmedabad,Male,Gujarat,1567875.0,MSc,Finance Manager
4836,Shalv Kant,25,Mumbai,Male,Maharashtra,2937120.0,M.Tech,Doctor
4837,Ivan Anand,18,Mumbai,Male,Maharashtra,541235.0,MBA,Bank Clerk
4838,Adah Tiwari,39,Hyderabad,Male,Telangana,947761.0,PhD,Data Scientist
4839,Lakshay Bali,35,Bangalore,Male,Karnataka,1722919.0,MBA,Software Engineer
4840,Renee Cherian,51,Kolkata,Male,West Bengal,1783310.0,M.Tech,Software Engineer
4842,Devansh Sant,41,Mumbai,Female,Maharashtra,2853655.0,MBA,Entrepreneur
4843,Nakul Sahota,40,Delhi,Female,Delhi,1332210.0,PhD,Entrepreneur
4844,Aarna Mangat,51,Hyderabad,Female,Telangana,2655245.0,M.Tech,Data Scientist
4846,Lavanya Bava,18,Bangalore,Male,Karnataka,728272.0,B.Tech,Accountant
4847,Bhamini Sachdeva,22,Kolkata,Female,West Bengal,1041656.0,MSc,Data Scientist
4848,Samaira Lad,34,Chennai,Female,Tamil Nadu,1167795.0,M.Tech,Software Engineer
4849,Miraan Bail,24,Mumbai,Male,Maharashtra,593825.0,Diploma,Bank Clerk
4850,Zaina Lanka,39,Mumbai,Female,Maharashtra,2564799.0,MSc,Finance Manager
4851,Prisha Vaidya,44,Hyderabad,Female,Telangana,968739.0,MSc,Data Scientist
4853,Shlok Vora,39,Chennai,Male,Tamil Nadu,508638.0,B.A,HR Manager
4854,Amani Anand,47,Ahmedabad,Male,Gujarat,891006.0,PhD,Doctor
4855,Jiya Kunda,32,Delhi,Female,Delhi,2528364.0,PhD,Finance Manager
4856,Mahika Bobal,38,Kolkata,Male,West Bengal,897001.0,MSc,Doctor
4857,Mamooty Sachdeva,23,Mumbai,Female,Maharashtra,2280767.0,PhD,Software Engineer
4858,Riya Walla,41,Kolkata,Female,West Bengal,453981.0,Diploma,Factory Worker
4859,Amani Shukla,33,Pune,Female,Maharashtra,1318063.0,M.Tech,Software Engineer
4860,Aarna Ganesan,48,Hyderabad,Female,Telangana,1968913.0,MBA,Data Scientist
4861,Alia Toor,35,Bangalore,Female,Karnataka,307602.0,Diploma,Security Guard
4862,Kaira Das,32,Bangalore,Female,Karnataka,1434733.0,MBA,Finance Manager
4863,Vihaan Lall,18,Delhi,Male,Delhi,1291585.0,M.Tech,Finance Manager
4864,Himmat Bera,36,Delhi,Female,Delhi,1708291.0,MBA,Finance Manager
4865,Rhea Borra,30,Hyderabad,Male,Telangana,2167717.0,M.Tech,Doctor
4866,Rasha Deshpande,41,Chennai,Male,Tamil Nadu,1556894.0,M.Tech,Data Scientist
4867,Rhea Karpe,33,Bangalore,Female,Karnataka,697987.0,B.Com,Bank Clerk
4868,Anika Sandhu,43,Delhi,Female,Delhi,1379320.0,PhD,Finance Manager
4869,Jivika Bawa,32,Mumbai,Male,Maharashtra,2089514.0,M.Tech,Finance Manager
4871,Lakshay Rattan,40,Bangalore,Male,Karnataka,1857729.0,MSc,Data Scientist
4873,Trisha Kannan,48,Mumbai,Female,Maharashtra,2487895.0,MSc,Finance Manager
4875,Purab Khalsa,27,Ahmedabad,Male,Gujarat,1855662.0,PhD,Data Scientist
4876,Suhana Dara,28,Delhi,Female,Delhi,752512.0,BSc,Teacher
4877,Hridaan Bhardwaj,44,Delhi,Female,Delhi,492637.0,12th Pass,Factory Worker
4878,Myra Jain,18,Bangalore,Male,Karnataka,1081675.0,PhD,Entrepreneur
4879,Priyansh Lata,18,Mumbai,Female,Maharashtra,2121489.0,MBA,Entrepreneur
4880,Ayesha Viswanathan,33,Delhi,Female,Delhi,563705.0,MCA,Marketing Executive
4881,Vaibhav Dyal,44,Delhi,Female,Delhi,2780270.0,MSc,Entrepreneur
4882,Shayak Sarraf,32,Ahmedabad,Female,Gujarat,1341114.0,MBA,Entrepreneur
4883,Kartik Arya,18,Bangalore,Male,Karnataka,1748241.0,MSc,Data Scientist
4885,Advik Sarraf,24,Mumbai,Male,Maharashtra,1134208.0,PhD,Data Scientist
4886,Anvi Dhawan,28,Pune,Male,Maharashtra,751708.0,MCA,Marketing Executive
4887,Fateh Choudhary,26,Hyderabad,Male,Telangana,2755116.0,MSc,Doctor
4889,Zoya Hayre,23,Pune,Female,Maharashtra,1953410.0,MSc,Doctor
4892,Dhruv Chand,35,Kolkata,Male,West Bengal,419624.0,Diploma,Factory Worker
4895,Elakshi Zacharia,39,Bangalore,Female,Karnataka,1603630.0,M.Tech,Doctor
4896,Madhup Tak,26,Hyderabad,Female,Telangana,1801552.0,PhD,Finance Manager
4898,Taran Chad,33,Bangalore,Male,Karnataka,1950822.0,MSc,Finance Manager
4899,Ritvik Boase,21,Bangalore,Male,Karnataka,1125684.0,PhD,Entrepreneur
4900,Bhavin Chahal,35,Delhi,Male,Delhi,2384740.0,MBA,Software Engineer
4901,Damini Soman,41,Chennai,Female,Tamil Nadu,1378700.0,MBA,Doctor
4902,Samar Chacko,30,Kolkata,Male,West Bengal,1220599.0,M.Tech,Entrepreneur
4903,Gatik Sur,27,Ahmedabad,Female,Gujarat,1610130.0,PhD,Software Engineer
4905,Siya Dash,23,Delhi,Female,Delhi,2311298.0,PhD,Finance Manager
4906,Parinaaz Walla,40,Bangalore,Male,Karnataka,1932992.0,MSc,Finance Manager
4908,Kimaya Vala,19,Mumbai,Male,Maharashtra,1584191.0,MSc,Data Scientist
4910,Diya Kala,34,Hyderabad,Female,Telangana,1556623.0,M.Tech,Data Scientist
4911,Pihu Soni,45,Bangalore,Male,Karnataka,2255240.0,MBA,Finance Manager
4913,Miraan Sachdev,40,Chennai,Female,Tamil Nadu,977686.0,MSc,Entrepreneur
4914,Anika Ganesh,30,Hyderabad,Male,Telangana,1266529.0,MSc,Doctor
4915,Vihaan Saha,29,Lucknow,Female,Uttar Pradesh,972690.0,MBA,Data Scientist
4916,Jiya Sahota,38,Hyderabad,Female,Telangana,1112100.0,PhD,Entrepreneur
4917,Riya Yogi,25,Ahmedabad,Female,Gujarat,1035592.0,PhD,Software Engineer
4918,Jayan Batta,36,Bangalore,Female,Karnataka,466217.0,Diploma,Security Guard
4919,Tanya Varty,42,Mumbai,Male,Maharashtra,1488929.0,PhD,Entrepreneur
4920,Pari Vaidya,38,Jaipur,Male,Rajasthan,480868.0,12th Pass,Factory Worker
4921,Nitara Khanna,33,Pune,Male,Maharashtra,1256337.0,PhD,Data Scientist
4922,Samaira Saha,20,Chennai,Female,Tamil Nadu,519843.0,B.A,Teacher
4923,Tara Bava,31,Delhi,Male,Delhi,1953868.0,MBA,Data Scientist
4924,Jiya Sachdeva,40,Bangalore,Female,Karnataka,1109750.0,M.Tech,Software Engineer
4925,Zaina Dhaliwal,40,Ahmedabad,Male,Gujarat,827572.0,MBA,Data Scientist
4926,Reyansh Khare,25,Mumbai,Male,Maharashtra,1613553.0,M.Tech,Finance Manager
4927,Priyansh Salvi,43,Jaipur,Male,Rajasthan,662910.0,B.Com,Accountant
4928,Keya Borde,43,Mumbai,Male,Maharashtra,2596463.0,PhD,Data Scientist
4929,Lagan Ghose,27,Hyderabad,Male,Telangana,828461.0,PhD,Entrepreneur
4930,Taimur Varghese,41,Bangalore,Female,Karnataka,490567.0,Diploma,Customer Support
4931,Zara Banerjee,30,Mumbai,Female,Maharashtra,2523060.0,M.Tech,Software Engineer
4932,Reyansh Sibal,27,Bangalore,Female,Karnataka,2690676.0,MSc,Data Scientist
4933,Tanya Chad,20,Ahmedabad,Male,Gujarat,1479352.0,MSc,Doctor
4934,Devansh Dara,40,Delhi,Male,Delhi,892103.0,MBA,Finance Manager
4936,Adira Dasgupta,39,Hyderabad,Male,Telangana,1487486.0,M.Tech,Entrepreneur
4937,Indrans Chowdhury,22,Hyderabad,Female,Telangana,1061100.0,M.Tech,Software Engineer
4938,Saanvi Kohli,35,Pune,Male,Maharashtra,981444.0,PhD,Data Scientist
4939,Indranil Bansal,44,Hyderabad,Male,Telangana,972176.0,MBA,Entrepreneur
4940,Dhanush Dash,23,Delhi,Female,Delhi,625616.0,Diploma,Bank Clerk
4941,Vihaan Walia,29,Delhi,Female,Delhi,1104847.0,M.Tech,Finance Manager
4942,Shamik Brahmbhatt,22,Kolkata,Female,West Bengal,314371.0,12th Pass,Factory Worker
4943,Mehul Lalla,21,Hyderabad,Male,Telangana,1274874.0,MSc,Entrepreneur
4944,Damini Tank,19,Kolkata,Male,West Bengal,839393.0,M.Tech,Finance Manager
4945,Divyansh Dass,33,Mumbai,Female,Maharashtra,1660903.0,MBA,Finance Manager
4946,Biju Iyengar,41,Delhi,Female,Delhi,2069643.0,MBA,Finance Manager
4947,Ahana  Sem,34,Ahmedabad,Female,Gujarat,832957.0,MBA,Finance Manager
4948,Anay Deol,22,Delhi,Male,Delhi,739678.0,BSc,Accountant
4949,Siya Sarkar,20,Hyderabad,Female,Telangana,2297264.0,MBA,Data Scientist
4950,Stuvan Hayer,41,Delhi,Female,Delhi,1781815.0,M.Tech,Doctor
4951,Ehsaan Sarna,46,Mumbai,Male,Maharashtra,2049051.0,MBA,Software Engineer
4952,Nayantara Chauhan,26,Chennai,Male,Tamil Nadu,1086922.0,MBA,Data Scientist
4953,Myra Jaggi,35,Bangalore,Male,Karnataka,651272.0,B.A,Marketing Executive
4954,Zoya Bhalla,34,Mumbai,Female,Maharashtra,2199750.0,MSc,Doctor
4955,Himmat Kar,39,Mumbai,Male,Maharashtra,408294.0,12th Pass,Customer Support
4956,Lakshit Saha,40,Hyderabad,Female,Telangana,578494.0,B.Com,Bank Clerk
4957,Farhan Seth,26,Delhi,Female,Delhi,2350763.0,M.Tech,Doctor
4959,Sana Salvi,32,Chennai,Male,Tamil Nadu,940418.0,MSc,Software Engineer
4960,Manjari Trivedi,28,Ahmedabad,Female,Gujarat,770179.0,MCA,HR Manager
4961,Priyansh Deshpande,34,Mumbai,Male,Maharashtra,1860209.0,PhD,Finance Manager
4963,Amira Bhardwaj,46,Delhi,Male,Delhi,2718131.0,MSc,Software Engineer
4965,Kanav Bhalla,46,Ahmedabad,Female,Gujarat,1593168.0,MBA,Software Engineer
4966,Kismat Gole,22,Kolkata,Female,West Bengal,1683499.0,PhD,Doctor
4967,Emir Goswami,46,Bangalore,Male,Karnataka,1292795.0,MBA,Doctor
4968,Taran Kari,37,Hyderabad,Female,Telangana,863230.0,MSc,Finance Manager
4969,Dhanuk Rout,52,Ahmedabad,Male,Gujarat,1740618.0,PhD,Data Scientist
4970,Zeeshan Amble,32,Delhi,Male,Delhi,2514062.0,MSc,Software Engineer
4971,Biju Rao,31,Mumbai,Female,Maharashtra,1537326.0,M.Tech,Doctor
4972,Madhup Sethi,34,Ahmedabad,Male,Gujarat,1218677.0,MBA,Finance Manager
4973,Jayesh Hora,46,Mumbai,Female,Maharashtra,544214.0,BBA,Marketing Executive
4976,Mannat Agarwal,39,Ahmedabad,Male,Gujarat,885003.0,MSc,Software Engineer
4977,Ranbir Krishnamurthy,34,Mumbai,Male,Maharashtra,1535564.0,MBA,Software Engineer
4978,Saanvi Dada,38,Bangalore,Female,Karnataka,2946256.0,M.Tech,Entrepreneur
4979,Vritika Butala,37,Pune,Female,Maharashtra,1816308.0,M.Tech,Entrepreneur
4980,Kiaan Sha,41,Delhi,Female,Delhi,1482262.0,MBA,Doctor
4982,Zaina Singhal,30,Ahmedabad,Male,Gujarat,1514666.0,M.Tech,Entrepreneur
4984,Mahika Garde,37,Delhi,Female,Delhi,1098479.0,M.Tech,Software Engineer
4985,Taimur Wagle,18,Mumbai,Male,Maharashtra,1202577.0,M.Tech,Doctor
4986,Madhup Sen,50,Lucknow,Female,Uttar Pradesh,949606.0,MBA,Data Scientist
4987,Darshit Balay,38,Ahmedabad,Female,Gujarat,831068.0,MSc,Finance Manager
4988,Diya Sani,33,Chennai,Male,Tamil Nadu,951557.0,M.Tech,Finance Manager
4989,Ivan Lata,30,Kolkata,Male,West Bengal,1186378.0,MSc,Finance Manager
4990,Vaibhav Kaul,40,Bangalore,Female,Karnataka,2904840.0,MBA,Software Engineer
4991,Kabir Bajaj,47,Delhi,Male,Delhi,2610381.0,MSc,Entrepreneur
4992,Tushar Krishnamurthy,43,Hyderabad,Female,Telangana,763868.0,BSc,HR Manager
4993,Lavanya Bera,43,Kolkata,Male,West Bengal,1328641.0,PhD,Software Engineer
4994,Renee Dey,48,Kolkata,Female,West Bengal,1822211.0,PhD,Doctor
4995,Mohanlal Agarwal,51,Mumbai,Female,Maharashtra,725660.0,Diploma,Teacher
4996,Vihaan Ramakrishnan,26,Mumbai,Female,Maharashtra,693735.0,MCA,Bank Clerk
4998,Taran Venkataraman,19,Bangalore,Male,Karnataka,1770758.0,MBA,Entrepreneur
4999,Mahika Jha,48,Ahmedabad,Male,Gujarat,632938.0,BBA,HR Manager
5000,Saanvi Deo,28,Ahmedabad,Female,Gujarat,581210.0,BSc,Marketing Executive
5002,Zain Kala,25,Chennai,Male,Tamil Nadu,1383683.0,MSc,Finance Manager
5003,Divyansh Kapur,51,Pune,Male,Maharashtra,1737090.0,MBA,Entrepreneur
5004,Rania Bir,35,Chennai,Male,Tamil Nadu,648465.0,BBA,Marketing Executive
5006,Umang Agate,37,Mumbai,Male,Maharashtra,2118317.0,PhD,Data Scientist
5007,Bhamini Ramakrishnan,40,Jaipur,Female,Rajasthan,521364.0,MBA,Bank Clerk
5008,Indranil Tiwari,32,Hyderabad,Female,Telangana,1097756.0,PhD,Data Scientist
5009,Sahil Bahl,53,Delhi,Female,Delhi,743901.0,B.A,Accountant
5010,Divyansh Dhawan,26,Ahmedabad,Male,Gujarat,901093.0,M.Tech,Finance Manager
5011,Tanya Singh,39,Ahmedabad,Female,Gujarat,1070074.0,M.Tech,Entrepreneur
5012,Suhana Kapoor,20,Chennai,Female,Tamil Nadu,1122320.0,PhD,Doctor
5013,Aniruddh Sachdeva,41,Bangalore,Female,Karnataka,300874.0,12th Pass,Security Guard
5014,Shray Banik,48,Hyderabad,Male,Telangana,1428313.0,PhD,Doctor
5015,Kartik Konda,44,Hyderabad,Female,Telangana,1580850.0,MSc,Software Engineer
5016,Vidur Ramachandran,47,Kolkata,Male,West Bengal,1683058.0,MBA,Software Engineer
5017,Kimaya Raju,18,Bangalore,Female,Karnataka,442066.0,Diploma,Factory Worker
5018,Hansh Chaudhary,31,Kolkata,Male,West Bengal,1834652.0,PhD,Doctor
5019,Drishya Brar,40,Bangalore,Female,Karnataka,2039905.0,MBA,Data Scientist
5021,Hrishita Bansal,33,Delhi,Female,Delhi,964725.0,MSc,Data Scientist
5022,Shalv Choudhary,30,Hyderabad,Female,Telangana,505163.0,B.Tech,Teacher
5023,Dharmajan Iyengar,42,Lucknow,Male,Uttar Pradesh,393803.0,12th Pass,Factory Worker
5025,Shalv Gill,34,Kolkata,Female,West Bengal,1911208.0,MSc,Software Engineer
5026,Azad Dada,18,Delhi,Female,Delhi,2094145.0,M.Tech,Entrepreneur
5027,Eshani Subramanian,27,Delhi,Female,Delhi,2974520.0,MSc,Entrepreneur
5028,Zain Desai,41,Chennai,Female,Tamil Nadu,1598732.0,MBA,Entrepreneur
5029,Gatik Bhattacharyya,23,Bangalore,Male,Karnataka,2896766.0,PhD,Doctor
5030,Neysa Walla,19,Mumbai,Male,Maharashtra,1389557.0,M.Tech,Finance Manager
5031,Miraya Basu,43,Mumbai,Male,Maharashtra,2386978.0,M.Tech,Finance Manager
5032,Shalv Reddy,22,Chennai,Male,Tamil Nadu,896668.0,MSc,Entrepreneur
5033,Prerak Sangha,47,Mumbai,Male,Maharashtra,1361320.0,MBA,Finance Manager
5034,Uthkarsh Jaggi,37,Bangalore,Male,Karnataka,2678019.0,MBA,Finance Manager
5035,Saksham Setty,34,Hyderabad,Female,Telangana,2798171.0,MSc,Finance Manager
5036,Miraya Bose,43,Mumbai,Male,Maharashtra,1299023.0,MSc,Software Engineer
5037,Tiya Bir,24,Pune,Male,Maharashtra,1037058.0,M.Tech,Doctor
5039,Mahika Dara,29,Hyderabad,Male,Telangana,2011125.0,PhD,Entrepreneur
5040,Shaan Lad,37,Mumbai,Female,Maharashtra,2816111.0,MSc,Doctor
5042,Manikya Bhasin,30,Delhi,Male,Delhi,1634596.0,PhD,Doctor
5043,Rohan Kara,38,Ahmedabad,Female,Gujarat,425766.0,Diploma,Delivery Agent
5044,Kismat Karnik,40,Ahmedabad,Male,Gujarat,1330915.0,MSc,Finance Manager
5046,Nitya Yohannan,27,Delhi,Female,Delhi,1627723.0,MBA,Software Engineer
5048,Neelofar Kalla,41,Delhi,Female,Delhi,1718053.0,M.Tech,Entrepreneur
5049,Alia Som,22,Chennai,Male,Tamil Nadu,790682.0,B.Com,Bank Clerk
5051,Siya Sarkar,43,Mumbai,Female,Maharashtra,1701873.0,MSc,Data Scientist
5052,Gokul Dugar,39,Delhi,Female,Delhi,373918.0,Diploma,Delivery Agent
5053,Sumer Kulkarni,35,Bangalore,Male,Karnataka,996313.0,M.Tech,Doctor
5055,Sara Verma,31,Chennai,Female,Tamil Nadu,1523217.0,MSc,Data Scientist
5056,Aaina Gupta,33,Ahmedabad,Female,Gujarat,1652898.0,MBA,Data Scientist
5057,Vihaan Jain,32,Mumbai,Female,Maharashtra,526150.0,B.Tech,HR Manager
5058,Arhaan Sahni,32,Ahmedabad,Male,Gujarat,1272158.0,MBA,Doctor
5059,Veer Chowdhury,50,Mumbai,Female,Maharashtra,1300580.0,M.Tech,Data Scientist
5060,Manjari Shetty,39,Bangalore,Female,Karnataka,1688272.0,MSc,Software Engineer
5061,Navya Bath,44,Delhi,Female,Delhi,1747245.0,MSc,Doctor
5062,Jivin Chokshi,53,Hyderabad,Male,Telangana,306046.0,Diploma,Customer Support
5063,Yuvraj  Barad,41,Delhi,Female,Delhi,1819374.0,MSc,Data Scientist
5064,Vedika Rajagopal,44,Chennai,Male,Tamil Nadu,763537.0,BSc,Marketing Executive
5065,Riya Ray,19,Delhi,Male,Delhi,1297396.0,MSc,Software Engineer
5066,Hridaan Lala,37,Ahmedabad,Male,Gujarat,1202421.0,M.Tech,Entrepreneur
5067,Lakshay Bhasin,30,Bangalore,Male,Karnataka,2761542.0,M.Tech,Entrepreneur
5068,Mannat Sura,22,Pune,Female,Maharashtra,1193109.0,MSc,Data Scientist
5069,Prisha Bera,40,Ahmedabad,Female,Gujarat,1436036.0,PhD,Doctor
5070,Yakshit Borra,33,Mumbai,Male,Maharashtra,2279964.0,PhD,Doctor
5072,Nitya Butala,38,Mumbai,Male,Maharashtra,1154608.0,PhD,Doctor
5073,Bhavin Kunda,34,Delhi,Female,Delhi,2789877.0,M.Tech,Software Engineer
5074,Mohanlal Khatri,48,Chennai,Female,Tamil Nadu,713404.0,B.A,HR Manager
5076,Hrishita Vaidya,41,Bangalore,Female,Karnataka,1082931.0,PhD,Doctor
5077,Aarush Balakrishnan,34,Hyderabad,Female,Telangana,1389010.0,M.Tech,Finance Manager
5078,Ritvik D’Alia,33,Delhi,Male,Delhi,2252288.0,MBA,Doctor
5079,Adah Chakraborty,33,Mumbai,Male,Maharashtra,1453453.0,M.Tech,Doctor
5081,Sara Bal,60,Ahmedabad,Female,Gujarat,1841745.0,MSc,Entrepreneur
5083,Vardaniya De,36,Bangalore,Male,Karnataka,1042391.0,MBA,Data Scientist
5084,Siya Wali,35,Pune,Male,Maharashtra,787765.0,B.Com,HR Manager
5085,Ayesha Shere,48,Delhi,Male,Delhi,791100.0,MBA,Teacher
5086,Shalv Raju,36,Hyderabad,Male,Telangana,1235807.0,PhD,Software Engineer
5087,Tushar Grover,43,Bangalore,Male,Karnataka,531403.0,B.Com,Bank Clerk
5088,Keya Chatterjee,22,Delhi,Male,Delhi,784101.0,MCA,HR Manager
5089,Hridaan Jhaveri,24,Mumbai,Female,Maharashtra,2016080.0,PhD,Software Engineer
5090,Anya Bhagat,39,Mumbai,Male,Maharashtra,1334490.0,MBA,Software Engineer
5091,Mishti Kapoor,30,Chennai,Female,Tamil Nadu,1992903.0,MBA,Finance Manager
5092,Diya Ganesan,37,Ahmedabad,Female,Gujarat,1746133.0,MSc,Data Scientist
5093,Raghav Dayal,35,Mumbai,Male,Maharashtra,2747996.0,PhD,Doctor
5094,Vidur Andra,39,Mumbai,Female,Maharashtra,1534473.0,PhD,Doctor
5095,Jayesh Bahl,18,Mumbai,Female,Maharashtra,1639166.0,PhD,Software Engineer
5098,Zoya Sule,37,Delhi,Female,Delhi,1521363.0,PhD,Finance Manager
5099,Piya Chokshi,44,Hyderabad,Female,Telangana,2682583.0,PhD,Doctor
5100,Jhanvi Lala,28,Delhi,Male,Delhi,2138282.0,M.Tech,Data Scientist
5101,Nirvaan Chakrabarti,50,Hyderabad,Male,Telangana,398612.0,Diploma,Security Guard
5103,Zeeshan Zacharia,49,Pune,Male,Maharashtra,1805060.0,MSc,Finance Manager
5104,Badal Sastry,28,Ahmedabad,Male,Gujarat,1292166.0,M.Tech,Entrepreneur
5105,Jhanvi Ram,35,Hyderabad,Female,Telangana,1654883.0,PhD,Finance Manager
5106,Riya Sekhon,21,Hyderabad,Female,Telangana,497620.0,Diploma,Customer Support
5107,Vaibhav Soman,32,Delhi,Female,Delhi,1162528.0,MBA,Entrepreneur
5108,Misha Chhabra,31,Delhi,Male,Delhi,2457095.0,MBA,Finance Manager
5109,Anahi Babu,24,Ahmedabad,Female,Gujarat,554607.0,MCA,HR Manager
5110,Bhamini Aggarwal,31,Kolkata,Male,West Bengal,1845567.0,PhD,Finance Manager
5111,Damini Chaudhari,26,Ahmedabad,Female,Gujarat,1161728.0,M.Tech,Software Engineer
5112,Neysa Apte,38,Jaipur,Female,Rajasthan,366196.0,12th Pass,Retail Worker
5113,Vedika Tandon,18,Kolkata,Female,West Bengal,1051368.0,MSc,Finance Manager
5116,Sara Dugal,39,Pune,Male,Maharashtra,1636553.0,M.Tech,Doctor
5117,Kartik Kumar,31,Chennai,Female,Tamil Nadu,917554.0,PhD,Entrepreneur
5118,Kavya Ganesan,33,Kolkata,Male,West Bengal,698831.0,B.Com,Marketing Executive
5120,Nitya Barman,46,Delhi,Male,Delhi,476035.0,12th Pass,Factory Worker
5121,Hrishita Kurian,21,Lucknow,Male,Uttar Pradesh,882692.0,MBA,Entrepreneur
5122,Nitya Singhal,57,Ahmedabad,Male,Gujarat,1159129.0,MBA,Doctor
5123,Chirag Sastry,37,Bangalore,Male,Karnataka,1957176.0,M.Tech,Entrepreneur
5124,Samar Chakrabarti,18,Lucknow,Male,Uttar Pradesh,343834.0,Diploma,Retail Worker
5125,Sana Bhatt,18,Mumbai,Female,Maharashtra,2381798.0,PhD,Software Engineer
5127,Riya Thakur,41,Hyderabad,Male,Telangana,2520395.0,PhD,Software Engineer
5128,Hiran Soman,37,Mumbai,Female,Maharashtra,2675692.0,M.Tech,Software Engineer
5129,Rania Handa,20,Bangalore,Male,Karnataka,377689.0,Diploma,Delivery Agent
5130,Indranil Gala,44,Delhi,Female,Delhi,1752203.0,M.Tech,Entrepreneur
5131,Mannat Mall,42,Pune,Female,Maharashtra,1089891.0,MBA,Data Scientist
5132,Abram Rao,35,Delhi,Female,Delhi,1846387.0,MSc,Finance Manager
5133,Saanvi Gulati,28,Pune,Male,Maharashtra,1992867.0,M.Tech,Finance Manager
5134,Lagan Raj,30,Pune,Male,Maharashtra,1903390.0,PhD,Entrepreneur
5135,Ira Raja,22,Ahmedabad,Female,Gujarat,1380085.0,PhD,Doctor
5137,Jayant Bora,35,Kolkata,Male,West Bengal,1399088.0,MSc,Doctor
5138,Divij Manne,37,Bangalore,Female,Karnataka,1658241.0,MBA,Finance Manager
5139,Anay Shah,32,Delhi,Female,Delhi,1434788.0,M.Tech,Entrepreneur
5140,Zain Raja,21,Hyderabad,Male,Telangana,1475692.0,M.Tech,Doctor
5143,Divit Sethi,34,Chennai,Male,Tamil Nadu,1441850.0,MSc,Doctor
5144,Prerak Chandran,49,Mumbai,Female,Maharashtra,2438864.0,M.Tech,Data Scientist
5145,Indrajit Goswami,49,Kolkata,Male,West Bengal,1017312.0,M.Tech,Finance Manager
5147,Adira Dhar,35,Bangalore,Female,Karnataka,349757.0,Diploma,Delivery Agent
5148,Mamooty Batra,18,Mumbai,Female,Maharashtra,440982.0,12th Pass,Retail Worker
5149,Bhamini Sehgal,41,Mumbai,Male,Maharashtra,2944203.0,M.Tech,Software Engineer
5150,Advika Srinivasan,24,Chennai,Male,Tamil Nadu,1858711.0,M.Tech,Data Scientist
5151,Farhan Bala,32,Pune,Female,Maharashtra,1804917.0,MSc,Data Scientist
5152,Mehul Dube,25,Ahmedabad,Male,Gujarat,1505808.0,MSc,Finance Manager
5153,Advik Solanki,25,Mumbai,Male,Maharashtra,534610.0,BSc,HR Manager
5154,Shayak Sarma,35,Mumbai,Female,Maharashtra,1562690.0,MSc,Doctor
5155,Jivika Raj,37,Ahmedabad,Male,Gujarat,1568230.0,MSc,Doctor
5156,Ranbir Swaminathan,47,Delhi,Female,Delhi,2384163.0,PhD,Software Engineer
5158,Nishith Char,35,Hyderabad,Male,Telangana,1072820.0,PhD,Software Engineer
5159,Madhup Dasgupta,47,Delhi,Female,Delhi,1412549.0,M.Tech,Data Scientist
5160,Divyansh Kalita,39,Ahmedabad,Male,Gujarat,1431598.0,M.Tech,Software Engineer
5161,Rhea Suri,21,Ahmedabad,Male,Gujarat,539808.0,BSc,Bank Clerk
5163,Vanya Balakrishnan,31,Delhi,Male,Delhi,2046383.0,M.Tech,Software Engineer
5164,Tushar Kar,31,Bangalore,Female,Karnataka,759408.0,MBA,Accountant
5166,Trisha Borra,25,Bangalore,Male,Karnataka,1643284.0,PhD,Software Engineer
5167,Ritvik Gera,36,Mumbai,Male,Maharashtra,1289379.0,MSc,Finance Manager
5168,Keya Wagle,38,Hyderabad,Male,Telangana,338549.0,12th Pass,Customer Support
5169,Nayantara Borde,44,Lucknow,Male,Uttar Pradesh,721443.0,MCA,Bank Clerk
5170,Nitara Lanka,32,Ahmedabad,Male,Gujarat,1655177.0,M.Tech,Finance Manager
5171,Faiyaz Baria,36,Mumbai,Male,Maharashtra,405264.0,Diploma,Factory Worker
5172,Khushi Chatterjee,32,Hyderabad,Male,Telangana,2350769.0,MBA,Entrepreneur
5173,Priyansh Deshpande,51,Mumbai,Male,Maharashtra,1035624.0,M.Tech,Software Engineer
5175,Taimur Kothari,29,Kolkata,Male,West Bengal,668349.0,BSc,HR Manager
5176,Purab Sehgal,40,Pune,Male,Maharashtra,565403.0,B.A,Teacher
5179,Shray Anne,41,Ahmedabad,Female,Gujarat,1344391.0,MBA,Entrepreneur
5180,Himmat Hayre,30,Delhi,Female,Delhi,381265.0,12th Pass,Factory Worker
5181,Stuvan Butala,51,Delhi,Male,Delhi,2010522.0,MSc,Finance Manager
5182,Navya Chandran,39,Hyderabad,Male,Telangana,2350052.0,PhD,Finance Manager
5183,Indrajit Kannan,25,Lucknow,Male,Uttar Pradesh,440892.0,Diploma,Customer Support
5184,Hrishita Dhillon,26,Delhi,Female,Delhi,1127981.0,PhD,Software Engineer
5185,Ojas Zacharia,47,Chennai,Female,Tamil Nadu,1625073.0,PhD,Software Engineer
5186,Umang Dyal,23,Delhi,Female,Delhi,1428700.0,MSc,Software Engineer
5187,Parinaaz Devan,44,Delhi,Female,Delhi,2886536.0,MBA,Software Engineer
5189,Kismat Choudhary,47,Ahmedabad,Male,Gujarat,648257.0,B.Tech,Marketing Executive
5190,Damini Tata,26,Ahmedabad,Female,Gujarat,682395.0,B.Com,Bank Clerk
5192,Kiara Sule,45,Mumbai,Male,Maharashtra,644792.0,B.Com,Teacher
5193,Onkar Balay,36,Chennai,Male,Tamil Nadu,1109478.0,M.Tech,Entrepreneur
5194,Aarush Boase,36,Kolkata,Male,West Bengal,801144.0,M.Tech,Finance Manager
5195,Kismat Gill,28,Hyderabad,Female,Telangana,1644185.0,MSc,Doctor
5196,Kiara Sarkar,43,Kolkata,Female,West Bengal,1916517.0,MBA,Doctor
5197,Vaibhav Sinha,18,Delhi,Female,Delhi,455944.0,Diploma,Security Guard
5198,Yuvraj  Biswas,35,Lucknow,Female,Uttar Pradesh,1067033.0,M.Tech,Software Engineer
5199,Biju Dugal,48,Delhi,Male,Delhi,1118613.0,M.Tech,Software Engineer
5200,Saanvi Trivedi,34,Lucknow,Female,Uttar Pradesh,565206.0,BSc,Teacher
5201,Azad Sha,18,Delhi,Female,Delhi,1109216.0,MBA,Data Scientist
5202,Dhanush Hayer,27,Mumbai,Female,Maharashtra,420017.0,12th Pass,Delivery Agent
5203,Baiju Grewal,30,Bangalore,Female,Karnataka,1920954.0,MBA,Doctor
5204,Anika Sarkar,49,Kolkata,Female,West Bengal,1290555.0,MSc,Software Engineer
5205,Aniruddh Tailor,49,Ahmedabad,Male,Gujarat,1569988.0,PhD,Doctor
5206,Manikya Banik,40,Mumbai,Male,Maharashtra,2092531.0,MSc,Data Scientist
5207,Raunak Varty,40,Ahmedabad,Female,Gujarat,735291.0,MCA,Bank Clerk
5208,Ira Khosla,47,Hyderabad,Male,Telangana,1857180.0,MBA,Software Engineer
5209,Dishani Karpe,20,Bangalore,Female,Karnataka,305807.0,Diploma,Retail Worker
5210,Nishith Chaudhary,27,Jaipur,Male,Rajasthan,591805.0,BSc,Bank Clerk
5211,Baiju Seshadri,37,Delhi,Male,Delhi,2012319.0,MSc,Doctor
5212,Kismat Arora,18,Chennai,Male,Tamil Nadu,1399482.0,MBA,Doctor
5213,Vanya Johal,21,Hyderabad,Male,Telangana,1632797.0,MSc,Software Engineer
5214,Anika Dhaliwal,44,Hyderabad,Male,Telangana,1527678.0,PhD,Software Engineer
5215,Sana Bedi,30,Chennai,Male,Tamil Nadu,595818.0,BBA,Bank Clerk
5216,Baiju Ben,25,Delhi,Male,Delhi,1409377.0,PhD,Entrepreneur
5217,Madhup Kashyap,22,Mumbai,Female,Maharashtra,2550310.0,MBA,Finance Manager
5218,Nishith Raval,37,Mumbai,Female,Maharashtra,2225040.0,MBA,Data Scientist
5219,Romil Kala,33,Bangalore,Female,Karnataka,677917.0,B.Com,Teacher
5221,Shray Andra,36,Lucknow,Female,Uttar Pradesh,742651.0,BSc,Marketing Executive
5222,Arhaan Kale,35,Pune,Female,Maharashtra,1430440.0,MSc,Doctor
5224,Raghav Samra,33,Delhi,Female,Delhi,2710173.0,PhD,Doctor
5225,Himmat Guha,47,Chennai,Female,Tamil Nadu,544882.0,B.Com,Marketing Executive
5227,Shaan Jain,31,Delhi,Female,Delhi,2024592.0,M.Tech,Entrepreneur
5228,Badal Sheth,25,Hyderabad,Male,Telangana,908177.0,MSc,Doctor
5230,Ehsaan Tella,61,Pune,Male,Maharashtra,476652.0,12th Pass,Customer Support
5231,Himmat Kata,51,Mumbai,Male,Maharashtra,2520672.0,MBA,Software Engineer
5232,Indrans Shanker,38,Ahmedabad,Female,Gujarat,790719.0,MCA,Bank Clerk
5233,Uthkarsh Dugar,29,Bangalore,Male,Karnataka,1959116.0,MSc,Finance Manager
5234,Zeeshan Sangha,35,Bangalore,Male,Karnataka,2266819.0,MBA,Data Scientist
5235,Seher Chana,35,Delhi,Male,Delhi,319979.0,Diploma,Retail Worker
5236,Anahi Sandhu,45,Mumbai,Female,Maharashtra,2600596.0,PhD,Doctor
5237,Indrans Bhalla,49,Mumbai,Female,Maharashtra,616678.0,Diploma,HR Manager
5238,Indrans Arora,35,Bangalore,Female,Karnataka,889013.0,M.Tech,Software Engineer
5239,Onkar Ramachandran,45,Kolkata,Female,West Bengal,1547467.0,PhD,Data Scientist
5240,Manikya Bajwa,34,Ahmedabad,Male,Gujarat,1668992.0,PhD,Data Scientist
5241,Aniruddh Bora,31,Hyderabad,Female,Telangana,626225.0,B.Tech,Marketing Executive
5242,Yuvaan Thakur,32,Kolkata,Male,West Bengal,859792.0,M.Tech,Entrepreneur
5243,Umang Deshpande,27,Bangalore,Male,Karnataka,2185007.0,PhD,Doctor
5244,Saanvi Thaker,45,Bangalore,Male,Karnataka,591543.0,B.Tech,Teacher
5245,Rhea Varty,39,Delhi,Female,Delhi,517126.0,MBA,Accountant
5246,Siya Jayaraman,40,Chennai,Male,Tamil Nadu,1860916.0,M.Tech,Entrepreneur
5247,Aarush Khurana,22,Delhi,Male,Delhi,537599.0,Diploma,Accountant
5248,Elakshi Sahni,39,Mumbai,Female,Maharashtra,1483885.0,MBA,Doctor
5249,Adah Deo,18,Delhi,Female,Delhi,613247.0,MCA,HR Manager
5250,Purab Maharaj,28,Lucknow,Male,Uttar Pradesh,574560.0,MCA,Teacher
5251,Nirvaan Basu,27,Hyderabad,Female,Telangana,1119574.0,M.Tech,Software Engineer
5252,Bhamini Saran,33,Bangalore,Female,Karnataka,1526316.0,PhD,Software Engineer
5253,Riaan Iyer,31,Jaipur,Male,Rajasthan,750947.0,MCA,HR Manager
5254,Vihaan Chokshi,34,Pune,Male,Maharashtra,1110199.0,MBA,Entrepreneur
5255,Dhruv Baria,49,Mumbai,Female,Maharashtra,839454.0,MBA,Doctor
5256,Priyansh Kakar,22,Delhi,Female,Delhi,980259.0,MBA,Entrepreneur
5257,Yasmin Ghosh,27,Ahmedabad,Female,Gujarat,1999044.0,MBA,Entrepreneur
5258,Samiha Shetty,18,Mumbai,Male,Maharashtra,2682251.0,PhD,Data Scientist
5259,Gokul Dalal,28,Ahmedabad,Male,Gujarat,1249813.0,PhD,Data Scientist
5260,Jivika Sami,43,Mumbai,Male,Maharashtra,2325062.0,MBA,Software Engineer
5261,Zoya Kothari,28,Bangalore,Male,Karnataka,2528632.0,PhD,Entrepreneur
5264,Saanvi Ravi,26,Delhi,Male,Delhi,626273.0,BSc,Accountant
5265,Nirvaan Chad,31,Delhi,Female,Delhi,2015635.0,M.Tech,Data Scientist
5266,Onkar Chanda,39,Mumbai,Female,Maharashtra,784256.0,B.Tech,Marketing Executive
5268,Armaan Roy,45,Bangalore,Male,Karnataka,2618242.0,MSc,Finance Manager
5270,Lagan Dey,40,Delhi,Male,Delhi,986154.0,PhD,Entrepreneur
5271,Manjari Kale,51,Bangalore,Male,Karnataka,583756.0,B.Tech,Marketing Executive
5272,Ritvik Mall,45,Delhi,Male,Delhi,1877863.0,PhD,Finance Manager
5273,Samiha Choudhary,46,Jaipur,Female,Rajasthan,1161029.0,MSc,Software Engineer
5274,Lakshay Shere,32,Bangalore,Male,Karnataka,1002232.0,MSc,Entrepreneur
5275,Hansh Gera,18,Delhi,Female,Delhi,846287.0,MBA,Doctor
5276,Divit Kade,18,Mumbai,Female,Maharashtra,2809452.0,MBA,Software Engineer
5277,Rania Dubey,44,Hyderabad,Male,Telangana,2211563.0,PhD,Software Engineer
5278,Fateh Basak,36,Mumbai,Female,Maharashtra,2208591.0,MSc,Software Engineer
5279,Indrajit Mangal,26,Mumbai,Female,Maharashtra,1882971.0,MSc,Software Engineer
5280,Divij Borde,43,Delhi,Female,Delhi,363597.0,12th Pass,Delivery Agent
5281,Lakshit Kar,52,Lucknow,Male,Uttar Pradesh,935415.0,PhD,Finance Manager
5282,Samiha Kohli,30,Mumbai,Female,Maharashtra,2017220.0,PhD,Software Engineer
5283,Shalv Rattan,34,Chennai,Female,Tamil Nadu,1964260.0,MSc,Finance Manager
5284,Jayan Chandran,29,Ahmedabad,Female,Gujarat,1778611.0,MBA,Finance Manager
5286,Divyansh Ravel,39,Ahmedabad,Male,Gujarat,665205.0,MCA,Accountant
5287,Reyansh Saraf,43,Kolkata,Female,West Bengal,553577.0,B.Tech,Marketing Executive
5288,Aradhya Bansal,46,Hyderabad,Female,Telangana,1466683.0,MSc,Doctor
5289,Azad Mann,23,Hyderabad,Female,Telangana,887387.0,MSc,Doctor
5290,Anaya Balay,18,Mumbai,Female,Maharashtra,657273.0,Diploma,Bank Clerk
5291,Zaina Gola,45,Chennai,Male,Tamil Nadu,667471.0,MBA,Teacher
5293,Shray Ray,32,Lucknow,Male,Uttar Pradesh,892666.0,PhD,Software Engineer
5295,Mohanlal Chokshi,25,Chennai,Female,Tamil Nadu,1114391.0,PhD,Software Engineer
5296,Ishaan Kale,34,Ahmedabad,Female,Gujarat,821547.0,PhD,Entrepreneur
5297,Kiaan Brar,45,Chennai,Male,Tamil Nadu,1028189.0,M.Tech,Software Engineer
5299,Suhana Bhavsar,44,Ahmedabad,Male,Gujarat,1741947.0,MSc,Doctor
5301,Yakshit Reddy,38,Bangalore,Male,Karnataka,1424461.0,MBA,Software Engineer
5302,Romil Dara,34,Jaipur,Male,Rajasthan,925640.0,PhD,Doctor
5303,Saira Jha,37,Chennai,Female,Tamil Nadu,1610278.0,PhD,Entrepreneur
5304,Tarini Grover,38,Delhi,Female,Delhi,2365349.0,MBA,Doctor
5305,Shray Rout,41,Ahmedabad,Male,Gujarat,723377.0,BSc,HR Manager
5306,Tara Bumb,44,Ahmedabad,Female,Gujarat,878566.0,MSc,Entrepreneur
5308,Aaryahi Tak,24,Delhi,Female,Delhi,2658930.0,M.Tech,Software Engineer
5309,Vaibhav Bhalla,37,Mumbai,Female,Maharashtra,2360926.0,MBA,Software Engineer
5311,Alia Mahajan,43,Delhi,Female,Delhi,1431446.0,PhD,Data Scientist
5312,Adah Sane,26,Ahmedabad,Female,Gujarat,1248811.0,M.Tech,Doctor
5313,Veer Mallick,20,Kolkata,Male,West Bengal,529668.0,BBA,Bank Clerk
5314,Indrans Kapur,33,Delhi,Male,Delhi,1077741.0,PhD,Data Scientist
5315,Zara Bhavsar,49,Hyderabad,Male,Telangana,390912.0,12th Pass,Security Guard
5316,Miraan Issac,20,Kolkata,Female,West Bengal,1342267.0,PhD,Finance Manager
5317,Aniruddh Bali,53,Bangalore,Female,Karnataka,2605708.0,PhD,Data Scientist
5318,Biju Chandra,27,Bangalore,Male,Karnataka,798434.0,B.A,Teacher
5320,Samarth D’Alia,53,Lucknow,Female,Uttar Pradesh,387418.0,Diploma,Retail Worker
5321,Dhanush Contractor,30,Bangalore,Male,Karnataka,2208827.0,MSc,Finance Manager
5323,Shalv Luthra,51,Delhi,Female,Delhi,815182.0,PhD,Finance Manager
5324,Akarsh Mannan,32,Chennai,Male,Tamil Nadu,564633.0,BSc,Accountant
5325,Purab Sami,19,Mumbai,Female,Maharashtra,2386026.0,MBA,Software Engineer
5326,Divit Rama,37,Mumbai,Female,Maharashtra,1707918.0,MSc,Data Scientist
5327,Fateh Kurian,32,Mumbai,Female,Maharashtra,2378006.0,MBA,Finance Manager
5328,Ranbir Rattan,25,Mumbai,Female,Maharashtra,312024.0,12th Pass,Customer Support
5329,Neysa Halder,32,Chennai,Male,Tamil Nadu,1872366.0,PhD,Software Engineer
5330,Nirvi Kuruvilla,27,Bangalore,Female,Karnataka,2538737.0,MSc,Finance Manager
5331,Prisha Mahal,27,Delhi,Female,Delhi,2373154.0,M.Tech,Software Engineer
5332,Shalv Bhatti,31,Ahmedabad,Male,Gujarat,1155445.0,MSc,Software Engineer
5334,Sara Sundaram,51,Bangalore,Female,Karnataka,763319.0,B.Com,Bank Clerk
5335,Tushar Bhatia,54,Chennai,Female,Tamil Nadu,679798.0,BBA,Marketing Executive
5336,Manikya Varty,21,Kolkata,Male,West Bengal,1330690.0,MSc,Finance Manager
5337,Heer Jhaveri,41,Mumbai,Female,Maharashtra,571595.0,BBA,Accountant
5338,Anya Mangal,24,Kolkata,Male,West Bengal,1954680.0,M.Tech,Data Scientist
5341,Anaya Wason,49,Hyderabad,Male,Telangana,2965300.0,M.Tech,Finance Manager
5342,Faiyaz Sandhu,28,Chennai,Male,Tamil Nadu,1795149.0,PhD,Data Scientist
5343,Urvi Banerjee,22,Kolkata,Female,West Bengal,982878.0,MSc,Data Scientist
5344,Aaryahi Kala,28,Chennai,Female,Tamil Nadu,985010.0,PhD,Data Scientist
5345,Divit Wagle,46,Delhi,Female,Delhi,560636.0,B.A,Teacher
5346,Hridaan Sen,18,Lucknow,Female,Uttar Pradesh,623792.0,B.Com,Teacher
5347,Chirag Sarna,42,Ahmedabad,Male,Gujarat,1256465.0,M.Tech,Doctor
5348,Devansh Walla,30,Chennai,Male,Tamil Nadu,1272045.0,MSc,Data Scientist
5349,Yasmin Arora,46,Mumbai,Female,Maharashtra,1917177.0,PhD,Entrepreneur
5350,Emir Agarwal,45,Hyderabad,Male,Telangana,735132.0,B.A,Teacher
5351,Ishita Sathe,26,Mumbai,Male,Maharashtra,1718649.0,MSc,Data Scientist
5352,Pari Sarna,43,Delhi,Female,Delhi,1236101.0,MSc,Entrepreneur
5354,Aniruddh Dugal,34,Hyderabad,Female,Telangana,822236.0,MSc,Entrepreneur
5355,Prerak Joshi,35,Hyderabad,Male,Telangana,1605471.0,M.Tech,Entrepreneur
5356,Myra Sidhu,31,Chennai,Male,Tamil Nadu,605677.0,BSc,Teacher
5357,Jayant Tata,37,Bangalore,Female,Karnataka,2939595.0,MBA,Doctor
5358,Ela Jaggi,21,Hyderabad,Male,Telangana,1750376.0,MSc,Software Engineer
5359,Raghav Majumdar,28,Pune,Male,Maharashtra,1504927.0,PhD,Data Scientist
5361,Emir Wagle,28,Pune,Male,Maharashtra,1506351.0,M.Tech,Entrepreneur
5362,Raunak Barad,28,Pune,Female,Maharashtra,1974696.0,MSc,Data Scientist
5364,Mehul Kata,39,Mumbai,Male,Maharashtra,2425829.0,MBA,Data Scientist
5365,Trisha Apte,20,Mumbai,Male,Maharashtra,1388233.0,MSc,Software Engineer
5367,Yuvraj  Lanka,34,Ahmedabad,Male,Gujarat,754386.0,B.Com,Accountant
5369,Raghav Shankar,39,Pune,Male,Maharashtra,1381930.0,PhD,Entrepreneur
5370,Anvi Divan,36,Delhi,Female,Delhi,1051307.0,MSc,Finance Manager
5371,Dhanuk Krishnamurthy,47,Bangalore,Female,Karnataka,2428971.0,M.Tech,Finance Manager
5372,Tarini Magar,44,Bangalore,Male,Karnataka,1157350.0,M.Tech,Software Engineer
5373,Taran Mangat,35,Delhi,Female,Delhi,2086054.0,M.Tech,Software Engineer
5374,Aaina Tripathi,35,Ahmedabad,Female,Gujarat,932907.0,PhD,Finance Manager
5375,Vritika Savant,32,Delhi,Male,Delhi,697839.0,B.Com,Bank Clerk
5377,Nitya Lal,41,Hyderabad,Male,Telangana,462557.0,12th Pass,Factory Worker
5378,Yasmin Sandal,24,Mumbai,Male,Maharashtra,2221085.0,PhD,Software Engineer
5379,Nirvi Taneja,27,Chennai,Female,Tamil Nadu,569416.0,MCA,HR Manager
5380,Purab Maharaj,39,Bangalore,Female,Karnataka,1616110.0,MBA,Entrepreneur
5381,Veer Sodhi,42,Hyderabad,Male,Telangana,1662706.0,M.Tech,Entrepreneur
5382,Aniruddh Mani,39,Ahmedabad,Female,Gujarat,981141.0,MSc,Entrepreneur
5383,Sahil Chandran,44,Mumbai,Male,Maharashtra,1593677.0,PhD,Doctor
5384,Kaira Basu,20,Mumbai,Male,Maharashtra,2820391.0,MBA,Software Engineer
5385,Lakshay Subramanian,29,Bangalore,Female,Karnataka,2191226.0,PhD,Entrepreneur
5386,Parinaaz Hora,35,Mumbai,Female,Maharashtra,421324.0,12th Pass,Delivery Agent
5387,Nehmat Korpal,41,Hyderabad,Female,Telangana,2018763.0,MSc,Software Engineer
5388,Renee Bail,29,Mumbai,Male,Maharashtra,2272575.0,M.Tech,Software Engineer
5389,Alisha Tara,31,Pune,Male,Maharashtra,1955566.0,MSc,Entrepreneur
5390,Ritvik Bobal,24,Hyderabad,Female,Telangana,1557566.0,PhD,Finance Manager
5391,Ishaan Malhotra,54,Delhi,Male,Delhi,2984059.0,PhD,Software Engineer
5392,Stuvan Ghosh,38,Delhi,Female,Delhi,673786.0,Diploma,Accountant
5393,Zara Kala,41,Mumbai,Male,Maharashtra,1737413.0,M.Tech,Data Scientist
5394,Aradhya Chauhan,44,Kolkata,Male,West Bengal,998342.0,MBA,Data Scientist
5395,Azad Chowdhury,40,Delhi,Male,Delhi,952412.0,MBA,Software Engineer
5396,Piya Ramanathan,38,Ahmedabad,Female,Gujarat,1573781.0,PhD,Finance Manager
5398,Jivin Ghosh,26,Hyderabad,Male,Telangana,1231941.0,PhD,Doctor
5399,Vivaan Dhillon,50,Hyderabad,Male,Telangana,711909.0,Diploma,Accountant
5401,Hazel Kamdar,34,Delhi,Male,Delhi,2079573.0,M.Tech,Entrepreneur
5339,Shalv Soman,18,Delhi,Female,Delhi,2570034.0,MBA,Data Scientist
5402,Bhavin Dugar,27,Hyderabad,Female,Telangana,2633581.0,MBA,Entrepreneur
5403,Adah Chakrabarti,29,Bangalore,Male,Karnataka,2963620.0,M.Tech,Software Engineer
5404,Himmat Dutta,22,Bangalore,Female,Karnataka,2441544.0,M.Tech,Doctor
5405,Nirvi Basak,28,Ahmedabad,Female,Gujarat,582049.0,B.Tech,HR Manager
5406,Tara Roy,22,Hyderabad,Male,Telangana,1967302.0,M.Tech,Doctor
5407,Lakshit Manda,38,Hyderabad,Female,Telangana,2315057.0,MSc,Software Engineer
5408,Zoya Chana,30,Mumbai,Female,Maharashtra,2999362.0,MBA,Software Engineer
5410,Saanvi Bir,23,Bangalore,Male,Karnataka,2522303.0,PhD,Doctor
5411,Bhavin Mangal,25,Ahmedabad,Male,Gujarat,1964132.0,M.Tech,Data Scientist
5412,Sara Ben,24,Hyderabad,Male,Telangana,2293920.0,M.Tech,Entrepreneur
5413,Misha Hayer,49,Hyderabad,Female,Telangana,1675383.0,PhD,Doctor
5414,Aradhya Amble,55,Chennai,Female,Tamil Nadu,1350929.0,M.Tech,Data Scientist
5415,Pihu Bahl,19,Delhi,Female,Delhi,2815259.0,MBA,Software Engineer
5416,Prisha Desai,41,Mumbai,Female,Maharashtra,2330366.0,MBA,Data Scientist
5417,Kabir Vala,44,Hyderabad,Male,Telangana,581222.0,B.A,Marketing Executive
5418,Nirvaan Sura,43,Ahmedabad,Male,Gujarat,616001.0,MCA,Bank Clerk
5419,Kartik Gopal,41,Delhi,Female,Delhi,2422759.0,MBA,Doctor
5420,Renee Sabharwal,18,Delhi,Male,Delhi,443478.0,Diploma,Customer Support
5422,Oorja Raju,38,Kolkata,Male,West Bengal,1128707.0,MSc,Software Engineer
5424,Nishith Madan,33,Ahmedabad,Male,Gujarat,1265646.0,M.Tech,Data Scientist
5425,Aarav Randhawa,34,Mumbai,Female,Maharashtra,2887937.0,MSc,Software Engineer
5426,Tanya Bhatti,34,Hyderabad,Male,Telangana,1649931.0,PhD,Doctor
5427,Vritika Bhargava,18,Hyderabad,Male,Telangana,2907166.0,M.Tech,Entrepreneur
5428,Anahi Soni,53,Mumbai,Male,Maharashtra,2609264.0,MSc,Entrepreneur
5429,Adira Sridhar,40,Bangalore,Male,Karnataka,1253257.0,MSc,Software Engineer
5430,Sana Dewan,31,Hyderabad,Female,Telangana,1776206.0,M.Tech,Doctor
5431,Aayush Deo,23,Delhi,Female,Delhi,1602255.0,PhD,Entrepreneur
5432,Anay Kothari,43,Delhi,Male,Delhi,2424832.0,MSc,Finance Manager
5433,Shaan Butala,18,Ahmedabad,Female,Gujarat,737289.0,Diploma,Marketing Executive
5434,Mannat Bajaj,35,Pune,Male,Maharashtra,783931.0,BBA,Accountant
5435,Jivika Ghosh,40,Delhi,Male,Delhi,1242977.0,M.Tech,Finance Manager
5436,Stuvan Krishnamurthy,31,Delhi,Female,Delhi,847311.0,M.Tech,Software Engineer
5437,Shalv Jani,26,Pune,Female,Maharashtra,1662534.0,MBA,Entrepreneur
5438,Baiju Kuruvilla,43,Ahmedabad,Female,Gujarat,899467.0,M.Tech,Finance Manager
5439,Ayesha Khurana,48,Hyderabad,Male,Telangana,1439758.0,M.Tech,Entrepreneur
5440,Nirvi Randhawa,18,Mumbai,Female,Maharashtra,1551640.0,MSc,Software Engineer
5441,Baiju Edwin,22,Bangalore,Female,Karnataka,2897031.0,MBA,Doctor
5442,Biju Shukla,33,Bangalore,Female,Karnataka,1063740.0,M.Tech,Finance Manager
5443,Jayan Gupta,27,Kolkata,Female,West Bengal,1204696.0,PhD,Doctor
5444,Anaya Tak,30,Chennai,Male,Tamil Nadu,887212.0,MSc,Data Scientist
5445,Vaibhav Hayer,49,Bangalore,Female,Karnataka,2040517.0,MSc,Software Engineer
5446,Kabir Khanna,44,Delhi,Female,Delhi,543508.0,BBA,Bank Clerk
5447,Sumer Dixit,37,Delhi,Female,Delhi,2923235.0,PhD,Doctor
5448,Zoya Rajan,37,Bangalore,Female,Karnataka,1323864.0,M.Tech,Doctor
5449,Kanav Khare,23,Pune,Female,Maharashtra,1492111.0,PhD,Data Scientist
5450,Indranil Chad,56,Mumbai,Female,Maharashtra,1387926.0,PhD,Entrepreneur
5451,Advik Sawhney,24,Delhi,Male,Delhi,321724.0,12th Pass,Security Guard
5452,Devansh Batra,18,Bangalore,Male,Karnataka,1356447.0,MBA,Entrepreneur
5453,Armaan Wali,32,Delhi,Male,Delhi,1320385.0,PhD,Data Scientist
5454,Lakshay Kurian,45,Chennai,Female,Tamil Nadu,1264807.0,MBA,Finance Manager
5455,Zara Sant,28,Jaipur,Female,Rajasthan,764363.0,B.Tech,HR Manager
5456,Navya Sundaram,40,Mumbai,Male,Maharashtra,555426.0,B.Com,Marketing Executive
5458,Prisha Ganesan,61,Mumbai,Female,Maharashtra,1220604.0,MBA,Doctor
5460,Samar Ranganathan,25,Pune,Male,Maharashtra,1364469.0,PhD,Data Scientist
5462,Anvi Sarin,24,Kolkata,Male,West Bengal,1086111.0,MSc,Doctor
5463,Kabir Sastry,45,Chennai,Female,Tamil Nadu,1572775.0,MSc,Finance Manager
5464,Alisha Manne,29,Mumbai,Male,Maharashtra,1263627.0,MSc,Finance Manager
5465,Anya Bains,35,Bangalore,Female,Karnataka,1844192.0,M.Tech,Data Scientist
5466,Suhana Khurana,52,Delhi,Male,Delhi,846724.0,MBA,Finance Manager
5467,Nitya Char,37,Delhi,Male,Delhi,2018380.0,MSc,Entrepreneur
5468,Jhanvi Bassi,28,Jaipur,Male,Rajasthan,1092563.0,M.Tech,Software Engineer
5469,Zoya Karpe,32,Mumbai,Male,Maharashtra,547806.0,MBA,Marketing Executive
5471,Vanya Chaudhry,36,Jaipur,Male,Rajasthan,308129.0,12th Pass,Customer Support
5472,Ira Baral,31,Delhi,Female,Delhi,2139030.0,MSc,Doctor
5473,Himmat Ganesan,38,Delhi,Male,Delhi,638558.0,B.A,Accountant
5474,Kaira Maharaj,28,Delhi,Male,Delhi,740992.0,MCA,Bank Clerk
5475,Reyansh Sarma,62,Ahmedabad,Male,Gujarat,1924271.0,PhD,Finance Manager
5476,Shayak Dhar,33,Ahmedabad,Male,Gujarat,1432874.0,PhD,Doctor
5477,Kabir Chaudhari,26,Mumbai,Female,Maharashtra,2323883.0,PhD,Finance Manager
5478,Urvi Borde,46,Delhi,Male,Delhi,1551884.0,MSc,Finance Manager
5479,Shayak Guha,27,Mumbai,Male,Maharashtra,1640270.0,MSc,Finance Manager
5480,Alisha Sanghvi,42,Mumbai,Male,Maharashtra,1194264.0,PhD,Entrepreneur
5481,Miraya Sane,47,Chennai,Male,Tamil Nadu,1536043.0,MSc,Doctor
5482,Hrishita Arya,40,Jaipur,Male,Rajasthan,648939.0,B.Tech,Marketing Executive
5483,Madhup Wali,18,Delhi,Male,Delhi,2632960.0,MBA,Data Scientist
5484,Sana Ramanathan,18,Pune,Female,Maharashtra,1098589.0,MSc,Doctor
5485,Divit Bhargava,51,Jaipur,Female,Rajasthan,986406.0,PhD,Finance Manager
5487,Kartik Lala,21,Kolkata,Male,West Bengal,1529165.0,M.Tech,Software Engineer
5488,Lakshit Bhargava,49,Ahmedabad,Female,Gujarat,1406292.0,MSc,Data Scientist
5489,Indrans Kunda,27,Delhi,Male,Delhi,2654665.0,MBA,Doctor
5490,Anahi Kata,34,Mumbai,Female,Maharashtra,590106.0,Diploma,Accountant
5491,Sahil Lal,30,Delhi,Male,Delhi,1407184.0,M.Tech,Data Scientist
5492,Purab Hari,46,Mumbai,Female,Maharashtra,752691.0,B.Tech,Accountant
5493,Sahil Manda,35,Chennai,Female,Tamil Nadu,993177.0,MSc,Software Engineer
5494,Advika Kumar,49,Delhi,Female,Delhi,401350.0,Diploma,Delivery Agent
5495,Taran Din,37,Bangalore,Female,Karnataka,722984.0,B.Com,HR Manager
5496,Kiaan Iyengar,46,Bangalore,Female,Karnataka,1892451.0,PhD,Entrepreneur
5497,Jayesh Mahajan,35,Bangalore,Female,Karnataka,1367978.0,PhD,Data Scientist
5498,Aarna Dhingra,24,Jaipur,Female,Rajasthan,1140437.0,PhD,Data Scientist
5499,Rasha Roy,30,Hyderabad,Female,Telangana,2350672.0,PhD,Entrepreneur
5500,Vaibhav Srinivas,31,Delhi,Male,Delhi,365522.0,Diploma,Factory Worker
5501,Armaan Bansal,45,Kolkata,Female,West Bengal,1650080.0,MSc,Entrepreneur
5502,Mehul Srinivasan,28,Hyderabad,Male,Telangana,1973804.0,MSc,Data Scientist
5503,Diya Mangat,31,Hyderabad,Female,Telangana,1820693.0,PhD,Finance Manager
5504,Anya Andra,43,Bangalore,Female,Karnataka,2084741.0,M.Tech,Entrepreneur
5505,Onkar Madan,36,Delhi,Male,Delhi,481552.0,12th Pass,Delivery Agent
5506,Rohan Chandran,33,Bangalore,Female,Karnataka,2863172.0,MSc,Software Engineer
5507,Dharmajan Rana,35,Chennai,Male,Tamil Nadu,904558.0,MSc,Data Scientist
5509,Lagan Sami,32,Delhi,Male,Delhi,2482147.0,PhD,Doctor
5510,Himmat Mahajan,37,Pune,Female,Maharashtra,1112470.0,MBA,Software Engineer
5511,Damini Toor,49,Bangalore,Female,Karnataka,1918981.0,PhD,Doctor
5512,Yashvi Dugar,44,Bangalore,Female,Karnataka,340692.0,12th Pass,Security Guard
5513,Nishith Kulkarni,41,Pune,Male,Maharashtra,1366065.0,M.Tech,Data Scientist
5514,Zaina Babu,25,Mumbai,Male,Maharashtra,1289058.0,MBA,Entrepreneur
5515,Mamooty Sheth,40,Ahmedabad,Female,Gujarat,674783.0,BBA,Marketing Executive
5516,Mahika Srinivasan,43,Kolkata,Male,West Bengal,1518481.0,M.Tech,Software Engineer
5517,Divit Gokhale,31,Hyderabad,Male,Telangana,973628.0,MSc,Finance Manager
5518,Mahika Tandon,42,Chennai,Female,Tamil Nadu,1795068.0,MSc,Software Engineer
5519,Ivana Char,52,Delhi,Male,Delhi,2382047.0,MSc,Data Scientist
5520,Divit Dora,34,Mumbai,Male,Maharashtra,2291787.0,MBA,Software Engineer
5522,Raunak Bhattacharyya,53,Bangalore,Female,Karnataka,2335961.0,M.Tech,Entrepreneur
5523,Charvi Agarwal,45,Mumbai,Male,Maharashtra,2592155.0,M.Tech,Data Scientist
5524,Darshit Anne,29,Hyderabad,Female,Telangana,1087883.0,PhD,Finance Manager
5527,Yasmin Chaudhuri,18,Kolkata,Male,West Bengal,642161.0,MCA,HR Manager
5528,Trisha Buch,37,Chennai,Female,Tamil Nadu,1805744.0,MSc,Doctor
5529,Indrans Apte,37,Chennai,Male,Tamil Nadu,1933468.0,MBA,Finance Manager
5531,Mishti Chauhan,38,Chennai,Female,Tamil Nadu,614769.0,B.A,Marketing Executive
5532,Riaan Edwin,26,Ahmedabad,Female,Gujarat,1269115.0,M.Tech,Finance Manager
5533,Riaan Master,18,Ahmedabad,Male,Gujarat,728360.0,BBA,HR Manager
5534,Tarini Buch,55,Hyderabad,Female,Telangana,1918547.0,MBA,Finance Manager
5535,Ishaan Sami,30,Delhi,Female,Delhi,2878076.0,MSc,Entrepreneur
5536,Anahita Bhakta,31,Kolkata,Female,West Bengal,1886203.0,M.Tech,Finance Manager
5538,Vivaan Trivedi,48,Mumbai,Male,Maharashtra,610217.0,B.A,Bank Clerk
5539,Lakshay Krish,42,Jaipur,Female,Rajasthan,716080.0,BSc,Teacher
5540,Anahita Dutta,31,Ahmedabad,Male,Gujarat,1147903.0,MBA,Data Scientist
5542,Piya Tata,29,Pune,Male,Maharashtra,1218282.0,MBA,Doctor
5543,Ranbir Chacko,25,Jaipur,Male,Rajasthan,407337.0,12th Pass,Delivery Agent
5544,Sahil Bumb,40,Bangalore,Female,Karnataka,2543577.0,M.Tech,Finance Manager
5545,Indranil Iyer,18,Mumbai,Male,Maharashtra,1433947.0,M.Tech,Doctor
5546,Manjari Kumer,37,Mumbai,Female,Maharashtra,1285487.0,MBA,Finance Manager
5547,Kaira Kade,36,Delhi,Female,Delhi,635821.0,B.Com,HR Manager
5550,Eva Yadav,30,Kolkata,Male,West Bengal,1821563.0,MSc,Data Scientist
5551,Shamik Khurana,22,Delhi,Female,Delhi,2938485.0,MBA,Doctor
5552,Adah Doctor,39,Hyderabad,Female,Telangana,1449232.0,M.Tech,Entrepreneur
5554,Kanav Hayre,26,Ahmedabad,Female,Gujarat,917982.0,M.Tech,Doctor
5555,Suhana Sur,36,Kolkata,Female,West Bengal,909682.0,M.Tech,Doctor
5556,Misha Setty,23,Hyderabad,Male,Telangana,1502548.0,MSc,Entrepreneur
5557,Zaina Subramanian,41,Mumbai,Female,Maharashtra,1021766.0,M.Tech,Entrepreneur
5558,Shray Lata,37,Mumbai,Female,Maharashtra,344458.0,Diploma,Delivery Agent
5559,Vaibhav Sharaf,25,Ahmedabad,Female,Gujarat,1063513.0,MBA,Finance Manager
5561,Divij Dhillon,31,Bangalore,Male,Karnataka,1047969.0,MBA,Entrepreneur
5562,Vardaniya Loke,29,Mumbai,Male,Maharashtra,937713.0,M.Tech,Entrepreneur
5563,Indrajit Bhalla,38,Delhi,Female,Delhi,2843315.0,M.Tech,Software Engineer
5565,Anahita Rao,30,Mumbai,Male,Maharashtra,320319.0,12th Pass,Factory Worker
5566,Aayush Sundaram,21,Delhi,Female,Delhi,2000536.0,MBA,Doctor
5567,Saira Tank,41,Mumbai,Female,Maharashtra,2060454.0,PhD,Software Engineer
5569,Piya Guha,44,Delhi,Male,Delhi,1355133.0,PhD,Entrepreneur
5570,Azad Golla,33,Kolkata,Male,West Bengal,1493838.0,MBA,Data Scientist
5572,Kavya Manda,30,Delhi,Male,Delhi,859430.0,PhD,Finance Manager
5573,Kismat Sodhi,31,Mumbai,Female,Maharashtra,2227056.0,MBA,Finance Manager
5574,Aaina Contractor,51,Mumbai,Male,Maharashtra,2244174.0,PhD,Software Engineer
5575,Urvi Krishna,26,Pune,Male,Maharashtra,768892.0,MCA,Accountant
5576,Advik Madan,54,Delhi,Male,Delhi,908080.0,MSc,Software Engineer
5577,Ojas Gole,23,Mumbai,Female,Maharashtra,1291187.0,MSc,Finance Manager
5578,Tiya Khalsa,18,Hyderabad,Male,Telangana,847999.0,M.Tech,Entrepreneur
5579,Rasha Dutta,22,Hyderabad,Female,Telangana,382171.0,12th Pass,Factory Worker
5581,Jivin Dada,43,Mumbai,Female,Maharashtra,1578085.0,MSc,Entrepreneur
5583,Suhana Dugar,28,Ahmedabad,Female,Gujarat,1920486.0,PhD,Software Engineer
5584,Ritvik Bhardwaj,25,Hyderabad,Female,Telangana,2688902.0,PhD,Entrepreneur
5586,Prisha Atwal,41,Ahmedabad,Male,Gujarat,531894.0,MCA,Marketing Executive
5587,Purab Buch,32,Chennai,Male,Tamil Nadu,1146882.0,M.Tech,Finance Manager
5588,Anvi Sane,49,Kolkata,Female,West Bengal,828114.0,MSc,Data Scientist
5590,Heer Lala,45,Ahmedabad,Female,Gujarat,425447.0,Diploma,Security Guard
5591,Gatik Bhavsar,30,Mumbai,Male,Maharashtra,364827.0,Diploma,Customer Support
5592,Taimur Sarraf,34,Bangalore,Female,Karnataka,874643.0,MBA,Finance Manager
5595,Shlok Dasgupta,21,Pune,Female,Maharashtra,1537449.0,MSc,Entrepreneur
5596,Jhanvi Contractor,32,Hyderabad,Female,Telangana,2664437.0,MBA,Doctor
5597,Badal Kapadia,44,Delhi,Female,Delhi,1393274.0,MSc,Entrepreneur
5598,Dhanush Brar,55,Delhi,Male,Delhi,541058.0,MBA,Bank Clerk
5599,Ayesha Chahal,35,Mumbai,Female,Maharashtra,1232963.0,M.Tech,Doctor
5600,Elakshi Sood,19,Mumbai,Female,Maharashtra,1695506.0,MSc,Entrepreneur
5601,Dishani Bhandari,34,Bangalore,Female,Karnataka,2067772.0,PhD,Finance Manager
5602,Vritika Saini,22,Bangalore,Male,Karnataka,1006236.0,M.Tech,Finance Manager
5606,Stuvan Bora,43,Bangalore,Female,Karnataka,1056819.0,PhD,Finance Manager
5607,Hunar Char,55,Kolkata,Male,West Bengal,1068055.0,MBA,Data Scientist
5608,Biju Madan,28,Hyderabad,Female,Telangana,2442953.0,MSc,Software Engineer
5609,Charvi Banik,39,Hyderabad,Male,Telangana,428960.0,Diploma,Customer Support
5610,Alisha Gupta,24,Delhi,Female,Delhi,1469013.0,M.Tech,Finance Manager
5611,Lagan Sabharwal,38,Ahmedabad,Female,Gujarat,1151272.0,M.Tech,Software Engineer
5613,Tanya Dewan,28,Mumbai,Male,Maharashtra,2067090.0,MSc,Software Engineer
5614,Nayantara Sachdeva,48,Pune,Female,Maharashtra,1444819.0,PhD,Software Engineer
5617,Kavya De,42,Bangalore,Female,Karnataka,1979592.0,MBA,Entrepreneur
5618,Samiha Doshi,34,Bangalore,Male,Karnataka,2471917.0,MSc,Doctor
5619,Sumer Chahal,36,Mumbai,Female,Maharashtra,1019730.0,M.Tech,Entrepreneur
5620,Anaya Kar,23,Delhi,Male,Delhi,2646880.0,M.Tech,Entrepreneur
5621,Tarini Khosla,31,Ahmedabad,Female,Gujarat,890418.0,MBA,Finance Manager
5622,Anahita Bhattacharyya,37,Delhi,Male,Delhi,2774013.0,MSc,Entrepreneur
5624,Hazel Balay,31,Delhi,Male,Delhi,394213.0,Diploma,Security Guard
5625,Reyansh Mand,28,Delhi,Female,Delhi,721632.0,BSc,HR Manager
5626,Dhruv Bhargava,39,Bangalore,Male,Karnataka,2550376.0,MSc,Data Scientist
5629,Umang Sanghvi,34,Bangalore,Female,Karnataka,943831.0,MBA,Software Engineer
5630,Aarna Mannan,47,Hyderabad,Female,Telangana,2790053.0,MSc,Entrepreneur
5631,Arhaan Ram,37,Hyderabad,Female,Telangana,2921134.0,MSc,Doctor
5632,Vedika De,30,Pune,Female,Maharashtra,1099279.0,M.Tech,Software Engineer
5634,Jhanvi Bhagat,35,Delhi,Male,Delhi,1346641.0,M.Tech,Data Scientist
5635,Lagan Kapur,18,Delhi,Male,Delhi,1427946.0,PhD,Doctor
5636,Aayush Manda,22,Mumbai,Female,Maharashtra,465157.0,Diploma,Security Guard
5637,Yakshit Randhawa,18,Ahmedabad,Male,Gujarat,608106.0,MBA,Teacher
5638,Riya Bansal,27,Kolkata,Female,West Bengal,953514.0,M.Tech,Entrepreneur
5639,Alia Barad,24,Pune,Female,Maharashtra,1241674.0,M.Tech,Doctor
5642,Renee Chakrabarti,41,Ahmedabad,Male,Gujarat,908226.0,MSc,Entrepreneur
5644,Tushar Kara,28,Mumbai,Male,Maharashtra,617144.0,MCA,Marketing Executive
5645,Farhan Thaker,28,Chennai,Male,Tamil Nadu,962894.0,M.Tech,Entrepreneur
5646,Umang Grover,27,Delhi,Male,Delhi,2810377.0,PhD,Entrepreneur
5647,Devansh Chana,48,Ahmedabad,Female,Gujarat,1008369.0,M.Tech,Doctor
5648,Chirag Sarraf,36,Bangalore,Male,Karnataka,615860.0,B.Tech,Accountant
5650,Lagan Majumdar,49,Pune,Female,Maharashtra,1419132.0,MBA,Finance Manager
5651,Neysa Deshmukh,39,Bangalore,Male,Karnataka,2785540.0,PhD,Software Engineer
5653,Ehsaan Kala,42,Mumbai,Male,Maharashtra,1895378.0,MBA,Data Scientist
5654,Anaya Buch,35,Pune,Female,Maharashtra,767451.0,B.A,HR Manager
5655,Keya Balakrishnan,26,Bangalore,Female,Karnataka,1171049.0,MSc,Software Engineer
5656,Rati Sahota,43,Delhi,Male,Delhi,2900280.0,MSc,Entrepreneur
5657,Myra Doshi,49,Kolkata,Female,West Bengal,1472396.0,MSc,Data Scientist
5658,Raghav Dutt,29,Lucknow,Male,Uttar Pradesh,940843.0,PhD,Software Engineer
5659,Miraan Sinha,29,Bangalore,Female,Karnataka,1691805.0,MBA,Doctor
5660,Hazel Sen,51,Bangalore,Male,Karnataka,585727.0,B.A,Accountant
5661,Ehsaan Bhatti,45,Pune,Male,Maharashtra,533375.0,MBA,Teacher
5662,Samarth Sampath,37,Delhi,Male,Delhi,1166750.0,PhD,Doctor
5663,Samaira Samra,34,Hyderabad,Male,Telangana,1925862.0,M.Tech,Finance Manager
5666,Madhav Kamdar,39,Delhi,Male,Delhi,1438961.0,M.Tech,Data Scientist
5667,Biju Jain,51,Delhi,Female,Delhi,2282113.0,PhD,Entrepreneur
5668,Ehsaan Borra,48,Bangalore,Female,Karnataka,780943.0,MBA,Marketing Executive
5669,Sumer Dugar,42,Kolkata,Male,West Bengal,928613.0,M.Tech,Data Scientist
5671,Eshani Chandran,21,Lucknow,Male,Uttar Pradesh,593287.0,B.Tech,Teacher
5672,Kaira Basak,33,Kolkata,Male,West Bengal,1503908.0,M.Tech,Software Engineer
5673,Indranil Ravi,44,Bangalore,Female,Karnataka,1447435.0,PhD,Finance Manager
5674,Tanya Raju,38,Hyderabad,Female,Telangana,1189682.0,MBA,Finance Manager
5676,Raghav Anne,19,Bangalore,Female,Karnataka,2182715.0,MSc,Software Engineer
5677,Shalv Dua,23,Chennai,Female,Tamil Nadu,1237887.0,MSc,Data Scientist
5678,Lakshay Rattan,33,Mumbai,Male,Maharashtra,2961518.0,PhD,Data Scientist
5679,Amira Rana,46,Pune,Male,Maharashtra,1111336.0,M.Tech,Finance Manager
5680,Umang Master,35,Mumbai,Male,Maharashtra,808588.0,MBA,Software Engineer
5681,Lakshit Khosla,22,Ahmedabad,Male,Gujarat,598170.0,Diploma,Teacher
5683,Pranay Dhaliwal,22,Mumbai,Female,Maharashtra,791033.0,BSc,HR Manager
5685,Jayan Gola,46,Chennai,Male,Tamil Nadu,1842332.0,M.Tech,Finance Manager
5686,Lakshay Reddy,41,Hyderabad,Female,Telangana,2799073.0,PhD,Entrepreneur
5688,Armaan Lalla,43,Hyderabad,Female,Telangana,1766968.0,MBA,Doctor
5690,Ira Arya,37,Delhi,Female,Delhi,1664649.0,MSc,Finance Manager
5691,Zain Ram,26,Hyderabad,Male,Telangana,987138.0,MSc,Data Scientist
5692,Jivika Cherian,32,Delhi,Female,Delhi,1051503.0,M.Tech,Doctor
5693,Yasmin Brahmbhatt,40,Mumbai,Male,Maharashtra,899920.0,MBA,Data Scientist
5695,Ishaan Mani,22,Bangalore,Male,Karnataka,1414299.0,PhD,Finance Manager
5696,Ahana  Mann,24,Delhi,Female,Delhi,1755954.0,MSc,Software Engineer
5697,Armaan Shah,20,Delhi,Female,Delhi,2507558.0,MSc,Entrepreneur
5698,Yashvi Lad,39,Chennai,Male,Tamil Nadu,1955411.0,MSc,Finance Manager
5699,Sana Din,18,Bangalore,Female,Karnataka,2687868.0,MSc,Finance Manager
5700,Shayak Dhawan,27,Bangalore,Female,Karnataka,2438235.0,MBA,Doctor
5701,Sumer Deep,39,Ahmedabad,Male,Gujarat,806779.0,PhD,Doctor
5702,Drishya Sha,28,Pune,Female,Maharashtra,918074.0,M.Tech,Data Scientist
5703,Purab Bal,50,Hyderabad,Male,Telangana,2023661.0,M.Tech,Entrepreneur
5704,Prerak Bobal,44,Delhi,Female,Delhi,2530215.0,M.Tech,Entrepreneur
5707,Madhav Khanna,21,Mumbai,Male,Maharashtra,740528.0,MBA,Teacher
5708,Nishith Mall,42,Delhi,Male,Delhi,2909325.0,MSc,Data Scientist
5709,Tushar Bhalla,30,Ahmedabad,Male,Gujarat,804106.0,MSc,Entrepreneur
5710,Baiju Chandran,35,Pune,Female,Maharashtra,570642.0,Diploma,Marketing Executive
5712,Mamooty Gade,24,Mumbai,Female,Maharashtra,884957.0,PhD,Doctor
5713,Rohan Bhatia,38,Hyderabad,Male,Telangana,2488741.0,M.Tech,Data Scientist
5714,Kiara Bora,21,Bangalore,Male,Karnataka,1104084.0,MSc,Data Scientist
5715,Hrishita Ravi,41,Bangalore,Male,Karnataka,885857.0,MBA,Software Engineer
5717,Anvi Madan,41,Bangalore,Female,Karnataka,2821527.0,MSc,Finance Manager
5718,Adah Hayre,33,Bangalore,Male,Karnataka,2018034.0,MSc,Doctor
5719,Damini Choudhry,32,Bangalore,Female,Karnataka,743501.0,Diploma,Accountant
5721,Ojas Chopra,55,Hyderabad,Male,Telangana,833811.0,PhD,Software Engineer
5722,Renee Sidhu,25,Delhi,Male,Delhi,1933361.0,MSc,Software Engineer
5723,Kavya Jain,39,Mumbai,Male,Maharashtra,2546752.0,MBA,Software Engineer
5724,Dhruv Dutta,53,Ahmedabad,Female,Gujarat,1934077.0,MSc,Finance Manager
5725,Devansh Sura,40,Mumbai,Male,Maharashtra,1577131.0,PhD,Software Engineer
5726,Tiya Rattan,44,Hyderabad,Male,Telangana,2429201.0,MBA,Data Scientist
5727,Kiara Manda,33,Ahmedabad,Female,Gujarat,345286.0,12th Pass,Retail Worker
5728,Bhavin Mani,35,Mumbai,Female,Maharashtra,1887906.0,PhD,Finance Manager
5729,Rania Walla,35,Bangalore,Male,Karnataka,2302985.0,PhD,Software Engineer
5730,Nayantara Contractor,44,Pune,Male,Maharashtra,522763.0,B.Tech,HR Manager
5731,Pari Varkey,35,Hyderabad,Male,Telangana,516385.0,BSc,Accountant
5732,Gatik Soni,27,Chennai,Female,Tamil Nadu,1299224.0,MSc,Entrepreneur
5733,Sana Wadhwa,37,Delhi,Male,Delhi,2500900.0,MSc,Doctor
5734,Amani Magar,35,Bangalore,Male,Karnataka,2117448.0,MSc,Doctor
5736,Adira Guha,48,Bangalore,Male,Karnataka,2516618.0,MSc,Entrepreneur
5737,Shayak Deol,43,Mumbai,Female,Maharashtra,489662.0,Diploma,Factory Worker
5738,Prerak Rajan,36,Jaipur,Male,Rajasthan,935991.0,MBA,Software Engineer
5739,Indranil Chand,29,Kolkata,Male,West Bengal,1370063.0,MBA,Data Scientist
5740,Himmat Garde,32,Bangalore,Female,Karnataka,918302.0,MSc,Data Scientist
5741,Alisha Bumb,38,Pune,Female,Maharashtra,719109.0,B.Tech,HR Manager
5742,Farhan Bhatia,39,Hyderabad,Male,Telangana,2912380.0,M.Tech,Data Scientist
5743,Ahana  Lall,38,Bangalore,Female,Karnataka,1053956.0,M.Tech,Software Engineer
5744,Ishita Walla,34,Hyderabad,Female,Telangana,1134366.0,MBA,Data Scientist
5747,Mamooty Aurora,42,Jaipur,Female,Rajasthan,1147606.0,PhD,Software Engineer
5748,Tara Deo,28,Chennai,Male,Tamil Nadu,1272890.0,MSc,Finance Manager
5749,Pranay Ahluwalia,38,Hyderabad,Female,Telangana,812199.0,MSc,Software Engineer
5750,Mahika Kanda,21,Jaipur,Female,Rajasthan,760135.0,B.Com,HR Manager
5751,Ehsaan Thaman,36,Bangalore,Male,Karnataka,2716004.0,MSc,Doctor
5752,Vaibhav Bansal,33,Bangalore,Male,Karnataka,1226901.0,MSc,Finance Manager
5753,Samaira Bawa,34,Jaipur,Female,Rajasthan,312164.0,Diploma,Customer Support
5754,Umang Solanki,38,Bangalore,Male,Karnataka,785688.0,B.A,Accountant
5756,Lagan Kant,30,Hyderabad,Female,Telangana,2297781.0,MSc,Entrepreneur
5757,Vedika Kulkarni,31,Mumbai,Female,Maharashtra,1634718.0,PhD,Doctor
5758,Kiara Dayal,21,Kolkata,Female,West Bengal,1976334.0,PhD,Finance Manager
5760,Mamooty Tak,40,Mumbai,Female,Maharashtra,1138890.0,MSc,Data Scientist
5761,Nitara Garde,21,Mumbai,Male,Maharashtra,1080862.0,MBA,Entrepreneur
5762,Shalv Issac,50,Chennai,Female,Tamil Nadu,798714.0,B.Com,HR Manager
5763,Aayush Desai,40,Delhi,Female,Delhi,1774164.0,M.Tech,Entrepreneur
5764,Vardaniya Gandhi,29,Bangalore,Male,Karnataka,980358.0,MBA,Doctor
5765,Lavanya Ramanathan,39,Kolkata,Male,West Bengal,1178054.0,PhD,Entrepreneur
5766,Amira Bajaj,47,Delhi,Male,Delhi,1566038.0,PhD,Data Scientist
5767,Mishti Dara,32,Pune,Female,Maharashtra,989142.0,MSc,Finance Manager
5768,Mohanlal Deep,26,Jaipur,Male,Rajasthan,458762.0,12th Pass,Factory Worker
5769,Arhaan Dash,37,Hyderabad,Female,Telangana,636184.0,B.Com,HR Manager
5770,Chirag Dutt,36,Mumbai,Male,Maharashtra,1661021.0,PhD,Finance Manager
5771,Indranil Gokhale,42,Delhi,Female,Delhi,948143.0,PhD,Entrepreneur
5772,Oorja Chaudhari,28,Hyderabad,Female,Telangana,1050268.0,MBA,Data Scientist
5773,Anay Borah,45,Mumbai,Male,Maharashtra,2065073.0,MBA,Software Engineer
5774,Diya Kapoor,46,Hyderabad,Male,Telangana,1515510.0,MSc,Entrepreneur
5775,Chirag Banik,44,Delhi,Female,Delhi,2408754.0,M.Tech,Doctor
5776,Nayantara Gade,51,Jaipur,Male,Rajasthan,746612.0,BBA,Bank Clerk
5777,Jivika Korpal,41,Delhi,Male,Delhi,1246470.0,M.Tech,Data Scientist
5778,Tushar Cherian,49,Hyderabad,Female,Telangana,2327905.0,M.Tech,Data Scientist
5779,Ahana  Suresh,19,Mumbai,Female,Maharashtra,1415273.0,MBA,Finance Manager
5780,Eva Gera,32,Kolkata,Female,West Bengal,1888262.0,PhD,Entrepreneur
5781,Rasha Vohra,33,Delhi,Male,Delhi,2495014.0,MSc,Data Scientist
5783,Jivin Din,32,Bangalore,Female,Karnataka,2264156.0,M.Tech,Software Engineer
5784,Kabir Bhattacharyya,38,Kolkata,Female,West Bengal,1612558.0,M.Tech,Doctor
5785,Anika Sankaran,18,Ahmedabad,Female,Gujarat,1376888.0,MSc,Finance Manager
5786,Suhana Krishnamurthy,33,Hyderabad,Male,Telangana,2226723.0,M.Tech,Doctor
5787,Navya Varughese,24,Hyderabad,Male,Telangana,759778.0,B.Tech,HR Manager
5788,Diya Dutta,22,Delhi,Male,Delhi,2489219.0,MSc,Data Scientist
5789,Jhanvi Balan,30,Bangalore,Male,Karnataka,647945.0,Diploma,Marketing Executive
5790,Myra Khanna,41,Chennai,Male,Tamil Nadu,710586.0,B.A,HR Manager
5791,Aaina Ghose,22,Ahmedabad,Female,Gujarat,1712948.0,MBA,Entrepreneur
5792,Indrajit Bassi,18,Ahmedabad,Female,Gujarat,1079529.0,PhD,Data Scientist
5793,Rohan Lad,37,Bangalore,Male,Karnataka,2060330.0,MSc,Software Engineer
5794,Lakshay Bahl,36,Ahmedabad,Male,Gujarat,1133074.0,MBA,Software Engineer
5795,Alia Sood,26,Mumbai,Male,Maharashtra,1051256.0,MSc,Data Scientist
5797,Alia Tandon,44,Delhi,Female,Delhi,841723.0,MSc,Software Engineer
5798,Shlok Srinivas,35,Pune,Male,Maharashtra,1000752.0,M.Tech,Finance Manager
5800,Ahana  Shere,27,Hyderabad,Female,Telangana,2291672.0,PhD,Data Scientist
5801,Reyansh Hora,45,Pune,Male,Maharashtra,1360174.0,MBA,Finance Manager
5802,Ivan Reddy,28,Mumbai,Male,Maharashtra,2300260.0,MBA,Finance Manager
5803,Parinaaz Andra,41,Chennai,Male,Tamil Nadu,1680114.0,PhD,Doctor
5804,Ivan Brar,27,Ahmedabad,Female,Gujarat,1665976.0,MBA,Finance Manager
5805,Himmat Sawhney,26,Jaipur,Female,Rajasthan,354068.0,12th Pass,Factory Worker
5806,Ayesha Sane,19,Bangalore,Female,Karnataka,2288994.0,PhD,Finance Manager
5807,Renee Bali,55,Bangalore,Male,Karnataka,2829323.0,MBA,Software Engineer
5808,Vivaan Mall,41,Delhi,Male,Delhi,1911446.0,PhD,Entrepreneur
5809,Reyansh Mani,44,Hyderabad,Female,Telangana,862579.0,MSc,Data Scientist
5810,Manikya Sinha,21,Delhi,Male,Delhi,2462831.0,PhD,Data Scientist
5811,Nehmat Agarwal,42,Kolkata,Female,West Bengal,1348796.0,PhD,Doctor
5812,Alia Chand,35,Ahmedabad,Female,Gujarat,557654.0,BSc,Marketing Executive
5813,Yuvraj  Dhillon,18,Ahmedabad,Male,Gujarat,1755700.0,MSc,Entrepreneur
5815,Siya Khanna,18,Bangalore,Female,Karnataka,1061366.0,PhD,Doctor
5816,Kismat Basu,33,Delhi,Male,Delhi,715698.0,B.Tech,HR Manager
5817,Tanya Khosla,27,Bangalore,Male,Karnataka,890048.0,MBA,Finance Manager
5818,Nayantara Salvi,46,Kolkata,Female,West Bengal,1708711.0,MSc,Data Scientist
5819,Ivan Sami,26,Hyderabad,Female,Telangana,2322887.0,MBA,Data Scientist
5820,Anahi Garg,46,Ahmedabad,Male,Gujarat,1411817.0,MBA,Entrepreneur
5821,Saanvi Sharaf,22,Chennai,Male,Tamil Nadu,1792264.0,PhD,Finance Manager
5823,Nayantara Rege,26,Mumbai,Female,Maharashtra,1546521.0,M.Tech,Finance Manager
5824,Tanya Lata,25,Lucknow,Male,Uttar Pradesh,432436.0,12th Pass,Customer Support
5825,Divyansh Sangha,38,Ahmedabad,Female,Gujarat,703153.0,B.Com,Marketing Executive
5826,Jivika Kala,28,Ahmedabad,Female,Gujarat,539008.0,BSc,Accountant
5827,Kaira Barad,42,Bangalore,Male,Karnataka,742528.0,BSc,HR Manager
5828,Shayak Mahal,40,Hyderabad,Male,Telangana,2852583.0,MSc,Finance Manager
5829,Himmat Walla,31,Kolkata,Female,West Bengal,1148670.0,PhD,Doctor
5830,Tarini Sahni,47,Chennai,Female,Tamil Nadu,1054738.0,MSc,Software Engineer
5831,Manikya Majumdar,46,Hyderabad,Male,Telangana,1088343.0,MSc,Software Engineer
5832,Kiara Sidhu,23,Mumbai,Female,Maharashtra,2766328.0,PhD,Doctor
5833,Anaya Swaminathan,19,Mumbai,Female,Maharashtra,988295.0,PhD,Doctor
5834,Neysa Wagle,33,Delhi,Female,Delhi,2369174.0,MBA,Entrepreneur
5835,Shamik Brahmbhatt,32,Chennai,Male,Tamil Nadu,692840.0,Diploma,Teacher
5836,Chirag Acharya,39,Chennai,Female,Tamil Nadu,1005864.0,M.Tech,Entrepreneur
5837,Shaan Dhillon,18,Bangalore,Male,Karnataka,1724660.0,PhD,Finance Manager
5838,Darshit Kaur,34,Bangalore,Male,Karnataka,1789913.0,MSc,Doctor
5840,Yuvaan Bansal,26,Hyderabad,Male,Telangana,1115153.0,MBA,Data Scientist
5841,Ryan Bal,40,Kolkata,Male,West Bengal,1213229.0,MSc,Software Engineer
5842,Drishya Saxena,18,Mumbai,Male,Maharashtra,2231079.0,M.Tech,Finance Manager
5843,Yashvi Zachariah,26,Kolkata,Female,West Bengal,699217.0,B.Com,Marketing Executive
5844,Pranay Karnik,44,Delhi,Female,Delhi,918810.0,MBA,Entrepreneur
5845,Kiara Shan,39,Lucknow,Male,Uttar Pradesh,904217.0,MSc,Entrepreneur
5846,Kanav Char,34,Pune,Female,Maharashtra,1254896.0,M.Tech,Doctor
5847,Mamooty Roy,46,Bangalore,Female,Karnataka,2447471.0,M.Tech,Doctor
5848,Yuvraj  Suri,36,Delhi,Female,Delhi,1584010.0,MSc,Data Scientist
5849,Hrishita Madan,46,Mumbai,Female,Maharashtra,1682907.0,MBA,Doctor
5850,Mamooty Dora,40,Bangalore,Male,Karnataka,2460522.0,M.Tech,Data Scientist
5851,Hrishita Lala,35,Bangalore,Female,Karnataka,2721067.0,MSc,Doctor
5853,Anvi Borde,48,Bangalore,Male,Karnataka,387370.0,Diploma,Factory Worker
5854,Seher Kari,41,Bangalore,Male,Karnataka,2221512.0,MSc,Finance Manager
5855,Romil Raj,56,Delhi,Female,Delhi,2162188.0,MBA,Finance Manager
5856,Onkar Devi,46,Mumbai,Male,Maharashtra,2292113.0,PhD,Finance Manager
5857,Miraan Chhabra,45,Hyderabad,Male,Telangana,2614499.0,PhD,Software Engineer
5858,Pihu Varughese,45,Pune,Female,Maharashtra,1021935.0,PhD,Doctor
5859,Akarsh Batta,29,Delhi,Male,Delhi,888081.0,M.Tech,Finance Manager
5860,Sahil Batta,60,Mumbai,Female,Maharashtra,1270985.0,M.Tech,Software Engineer
5861,Oorja Mannan,18,Mumbai,Male,Maharashtra,699450.0,MBA,Marketing Executive
5862,Mehul Dani,30,Mumbai,Female,Maharashtra,2920134.0,MBA,Finance Manager
5863,Zeeshan Sawhney,30,Bangalore,Female,Karnataka,370924.0,Diploma,Customer Support
5864,Lagan Vasa,31,Mumbai,Male,Maharashtra,754815.0,MCA,HR Manager
5865,Navya Rajagopal,18,Chennai,Male,Tamil Nadu,1049701.0,PhD,Doctor
5866,Fateh Char,32,Chennai,Male,Tamil Nadu,1216718.0,M.Tech,Software Engineer
5867,Lagan Mangal,42,Hyderabad,Male,Telangana,2018536.0,MSc,Data Scientist
5868,Saira Golla,35,Mumbai,Male,Maharashtra,858128.0,MBA,Software Engineer
5869,Dhruv Konda,37,Pune,Female,Maharashtra,1638499.0,PhD,Finance Manager
5870,Ryan Kata,21,Hyderabad,Male,Telangana,1428950.0,MBA,Entrepreneur
5871,Shayak Sabharwal,18,Jaipur,Male,Rajasthan,743480.0,B.Com,HR Manager
5872,Madhup Lala,40,Delhi,Female,Delhi,747414.0,BSc,Accountant
5873,Indrajit Karan,37,Chennai,Female,Tamil Nadu,1430465.0,PhD,Doctor
5874,Zoya Loyal,23,Hyderabad,Female,Telangana,1798436.0,M.Tech,Doctor
5876,Umang Balay,46,Ahmedabad,Male,Gujarat,870280.0,M.Tech,Finance Manager
5877,Jayesh Doshi,30,Hyderabad,Female,Telangana,1532443.0,M.Tech,Data Scientist
5878,Baiju Dhaliwal,35,Mumbai,Male,Maharashtra,1806432.0,MBA,Finance Manager
5879,Nirvaan Ahluwalia,46,Ahmedabad,Male,Gujarat,1523240.0,PhD,Doctor
5880,Ishita Hora,40,Ahmedabad,Female,Gujarat,1197256.0,PhD,Data Scientist
5882,Ishaan Sunder,45,Ahmedabad,Male,Gujarat,1651034.0,MSc,Entrepreneur
5883,Dhruv Anand,26,Bangalore,Female,Karnataka,2235973.0,MSc,Software Engineer
5884,Darshit Bhatnagar,34,Pune,Male,Maharashtra,1007367.0,MSc,Entrepreneur
5885,Sumer Agate,38,Kolkata,Male,West Bengal,1293004.0,MBA,Software Engineer
5886,Arhaan Ravel,38,Ahmedabad,Female,Gujarat,613080.0,MBA,Marketing Executive
5887,Shayak Desai,40,Lucknow,Male,Uttar Pradesh,1079821.0,MBA,Data Scientist
5888,Anahi Choudhary,33,Mumbai,Female,Maharashtra,2823493.0,PhD,Entrepreneur
5889,Trisha Subramanian,33,Bangalore,Female,Karnataka,656794.0,Diploma,HR Manager
5890,Ishita Lal,51,Hyderabad,Female,Telangana,2982900.0,PhD,Finance Manager
5891,Priyansh Issac,37,Chennai,Male,Tamil Nadu,1865023.0,PhD,Software Engineer
5892,Tarini Wagle,35,Ahmedabad,Male,Gujarat,1921800.0,PhD,Entrepreneur
5893,Jayan Bhatia,46,Ahmedabad,Male,Gujarat,970044.0,PhD,Data Scientist
5895,Aniruddh Sunder,32,Delhi,Female,Delhi,1168634.0,PhD,Data Scientist
5896,Parinaaz Chakrabarti,37,Kolkata,Female,West Bengal,1738375.0,M.Tech,Finance Manager
5898,Oorja Bora,32,Delhi,Male,Delhi,2845326.0,MBA,Entrepreneur
5899,Darshit Magar,24,Bangalore,Male,Karnataka,2075486.0,M.Tech,Software Engineer
5900,Tiya Walla,23,Delhi,Female,Delhi,1672430.0,MSc,Finance Manager
5901,Aarush Sharma,31,Hyderabad,Male,Telangana,2473604.0,MSc,Data Scientist
5903,Amira Bumb,29,Ahmedabad,Female,Gujarat,900059.0,PhD,Software Engineer
5904,Yakshit Chatterjee,38,Bangalore,Female,Karnataka,1985926.0,M.Tech,Data Scientist
5905,Nayantara Loke,19,Kolkata,Male,West Bengal,624749.0,MCA,Bank Clerk
5908,Armaan Saran,24,Ahmedabad,Male,Gujarat,1002057.0,MSc,Entrepreneur
5909,Prerak Ravel,33,Hyderabad,Male,Telangana,1030141.0,PhD,Data Scientist
5910,Aarav Bhatnagar,29,Bangalore,Male,Karnataka,2447313.0,PhD,Entrepreneur
5911,Ivana Din,50,Hyderabad,Male,Telangana,1090957.0,MSc,Finance Manager
5912,Tara Rama,35,Delhi,Male,Delhi,2131986.0,PhD,Entrepreneur
5913,Anay Thaker,38,Delhi,Female,Delhi,563345.0,MCA,HR Manager
5914,Jayant Choudhry,49,Pune,Female,Maharashtra,1931723.0,PhD,Data Scientist
5916,Kanav Sundaram,35,Bangalore,Female,Karnataka,1607421.0,MSc,Software Engineer
5917,Jayan Sood,48,Mumbai,Female,Maharashtra,648577.0,B.Tech,Bank Clerk
5918,Vedika Kaul,34,Bangalore,Female,Karnataka,1746301.0,M.Tech,Doctor
5919,Advika Garg,51,Mumbai,Female,Maharashtra,2266692.0,M.Tech,Doctor
5920,Amani Desai,43,Chennai,Female,Tamil Nadu,1757831.0,PhD,Doctor
5921,Jhanvi Choudhury,28,Delhi,Female,Delhi,1932060.0,M.Tech,Doctor
5923,Nishith Dash,40,Delhi,Female,Delhi,2145185.0,MSc,Software Engineer
5924,Jiya Hora,41,Mumbai,Male,Maharashtra,462998.0,12th Pass,Retail Worker
5925,Ahana  Mammen,26,Pune,Female,Maharashtra,893485.0,MBA,Finance Manager
5926,Yuvaan Bajwa,32,Delhi,Female,Delhi,758968.0,B.A,Marketing Executive
5927,Taimur Mani,35,Bangalore,Male,Karnataka,635871.0,B.Com,Teacher
5929,Rohan Madan,23,Delhi,Male,Delhi,914748.0,M.Tech,Entrepreneur
5930,Aradhya Thakkar,43,Pune,Female,Maharashtra,1415715.0,MBA,Software Engineer
5931,Shayak Dayal,44,Bangalore,Male,Karnataka,1385641.0,MBA,Finance Manager
5932,Adah Kara,22,Mumbai,Female,Maharashtra,2597661.0,M.Tech,Data Scientist
5933,Samar Bose,27,Delhi,Female,Delhi,477609.0,Diploma,Factory Worker
5934,Hiran Sarma,33,Hyderabad,Female,Telangana,1389631.0,MBA,Data Scientist
5935,Kartik Chand,18,Delhi,Female,Delhi,1935153.0,MSc,Data Scientist
5936,Nitara Yadav,34,Delhi,Male,Delhi,735863.0,B.Tech,Teacher
5937,Tarini Sethi,32,Delhi,Female,Delhi,1009703.0,MBA,Entrepreneur
5938,Zoya Mander,38,Delhi,Female,Delhi,1303648.0,M.Tech,Entrepreneur
5942,Shaan Thakur,35,Delhi,Female,Delhi,908309.0,M.Tech,Data Scientist
5943,Fateh Barad,39,Bangalore,Male,Karnataka,2475619.0,PhD,Doctor
5944,Yuvaan Mahajan,21,Kolkata,Female,West Bengal,875986.0,PhD,Finance Manager
5946,Lagan Bandi,35,Hyderabad,Male,Telangana,381730.0,12th Pass,Factory Worker
5947,Aarush Mahajan,23,Bangalore,Male,Karnataka,681746.0,MCA,HR Manager
5948,Purab Cheema,23,Kolkata,Female,West Bengal,1506535.0,M.Tech,Software Engineer
5949,Samarth Bobal,33,Hyderabad,Male,Telangana,2042078.0,MSc,Finance Manager
5950,Ojas Ganesan,32,Lucknow,Male,Uttar Pradesh,1057532.0,PhD,Entrepreneur
5951,Kismat Sharaf,39,Ahmedabad,Female,Gujarat,1603342.0,M.Tech,Data Scientist
5953,Madhav Yohannan,32,Chennai,Female,Tamil Nadu,1930451.0,MBA,Entrepreneur
5954,Lagan Chokshi,38,Bangalore,Female,Karnataka,790280.0,MCA,HR Manager
5955,Yakshit Aurora,38,Bangalore,Male,Karnataka,928032.0,M.Tech,Doctor
5956,Sumer Toor,35,Pune,Female,Maharashtra,1019404.0,MSc,Software Engineer
5957,Taran Balay,25,Bangalore,Male,Karnataka,691266.0,B.A,HR Manager
5958,Yashvi Kulkarni,29,Ahmedabad,Female,Gujarat,1733530.0,PhD,Doctor
5961,Jayan Kashyap,35,Ahmedabad,Male,Gujarat,1527189.0,M.Tech,Entrepreneur
5962,Mohanlal Tella,36,Delhi,Male,Delhi,640208.0,B.Tech,Bank Clerk
5963,Uthkarsh Viswanathan,24,Bangalore,Male,Karnataka,1287779.0,MSc,Entrepreneur
5965,Mannat Batta,29,Delhi,Female,Delhi,1198541.0,MSc,Data Scientist
5966,Jayesh Dutta,36,Pune,Female,Maharashtra,1024022.0,MBA,Finance Manager
5967,Vardaniya Kant,48,Hyderabad,Male,Telangana,499587.0,Diploma,Customer Support
5968,Jayesh Jayaraman,40,Jaipur,Male,Rajasthan,1126550.0,M.Tech,Software Engineer
5969,Himmat Ghose,50,Bangalore,Male,Karnataka,1546273.0,M.Tech,Data Scientist
5970,Jivin Dugar,39,Kolkata,Male,West Bengal,790534.0,B.Tech,Accountant
5971,Shlok Biswas,51,Delhi,Female,Delhi,1448651.0,MBA,Finance Manager
5972,Rhea Raval,47,Hyderabad,Female,Telangana,393245.0,Diploma,Retail Worker
5973,Hiran Trivedi,36,Mumbai,Female,Maharashtra,2120195.0,MSc,Finance Manager
5974,Shaan Dube,21,Ahmedabad,Male,Gujarat,779290.0,MBA,Bank Clerk
5976,Amani Suri,39,Ahmedabad,Female,Gujarat,502719.0,MBA,Accountant
5977,Drishya Kaul,35,Delhi,Female,Delhi,1943120.0,PhD,Finance Manager
5978,Jivika Bala,41,Mumbai,Female,Maharashtra,1712507.0,MSc,Doctor
5979,Chirag Madan,27,Mumbai,Female,Maharashtra,2671382.0,MSc,Data Scientist
5980,Manjari Sathe,27,Delhi,Female,Delhi,2439994.0,MSc,Software Engineer
5981,Mehul Samra,33,Delhi,Female,Delhi,2089951.0,MBA,Entrepreneur
5982,Jayant Atwal,30,Bangalore,Male,Karnataka,543952.0,MBA,Bank Clerk
5983,Uthkarsh Varkey,48,Hyderabad,Male,Telangana,1701699.0,PhD,Software Engineer
5985,Parinaaz Koshy,38,Jaipur,Male,Rajasthan,360890.0,Diploma,Customer Support
5986,Krish Dugar,46,Delhi,Female,Delhi,2670515.0,MBA,Finance Manager
5987,Vaibhav Rajan,34,Mumbai,Female,Maharashtra,881075.0,MBA,Data Scientist
5988,Abram Kant,38,Ahmedabad,Female,Gujarat,380830.0,12th Pass,Delivery Agent
5989,Manjari Chatterjee,25,Bangalore,Male,Karnataka,830227.0,M.Tech,Finance Manager
5990,Vidur Borde,46,Chennai,Female,Tamil Nadu,1139523.0,MSc,Entrepreneur
5991,Abram Dayal,24,Ahmedabad,Female,Gujarat,1547448.0,M.Tech,Finance Manager
5992,Nitya Mall,35,Hyderabad,Male,Telangana,2368006.0,M.Tech,Software Engineer
5993,Ishaan Sinha,32,Delhi,Female,Delhi,437136.0,Diploma,Factory Worker
5994,Prisha Anne,27,Kolkata,Female,West Bengal,1769580.0,M.Tech,Data Scientist
5995,Mannat Chaudhari,31,Ahmedabad,Male,Gujarat,1783178.0,MBA,Entrepreneur
5996,Ranbir Date,42,Mumbai,Female,Maharashtra,1013733.0,M.Tech,Doctor
5997,Tejas Saini,21,Mumbai,Male,Maharashtra,2327895.0,M.Tech,Entrepreneur
5998,Priyansh Ratta,43,Ahmedabad,Male,Gujarat,794823.0,MBA,Teacher
6000,Eva Saini,39,Hyderabad,Female,Telangana,2065382.0,M.Tech,Software Engineer
6001,Manjari Dara,32,Mumbai,Female,Maharashtra,2921266.0,MSc,Doctor
6002,Lakshay Rau,20,Delhi,Male,Delhi,986670.0,PhD,Doctor
6004,Miraya Shan,18,Chennai,Male,Tamil Nadu,1705425.0,MBA,Entrepreneur
6005,Yuvraj  Sekhon,54,Mumbai,Male,Maharashtra,784078.0,MCA,HR Manager
6006,Kashvi Rattan,18,Bangalore,Male,Karnataka,870044.0,PhD,Doctor
6007,Rasha Anne,33,Mumbai,Male,Maharashtra,1986801.0,M.Tech,Entrepreneur
6009,Indranil Tank,43,Hyderabad,Male,Telangana,2586352.0,MSc,Data Scientist
6010,Dhanuk Aggarwal,44,Hyderabad,Female,Telangana,2040668.0,M.Tech,Doctor
6011,Manjari Dubey,42,Mumbai,Male,Maharashtra,2618132.0,MSc,Entrepreneur
6013,Mamooty Raman,34,Hyderabad,Male,Telangana,1753085.0,MSc,Entrepreneur
6014,Neelofar Wagle,50,Delhi,Male,Delhi,2459366.0,PhD,Data Scientist
6016,Reyansh Sharaf,41,Ahmedabad,Male,Gujarat,1417854.0,PhD,Data Scientist
6017,Kimaya Badami,62,Bangalore,Female,Karnataka,1968232.0,M.Tech,Finance Manager
6018,Onkar Dugal,47,Jaipur,Female,Rajasthan,793504.0,B.Tech,HR Manager
6019,Heer Rattan,37,Mumbai,Male,Maharashtra,372210.0,Diploma,Customer Support
6020,Kiaan Deo,34,Kolkata,Female,West Bengal,957027.0,PhD,Finance Manager
6021,Hiran De,44,Ahmedabad,Female,Gujarat,1218329.0,PhD,Finance Manager
6022,Jivika Sibal,27,Bangalore,Female,Karnataka,1069319.0,MBA,Entrepreneur
6023,Anvi Sidhu,35,Bangalore,Female,Karnataka,1983728.0,MBA,Data Scientist
6024,Kiara Chaudhry,18,Kolkata,Female,West Bengal,1518808.0,MBA,Entrepreneur
6025,Gokul Rajagopal,42,Pune,Male,Maharashtra,655614.0,B.Com,Marketing Executive
6026,Lakshit Dalal,30,Hyderabad,Male,Telangana,1399831.0,MBA,Software Engineer
6027,Alisha Dass,32,Ahmedabad,Female,Gujarat,1349855.0,PhD,Software Engineer
6028,Renee Salvi,34,Ahmedabad,Female,Gujarat,913897.0,MBA,Software Engineer
6030,Anika Madan,41,Delhi,Male,Delhi,2203947.0,PhD,Entrepreneur
6031,Fateh Kamdar,27,Delhi,Female,Delhi,723558.0,B.A,HR Manager
6032,Nakul Bath,35,Chennai,Male,Tamil Nadu,881838.0,MBA,Data Scientist
6033,Ishita De,18,Mumbai,Female,Maharashtra,2979146.0,MBA,Entrepreneur
6034,Navya Wagle,49,Bangalore,Male,Karnataka,1610383.0,PhD,Finance Manager
6035,Ehsaan Kala,51,Bangalore,Female,Karnataka,2955717.0,MSc,Entrepreneur
6036,Vidur Barad,55,Mumbai,Female,Maharashtra,2778334.0,MBA,Doctor
6037,Shray Contractor,35,Bangalore,Female,Karnataka,1097364.0,MBA,Software Engineer
6038,Rohan Loyal,42,Kolkata,Male,West Bengal,608560.0,BSc,Marketing Executive
6039,Zain Suri,29,Mumbai,Male,Maharashtra,427689.0,Diploma,Security Guard
6041,Drishya Kapur,31,Ahmedabad,Female,Gujarat,1631575.0,MBA,Entrepreneur
6042,Vanya Sur,34,Mumbai,Female,Maharashtra,2719963.0,MSc,Software Engineer
6043,Hiran Ahluwalia,35,Delhi,Female,Delhi,2341427.0,PhD,Finance Manager
6044,Zoya Kota,31,Mumbai,Female,Maharashtra,1522697.0,M.Tech,Data Scientist
6048,Gatik Savant,38,Bangalore,Female,Karnataka,2944802.0,MSc,Entrepreneur
6049,Shaan Bhatt,25,Mumbai,Female,Maharashtra,1383555.0,MBA,Entrepreneur
6051,Kiaan Tailor,25,Pune,Male,Maharashtra,919300.0,MSc,Finance Manager
6052,Lagan Master,18,Mumbai,Female,Maharashtra,2384986.0,MBA,Finance Manager
6053,Jivika Kar,31,Delhi,Female,Delhi,1225195.0,M.Tech,Entrepreneur
6054,Jayant Sharma,34,Lucknow,Male,Uttar Pradesh,1038510.0,MSc,Data Scientist
6055,Zeeshan Sankaran,40,Pune,Male,Maharashtra,890989.0,PhD,Entrepreneur
6056,Uthkarsh Anand,42,Mumbai,Male,Maharashtra,2449386.0,MSc,Finance Manager
6057,Arhaan Chandra,18,Chennai,Female,Tamil Nadu,1984610.0,M.Tech,Finance Manager
6058,Khushi Issac,30,Hyderabad,Male,Telangana,2092941.0,PhD,Software Engineer
6059,Sana Samra,49,Mumbai,Male,Maharashtra,1236560.0,MSc,Doctor
6060,Alisha Gour,46,Mumbai,Female,Maharashtra,471843.0,Diploma,Delivery Agent
6061,Anaya Maharaj,42,Mumbai,Male,Maharashtra,2195925.0,M.Tech,Data Scientist
6063,Alia Chowdhury,25,Chennai,Female,Tamil Nadu,845502.0,M.Tech,Software Engineer
6064,Samar Bumb,31,Bangalore,Male,Karnataka,2667275.0,MBA,Entrepreneur
6065,Purab Suresh,50,Mumbai,Male,Maharashtra,1149755.0,MSc,Data Scientist
6066,Kartik Manda,18,Mumbai,Female,Maharashtra,1812840.0,PhD,Finance Manager
6067,Ivan Sane,32,Mumbai,Female,Maharashtra,1979626.0,PhD,Entrepreneur
6068,Veer Gaba,28,Ahmedabad,Female,Gujarat,1029785.0,MBA,Data Scientist
6069,Azad Mani,45,Delhi,Female,Delhi,1607541.0,MSc,Software Engineer
6070,Shanaya Chaudhari,36,Mumbai,Female,Maharashtra,1794687.0,PhD,Data Scientist
6071,Yuvaan Biswas,33,Kolkata,Female,West Bengal,966993.0,PhD,Finance Manager
6073,Yakshit Kumar,37,Ahmedabad,Female,Gujarat,1312382.0,MSc,Doctor
6075,Indranil Bora,33,Lucknow,Female,Uttar Pradesh,1198843.0,M.Tech,Entrepreneur
6076,Faiyaz Mannan,35,Hyderabad,Male,Telangana,1588105.0,MSc,Finance Manager
6077,Raghav Ramakrishnan,39,Hyderabad,Male,Telangana,1983470.0,PhD,Finance Manager
6079,Stuvan Basu,34,Delhi,Female,Delhi,977453.0,MSc,Entrepreneur
6080,Aarush Dugal,38,Mumbai,Male,Maharashtra,1982636.0,MBA,Software Engineer
6081,Dhanuk Sengupta,31,Hyderabad,Male,Telangana,2547175.0,M.Tech,Doctor
6082,Madhav Vohra,53,Bangalore,Female,Karnataka,2832113.0,PhD,Software Engineer
6083,Advika Chandran,49,Chennai,Female,Tamil Nadu,1489018.0,PhD,Data Scientist
6084,Aarna Thakur,31,Kolkata,Male,West Bengal,959140.0,MSc,Entrepreneur
6085,Mehul Borra,40,Mumbai,Male,Maharashtra,1239747.0,MSc,Entrepreneur
6086,Rhea Sethi,36,Bangalore,Female,Karnataka,1632383.0,M.Tech,Software Engineer
6087,Suhana Konda,36,Chennai,Female,Tamil Nadu,889856.0,MSc,Finance Manager
6088,Vritika Char,18,Bangalore,Female,Karnataka,1184678.0,M.Tech,Entrepreneur
6089,Vritika Raju,25,Bangalore,Male,Karnataka,527705.0,MBA,Teacher
6092,Kiaan Varty,50,Mumbai,Female,Maharashtra,1192397.0,MBA,Finance Manager
6093,Urvi Chaudhuri,20,Kolkata,Male,West Bengal,837378.0,M.Tech,Finance Manager
6094,Raghav Buch,31,Mumbai,Male,Maharashtra,562202.0,Diploma,Bank Clerk
6095,Mohanlal Salvi,36,Bangalore,Female,Karnataka,452836.0,12th Pass,Security Guard
6097,Samaira Borde,62,Mumbai,Female,Maharashtra,2295095.0,M.Tech,Entrepreneur
6098,Samarth Wagle,48,Delhi,Male,Delhi,1482066.0,M.Tech,Data Scientist
6099,Indrajit Kapadia,41,Delhi,Male,Delhi,1110513.0,PhD,Data Scientist
6100,Rania Thaman,33,Bangalore,Female,Karnataka,2789859.0,M.Tech,Software Engineer
6102,Mohanlal Bhagat,56,Mumbai,Male,Maharashtra,1803814.0,MBA,Data Scientist
6103,Yuvaan Ganguly,21,Ahmedabad,Male,Gujarat,1658924.0,MSc,Data Scientist
6104,Badal Sule,29,Hyderabad,Male,Telangana,1964266.0,M.Tech,Entrepreneur
6105,Vidur Mandal,26,Mumbai,Male,Maharashtra,2791573.0,M.Tech,Doctor
6106,Seher Issac,38,Delhi,Male,Delhi,1506064.0,MSc,Doctor
6107,Vihaan Saxena,30,Mumbai,Male,Maharashtra,1373122.0,PhD,Software Engineer
6108,Abram Cherian,48,Kolkata,Female,West Bengal,1337823.0,MSc,Data Scientist
6109,Badal Savant,53,Hyderabad,Male,Telangana,2812692.0,MSc,Finance Manager
6110,Faiyaz Rege,34,Mumbai,Male,Maharashtra,2721259.0,MSc,Doctor
6111,Uthkarsh Dhar,48,Bangalore,Male,Karnataka,545645.0,B.Com,Marketing Executive
6112,Jayan Datta,30,Chennai,Female,Tamil Nadu,1489981.0,M.Tech,Doctor
6113,Raghav D’Alia,33,Ahmedabad,Male,Gujarat,1940450.0,PhD,Entrepreneur
6114,Yasmin Sama,40,Delhi,Female,Delhi,1914555.0,MBA,Doctor
6115,Bhavin Master,36,Bangalore,Male,Karnataka,1673776.0,PhD,Finance Manager
6116,Mannat Dubey,30,Chennai,Female,Tamil Nadu,1232066.0,M.Tech,Software Engineer
6117,Arnav Randhawa,51,Delhi,Male,Delhi,1140193.0,M.Tech,Finance Manager
6118,Taran Walia,22,Hyderabad,Female,Telangana,2173437.0,MBA,Doctor
6119,Manikya Doshi,39,Mumbai,Female,Maharashtra,1728392.0,PhD,Doctor
6120,Pihu Bhavsar,31,Mumbai,Male,Maharashtra,753237.0,MBA,Marketing Executive
6122,Gokul Sibal,58,Hyderabad,Male,Telangana,434758.0,Diploma,Retail Worker
6123,Kabir Joshi,55,Hyderabad,Female,Telangana,1305111.0,PhD,Entrepreneur
6124,Alia Kapoor,38,Mumbai,Male,Maharashtra,1887140.0,MSc,Finance Manager
6125,Ritvik Subramaniam,39,Bangalore,Female,Karnataka,2486347.0,M.Tech,Software Engineer
6127,Samarth Singhal,24,Mumbai,Male,Maharashtra,2272757.0,M.Tech,Finance Manager
6128,Samarth Konda,47,Bangalore,Male,Karnataka,1563551.0,M.Tech,Doctor
6129,Riya Yadav,21,Hyderabad,Female,Telangana,2677018.0,MBA,Finance Manager
6131,Bhavin Mandal,32,Chennai,Male,Tamil Nadu,1934405.0,MSc,Data Scientist
6132,Manjari Balasubramanian,32,Mumbai,Male,Maharashtra,2739857.0,MBA,Doctor
6133,Seher Chawla,42,Jaipur,Female,Rajasthan,945886.0,MSc,Finance Manager
6134,Mehul Chander,18,Ahmedabad,Female,Gujarat,1435675.0,PhD,Software Engineer
6135,Hunar Rau,46,Pune,Male,Maharashtra,1020232.0,M.Tech,Finance Manager
6136,Arnav Bahri,30,Kolkata,Female,West Bengal,547184.0,MCA,Bank Clerk
6137,Shayak Raja,70,Delhi,Male,Delhi,1366997.0,M.Tech,Software Engineer
6138,Anaya Chaudhary,56,Kolkata,Female,West Bengal,1964879.0,M.Tech,Finance Manager
6139,Kismat Amble,40,Pune,Male,Maharashtra,1640397.0,MSc,Doctor
6140,Lakshay Samra,37,Bangalore,Female,Karnataka,2570272.0,PhD,Entrepreneur
6141,Anay Chawla,46,Delhi,Female,Delhi,2915461.0,MBA,Doctor
6142,Indrans Bahri,29,Delhi,Male,Delhi,1069872.0,MSc,Software Engineer
6143,Neysa Shan,34,Bangalore,Male,Karnataka,907685.0,MSc,Doctor
6144,Prerak Dhingra,21,Ahmedabad,Male,Gujarat,560602.0,B.Tech,Accountant
6145,Tanya Rajagopalan,34,Mumbai,Male,Maharashtra,2587598.0,MSc,Software Engineer
6147,Mishti Lalla,41,Ahmedabad,Male,Gujarat,1701823.0,MBA,Software Engineer
6148,Prisha Karpe,41,Ahmedabad,Male,Gujarat,1921159.0,MSc,Entrepreneur
6150,Aarush Babu,51,Hyderabad,Male,Telangana,2546990.0,PhD,Doctor
6151,Diya Chahal,42,Ahmedabad,Male,Gujarat,1836344.0,MSc,Data Scientist
6152,Miraya Mannan,52,Hyderabad,Male,Telangana,670817.0,BBA,Accountant
6153,Kaira Sheth,32,Hyderabad,Male,Telangana,2661923.0,PhD,Data Scientist
6154,Umang Dugal,49,Ahmedabad,Male,Gujarat,798236.0,Diploma,Marketing Executive
6155,Ishita Garg,40,Hyderabad,Male,Telangana,1287490.0,MBA,Entrepreneur
6156,Zara Jani,29,Ahmedabad,Female,Gujarat,502897.0,Diploma,Teacher
6157,Advik Ratta,48,Bangalore,Male,Karnataka,1350630.0,M.Tech,Entrepreneur
6158,Samarth Doctor,20,Jaipur,Male,Rajasthan,476542.0,Diploma,Delivery Agent
6159,Ranbir Gole,40,Bangalore,Male,Karnataka,2373671.0,MSc,Entrepreneur
6160,Dhanuk Balan,25,Bangalore,Male,Karnataka,2591415.0,MSc,Data Scientist
6161,Keya Lalla,44,Mumbai,Male,Maharashtra,2556013.0,M.Tech,Data Scientist
6162,Adah Dora,39,Bangalore,Male,Karnataka,552291.0,MCA,Bank Clerk
6163,Trisha Sehgal,27,Lucknow,Male,Uttar Pradesh,531618.0,BBA,Marketing Executive
6164,Mannat Srivastava,34,Mumbai,Female,Maharashtra,556490.0,B.A,Teacher
6165,Aradhya Bath,51,Bangalore,Male,Karnataka,341740.0,Diploma,Factory Worker
6166,Nehmat Khare,40,Delhi,Female,Delhi,1605418.0,PhD,Data Scientist
6167,Ivan Majumdar,24,Ahmedabad,Male,Gujarat,1265360.0,MBA,Software Engineer
6169,Charvi Khosla,53,Chennai,Female,Tamil Nadu,865478.0,M.Tech,Doctor
6170,Sara Vaidya,27,Kolkata,Female,West Bengal,1725096.0,M.Tech,Doctor
6171,Kaira Bahl,18,Bangalore,Female,Karnataka,1896293.0,M.Tech,Finance Manager
6172,Samiha Trivedi,26,Kolkata,Female,West Bengal,758546.0,BSc,Bank Clerk
6173,Akarsh Tiwari,34,Mumbai,Female,Maharashtra,1614972.0,MSc,Software Engineer
6174,Nakul Sarin,38,Ahmedabad,Male,Gujarat,1598781.0,MBA,Data Scientist
6175,Hridaan Rajan,48,Delhi,Female,Delhi,2126378.0,M.Tech,Doctor
6176,Elakshi Varghese,45,Chennai,Male,Tamil Nadu,1777632.0,M.Tech,Finance Manager
6178,Romil Gola,63,Bangalore,Male,Karnataka,683445.0,Diploma,Bank Clerk
6179,Lakshay Suresh,29,Hyderabad,Female,Telangana,327569.0,Diploma,Delivery Agent
6180,Shamik Chatterjee,43,Delhi,Male,Delhi,1536203.0,MSc,Data Scientist
6182,Aarav Soman,24,Kolkata,Female,West Bengal,570921.0,MCA,Teacher
6183,Kavya Chacko,37,Bangalore,Female,Karnataka,1037861.0,MSc,Software Engineer
6184,Riya Goswami,20,Kolkata,Male,West Bengal,1681946.0,MSc,Finance Manager
6185,Purab Bal,40,Mumbai,Female,Maharashtra,1712261.0,MSc,Data Scientist
6187,Biju Sachdev,36,Chennai,Female,Tamil Nadu,866142.0,PhD,Software Engineer
6188,Armaan Ravi,23,Hyderabad,Male,Telangana,1232483.0,PhD,Entrepreneur
6189,Ojas Sarraf,38,Mumbai,Female,Maharashtra,763761.0,B.Com,Teacher
6190,Mishti Raju,28,Kolkata,Male,West Bengal,1603796.0,M.Tech,Finance Manager
6192,Yuvaan Das,28,Mumbai,Female,Maharashtra,397186.0,12th Pass,Security Guard
6193,Yasmin Arya,39,Delhi,Male,Delhi,487676.0,12th Pass,Delivery Agent
6194,Advik Chadha,46,Hyderabad,Male,Telangana,455722.0,Diploma,Retail Worker
6195,Ivan Mani,36,Delhi,Male,Delhi,440757.0,12th Pass,Customer Support
6196,Priyansh Sha,42,Mumbai,Female,Maharashtra,1480561.0,M.Tech,Entrepreneur
6197,Uthkarsh Kuruvilla,27,Kolkata,Male,West Bengal,1579133.0,M.Tech,Data Scientist
6198,Jayan Sami,28,Lucknow,Male,Uttar Pradesh,569919.0,MBA,Accountant
6199,Yakshit Lad,24,Bangalore,Female,Karnataka,952354.0,MBA,Finance Manager
6200,Pihu Rout,24,Hyderabad,Female,Telangana,579658.0,B.Com,HR Manager
6201,Nirvaan Bajaj,33,Mumbai,Female,Maharashtra,2117963.0,M.Tech,Data Scientist
6202,Himmat Wadhwa,33,Chennai,Male,Tamil Nadu,1011838.0,M.Tech,Entrepreneur
6203,Shalv Dalal,30,Chennai,Female,Tamil Nadu,607260.0,Diploma,Marketing Executive
6204,Aayush Zachariah,32,Chennai,Female,Tamil Nadu,1995878.0,M.Tech,Software Engineer
6205,Jiya Ganesh,22,Bangalore,Female,Karnataka,1322946.0,MBA,Finance Manager
6206,Tiya Suri,34,Chennai,Female,Tamil Nadu,602609.0,B.A,Marketing Executive
6207,Zain Kala,34,Delhi,Female,Delhi,2436457.0,MBA,Software Engineer
6208,Kartik Lalla,33,Mumbai,Female,Maharashtra,2342206.0,MSc,Entrepreneur
6209,Kaira Dar,35,Ahmedabad,Male,Gujarat,1515108.0,M.Tech,Finance Manager
6210,Ehsaan Loke,37,Mumbai,Male,Maharashtra,367827.0,12th Pass,Factory Worker
6211,Mannat Cherian,22,Mumbai,Female,Maharashtra,2826339.0,PhD,Finance Manager
6213,Divit Goel,34,Delhi,Female,Delhi,2587658.0,MSc,Doctor
6214,Riya Walia,24,Mumbai,Female,Maharashtra,1528483.0,MSc,Finance Manager
6215,Pari Mahajan,32,Pune,Female,Maharashtra,1783452.0,MBA,Finance Manager
6217,Vihaan Saran,48,Bangalore,Male,Karnataka,1179586.0,M.Tech,Software Engineer
6218,Madhup Warrior,34,Pune,Male,Maharashtra,495843.0,12th Pass,Security Guard
6220,Lakshit Swaminathan,35,Delhi,Male,Delhi,917350.0,PhD,Finance Manager
6221,Jayan Dubey,28,Hyderabad,Female,Telangana,1326007.0,PhD,Doctor
6222,Ehsaan Tripathi,41,Hyderabad,Female,Telangana,1285331.0,PhD,Data Scientist
6223,Ela Sanghvi,43,Chennai,Female,Tamil Nadu,304522.0,12th Pass,Security Guard
6224,Manikya Dixit,36,Hyderabad,Male,Telangana,2078174.0,PhD,Software Engineer
6225,Krish Chawla,44,Delhi,Female,Delhi,2712423.0,M.Tech,Data Scientist
6226,Shayak Bala,40,Pune,Female,Maharashtra,939294.0,MSc,Data Scientist
6227,Samaira Dar,36,Mumbai,Male,Maharashtra,300104.0,12th Pass,Security Guard
6228,Parinaaz Kale,25,Mumbai,Female,Maharashtra,1677922.0,PhD,Entrepreneur
6229,Rati Suri,49,Bangalore,Female,Karnataka,1724206.0,MBA,Finance Manager
6230,Anay Chokshi,36,Delhi,Female,Delhi,474702.0,Diploma,Factory Worker
6231,Hunar Loke,19,Kolkata,Male,West Bengal,1067672.0,MBA,Doctor
6232,Gatik Vora,30,Bangalore,Female,Karnataka,668307.0,Diploma,HR Manager
6234,Miraan Chanda,28,Delhi,Female,Delhi,685118.0,Diploma,Teacher
6235,Prerak Malhotra,43,Ahmedabad,Male,Gujarat,1992192.0,MBA,Finance Manager
6236,Nitara Gaba,41,Delhi,Female,Delhi,602375.0,BSc,Marketing Executive
6237,Damini Kata,23,Pune,Male,Maharashtra,521049.0,Diploma,Accountant
6238,Yuvraj  Dar,49,Delhi,Female,Delhi,1067902.0,MSc,Doctor
6239,Bhamini Agarwal,26,Mumbai,Male,Maharashtra,2733207.0,MSc,Software Engineer
6240,Neelofar Dhawan,20,Mumbai,Male,Maharashtra,772655.0,BSc,Marketing Executive
6241,Trisha Kaur,34,Mumbai,Female,Maharashtra,2591723.0,MBA,Finance Manager
6244,Nakul Sheth,18,Mumbai,Female,Maharashtra,1105519.0,M.Tech,Data Scientist
6245,Hunar Dugar,19,Mumbai,Female,Maharashtra,2708227.0,PhD,Entrepreneur
6246,Pari Tailor,30,Mumbai,Male,Maharashtra,363712.0,Diploma,Delivery Agent
6248,Advika Kar,29,Ahmedabad,Female,Gujarat,1004956.0,M.Tech,Entrepreneur
6249,Eva Lad,45,Hyderabad,Female,Telangana,1996728.0,PhD,Data Scientist
6250,Biju Mannan,24,Chennai,Male,Tamil Nadu,1083131.0,M.Tech,Entrepreneur
6251,Ahana  Rau,42,Delhi,Female,Delhi,2747017.0,MSc,Finance Manager
6252,Samarth Mammen,25,Mumbai,Female,Maharashtra,2014754.0,PhD,Doctor
6253,Dishani Rattan,50,Ahmedabad,Female,Gujarat,1244268.0,MBA,Data Scientist
6254,Hansh Zacharia,37,Ahmedabad,Male,Gujarat,1591882.0,MSc,Data Scientist
6255,Romil Iyengar,23,Chennai,Female,Tamil Nadu,560943.0,BBA,Accountant
6256,Nirvi Saran,29,Mumbai,Male,Maharashtra,1239576.0,MSc,Doctor
6257,Ela Sharma,42,Delhi,Female,Delhi,2186360.0,MSc,Data Scientist
6258,Aniruddh Garde,18,Pune,Female,Maharashtra,730114.0,MCA,HR Manager
6259,Miraya Karan,31,Bangalore,Female,Karnataka,1110055.0,M.Tech,Data Scientist
6260,Ayesha Ramaswamy,42,Delhi,Female,Delhi,2857154.0,PhD,Data Scientist
6262,Drishya Sagar,19,Hyderabad,Female,Telangana,1407000.0,PhD,Doctor
6264,Dishani Lall,18,Jaipur,Female,Rajasthan,1060978.0,MBA,Finance Manager
6266,Tarini Tella,47,Ahmedabad,Female,Gujarat,908459.0,MSc,Finance Manager
6267,Kimaya Acharya,38,Chennai,Female,Tamil Nadu,1107334.0,MBA,Software Engineer
6268,Samarth Dua,24,Delhi,Female,Delhi,1885112.0,M.Tech,Software Engineer
6269,Prisha Lala,18,Jaipur,Male,Rajasthan,1176090.0,M.Tech,Software Engineer
6270,Ira Dhar,25,Jaipur,Male,Rajasthan,991810.0,M.Tech,Entrepreneur
6271,Jivin Sahota,33,Delhi,Male,Delhi,2751006.0,MBA,Entrepreneur
6272,Navya Dora,46,Delhi,Male,Delhi,903089.0,PhD,Doctor
6273,Arnav Din,38,Chennai,Male,Tamil Nadu,1927514.0,MBA,Finance Manager
6274,Advika Hegde,62,Bangalore,Female,Karnataka,1548327.0,PhD,Software Engineer
6275,Ayesha Andra,30,Mumbai,Male,Maharashtra,1502238.0,PhD,Software Engineer
6276,Raghav Seth,25,Delhi,Female,Delhi,920423.0,M.Tech,Data Scientist
6277,Rhea Dugar,33,Jaipur,Female,Rajasthan,1175423.0,MSc,Entrepreneur
6278,Nehmat Kunda,28,Delhi,Female,Delhi,1375451.0,MSc,Software Engineer
6279,Vivaan Raju,27,Delhi,Male,Delhi,559392.0,B.A,HR Manager
6280,Kiara Sundaram,42,Delhi,Female,Delhi,1792187.0,MBA,Doctor
6282,Aarav Shukla,22,Delhi,Female,Delhi,666740.0,Diploma,Teacher
6283,Vanya Konda,29,Bangalore,Female,Karnataka,816900.0,M.Tech,Entrepreneur
6284,Kimaya Warrior,32,Mumbai,Male,Maharashtra,988413.0,MBA,Doctor
6285,Manjari Lad,18,Kolkata,Male,West Bengal,1394868.0,MSc,Software Engineer
6286,Siya Bhattacharyya,38,Mumbai,Male,Maharashtra,1139233.0,MBA,Entrepreneur
6287,Dhanush Kothari,28,Bangalore,Male,Karnataka,2275264.0,PhD,Entrepreneur
6288,Samar Kata,22,Mumbai,Male,Maharashtra,2487905.0,PhD,Data Scientist
6289,Miraan Sarraf,32,Kolkata,Male,West Bengal,790244.0,B.Tech,Marketing Executive
6290,Urvi Brar,32,Bangalore,Female,Karnataka,599730.0,BSc,Marketing Executive
6291,Rania Kannan,40,Delhi,Female,Delhi,469666.0,12th Pass,Customer Support
6292,Jivin Divan,45,Hyderabad,Female,Telangana,410126.0,Diploma,Factory Worker
6293,Darshit Rau,46,Mumbai,Female,Maharashtra,2503842.0,MSc,Software Engineer
6294,Pranay Ghosh,18,Bangalore,Female,Karnataka,2872803.0,MBA,Data Scientist
6295,Urvi Sani,48,Mumbai,Female,Maharashtra,2831265.0,M.Tech,Software Engineer
6296,Kavya Johal,23,Delhi,Female,Delhi,2377240.0,MBA,Software Engineer
6297,Anika Master,29,Hyderabad,Male,Telangana,2776675.0,M.Tech,Entrepreneur
6298,Zain Mahal,42,Bangalore,Female,Karnataka,2512380.0,MSc,Software Engineer
6299,Heer Deol,42,Chennai,Male,Tamil Nadu,1099896.0,M.Tech,Doctor
6300,Trisha Mangat,27,Bangalore,Male,Karnataka,1310694.0,MSc,Software Engineer
6301,Kavya Karpe,46,Mumbai,Male,Maharashtra,2696860.0,PhD,Software Engineer
6302,Gatik Chopra,37,Ahmedabad,Male,Gujarat,716038.0,Diploma,Accountant
6304,Vardaniya Bir,40,Delhi,Female,Delhi,1513635.0,MSc,Doctor
6305,Piya Kurian,28,Kolkata,Female,West Bengal,794342.0,B.Tech,Teacher
6308,Mahika Agate,31,Delhi,Male,Delhi,2636154.0,PhD,Entrepreneur
6310,Nehmat Sandhu,25,Hyderabad,Female,Telangana,1305136.0,MSc,Finance Manager
6312,Anya Bassi,24,Hyderabad,Female,Telangana,2557772.0,MSc,Data Scientist
6313,Shamik Kumer,35,Mumbai,Female,Maharashtra,2646064.0,MBA,Doctor
6314,Oorja Issac,29,Bangalore,Male,Karnataka,1816932.0,PhD,Doctor
6315,Mamooty Lall,30,Mumbai,Male,Maharashtra,1695699.0,MSc,Finance Manager
6316,Vaibhav Baral,41,Mumbai,Male,Maharashtra,1294524.0,MBA,Finance Manager
6318,Umang Magar,23,Jaipur,Female,Rajasthan,596927.0,MCA,Accountant
6319,Hridaan Mandal,21,Mumbai,Female,Maharashtra,1870201.0,MSc,Software Engineer
6321,Jayant Ben,37,Ahmedabad,Female,Gujarat,1865572.0,MSc,Data Scientist
6322,Adah Batta,31,Mumbai,Male,Maharashtra,656045.0,BSc,HR Manager
6324,Stuvan Kanda,39,Mumbai,Male,Maharashtra,1518084.0,PhD,Entrepreneur
6325,Alisha Sarna,46,Kolkata,Female,West Bengal,1819606.0,MBA,Software Engineer
6326,Seher Sandal,36,Mumbai,Female,Maharashtra,1251271.0,MBA,Doctor
6327,Seher Choudhary,50,Mumbai,Female,Maharashtra,1756442.0,MBA,Entrepreneur
6328,Yuvraj  Kibe,42,Delhi,Male,Delhi,2310350.0,MBA,Finance Manager
6329,Lagan Bajaj,39,Pune,Female,Maharashtra,526186.0,BSc,Bank Clerk
6330,Khushi Gala,52,Mumbai,Female,Maharashtra,496848.0,12th Pass,Customer Support
6331,Aniruddh Badami,27,Kolkata,Male,West Bengal,1018422.0,PhD,Finance Manager
6332,Gokul Lalla,18,Mumbai,Female,Maharashtra,507540.0,BSc,HR Manager
6333,Kiaan Soman,25,Mumbai,Female,Maharashtra,1768750.0,M.Tech,Doctor
6335,Devansh Grewal,24,Delhi,Female,Delhi,2468913.0,M.Tech,Software Engineer
6336,Hansh Lala,45,Hyderabad,Male,Telangana,2378472.0,MSc,Finance Manager
6337,Diya Sur,55,Chennai,Male,Tamil Nadu,1527534.0,MSc,Software Engineer
6339,Shanaya Bandi,29,Ahmedabad,Female,Gujarat,1736343.0,MBA,Data Scientist
6340,Dhanuk De,21,Pune,Male,Maharashtra,1134962.0,M.Tech,Software Engineer
6341,Eva Dass,49,Hyderabad,Female,Telangana,2248263.0,MSc,Doctor
6344,Trisha Talwar,20,Delhi,Female,Delhi,2266862.0,M.Tech,Finance Manager
6345,Adira Bedi,43,Mumbai,Male,Maharashtra,548184.0,MBA,Accountant
6346,Anahi Kara,29,Jaipur,Female,Rajasthan,896648.0,M.Tech,Doctor
6348,Rohan Taneja,23,Mumbai,Male,Maharashtra,707142.0,BBA,HR Manager
6349,Shaan Saha,38,Delhi,Male,Delhi,343300.0,Diploma,Retail Worker
6350,Nitara Sandhu,34,Bangalore,Female,Karnataka,1029072.0,MSc,Software Engineer
6352,Ryan Kaur,30,Bangalore,Male,Karnataka,2230660.0,PhD,Software Engineer
6353,Darshit Rajan,34,Hyderabad,Female,Telangana,924703.0,MSc,Software Engineer
6354,Manikya Venkatesh,30,Mumbai,Female,Maharashtra,577560.0,MCA,Bank Clerk
6355,Abram Krish,27,Bangalore,Male,Karnataka,1369368.0,MSc,Entrepreneur
6356,Pranay Lad,39,Mumbai,Female,Maharashtra,2005707.0,PhD,Doctor
6357,Purab Borra,18,Jaipur,Female,Rajasthan,926912.0,M.Tech,Software Engineer
6358,Eshani Chawla,48,Lucknow,Male,Uttar Pradesh,439250.0,12th Pass,Factory Worker
6359,Onkar Ratta,37,Delhi,Female,Delhi,923478.0,PhD,Finance Manager
6360,Nitya Kar,59,Kolkata,Male,West Bengal,1862381.0,M.Tech,Finance Manager
6362,Riaan Dave,35,Bangalore,Female,Karnataka,2791944.0,MBA,Entrepreneur
6363,Neelofar Lad,48,Mumbai,Female,Maharashtra,1321175.0,PhD,Entrepreneur
6364,Badal Reddy,18,Hyderabad,Male,Telangana,725372.0,B.Tech,Bank Clerk
6365,Faiyaz Sodhi,24,Ahmedabad,Male,Gujarat,806212.0,MBA,Doctor
6366,Mehul Dugal,39,Ahmedabad,Male,Gujarat,1214774.0,PhD,Software Engineer
6367,Pihu Setty,39,Pune,Female,Maharashtra,848459.0,MBA,Finance Manager
6368,Parinaaz Shankar,33,Hyderabad,Male,Telangana,2217341.0,M.Tech,Finance Manager
6369,Purab Chander,42,Mumbai,Female,Maharashtra,1091802.0,PhD,Software Engineer
6370,Aaina Vala,19,Mumbai,Male,Maharashtra,2874375.0,M.Tech,Data Scientist
6371,Amira Rajagopalan,36,Ahmedabad,Female,Gujarat,1551694.0,MSc,Software Engineer
6374,Anya Sarraf,45,Jaipur,Female,Rajasthan,705202.0,BSc,Bank Clerk
6375,Badal Verma,45,Delhi,Male,Delhi,2054317.0,MSc,Software Engineer
6376,Pihu Choudhary,21,Mumbai,Female,Maharashtra,2853908.0,M.Tech,Data Scientist
6377,Indrans Bora,55,Hyderabad,Female,Telangana,2844957.0,PhD,Entrepreneur
6378,Neysa Keer,35,Delhi,Male,Delhi,514039.0,B.Com,HR Manager
6379,Armaan Ganesh,49,Bangalore,Male,Karnataka,314293.0,Diploma,Customer Support
6380,Saanvi Krish,28,Pune,Male,Maharashtra,874289.0,MBA,Doctor
6381,Bhavin Bhalla,27,Delhi,Male,Delhi,2790716.0,MSc,Entrepreneur
6382,Neysa Gala,22,Chennai,Male,Tamil Nadu,726522.0,MBA,HR Manager
6384,Akarsh Mand,31,Bangalore,Female,Karnataka,624977.0,BSc,Marketing Executive
6385,Neelofar Ben,31,Delhi,Female,Delhi,1698718.0,MSc,Entrepreneur
6386,Nayantara Biswas,32,Mumbai,Female,Maharashtra,2544219.0,PhD,Software Engineer
6387,Anahita Madan,46,Bangalore,Female,Karnataka,2080630.0,MSc,Doctor
6388,Anya Tank,35,Delhi,Male,Delhi,843501.0,MBA,Finance Manager
6389,Ryan Chandran,34,Chennai,Male,Tamil Nadu,1341455.0,PhD,Data Scientist
6390,Anya Khurana,33,Ahmedabad,Male,Gujarat,948279.0,M.Tech,Finance Manager
6391,Hazel Dhillon,45,Hyderabad,Female,Telangana,1751282.0,PhD,Finance Manager
6393,Navya Sidhu,48,Mumbai,Female,Maharashtra,2946872.0,MBA,Doctor
6395,Keya Sehgal,22,Mumbai,Male,Maharashtra,766972.0,BBA,Accountant
6396,Romil Vohra,61,Kolkata,Female,West Bengal,1372832.0,M.Tech,Doctor
6397,Indrans Thaker,23,Ahmedabad,Male,Gujarat,1511214.0,M.Tech,Doctor
6398,Madhav Gole,43,Bangalore,Female,Karnataka,1619217.0,M.Tech,Finance Manager
6399,Nitara Borde,58,Hyderabad,Male,Telangana,2183225.0,MBA,Software Engineer
6400,Badal Yohannan,34,Delhi,Male,Delhi,1210085.0,MSc,Entrepreneur
6401,Ayesha Chana,38,Chennai,Female,Tamil Nadu,1283031.0,MSc,Data Scientist
6403,Amani Madan,40,Mumbai,Male,Maharashtra,873789.0,PhD,Data Scientist
6404,Baiju Karnik,36,Mumbai,Female,Maharashtra,1795276.0,MBA,Doctor
6406,Uthkarsh Madan,38,Ahmedabad,Female,Gujarat,1212697.0,M.Tech,Finance Manager
6407,Himmat Kohli,50,Mumbai,Female,Maharashtra,2282118.0,MBA,Doctor
6408,Renee Bath,22,Delhi,Male,Delhi,2434087.0,MSc,Data Scientist
6409,Shlok Wali,29,Pune,Male,Maharashtra,1186717.0,MSc,Data Scientist
6410,Samiha Srivastava,29,Kolkata,Male,West Bengal,844627.0,MSc,Software Engineer
6412,Tejas Ramaswamy,33,Kolkata,Female,West Bengal,1390515.0,MBA,Data Scientist
6414,Keya Suri,35,Ahmedabad,Male,Gujarat,780400.0,B.A,Accountant
6416,Neelofar Sarna,53,Bangalore,Male,Karnataka,1109993.0,MSc,Entrepreneur
6417,Inaaya  Apte,42,Chennai,Female,Tamil Nadu,1776452.0,MSc,Software Engineer
6418,Azad Tiwari,20,Chennai,Female,Tamil Nadu,1092177.0,MSc,Doctor
6420,Alisha Bhagat,36,Chennai,Male,Tamil Nadu,1230217.0,MSc,Data Scientist
6423,Akarsh Dyal,39,Delhi,Female,Delhi,2607793.0,MSc,Software Engineer
6424,Ira Shroff,44,Pune,Female,Maharashtra,1083704.0,MSc,Entrepreneur
6425,Lakshit Goda,26,Ahmedabad,Female,Gujarat,981593.0,MBA,Finance Manager
6426,Diya Kashyap,53,Ahmedabad,Female,Gujarat,1010611.0,MSc,Software Engineer
6427,Anya Bhasin,29,Mumbai,Female,Maharashtra,2108814.0,PhD,Software Engineer
6428,Eva Raja,25,Mumbai,Female,Maharashtra,1097754.0,PhD,Data Scientist
6429,Misha Chowdhury,32,Kolkata,Female,West Bengal,1911250.0,MBA,Software Engineer
6431,Ayesha Upadhyay,26,Mumbai,Male,Maharashtra,1021620.0,MBA,Entrepreneur
6432,Kabir Dayal,20,Lucknow,Female,Uttar Pradesh,623721.0,MBA,HR Manager
6433,Taimur Majumdar,37,Jaipur,Male,Rajasthan,812248.0,M.Tech,Finance Manager
6434,Raghav Balasubramanian,24,Pune,Male,Maharashtra,603906.0,BBA,HR Manager
6435,Aaryahi Bir,36,Ahmedabad,Female,Gujarat,778017.0,B.Tech,HR Manager
6436,Yuvaan Basak,43,Delhi,Male,Delhi,395973.0,Diploma,Security Guard
6437,Tejas Khare,36,Mumbai,Male,Maharashtra,1664068.0,MSc,Software Engineer
6438,Shalv Kaur,38,Delhi,Female,Delhi,2700914.0,M.Tech,Doctor
6439,Aniruddh Thaman,23,Delhi,Female,Delhi,2536801.0,MSc,Doctor
6440,Abram Shanker,23,Mumbai,Female,Maharashtra,403632.0,Diploma,Retail Worker
6441,Hrishita Goel,33,Chennai,Female,Tamil Nadu,1684085.0,PhD,Doctor
6442,Siya Choudhry,28,Ahmedabad,Female,Gujarat,1084606.0,PhD,Data Scientist
6443,Jayant Kumer,38,Delhi,Male,Delhi,687920.0,MBA,Marketing Executive
6444,Ryan Atwal,24,Chennai,Male,Tamil Nadu,1891144.0,MSc,Software Engineer
6445,Arnav Chokshi,36,Mumbai,Female,Maharashtra,1775252.0,MBA,Data Scientist
6446,Baiju Butala,45,Mumbai,Female,Maharashtra,2387830.0,PhD,Doctor
6448,Hunar Chakraborty,46,Delhi,Male,Delhi,1496651.0,M.Tech,Finance Manager
6450,Pranay Randhawa,31,Kolkata,Male,West Bengal,512766.0,BSc,Teacher
6451,Romil Mani,33,Hyderabad,Female,Telangana,712738.0,MBA,HR Manager
6453,Anika Warrior,24,Delhi,Male,Delhi,570233.0,MCA,Teacher
6454,Damini Chahal,40,Ahmedabad,Female,Gujarat,639879.0,BSc,Marketing Executive
6456,Mamooty Savant,46,Kolkata,Male,West Bengal,771924.0,MBA,HR Manager
6457,Anahita Chandra,37,Delhi,Male,Delhi,2745694.0,MSc,Doctor
6458,Amani Kuruvilla,47,Delhi,Male,Delhi,2574891.0,PhD,Finance Manager
6459,Drishya Banerjee,19,Delhi,Male,Delhi,2799237.0,M.Tech,Entrepreneur
6460,Raunak Buch,31,Mumbai,Male,Maharashtra,1371587.0,M.Tech,Finance Manager
6461,Aarush Buch,22,Jaipur,Female,Rajasthan,814894.0,M.Tech,Software Engineer
6462,Ira Deo,25,Pune,Female,Maharashtra,580778.0,B.Com,HR Manager
6463,Himmat Dass,22,Delhi,Female,Delhi,1474978.0,MSc,Entrepreneur
6464,Anay Ramachandran,42,Hyderabad,Female,Telangana,2654112.0,MBA,Entrepreneur
6465,Aradhya Chana,43,Hyderabad,Female,Telangana,584517.0,B.Tech,Teacher
6466,Aarush Bhavsar,40,Mumbai,Female,Maharashtra,2961931.0,MSc,Entrepreneur
6467,Ryan Brahmbhatt,45,Delhi,Male,Delhi,2562329.0,M.Tech,Finance Manager
6468,Vidur Bassi,27,Chennai,Female,Tamil Nadu,860986.0,PhD,Finance Manager
6469,Ivana Dhar,43,Bangalore,Female,Karnataka,2935409.0,MSc,Data Scientist
6470,Shanaya Bala,42,Delhi,Male,Delhi,1032805.0,M.Tech,Doctor
6471,Mamooty Gera,32,Pune,Male,Maharashtra,1366841.0,MBA,Finance Manager
6472,Yashvi Kulkarni,45,Hyderabad,Female,Telangana,2816482.0,MSc,Data Scientist
6473,Indrans Venkataraman,45,Kolkata,Male,West Bengal,370639.0,Diploma,Security Guard
6474,Arhaan Ratti,53,Hyderabad,Male,Telangana,1883673.0,MSc,Software Engineer
6475,Dhanuk Seshadri,27,Hyderabad,Female,Telangana,2568497.0,PhD,Finance Manager
6480,Ehsaan Lal,32,Ahmedabad,Male,Gujarat,1449418.0,MBA,Data Scientist
6481,Vedika Guha,50,Mumbai,Male,Maharashtra,1274198.0,M.Tech,Software Engineer
6482,Divij Roy,33,Pune,Male,Maharashtra,1679936.0,PhD,Software Engineer
6483,Aarna Chandra,28,Bangalore,Female,Karnataka,2087416.0,MBA,Doctor
6484,Kiaan Subramanian,26,Mumbai,Male,Maharashtra,780384.0,BBA,HR Manager
6485,Kimaya Mammen,30,Mumbai,Female,Maharashtra,971464.0,M.Tech,Data Scientist
6486,Taimur Chacko,46,Chennai,Male,Tamil Nadu,1045217.0,M.Tech,Finance Manager
6487,Neysa Hayer,22,Hyderabad,Female,Telangana,1961641.0,PhD,Data Scientist
6488,Mishti Kashyap,21,Mumbai,Male,Maharashtra,2157294.0,MSc,Entrepreneur
6489,Ayesha Sandal,34,Kolkata,Male,West Bengal,1540529.0,M.Tech,Doctor
6490,Samarth Dey,22,Pune,Female,Maharashtra,772361.0,B.Tech,Teacher
6491,Ira Bala,37,Mumbai,Male,Maharashtra,473933.0,12th Pass,Factory Worker
6492,Kashvi Dar,29,Hyderabad,Male,Telangana,1646817.0,MSc,Entrepreneur
6493,Aarna Chacko,18,Mumbai,Male,Maharashtra,1841016.0,M.Tech,Software Engineer
6494,Kimaya Keer,29,Bangalore,Female,Karnataka,2583341.0,MBA,Software Engineer
6495,Dhanush Dass,36,Delhi,Female,Delhi,1880089.0,MSc,Data Scientist
6496,Hunar Zachariah,37,Ahmedabad,Female,Gujarat,882677.0,PhD,Doctor
6498,Riaan Shroff,19,Pune,Female,Maharashtra,647596.0,MBA,Accountant
6499,Krish Bath,43,Mumbai,Male,Maharashtra,2181473.0,PhD,Doctor
6500,Prerak Contractor,29,Delhi,Male,Delhi,450816.0,Diploma,Delivery Agent
6501,Piya Srivastava,49,Hyderabad,Female,Telangana,2475050.0,MSc,Doctor
6502,Zeeshan Jayaraman,41,Hyderabad,Male,Telangana,733091.0,B.A,Marketing Executive
6504,Shayak Sunder,29,Jaipur,Female,Rajasthan,1125462.0,M.Tech,Doctor
6505,Darshit Dave,44,Jaipur,Female,Rajasthan,857421.0,M.Tech,Finance Manager
6506,Gokul Bhatti,40,Hyderabad,Male,Telangana,470898.0,Diploma,Security Guard
6507,Aarav Golla,24,Ahmedabad,Female,Gujarat,1256472.0,M.Tech,Software Engineer
6508,Anya Gole,54,Bangalore,Male,Karnataka,1745441.0,MBA,Entrepreneur
6509,Amani Luthra,38,Bangalore,Male,Karnataka,1117532.0,M.Tech,Software Engineer
6511,Miraan Kuruvilla,33,Chennai,Male,Tamil Nadu,562330.0,B.Com,Bank Clerk
6512,Bhamini Kaul,37,Bangalore,Male,Karnataka,2736792.0,M.Tech,Finance Manager
6514,Rati Garg,35,Mumbai,Female,Maharashtra,1925461.0,MBA,Doctor
6515,Yashvi Bhargava,42,Bangalore,Male,Karnataka,820102.0,PhD,Doctor
6517,Indranil Rana,61,Hyderabad,Male,Telangana,612914.0,B.A,Teacher
6518,Aarush Verma,25,Delhi,Female,Delhi,2918238.0,MBA,Data Scientist
6519,Krish Biswas,18,Delhi,Male,Delhi,1238656.0,M.Tech,Data Scientist
6520,Damini Deshmukh,35,Mumbai,Female,Maharashtra,2770915.0,MBA,Finance Manager
6521,Akarsh Atwal,24,Mumbai,Male,Maharashtra,2870875.0,PhD,Software Engineer
6522,Mohanlal Acharya,18,Mumbai,Female,Maharashtra,2234324.0,MBA,Finance Manager
6524,Trisha Raval,39,Ahmedabad,Male,Gujarat,1854660.0,M.Tech,Data Scientist
6525,Rania Kulkarni,29,Hyderabad,Female,Telangana,391496.0,Diploma,Customer Support
6526,Armaan Malhotra,31,Delhi,Male,Delhi,1059917.0,M.Tech,Software Engineer
6527,Romil Sen,44,Chennai,Male,Tamil Nadu,1831690.0,MSc,Data Scientist
6528,Raunak Taneja,56,Bangalore,Female,Karnataka,883688.0,PhD,Software Engineer
6530,Rhea Ahuja,51,Bangalore,Male,Karnataka,2503004.0,MBA,Finance Manager
6531,Vivaan Mammen,29,Delhi,Male,Delhi,488817.0,12th Pass,Security Guard
6532,Myra Butala,41,Bangalore,Female,Karnataka,784830.0,B.Tech,Bank Clerk
6533,Dhanush Ramaswamy,50,Ahmedabad,Male,Gujarat,1596977.0,M.Tech,Doctor
6534,Jayesh Rao,27,Kolkata,Male,West Bengal,1588190.0,MBA,Data Scientist
6535,Arhaan Ramanathan,36,Kolkata,Male,West Bengal,848857.0,MSc,Software Engineer
6536,Vanya Khosla,54,Chennai,Male,Tamil Nadu,754393.0,BSc,Bank Clerk
6537,Sahil Sastry,40,Mumbai,Female,Maharashtra,2331134.0,M.Tech,Finance Manager
6538,Zain Dhawan,41,Kolkata,Male,West Bengal,761346.0,MBA,Marketing Executive
6539,Amira Buch,24,Delhi,Male,Delhi,379968.0,Diploma,Factory Worker
6540,Jivin Chandran,46,Hyderabad,Female,Telangana,1511424.0,PhD,Entrepreneur
6541,Kashvi Dalal,34,Ahmedabad,Female,Gujarat,1850212.0,MSc,Finance Manager
6542,Abram Gade,33,Hyderabad,Male,Telangana,2657220.0,PhD,Doctor
6543,Veer Dasgupta,48,Mumbai,Female,Maharashtra,637091.0,B.A,Teacher
6546,Vardaniya Singhal,24,Hyderabad,Female,Telangana,901292.0,MBA,Software Engineer
6547,Riaan Ben,26,Jaipur,Female,Rajasthan,352928.0,Diploma,Factory Worker
6548,Kashvi Soman,36,Pune,Female,Maharashtra,775313.0,B.Com,Teacher
6549,Urvi Anne,28,Chennai,Female,Tamil Nadu,1721339.0,M.Tech,Data Scientist
6552,Reyansh Shukla,28,Mumbai,Female,Maharashtra,1013836.0,MSc,Doctor
6553,Shayak Samra,26,Mumbai,Female,Maharashtra,2442099.0,M.Tech,Doctor
6554,Armaan Rama,39,Ahmedabad,Female,Gujarat,1933661.0,MSc,Finance Manager
6555,Aniruddh Zachariah,50,Kolkata,Female,West Bengal,1247833.0,MBA,Software Engineer
6556,Aarav Manne,28,Ahmedabad,Female,Gujarat,1356329.0,MSc,Doctor
6558,Kiara Devi,44,Delhi,Male,Delhi,1845747.0,MSc,Data Scientist
6559,Shalv Bora,24,Pune,Male,Maharashtra,1160103.0,MSc,Finance Manager
6560,Urvi Brahmbhatt,37,Jaipur,Male,Rajasthan,926203.0,MSc,Entrepreneur
6562,Ryan Taneja,40,Chennai,Female,Tamil Nadu,1233062.0,MSc,Doctor
6563,Riaan Sani,53,Hyderabad,Female,Telangana,1515494.0,MSc,Data Scientist
6564,Shayak Dass,18,Kolkata,Male,West Bengal,1673593.0,PhD,Entrepreneur
6565,Lavanya Din,48,Bangalore,Female,Karnataka,1565531.0,M.Tech,Data Scientist
6566,Manjari Shah,33,Delhi,Female,Delhi,2241772.0,PhD,Data Scientist
6568,Prerak Shere,42,Mumbai,Male,Maharashtra,590606.0,B.Com,HR Manager
6569,Kabir Seth,46,Bangalore,Female,Karnataka,1618392.0,MBA,Doctor
6570,Umang Bir,25,Mumbai,Female,Maharashtra,2523374.0,PhD,Finance Manager
6572,Zara Walla,44,Hyderabad,Female,Telangana,1720160.0,M.Tech,Finance Manager
6573,Suhana Taneja,26,Mumbai,Female,Maharashtra,1127161.0,PhD,Software Engineer
6575,Nitara Seshadri,22,Delhi,Female,Delhi,1946312.0,MBA,Entrepreneur
6576,Lakshit Tank,33,Mumbai,Male,Maharashtra,686630.0,B.Tech,HR Manager
6577,Riaan Chaudhary,22,Bangalore,Female,Karnataka,1402485.0,M.Tech,Doctor
6578,Hiran Majumdar,23,Hyderabad,Female,Telangana,1764478.0,PhD,Data Scientist
6579,Kaira Chaudry,26,Ahmedabad,Male,Gujarat,1512144.0,PhD,Finance Manager
6580,Adah Doctor,28,Chennai,Male,Tamil Nadu,1029959.0,PhD,Entrepreneur
6581,Anahita Doctor,41,Hyderabad,Male,Telangana,751456.0,Diploma,Accountant
6582,Raghav Krishnan,38,Hyderabad,Female,Telangana,1372152.0,M.Tech,Data Scientist
6583,Riya Sarma,18,Bangalore,Male,Karnataka,390347.0,12th Pass,Retail Worker
6584,Jayant Kuruvilla,31,Bangalore,Female,Karnataka,1774597.0,M.Tech,Entrepreneur
6585,Jayant Agarwal,43,Bangalore,Male,Karnataka,2796247.0,MSc,Entrepreneur
6586,Ryan Sen,26,Hyderabad,Female,Telangana,696013.0,B.Tech,HR Manager
6587,Himmat Ramanathan,29,Bangalore,Female,Karnataka,622840.0,B.Com,Teacher
6588,Seher Dhar,45,Chennai,Male,Tamil Nadu,1449474.0,PhD,Finance Manager
6589,Kimaya Batta,44,Pune,Male,Maharashtra,324720.0,12th Pass,Delivery Agent
6591,Neelofar Samra,26,Kolkata,Male,West Bengal,1118414.0,PhD,Entrepreneur
6592,Tara Sami,25,Delhi,Female,Delhi,703644.0,Diploma,Marketing Executive
6593,Gatik Sharaf,35,Bangalore,Male,Karnataka,703168.0,B.A,Teacher
6594,Arnav Dixit,20,Chennai,Female,Tamil Nadu,1175885.0,PhD,Finance Manager
6595,Tanya Grewal,44,Hyderabad,Male,Telangana,546394.0,Diploma,Marketing Executive
6596,Vidur Bail,38,Lucknow,Male,Uttar Pradesh,1153854.0,M.Tech,Data Scientist
6598,Stuvan Viswanathan,36,Chennai,Male,Tamil Nadu,644140.0,B.Com,HR Manager
6599,Aaryahi Batta,33,Bangalore,Male,Karnataka,448801.0,12th Pass,Security Guard
6601,Mannat Das,36,Kolkata,Female,West Bengal,938623.0,M.Tech,Data Scientist
6602,Vritika Dua,23,Bangalore,Female,Karnataka,1802671.0,M.Tech,Finance Manager
6603,Mehul Suri,35,Hyderabad,Female,Telangana,639754.0,B.A,Marketing Executive
6604,Vidur Jani,39,Delhi,Female,Delhi,336639.0,12th Pass,Factory Worker
6605,Oorja Kashyap,37,Delhi,Female,Delhi,472320.0,Diploma,Retail Worker
6606,Kanav Biswas,18,Mumbai,Female,Maharashtra,1905332.0,M.Tech,Doctor
6607,Ela Karnik,31,Delhi,Male,Delhi,722672.0,B.A,Teacher
6608,Yasmin Setty,31,Delhi,Male,Delhi,562792.0,BSc,HR Manager
6609,Dhanuk Bera,23,Delhi,Male,Delhi,1517787.0,MSc,Doctor
6611,Mahika Bobal,46,Hyderabad,Female,Telangana,2233966.0,M.Tech,Entrepreneur
6612,Parinaaz Tandon,29,Mumbai,Female,Maharashtra,1524652.0,M.Tech,Entrepreneur
6613,Divit Gopal,18,Kolkata,Male,West Bengal,1706874.0,MSc,Data Scientist
6616,Abram Bobal,48,Chennai,Female,Tamil Nadu,724229.0,B.Com,Accountant
6617,Elakshi Som,36,Hyderabad,Male,Telangana,1583843.0,MSc,Finance Manager
6618,Jayan Bhargava,29,Pune,Male,Maharashtra,1002268.0,PhD,Software Engineer
6619,Shanaya Krish,61,Mumbai,Male,Maharashtra,1562545.0,MBA,Data Scientist
6620,Kaira Rao,27,Kolkata,Female,West Bengal,1435162.0,MSc,Data Scientist
6621,Siya Savant,18,Delhi,Male,Delhi,1544026.0,MSc,Data Scientist
6622,Nirvi Kari,39,Chennai,Male,Tamil Nadu,1241946.0,MSc,Finance Manager
6625,Nirvi Savant,27,Chennai,Female,Tamil Nadu,1814833.0,PhD,Data Scientist
6627,Shalv Kashyap,45,Chennai,Female,Tamil Nadu,702760.0,MBA,HR Manager
6628,Ivana Vig,29,Mumbai,Male,Maharashtra,432400.0,12th Pass,Customer Support
6629,Urvi Raman,19,Chennai,Female,Tamil Nadu,1914462.0,M.Tech,Software Engineer
6630,Jivin Ganguly,31,Ahmedabad,Female,Gujarat,1844185.0,PhD,Data Scientist
6631,Zoya Gaba,40,Hyderabad,Male,Telangana,703654.0,BSc,HR Manager
6632,Raunak Konda,37,Bangalore,Female,Karnataka,907239.0,M.Tech,Doctor
6633,Aaina Wagle,35,Chennai,Male,Tamil Nadu,1940126.0,MBA,Software Engineer
6634,Jivin Thakkar,33,Mumbai,Male,Maharashtra,2596026.0,MSc,Entrepreneur
6635,Riya Dave,37,Bangalore,Male,Karnataka,1729199.0,PhD,Finance Manager
6637,Kashvi Baral,40,Bangalore,Male,Karnataka,2314104.0,PhD,Entrepreneur
6638,Zain Gandhi,45,Kolkata,Female,West Bengal,869518.0,MBA,Data Scientist
6639,Vritika Dhillon,24,Kolkata,Male,West Bengal,1783776.0,MSc,Doctor
6640,Mishti Yohannan,55,Chennai,Male,Tamil Nadu,818140.0,MSc,Software Engineer
6641,Tejas Shan,32,Delhi,Female,Delhi,851331.0,PhD,Data Scientist
6642,Shalv Kashyap,39,Bangalore,Male,Karnataka,794832.0,B.Tech,Teacher
6643,Akarsh Khare,35,Bangalore,Female,Karnataka,547863.0,BSc,Accountant
6644,Tara Gill,37,Hyderabad,Male,Telangana,1864596.0,MBA,Finance Manager
6645,Prerak Kannan,41,Pune,Female,Maharashtra,683206.0,MBA,HR Manager
6647,Kartik Deep,39,Jaipur,Female,Rajasthan,922273.0,MSc,Data Scientist
6648,Vardaniya Krishna,47,Jaipur,Male,Rajasthan,886329.0,PhD,Doctor
6649,Yuvaan Kapadia,39,Delhi,Female,Delhi,1721376.0,MSc,Software Engineer
6650,Miraan Das,29,Mumbai,Male,Maharashtra,1541332.0,MBA,Entrepreneur
6651,Kashvi Tiwari,40,Bangalore,Male,Karnataka,587046.0,Diploma,HR Manager
6652,Faiyaz Sen,33,Jaipur,Female,Rajasthan,516970.0,B.Com,Accountant
6653,Arhaan Mani,26,Delhi,Female,Delhi,2035839.0,M.Tech,Software Engineer
6654,Vritika Vora,27,Pune,Male,Maharashtra,1582425.0,MBA,Finance Manager
6655,Divij Gade,32,Mumbai,Female,Maharashtra,1872768.0,PhD,Data Scientist
6656,Ela Keer,42,Hyderabad,Male,Telangana,652083.0,MCA,HR Manager
6658,Manjari Tailor,56,Delhi,Female,Delhi,1819519.0,MBA,Doctor
6659,Sumer Sule,34,Bangalore,Female,Karnataka,2049737.0,MBA,Software Engineer
6660,Krish Badami,18,Mumbai,Male,Maharashtra,904385.0,M.Tech,Doctor
6661,Mannat Chaudry,25,Kolkata,Female,West Bengal,639252.0,B.Com,Teacher
6662,Anya Bhagat,31,Kolkata,Female,West Bengal,624767.0,BSc,Accountant
6663,Sana Wali,34,Bangalore,Female,Karnataka,881039.0,MBA,Entrepreneur
6664,Divit Tripathi,41,Bangalore,Female,Karnataka,771482.0,BBA,HR Manager
6665,Ryan Varkey,27,Delhi,Female,Delhi,2135481.0,MBA,Data Scientist
6666,Pari Saini,33,Bangalore,Female,Karnataka,2503766.0,M.Tech,Entrepreneur
6667,Dhruv Chawla,49,Bangalore,Male,Karnataka,1931372.0,M.Tech,Data Scientist
6668,Jivika Wali,21,Kolkata,Female,West Bengal,1229037.0,MBA,Entrepreneur
6670,Chirag Goswami,18,Bangalore,Male,Karnataka,2357803.0,MSc,Finance Manager
6671,Prerak Garde,44,Hyderabad,Female,Telangana,1821794.0,MSc,Finance Manager
6672,Piya Som,41,Kolkata,Female,West Bengal,741055.0,MBA,Marketing Executive
6673,Ojas Bumb,48,Delhi,Male,Delhi,1509928.0,MSc,Entrepreneur
6675,Saanvi Sant,35,Hyderabad,Male,Telangana,1586631.0,M.Tech,Data Scientist
6676,Shray Chander,34,Ahmedabad,Male,Gujarat,1448741.0,MBA,Data Scientist
6677,Elakshi Vala,41,Hyderabad,Male,Telangana,1264698.0,MSc,Doctor
6678,Arnav Comar,53,Mumbai,Male,Maharashtra,1353926.0,MBA,Entrepreneur
6679,Prisha Vala,29,Kolkata,Male,West Bengal,615013.0,Diploma,Bank Clerk
6680,Stuvan Suresh,36,Mumbai,Female,Maharashtra,2347032.0,PhD,Entrepreneur
6681,Ehsaan Baria,28,Ahmedabad,Male,Gujarat,656639.0,BBA,HR Manager
6682,Pari Tara,19,Lucknow,Male,Uttar Pradesh,829470.0,MSc,Entrepreneur
6683,Madhav Bakshi,26,Ahmedabad,Female,Gujarat,1670976.0,M.Tech,Data Scientist
6684,Kanav Vasa,18,Delhi,Female,Delhi,1197812.0,M.Tech,Doctor
6685,Baiju Ravi,35,Bangalore,Female,Karnataka,2777270.0,M.Tech,Software Engineer
6686,Navya Khatri,42,Delhi,Male,Delhi,1851742.0,MSc,Data Scientist
6688,Jivika Dugal,60,Bangalore,Male,Karnataka,1919413.0,MBA,Entrepreneur
6689,Oorja Kalla,18,Pune,Male,Maharashtra,746334.0,B.Tech,Bank Clerk
6690,Biju Tripathi,31,Bangalore,Female,Karnataka,1931293.0,M.Tech,Software Engineer
6691,Saksham Das,33,Mumbai,Male,Maharashtra,1881333.0,MBA,Doctor
6692,Raghav Venkatesh,54,Hyderabad,Female,Telangana,1166934.0,MSc,Data Scientist
6693,Kiara Cheema,42,Ahmedabad,Male,Gujarat,562746.0,MCA,Bank Clerk
6694,Jivika Dua,19,Bangalore,Male,Karnataka,2074787.0,M.Tech,Doctor
6695,Charvi Rattan,18,Kolkata,Male,West Bengal,1117962.0,PhD,Finance Manager
6696,Bhavin Gera,41,Ahmedabad,Female,Gujarat,1630626.0,MSc,Data Scientist
6698,Drishya Boase,40,Ahmedabad,Male,Gujarat,1283684.0,M.Tech,Finance Manager
6699,Jivin Yogi,44,Jaipur,Female,Rajasthan,739957.0,BBA,HR Manager
6700,Piya Chakrabarti,50,Mumbai,Female,Maharashtra,2024089.0,M.Tech,Finance Manager
6702,Yakshit Master,37,Kolkata,Male,West Bengal,1564980.0,PhD,Doctor
6704,Misha Srinivasan,64,Ahmedabad,Female,Gujarat,1458250.0,MBA,Doctor
6705,Siya Swamy,29,Mumbai,Female,Maharashtra,559343.0,MCA,HR Manager
6706,Mishti Lal,28,Hyderabad,Female,Telangana,2946523.0,PhD,Software Engineer
6707,Dishani Gara,26,Ahmedabad,Female,Gujarat,1457183.0,MBA,Finance Manager
6709,Baiju Randhawa,51,Mumbai,Female,Maharashtra,1704944.0,PhD,Data Scientist
6710,Badal Kalita,24,Mumbai,Male,Maharashtra,2907729.0,MSc,Doctor
6712,Shlok Madan,47,Ahmedabad,Female,Gujarat,1936474.0,PhD,Finance Manager
6713,Piya Chad,18,Lucknow,Female,Uttar Pradesh,520360.0,B.Tech,Teacher
6714,Tejas Balan,39,Pune,Female,Maharashtra,1280428.0,MBA,Software Engineer
6715,Aarush Subramaniam,30,Delhi,Male,Delhi,703779.0,Diploma,HR Manager
6716,Vivaan Bera,26,Ahmedabad,Female,Gujarat,1725099.0,MBA,Doctor
6717,Jayesh Virk,45,Ahmedabad,Male,Gujarat,1017315.0,MBA,Entrepreneur
6718,Saira Jayaraman,54,Ahmedabad,Female,Gujarat,1607432.0,MSc,Software Engineer
6719,Pari Bal,39,Bangalore,Female,Karnataka,1771125.0,M.Tech,Software Engineer
6720,Veer Sridhar,33,Mumbai,Female,Maharashtra,514247.0,MCA,Bank Clerk
6721,Ahana  Guha,39,Bangalore,Male,Karnataka,2948208.0,MBA,Entrepreneur
6722,Samiha Roy,36,Delhi,Female,Delhi,1924517.0,PhD,Entrepreneur
6723,Amira Deep,46,Delhi,Male,Delhi,2244717.0,PhD,Doctor
6724,Jivika Ramaswamy,39,Mumbai,Female,Maharashtra,1749625.0,M.Tech,Finance Manager
6725,Abram Hegde,31,Mumbai,Female,Maharashtra,2881520.0,M.Tech,Doctor
6726,Rhea Lala,23,Bangalore,Female,Karnataka,2809130.0,PhD,Finance Manager
6727,Kismat Bhagat,42,Hyderabad,Female,Telangana,1658124.0,M.Tech,Data Scientist
6728,Nehmat Kara,23,Bangalore,Female,Karnataka,733952.0,Diploma,Bank Clerk
6729,Vivaan Raju,27,Hyderabad,Female,Telangana,1749311.0,PhD,Entrepreneur
6730,Tushar Chaudhry,22,Bangalore,Male,Karnataka,620540.0,B.Tech,Accountant
6732,Nitya Ranganathan,40,Delhi,Female,Delhi,2950208.0,M.Tech,Data Scientist
6733,Gokul Wable,29,Pune,Female,Maharashtra,1999577.0,MBA,Entrepreneur
6734,Saira Deo,30,Mumbai,Female,Maharashtra,2999652.0,MBA,Software Engineer
6735,Gokul Madan,42,Hyderabad,Male,Telangana,390307.0,12th Pass,Customer Support
6736,Nitya Keer,60,Bangalore,Male,Karnataka,2253973.0,PhD,Data Scientist
6737,Tara Zacharia,38,Hyderabad,Female,Telangana,1060590.0,M.Tech,Entrepreneur
6738,Prisha Grewal,26,Pune,Male,Maharashtra,886439.0,MBA,Finance Manager
6739,Tara Singh,18,Delhi,Female,Delhi,2810426.0,MSc,Entrepreneur
6740,Tejas Sastry,46,Ahmedabad,Male,Gujarat,1679192.0,MBA,Doctor
6741,Damini Comar,34,Mumbai,Male,Maharashtra,2374989.0,M.Tech,Data Scientist
6742,Pranay Barman,29,Ahmedabad,Male,Gujarat,670795.0,Diploma,Bank Clerk
6743,Siya Mall,30,Delhi,Male,Delhi,2569120.0,M.Tech,Entrepreneur
6744,Renee Doctor,29,Mumbai,Male,Maharashtra,1930536.0,MSc,Data Scientist
6745,Prisha Magar,24,Bangalore,Female,Karnataka,1805825.0,MBA,Software Engineer
6746,Rohan Seshadri,28,Bangalore,Female,Karnataka,1390297.0,MBA,Doctor
6747,Chirag Madan,28,Ahmedabad,Female,Gujarat,1966555.0,M.Tech,Software Engineer
6748,Aniruddh Shankar,30,Mumbai,Male,Maharashtra,2797676.0,MSc,Entrepreneur
6749,Rasha Sehgal,37,Lucknow,Female,Uttar Pradesh,510169.0,B.A,Marketing Executive
6750,Samiha Bir,42,Ahmedabad,Female,Gujarat,823758.0,M.Tech,Doctor
6751,Pihu Kota,21,Chennai,Male,Tamil Nadu,1277001.0,MSc,Data Scientist
6752,Taran Ramesh,47,Mumbai,Male,Maharashtra,2932824.0,M.Tech,Data Scientist
6754,Nishith Sunder,28,Delhi,Male,Delhi,2274084.0,M.Tech,Finance Manager
6755,Gatik Dada,29,Delhi,Female,Delhi,1897441.0,PhD,Entrepreneur
6757,Mishti Dugal,53,Delhi,Male,Delhi,674560.0,BSc,Teacher
6758,Yuvaan Jhaveri,29,Kolkata,Female,West Bengal,1686655.0,MBA,Finance Manager
6759,Trisha Dhawan,19,Mumbai,Female,Maharashtra,1724930.0,PhD,Finance Manager
6760,Aniruddh Zacharia,24,Jaipur,Female,Rajasthan,1062584.0,PhD,Entrepreneur
6761,Shalv Thaker,34,Delhi,Male,Delhi,449303.0,12th Pass,Customer Support
6763,Darshit Som,31,Mumbai,Female,Maharashtra,1853793.0,MSc,Data Scientist
6764,Nirvi Kulkarni,18,Ahmedabad,Female,Gujarat,708209.0,B.Com,HR Manager
6765,Rati Hora,39,Mumbai,Male,Maharashtra,2959214.0,M.Tech,Data Scientist
6766,Prerak Vig,31,Bangalore,Male,Karnataka,386304.0,Diploma,Delivery Agent
6767,Umang Mannan,29,Bangalore,Male,Karnataka,2841623.0,MSc,Doctor
6768,Divij Gopal,38,Kolkata,Female,West Bengal,1895635.0,M.Tech,Doctor
6769,Keya Seshadri,22,Bangalore,Female,Karnataka,937475.0,PhD,Entrepreneur
6770,Samarth Srinivas,24,Mumbai,Female,Maharashtra,304934.0,12th Pass,Delivery Agent
6771,Piya Choudhry,28,Ahmedabad,Male,Gujarat,1099822.0,M.Tech,Data Scientist
6772,Kartik Salvi,26,Bangalore,Female,Karnataka,1574622.0,PhD,Data Scientist
6774,Prisha Sankaran,28,Ahmedabad,Male,Gujarat,1701736.0,M.Tech,Data Scientist
6775,Saksham Mahajan,33,Mumbai,Male,Maharashtra,2666946.0,MBA,Data Scientist
6776,Aayush Karnik,57,Hyderabad,Female,Telangana,497965.0,Diploma,Customer Support
6777,Shlok Dash,42,Chennai,Female,Tamil Nadu,1290346.0,MSc,Software Engineer
6778,Arhaan Ravel,33,Delhi,Male,Delhi,1367248.0,MSc,Software Engineer
6779,Rhea Bandi,42,Ahmedabad,Male,Gujarat,1926491.0,M.Tech,Software Engineer
6780,Inaaya  Atwal,22,Mumbai,Female,Maharashtra,1039536.0,MSc,Software Engineer
6781,Kimaya Ben,20,Bangalore,Female,Karnataka,1008561.0,PhD,Finance Manager
6782,Jivika Chadha,35,Delhi,Female,Delhi,2532368.0,MSc,Finance Manager
6783,Hiran Atwal,48,Pune,Male,Maharashtra,1297015.0,M.Tech,Finance Manager
6784,Ritvik Bala,35,Chennai,Male,Tamil Nadu,1118570.0,M.Tech,Doctor
6785,Ishita Gandhi,24,Bangalore,Female,Karnataka,901743.0,M.Tech,Doctor
6786,Elakshi Sathe,39,Mumbai,Female,Maharashtra,725174.0,BSc,Marketing Executive
6787,Adira Venkataraman,25,Delhi,Male,Delhi,1765362.0,MBA,Software Engineer
6788,Ira Mannan,20,Ahmedabad,Male,Gujarat,1201338.0,MBA,Finance Manager
6789,Prerak Gill,42,Hyderabad,Female,Telangana,1158602.0,M.Tech,Software Engineer
6790,Shamik Thakur,32,Hyderabad,Male,Telangana,2094067.0,MSc,Software Engineer
6791,Tara Sarin,48,Kolkata,Female,West Bengal,1394425.0,MBA,Data Scientist
6792,Dhanuk Sengupta,28,Ahmedabad,Male,Gujarat,1024522.0,MBA,Data Scientist
6793,Nirvaan Babu,36,Bangalore,Female,Karnataka,872321.0,PhD,Finance Manager
6794,Trisha Kala,36,Chennai,Male,Tamil Nadu,453849.0,12th Pass,Factory Worker
6795,Keya Banik,41,Kolkata,Female,West Bengal,1926022.0,PhD,Data Scientist
6796,Seher Sabharwal,43,Ahmedabad,Male,Gujarat,1504027.0,MBA,Entrepreneur
6797,Hrishita Rana,32,Mumbai,Male,Maharashtra,1212038.0,MBA,Finance Manager
6798,Pihu Chakrabarti,18,Delhi,Male,Delhi,1315193.0,MBA,Doctor
6799,Mehul Bera,45,Hyderabad,Male,Telangana,1306798.0,PhD,Entrepreneur
6802,Purab Sarna,40,Bangalore,Female,Karnataka,1572426.0,PhD,Data Scientist
6803,Lagan Deshmukh,36,Delhi,Male,Delhi,1016096.0,MSc,Entrepreneur
6805,Dishani Sethi,18,Mumbai,Female,Maharashtra,1427938.0,PhD,Data Scientist
6806,Suhana Wable,24,Delhi,Female,Delhi,381007.0,12th Pass,Retail Worker
6807,Fateh Chakraborty,42,Ahmedabad,Male,Gujarat,894365.0,MBA,Software Engineer
6808,Ritvik Sama,42,Hyderabad,Female,Telangana,2126535.0,M.Tech,Software Engineer
6809,Umang Vasa,24,Delhi,Female,Delhi,2876131.0,MSc,Software Engineer
6812,Manjari Sagar,36,Delhi,Female,Delhi,2633497.0,MBA,Doctor
6813,Adah Gera,34,Mumbai,Male,Maharashtra,2981044.0,MSc,Finance Manager
6814,Saksham Saran,48,Hyderabad,Female,Telangana,2462142.0,MBA,Doctor
6815,Kismat Kunda,39,Ahmedabad,Male,Gujarat,1202034.0,PhD,Data Scientist
6817,Ritvik Kunda,51,Mumbai,Female,Maharashtra,1176001.0,M.Tech,Software Engineer
6818,Yuvaan Shah,41,Hyderabad,Female,Telangana,1708395.0,PhD,Doctor
6819,Khushi Kunda,40,Delhi,Male,Delhi,525414.0,MBA,HR Manager
6820,Ishaan Zachariah,36,Ahmedabad,Female,Gujarat,1746588.0,MBA,Entrepreneur
6821,Ehsaan Dyal,18,Hyderabad,Male,Telangana,2570921.0,M.Tech,Finance Manager
6822,Mohanlal Kaul,35,Chennai,Female,Tamil Nadu,820171.0,PhD,Software Engineer
6824,Ritvik Chaudhary,38,Lucknow,Male,Uttar Pradesh,926876.0,MBA,Data Scientist
6826,Seher Lata,33,Ahmedabad,Male,Gujarat,994868.0,MBA,Doctor
6827,Eshani Banik,38,Delhi,Male,Delhi,557214.0,B.A,Bank Clerk
6828,Vedika Suresh,34,Hyderabad,Male,Telangana,890610.0,PhD,Doctor
6830,Piya Maharaj,25,Bangalore,Female,Karnataka,2664740.0,MBA,Entrepreneur
6831,Jayesh Batta,40,Hyderabad,Female,Telangana,2814042.0,MSc,Software Engineer
6832,Hansh Dayal,29,Ahmedabad,Male,Gujarat,1154636.0,MBA,Finance Manager
6833,Anya Bahl,57,Mumbai,Male,Maharashtra,1000517.0,M.Tech,Entrepreneur
6834,Elakshi Cheema,35,Delhi,Male,Delhi,2441645.0,MSc,Software Engineer
6837,Raunak Dhawan,33,Delhi,Female,Delhi,2497799.0,PhD,Software Engineer
6839,Kashvi Desai,27,Delhi,Female,Delhi,2086525.0,M.Tech,Data Scientist
6840,Yasmin Soman,27,Delhi,Male,Delhi,2472740.0,PhD,Software Engineer
6841,Yakshit Ben,30,Delhi,Male,Delhi,2694776.0,PhD,Entrepreneur
6842,Indrans Malhotra,66,Delhi,Male,Delhi,1866464.0,PhD,Finance Manager
6844,Hansh Dayal,42,Bangalore,Male,Karnataka,2302651.0,M.Tech,Software Engineer
6845,Kavya Sharma,43,Mumbai,Male,Maharashtra,728230.0,BSc,Accountant
6846,Hansh Banerjee,43,Ahmedabad,Male,Gujarat,519947.0,B.A,Accountant
6847,Ira Srivastava,39,Bangalore,Female,Karnataka,1652577.0,MBA,Software Engineer
6848,Jhanvi Venkataraman,25,Bangalore,Female,Karnataka,2371166.0,M.Tech,Data Scientist
6850,Kiara Chaudhari,30,Mumbai,Female,Maharashtra,1284915.0,M.Tech,Software Engineer
6851,Rohan Bali,22,Ahmedabad,Male,Gujarat,1854115.0,PhD,Doctor
6852,Bhavin Rama,19,Bangalore,Female,Karnataka,543957.0,MCA,Accountant
6853,Dhanuk Bala,18,Mumbai,Male,Maharashtra,1938517.0,PhD,Software Engineer
6854,Aayush Tailor,31,Chennai,Female,Tamil Nadu,977532.0,PhD,Software Engineer
6855,Uthkarsh Chokshi,42,Mumbai,Male,Maharashtra,1094377.0,MBA,Software Engineer
6856,Ishita Gandhi,30,Bangalore,Male,Karnataka,2760156.0,PhD,Data Scientist
6857,Jiya Chopra,39,Delhi,Female,Delhi,1283489.0,MSc,Finance Manager
6858,Ira Kanda,42,Delhi,Female,Delhi,2984949.0,MBA,Data Scientist
6859,Vihaan Kala,49,Hyderabad,Female,Telangana,725879.0,MCA,Teacher
6861,Hiran Ray,33,Ahmedabad,Female,Gujarat,1654695.0,MBA,Entrepreneur
6862,Siya Thakur,26,Kolkata,Male,West Bengal,1058708.0,MSc,Finance Manager
6864,Renee Gade,35,Bangalore,Female,Karnataka,2636240.0,M.Tech,Doctor
6865,Lagan Goel,19,Bangalore,Female,Karnataka,777756.0,MBA,Accountant
6867,Ivan Mangat,30,Ahmedabad,Male,Gujarat,1757703.0,MSc,Finance Manager
6868,Indrajit Ganguly,34,Mumbai,Female,Maharashtra,1519176.0,PhD,Data Scientist
6869,Kimaya Sawhney,49,Kolkata,Female,West Bengal,755023.0,B.Tech,Bank Clerk
6870,Neysa Thakkar,35,Bangalore,Female,Karnataka,2211303.0,M.Tech,Software Engineer
6871,Umang Bhatnagar,44,Bangalore,Male,Karnataka,2522949.0,PhD,Software Engineer
6873,Kashvi Barman,38,Hyderabad,Female,Telangana,1727513.0,PhD,Data Scientist
6874,Arnav Mangal,38,Kolkata,Male,West Bengal,707331.0,MBA,Accountant
6876,Neelofar Halder,49,Delhi,Male,Delhi,1917798.0,MSc,Data Scientist
6877,Hiran Chander,41,Pune,Male,Maharashtra,1478820.0,MSc,Software Engineer
6878,Kabir Dhillon,42,Lucknow,Male,Uttar Pradesh,852790.0,MBA,Doctor
6879,Advika Shan,49,Mumbai,Male,Maharashtra,2173697.0,M.Tech,Data Scientist
6880,Vritika Choudhry,25,Bangalore,Male,Karnataka,561200.0,BBA,Accountant
6883,Priyansh Venkatesh,51,Delhi,Female,Delhi,558835.0,BSc,Accountant
6885,Indrajit Sachdeva,27,Jaipur,Female,Rajasthan,862207.0,MBA,Data Scientist
6886,Tara Wable,37,Mumbai,Female,Maharashtra,2414918.0,PhD,Entrepreneur
6887,Miraya Gulati,47,Bangalore,Male,Karnataka,2557206.0,PhD,Finance Manager
6835,Ojas Madan,25,Delhi,Male,Delhi,2557256.0,MSc,Doctor
6888,Manikya Mall,25,Bangalore,Male,Karnataka,525924.0,MBA,Bank Clerk
6889,Anahi Tak,37,Pune,Male,Maharashtra,1806625.0,MBA,Finance Manager
6892,Emir Vora,18,Delhi,Female,Delhi,2181869.0,MBA,Data Scientist
6893,Divyansh Bhatnagar,47,Bangalore,Male,Karnataka,738001.0,B.Com,Bank Clerk
6894,Ela Hans,48,Chennai,Male,Tamil Nadu,936436.0,MSc,Entrepreneur
6895,Vivaan Sangha,32,Jaipur,Female,Rajasthan,676240.0,BSc,Accountant
6896,Shanaya Mallick,39,Ahmedabad,Female,Gujarat,472138.0,Diploma,Factory Worker
6897,Ojas Sachdeva,32,Mumbai,Male,Maharashtra,662597.0,B.Com,Marketing Executive
6898,Kartik Luthra,37,Mumbai,Male,Maharashtra,594974.0,BBA,Marketing Executive
6899,Shamik Saraf,39,Mumbai,Female,Maharashtra,2614487.0,M.Tech,Finance Manager
6900,Jayan Tailor,32,Mumbai,Female,Maharashtra,2614021.0,M.Tech,Finance Manager
6901,Shayak Dube,42,Ahmedabad,Female,Gujarat,1870338.0,M.Tech,Data Scientist
6902,Neelofar Garde,26,Mumbai,Female,Maharashtra,902647.0,MSc,Finance Manager
6903,Raghav Dhawan,47,Mumbai,Male,Maharashtra,2762574.0,M.Tech,Data Scientist
6904,Prisha Chowdhury,38,Mumbai,Female,Maharashtra,1828737.0,PhD,Entrepreneur
6905,Krish Khurana,46,Hyderabad,Female,Telangana,1130592.0,MSc,Doctor
6908,Parinaaz Vasa,56,Ahmedabad,Female,Gujarat,1870810.0,PhD,Doctor
6909,Mehul Aurora,22,Delhi,Female,Delhi,2434802.0,M.Tech,Entrepreneur
6910,Arnav Garg,36,Delhi,Female,Delhi,1081576.0,PhD,Entrepreneur
6911,Yuvraj  Sane,44,Kolkata,Male,West Bengal,473989.0,12th Pass,Retail Worker
6912,Rati Khanna,47,Bangalore,Female,Karnataka,677375.0,BSc,HR Manager
6913,Pihu Devan,18,Kolkata,Female,West Bengal,1907784.0,MSc,Finance Manager
6914,Anahita Krishnan,32,Kolkata,Female,West Bengal,1487061.0,MSc,Finance Manager
6915,Shlok Ravel,46,Ahmedabad,Male,Gujarat,401047.0,Diploma,Factory Worker
6916,Inaaya  Bedi,42,Jaipur,Female,Rajasthan,608556.0,MCA,Teacher
6917,Vidur Warrior,34,Kolkata,Male,West Bengal,716920.0,Diploma,HR Manager
6918,Kaira Kala,52,Mumbai,Male,Maharashtra,2599243.0,MBA,Doctor
6919,Aarush Sarkar,35,Chennai,Male,Tamil Nadu,1849455.0,MBA,Doctor
6920,Rati Dara,35,Bangalore,Female,Karnataka,1370233.0,M.Tech,Entrepreneur
6921,Divij Khurana,31,Ahmedabad,Female,Gujarat,1988905.0,MSc,Entrepreneur
6922,Anika Aggarwal,25,Chennai,Female,Tamil Nadu,1039540.0,MBA,Doctor
6923,Raghav Kumer,42,Delhi,Female,Delhi,1135935.0,PhD,Finance Manager
6924,Vanya Raman,42,Ahmedabad,Female,Gujarat,526007.0,B.A,Accountant
6925,Akarsh Hari,28,Kolkata,Male,West Bengal,999972.0,M.Tech,Finance Manager
6926,Adah De,36,Bangalore,Male,Karnataka,1486006.0,MBA,Doctor
6927,Neelofar Koshy,27,Hyderabad,Male,Telangana,966903.0,PhD,Software Engineer
6928,Aarav Malhotra,35,Ahmedabad,Male,Gujarat,955178.0,MBA,Finance Manager
6929,Jiya Karpe,25,Delhi,Female,Delhi,426454.0,12th Pass,Factory Worker
6930,Aaryahi Keer,54,Bangalore,Male,Karnataka,999572.0,M.Tech,Software Engineer
6931,Parinaaz Mahal,40,Hyderabad,Male,Telangana,953153.0,MBA,Finance Manager
6932,Raunak Ahluwalia,34,Mumbai,Male,Maharashtra,1827376.0,MSc,Entrepreneur
6933,Divit Ganesan,18,Ahmedabad,Female,Gujarat,1341505.0,MSc,Entrepreneur
6934,Aaryahi Sampath,20,Delhi,Male,Delhi,1140090.0,MBA,Software Engineer
6935,Siya Walla,35,Hyderabad,Male,Telangana,612068.0,MCA,Teacher
6936,Miraan Raman,26,Kolkata,Female,West Bengal,1438607.0,MBA,Entrepreneur
6937,Veer Grover,27,Mumbai,Male,Maharashtra,700241.0,MCA,Bank Clerk
6938,Miraya Rana,25,Bangalore,Female,Karnataka,1407316.0,PhD,Data Scientist
6939,Indranil Saran,36,Delhi,Female,Delhi,1022806.0,MSc,Data Scientist
6941,Gokul Dash,21,Mumbai,Male,Maharashtra,1818759.0,PhD,Finance Manager
6943,Samiha Wadhwa,26,Hyderabad,Male,Telangana,1885636.0,MBA,Entrepreneur
6945,Divit Divan,34,Chennai,Male,Tamil Nadu,951933.0,MBA,Software Engineer
6946,Vivaan Walia,32,Mumbai,Male,Maharashtra,1205824.0,MSc,Software Engineer
6947,Yashvi Ramachandran,36,Delhi,Female,Delhi,1442052.0,PhD,Entrepreneur
6948,Veer Shah,40,Bangalore,Male,Karnataka,990601.0,M.Tech,Data Scientist
6949,Damini Gaba,18,Delhi,Female,Delhi,2424982.0,M.Tech,Finance Manager
6950,Hunar Shroff,33,Mumbai,Female,Maharashtra,2512330.0,M.Tech,Software Engineer
6951,Kashvi Varughese,24,Bangalore,Male,Karnataka,2061984.0,M.Tech,Entrepreneur
6952,Pari Bora,35,Hyderabad,Male,Telangana,672485.0,BBA,Accountant
6953,Hazel Sood,22,Hyderabad,Male,Telangana,806301.0,PhD,Software Engineer
6954,Krish Bahl,43,Pune,Male,Maharashtra,1920716.0,PhD,Doctor
6955,Jiya Iyengar,33,Bangalore,Male,Karnataka,331694.0,Diploma,Delivery Agent
6956,Purab Ganguly,30,Bangalore,Male,Karnataka,1269421.0,M.Tech,Finance Manager
6957,Ranbir Dasgupta,45,Delhi,Male,Delhi,443815.0,Diploma,Delivery Agent
6958,Mahika Kadakia,35,Delhi,Female,Delhi,2850824.0,M.Tech,Finance Manager
6959,Divit Garde,39,Ahmedabad,Male,Gujarat,1356801.0,MBA,Finance Manager
6960,Gatik Gala,27,Ahmedabad,Male,Gujarat,1231086.0,MSc,Entrepreneur
6961,Suhana Kannan,33,Chennai,Male,Tamil Nadu,878167.0,MSc,Software Engineer
6962,Sahil Datta,20,Bangalore,Male,Karnataka,2419188.0,MBA,Entrepreneur
6963,Zaina Dugar,33,Jaipur,Male,Rajasthan,1164908.0,MSc,Entrepreneur
6964,Dhanuk Wadhwa,58,Bangalore,Female,Karnataka,2626914.0,MBA,Entrepreneur
6965,Dhanuk Aurora,51,Delhi,Female,Delhi,1748683.0,MBA,Data Scientist
6967,Renee Varkey,32,Hyderabad,Female,Telangana,1465543.0,PhD,Doctor
6968,Zoya Kara,31,Mumbai,Male,Maharashtra,1146336.0,M.Tech,Data Scientist
6969,Heer Chatterjee,24,Delhi,Male,Delhi,913180.0,MSc,Entrepreneur
6970,Sara Devan,29,Delhi,Male,Delhi,2029449.0,M.Tech,Doctor
6971,Manikya Bora,26,Ahmedabad,Female,Gujarat,1803689.0,MBA,Software Engineer
6972,Rasha Bera,28,Bangalore,Male,Karnataka,1586112.0,PhD,Entrepreneur
6974,Jayant Jha,24,Bangalore,Male,Karnataka,1286357.0,PhD,Finance Manager
6975,Gokul Dash,50,Mumbai,Male,Maharashtra,621714.0,B.A,Teacher
6976,Badal Chander,19,Pune,Female,Maharashtra,1258458.0,PhD,Data Scientist
6977,Nitya Varkey,31,Bangalore,Male,Karnataka,2046699.0,MSc,Doctor
6978,Rasha Choudhury,20,Chennai,Female,Tamil Nadu,1868400.0,MBA,Data Scientist
6979,Eva Samra,34,Delhi,Male,Delhi,1231206.0,PhD,Software Engineer
6981,Shray Mall,49,Mumbai,Female,Maharashtra,2022082.0,MSc,Finance Manager
6982,Inaaya  Karpe,21,Mumbai,Male,Maharashtra,2787876.0,MBA,Software Engineer
6983,Heer Sanghvi,38,Hyderabad,Female,Telangana,891940.0,MBA,Finance Manager
6984,Eshani Bajwa,28,Bangalore,Female,Karnataka,2443618.0,MBA,Data Scientist
6986,Advik Shukla,24,Pune,Female,Maharashtra,1487306.0,PhD,Software Engineer
6987,Miraya Date,46,Delhi,Male,Delhi,2568773.0,MBA,Doctor
6988,Diya Buch,46,Mumbai,Male,Maharashtra,1998651.0,PhD,Finance Manager
6989,Badal Saha,43,Chennai,Female,Tamil Nadu,839414.0,MBA,Software Engineer
6990,Kaira Mane,32,Delhi,Female,Delhi,474851.0,Diploma,Retail Worker
6991,Divit Kamdar,21,Hyderabad,Female,Telangana,901180.0,PhD,Data Scientist
6993,Kismat Agarwal,43,Delhi,Male,Delhi,1012940.0,PhD,Data Scientist
6995,Bhamini Chawla,29,Ahmedabad,Female,Gujarat,1107538.0,M.Tech,Doctor
6998,Divit Agarwal,26,Mumbai,Female,Maharashtra,1226043.0,MSc,Data Scientist
6999,Aaryahi Bassi,22,Mumbai,Male,Maharashtra,1290828.0,MSc,Finance Manager
7002,Zaina Dar,23,Delhi,Female,Delhi,677855.0,B.Tech,Teacher
7003,Kimaya Lanka,23,Bangalore,Male,Karnataka,490702.0,12th Pass,Customer Support
7004,Charvi Kale,28,Bangalore,Male,Karnataka,2231060.0,M.Tech,Doctor
7005,Jayesh Deol,46,Mumbai,Male,Maharashtra,2421495.0,MBA,Software Engineer
7006,Yakshit Guha,28,Bangalore,Male,Karnataka,800866.0,PhD,Software Engineer
7007,Shlok Sur,29,Kolkata,Male,West Bengal,407312.0,12th Pass,Retail Worker
7008,Abram Ghose,22,Ahmedabad,Male,Gujarat,1652895.0,MBA,Entrepreneur
7009,Taran Ram,32,Hyderabad,Male,Telangana,1153074.0,MSc,Doctor
7010,Anahita Babu,41,Hyderabad,Male,Telangana,2731962.0,MBA,Entrepreneur
7012,Ahana  Kota,29,Bangalore,Male,Karnataka,2320672.0,MSc,Finance Manager
7013,Madhav Kara,33,Mumbai,Male,Maharashtra,1533652.0,MBA,Software Engineer
7014,Arnav Dhillon,53,Lucknow,Male,Uttar Pradesh,461950.0,12th Pass,Security Guard
7015,Aarush Jha,49,Delhi,Male,Delhi,435775.0,12th Pass,Customer Support
7017,Ryan Comar,41,Bangalore,Male,Karnataka,2886463.0,M.Tech,Entrepreneur
7018,Ojas Iyengar,35,Ahmedabad,Male,Gujarat,590594.0,Diploma,Marketing Executive
7019,Prisha Bhalla,46,Mumbai,Female,Maharashtra,1790259.0,MSc,Entrepreneur
7020,Yuvaan Rout,51,Mumbai,Female,Maharashtra,621535.0,Diploma,Accountant
7021,Anika Uppal,47,Hyderabad,Male,Telangana,1623960.0,MSc,Entrepreneur
7022,Kiaan Sachdev,35,Lucknow,Male,Uttar Pradesh,695510.0,MCA,Accountant
7024,Nirvi Vora,39,Chennai,Male,Tamil Nadu,1520904.0,MSc,Doctor
7025,Vritika Choudhury,27,Bangalore,Female,Karnataka,1897105.0,MSc,Entrepreneur
7026,Samar Mand,36,Mumbai,Female,Maharashtra,2992599.0,M.Tech,Software Engineer
7027,Badal Golla,30,Hyderabad,Male,Telangana,1473950.0,M.Tech,Software Engineer
7028,Samarth Ray,31,Delhi,Male,Delhi,2892743.0,MSc,Software Engineer
7029,Dhanush Zachariah,26,Kolkata,Female,West Bengal,1298644.0,M.Tech,Data Scientist
7030,Kashvi Bansal,27,Mumbai,Male,Maharashtra,602428.0,MBA,Accountant
7032,Himmat Andra,25,Chennai,Male,Tamil Nadu,973653.0,MBA,Entrepreneur
7033,Ojas Saran,20,Bangalore,Male,Karnataka,2124661.0,M.Tech,Software Engineer
7034,Samarth Korpal,30,Ahmedabad,Female,Gujarat,917372.0,PhD,Software Engineer
7035,Kiara Brar,30,Bangalore,Male,Karnataka,841834.0,PhD,Finance Manager
7036,Farhan Singh,25,Delhi,Female,Delhi,2219152.0,MSc,Data Scientist
7037,Devansh Subramaniam,27,Bangalore,Female,Karnataka,654336.0,B.Tech,Bank Clerk
7038,Drishya Konda,19,Ahmedabad,Female,Gujarat,550988.0,B.Tech,HR Manager
7039,Vritika Garde,51,Bangalore,Male,Karnataka,1529124.0,MSc,Doctor
7040,Heer Devan,46,Mumbai,Female,Maharashtra,835558.0,PhD,Software Engineer
7041,Dhruv Dhaliwal,35,Kolkata,Male,West Bengal,557795.0,Diploma,HR Manager
7042,Kashvi Krishna,40,Chennai,Female,Tamil Nadu,689043.0,MCA,HR Manager
7043,Manjari Mane,44,Delhi,Female,Delhi,1005858.0,MSc,Entrepreneur
7044,Zara Sanghvi,33,Pune,Male,Maharashtra,1899787.0,M.Tech,Doctor
7045,Indrans Hayre,27,Jaipur,Male,Rajasthan,434003.0,12th Pass,Factory Worker
7046,Samiha Handa,28,Delhi,Female,Delhi,912789.0,MSc,Doctor
7047,Inaaya  Magar,42,Hyderabad,Male,Telangana,2691404.0,MBA,Data Scientist
7048,Zain Dube,43,Pune,Female,Maharashtra,1293151.0,MBA,Doctor
7049,Vivaan Swaminathan,29,Mumbai,Female,Maharashtra,1242336.0,MSc,Doctor
7050,Parinaaz Dubey,22,Delhi,Male,Delhi,2013276.0,MBA,Finance Manager
7051,Nirvaan Thaman,25,Bangalore,Female,Karnataka,2660332.0,MSc,Data Scientist
7052,Arnav Krishnamurthy,46,Delhi,Female,Delhi,870308.0,M.Tech,Software Engineer
7054,Baiju Chanda,30,Mumbai,Female,Maharashtra,2440320.0,PhD,Doctor
7055,Inaaya  Shroff,18,Hyderabad,Male,Telangana,971669.0,MSc,Data Scientist
7056,Dharmajan Desai,44,Ahmedabad,Male,Gujarat,1043806.0,PhD,Doctor
7057,Hazel Ben,49,Bangalore,Female,Karnataka,1310349.0,MSc,Software Engineer
7058,Bhavin Golla,40,Mumbai,Female,Maharashtra,859638.0,MBA,Finance Manager
7059,Vedika Virk,43,Chennai,Male,Tamil Nadu,619163.0,Diploma,HR Manager
7060,Lavanya Zachariah,44,Ahmedabad,Female,Gujarat,576505.0,B.Tech,Marketing Executive
7061,Kismat Rajagopal,39,Delhi,Male,Delhi,2708500.0,MBA,Finance Manager
7062,Bhavin Verma,30,Bangalore,Female,Karnataka,667242.0,MBA,Bank Clerk
7063,Yashvi Kapur,40,Mumbai,Male,Maharashtra,2511847.0,PhD,Software Engineer
7064,Onkar Sandhu,28,Ahmedabad,Female,Gujarat,1578495.0,PhD,Doctor
7065,Abram Shukla,47,Kolkata,Female,West Bengal,1522312.0,M.Tech,Data Scientist
7066,Vedika Anne,35,Mumbai,Male,Maharashtra,2881866.0,MSc,Software Engineer
7068,Vidur Kamdar,43,Jaipur,Female,Rajasthan,568764.0,B.A,Marketing Executive
7069,Kaira Trivedi,35,Mumbai,Female,Maharashtra,1272598.0,MSc,Software Engineer
7071,Madhav Raman,22,Ahmedabad,Male,Gujarat,610503.0,MCA,Marketing Executive
7072,Kismat Dara,36,Bangalore,Male,Karnataka,1118128.0,M.Tech,Data Scientist
7073,Zain Sheth,30,Kolkata,Female,West Bengal,1167163.0,MSc,Doctor
7074,Anahi Biswas,38,Bangalore,Female,Karnataka,1712285.0,M.Tech,Entrepreneur
7075,Damini Garde,36,Jaipur,Female,Rajasthan,1033489.0,M.Tech,Entrepreneur
7077,Saanvi Sani,29,Delhi,Female,Delhi,709393.0,MCA,Marketing Executive
7078,Aaina Virk,35,Jaipur,Female,Rajasthan,877729.0,MBA,Data Scientist
7079,Lagan Khatri,30,Mumbai,Female,Maharashtra,750517.0,B.Tech,Teacher
7080,Badal Sharma,37,Chennai,Male,Tamil Nadu,863831.0,MBA,Software Engineer
7081,Nishith Kata,30,Mumbai,Female,Maharashtra,565633.0,B.A,Bank Clerk
7082,Gatik Kannan,26,Delhi,Female,Delhi,2862742.0,MBA,Doctor
7083,Madhav Bobal,37,Mumbai,Female,Maharashtra,543419.0,B.A,Accountant
7084,Hrishita Lal,36,Mumbai,Female,Maharashtra,2044020.0,PhD,Finance Manager
7085,Yuvaan Rajan,47,Mumbai,Female,Maharashtra,1496216.0,MSc,Software Engineer
7087,Raunak Varkey,18,Lucknow,Female,Uttar Pradesh,765039.0,MBA,HR Manager
7089,Renee Deep,26,Mumbai,Male,Maharashtra,725672.0,Diploma,Bank Clerk
7091,Shaan Gara,18,Mumbai,Male,Maharashtra,685811.0,BBA,Accountant
7092,Biju Chaudhari,22,Hyderabad,Male,Telangana,2886496.0,MSc,Data Scientist
7094,Seher Bora,24,Hyderabad,Female,Telangana,1901855.0,PhD,Software Engineer
7095,Kimaya Saran,30,Hyderabad,Female,Telangana,2125838.0,M.Tech,Data Scientist
7096,Akarsh Chokshi,40,Mumbai,Female,Maharashtra,1887483.0,PhD,Doctor
7097,Adah Keer,22,Delhi,Male,Delhi,2484795.0,MSc,Finance Manager
7098,Anaya Bedi,44,Pune,Male,Maharashtra,553859.0,BSc,HR Manager
7099,Mishti Das,37,Delhi,Female,Delhi,2802072.0,MBA,Finance Manager
7100,Anya Aggarwal,19,Ahmedabad,Male,Gujarat,1805519.0,MSc,Finance Manager
7102,Lagan Dhawan,35,Delhi,Female,Delhi,2572857.0,MSc,Finance Manager
7103,Advika Sandhu,29,Pune,Female,Maharashtra,1454414.0,MBA,Data Scientist
7104,Eva Mall,46,Chennai,Female,Tamil Nadu,803428.0,MSc,Finance Manager
7106,Anahi Sant,29,Bangalore,Female,Karnataka,2883014.0,MBA,Entrepreneur
7107,Miraan Kumer,32,Mumbai,Female,Maharashtra,1435551.0,M.Tech,Doctor
7108,Anya Keer,22,Mumbai,Male,Maharashtra,450545.0,Diploma,Security Guard
7109,Yuvaan Rama,30,Chennai,Male,Tamil Nadu,1287557.0,PhD,Data Scientist
7111,Manjari Srinivas,35,Delhi,Male,Delhi,1475512.0,PhD,Software Engineer
7112,Tanya Char,30,Delhi,Female,Delhi,2725969.0,MBA,Finance Manager
7113,Trisha Sidhu,46,Delhi,Female,Delhi,1332223.0,PhD,Data Scientist
7114,Dharmajan Shenoy,51,Jaipur,Female,Rajasthan,1191439.0,MBA,Software Engineer
7115,Kabir Date,23,Delhi,Male,Delhi,634032.0,B.Tech,Marketing Executive
7117,Nirvaan Kunda,44,Hyderabad,Female,Telangana,2003483.0,MBA,Data Scientist
7118,Lagan Balan,23,Jaipur,Female,Rajasthan,457691.0,Diploma,Retail Worker
7119,Mannat Goyal,33,Delhi,Female,Delhi,1732385.0,PhD,Finance Manager
7120,Anaya Sengupta,37,Mumbai,Male,Maharashtra,2492917.0,MSc,Software Engineer
7122,Damini Batra,44,Chennai,Male,Tamil Nadu,1445033.0,MBA,Finance Manager
7123,Gokul Varghese,35,Ahmedabad,Female,Gujarat,1412197.0,MSc,Data Scientist
7124,Neysa Bhattacharyya,45,Bangalore,Female,Karnataka,2445190.0,MSc,Finance Manager
7126,Vanya Sandhu,39,Delhi,Male,Delhi,2186325.0,MSc,Entrepreneur
7128,Heer Bava,26,Hyderabad,Female,Telangana,1665641.0,MSc,Finance Manager
7129,Aarna Magar,41,Kolkata,Male,West Bengal,1868912.0,M.Tech,Doctor
7131,Vedika Chopra,25,Kolkata,Male,West Bengal,861909.0,MSc,Data Scientist
7133,Gokul Sarma,50,Ahmedabad,Female,Gujarat,1680305.0,MBA,Doctor
7135,Aarav Khalsa,41,Ahmedabad,Female,Gujarat,862998.0,MSc,Finance Manager
7136,Umang Agate,27,Delhi,Male,Delhi,2959210.0,M.Tech,Finance Manager
7137,Neelofar Deol,26,Mumbai,Female,Maharashtra,2876993.0,MSc,Software Engineer
7138,Eva Din,27,Bangalore,Female,Karnataka,2584739.0,M.Tech,Doctor
7139,Umang Ramanathan,41,Bangalore,Male,Karnataka,1782295.0,MBA,Doctor
7142,Lagan Borah,35,Bangalore,Male,Karnataka,2709801.0,MSc,Finance Manager
7143,Riya Choudhury,26,Bangalore,Female,Karnataka,1951275.0,M.Tech,Entrepreneur
7144,Neysa Swamy,47,Ahmedabad,Female,Gujarat,1566052.0,PhD,Finance Manager
7145,Armaan Srivastava,42,Bangalore,Female,Karnataka,2393712.0,M.Tech,Doctor
7146,Elakshi Dewan,51,Hyderabad,Female,Telangana,1450089.0,MSc,Software Engineer
7148,Piya Karan,26,Delhi,Male,Delhi,2199078.0,MBA,Finance Manager
7149,Adah Barman,37,Ahmedabad,Male,Gujarat,666054.0,Diploma,HR Manager
7151,Eva Gokhale,31,Bangalore,Female,Karnataka,1704698.0,MBA,Data Scientist
7152,Charvi Deshmukh,46,Delhi,Male,Delhi,2124409.0,PhD,Software Engineer
7153,Aarav Bhasin,45,Hyderabad,Male,Telangana,2913017.0,MBA,Doctor
7154,Divyansh Chand,29,Bangalore,Male,Karnataka,2805533.0,M.Tech,Entrepreneur
7155,Shlok Rastogi,48,Mumbai,Female,Maharashtra,1595504.0,M.Tech,Data Scientist
7156,Ritvik Bobal,28,Bangalore,Male,Karnataka,1773434.0,MSc,Finance Manager
7157,Lakshit Sawhney,18,Delhi,Female,Delhi,2637722.0,MSc,Software Engineer
7158,Hazel Arora,46,Hyderabad,Male,Telangana,358308.0,Diploma,Security Guard
7159,Jayan Sarma,37,Chennai,Female,Tamil Nadu,1263589.0,MSc,Doctor
7160,Ela Dora,33,Hyderabad,Female,Telangana,908700.0,MSc,Finance Manager
7161,Romil Sama,23,Mumbai,Female,Maharashtra,651505.0,MBA,Bank Clerk
7162,Alisha Krishnan,50,Lucknow,Male,Uttar Pradesh,904516.0,MBA,Doctor
7163,Abram Aurora,35,Bangalore,Male,Karnataka,1008031.0,PhD,Entrepreneur
7164,Priyansh Rama,46,Pune,Female,Maharashtra,1848483.0,MSc,Finance Manager
7165,Jayesh Solanki,30,Jaipur,Female,Rajasthan,480725.0,Diploma,Factory Worker
7166,Azad Srinivasan,45,Jaipur,Female,Rajasthan,495153.0,Diploma,Security Guard
7168,Aaryahi Boase,50,Mumbai,Female,Maharashtra,313719.0,12th Pass,Factory Worker
7169,Krish Varkey,46,Bangalore,Female,Karnataka,430504.0,12th Pass,Delivery Agent
7170,Hunar Sarraf,40,Hyderabad,Female,Telangana,803678.0,M.Tech,Finance Manager
7172,Anay Chanda,38,Mumbai,Male,Maharashtra,779844.0,Diploma,Marketing Executive
7173,Nitya Venkataraman,25,Delhi,Female,Delhi,604149.0,B.Tech,Accountant
7174,Jiya Kar,38,Hyderabad,Male,Telangana,2008916.0,M.Tech,Doctor
7176,Reyansh Devan,34,Bangalore,Male,Karnataka,547719.0,B.A,HR Manager
7178,Manikya Wadhwa,34,Mumbai,Female,Maharashtra,2638268.0,MSc,Entrepreneur
7179,Diya Issac,36,Bangalore,Male,Karnataka,1441187.0,PhD,Software Engineer
7181,Nitara Virk,25,Mumbai,Male,Maharashtra,983782.0,M.Tech,Doctor
7182,Anaya Bhardwaj,41,Delhi,Female,Delhi,2168836.0,M.Tech,Entrepreneur
7183,Tiya Kata,36,Hyderabad,Male,Telangana,1299232.0,M.Tech,Finance Manager
7185,Ivan Shere,53,Pune,Female,Maharashtra,1879704.0,PhD,Software Engineer
7186,Misha Bains,39,Delhi,Male,Delhi,2634219.0,PhD,Data Scientist
7189,Kiaan Singhal,36,Mumbai,Male,Maharashtra,622026.0,Diploma,Bank Clerk
7190,Anay Saha,41,Hyderabad,Female,Telangana,659308.0,MBA,HR Manager
7192,Samiha Randhawa,49,Lucknow,Female,Uttar Pradesh,889078.0,MSc,Doctor
7193,Amani Vora,40,Bangalore,Male,Karnataka,1945720.0,MBA,Data Scientist
7194,Advika Kala,35,Delhi,Male,Delhi,2580357.0,M.Tech,Data Scientist
7196,Darshit Suri,30,Hyderabad,Male,Telangana,1288427.0,MBA,Entrepreneur
7197,Saira Subramanian,25,Mumbai,Female,Maharashtra,1371742.0,MBA,Doctor
7198,Yashvi Dhingra,29,Ahmedabad,Female,Gujarat,1265704.0,MBA,Entrepreneur
7199,Raghav Lal,20,Kolkata,Female,West Bengal,1979225.0,MSc,Entrepreneur
7200,Zaina Bhatti,35,Hyderabad,Female,Telangana,2126166.0,M.Tech,Data Scientist
7201,Nakul Kapadia,42,Bangalore,Female,Karnataka,2361450.0,MBA,Software Engineer
7202,Jayesh Taneja,34,Delhi,Male,Delhi,760160.0,MCA,Bank Clerk
7203,Samarth Jaggi,21,Delhi,Male,Delhi,879251.0,M.Tech,Doctor
7204,Shalv Balan,45,Chennai,Female,Tamil Nadu,1680508.0,M.Tech,Entrepreneur
7205,Baiju Kara,57,Delhi,Male,Delhi,424490.0,Diploma,Factory Worker
7206,Veer Bains,36,Ahmedabad,Male,Gujarat,927371.0,MBA,Software Engineer
7207,Vritika Gara,18,Ahmedabad,Male,Gujarat,1821579.0,M.Tech,Software Engineer
7208,Rhea Chawla,27,Delhi,Female,Delhi,794096.0,MBA,Teacher
7209,Hazel Lata,24,Delhi,Female,Delhi,1501519.0,M.Tech,Entrepreneur
7210,Gokul Wali,27,Hyderabad,Male,Telangana,2676209.0,PhD,Finance Manager
7211,Kavya Bhatti,37,Mumbai,Female,Maharashtra,1249388.0,M.Tech,Data Scientist
7212,Uthkarsh Khalsa,39,Kolkata,Male,West Bengal,1901655.0,MBA,Finance Manager
7214,Umang Banerjee,18,Kolkata,Male,West Bengal,1004146.0,MSc,Doctor
7215,Lavanya Rege,34,Hyderabad,Female,Telangana,788426.0,B.Com,Marketing Executive
7216,Zoya Biswas,42,Ahmedabad,Male,Gujarat,1428483.0,PhD,Finance Manager
7217,Myra Basak,46,Delhi,Female,Delhi,1558016.0,MSc,Software Engineer
7218,Onkar Soman,41,Bangalore,Male,Karnataka,1070929.0,MSc,Doctor
7219,Nishith Brahmbhatt,18,Hyderabad,Male,Telangana,1747080.0,PhD,Data Scientist
7220,Tanya Ramakrishnan,25,Mumbai,Female,Maharashtra,2850976.0,PhD,Entrepreneur
7221,Nirvaan Sarraf,40,Ahmedabad,Male,Gujarat,1201558.0,MSc,Doctor
7222,Ehsaan Hari,47,Bangalore,Male,Karnataka,675915.0,BBA,Teacher
7223,Eva Sarin,40,Mumbai,Male,Maharashtra,1293479.0,PhD,Entrepreneur
7224,Jivin Sampath,29,Mumbai,Female,Maharashtra,2816151.0,M.Tech,Doctor
7225,Shamik Varughese,32,Bangalore,Male,Karnataka,2511249.0,M.Tech,Data Scientist
7226,Tarini Som,37,Mumbai,Female,Maharashtra,1529870.0,MSc,Data Scientist
7227,Gatik Sastry,23,Bangalore,Male,Karnataka,539022.0,Diploma,HR Manager
7228,Aarna Ghosh,22,Mumbai,Male,Maharashtra,1795636.0,M.Tech,Entrepreneur
7229,Zaina Ratta,40,Ahmedabad,Female,Gujarat,1213167.0,MSc,Data Scientist
7230,Ritvik Chanda,31,Delhi,Male,Delhi,1112605.0,MBA,Finance Manager
7231,Elakshi Saran,20,Delhi,Male,Delhi,2750400.0,MSc,Doctor
7232,Lavanya Gade,36,Hyderabad,Female,Telangana,2141490.0,M.Tech,Doctor
7233,Samaira Bawa,32,Bangalore,Male,Karnataka,2364052.0,MBA,Software Engineer
7234,Kartik Ramanathan,26,Delhi,Female,Delhi,2703241.0,MSc,Software Engineer
7235,Lakshit Sama,25,Hyderabad,Male,Telangana,2746374.0,MSc,Doctor
7236,Kiara Buch,47,Mumbai,Male,Maharashtra,716407.0,BBA,Accountant
7238,Lakshay Dubey,30,Delhi,Male,Delhi,906307.0,MSc,Data Scientist
7239,Aarav Shanker,24,Bangalore,Male,Karnataka,946689.0,MSc,Software Engineer
7241,Prerak Dara,40,Mumbai,Female,Maharashtra,2577416.0,MBA,Entrepreneur
7242,Inaaya  Goyal,28,Bangalore,Female,Karnataka,1206170.0,PhD,Data Scientist
7243,Kismat Khare,23,Kolkata,Male,West Bengal,532363.0,B.A,Bank Clerk
7244,Farhan Vora,42,Bangalore,Female,Karnataka,2480052.0,M.Tech,Data Scientist
7245,Sara Bora,50,Delhi,Female,Delhi,1513538.0,M.Tech,Finance Manager
7246,Pihu Zachariah,33,Mumbai,Male,Maharashtra,2370445.0,PhD,Doctor
7247,Rati Shetty,34,Jaipur,Female,Rajasthan,698731.0,B.Tech,Accountant
7248,Advik Zacharia,31,Mumbai,Female,Maharashtra,1875971.0,PhD,Entrepreneur
7249,Himmat Chad,19,Bangalore,Female,Karnataka,1955656.0,MBA,Finance Manager
7250,Misha Mallick,47,Kolkata,Female,West Bengal,1837181.0,M.Tech,Doctor
7251,Myra Saran,27,Bangalore,Male,Karnataka,719257.0,B.Com,Teacher
7252,Indranil Subramanian,27,Mumbai,Male,Maharashtra,2153686.0,MSc,Finance Manager
7253,Romil Gupta,26,Ahmedabad,Female,Gujarat,1897235.0,MSc,Software Engineer
7254,Saira Biswas,40,Chennai,Female,Tamil Nadu,1864266.0,MBA,Data Scientist
7255,Pranay Bumb,33,Kolkata,Male,West Bengal,1013121.0,MSc,Finance Manager
7256,Saira Bakshi,27,Mumbai,Female,Maharashtra,2685541.0,M.Tech,Data Scientist
7257,Arhaan Ahuja,31,Chennai,Female,Tamil Nadu,1769728.0,MSc,Entrepreneur
7258,Neelofar Talwar,22,Bangalore,Male,Karnataka,1532068.0,PhD,Entrepreneur
7259,Ahana  Mahal,40,Mumbai,Female,Maharashtra,1741540.0,MSc,Doctor
7260,Ishita Banik,50,Delhi,Female,Delhi,1698666.0,M.Tech,Finance Manager
7261,Ryan Kunda,47,Chennai,Female,Tamil Nadu,662367.0,BSc,Bank Clerk
7262,Arhaan Bassi,40,Mumbai,Female,Maharashtra,2902142.0,PhD,Software Engineer
7263,Veer Khatri,48,Delhi,Female,Delhi,1089361.0,M.Tech,Data Scientist
7265,Mohanlal Khare,22,Delhi,Male,Delhi,670503.0,MCA,Bank Clerk
7266,Azad Talwar,27,Delhi,Male,Delhi,346608.0,12th Pass,Factory Worker
7267,Divij Dalal,18,Hyderabad,Male,Telangana,2123247.0,M.Tech,Doctor
7268,Mohanlal Baral,29,Hyderabad,Female,Telangana,1631198.0,MBA,Doctor
7269,Emir Malhotra,37,Bangalore,Female,Karnataka,2834435.0,MSc,Finance Manager
7270,Urvi Dar,23,Mumbai,Male,Maharashtra,644162.0,MBA,Accountant
7273,Trisha Ratta,30,Chennai,Male,Tamil Nadu,584364.0,BSc,Marketing Executive
7274,Zain Jha,25,Kolkata,Female,West Bengal,556666.0,B.Com,Marketing Executive
7276,Ela Samra,41,Pune,Female,Maharashtra,1233729.0,PhD,Software Engineer
7277,Saanvi Kara,37,Delhi,Female,Delhi,1535259.0,M.Tech,Entrepreneur
7278,Faiyaz Ramakrishnan,48,Hyderabad,Male,Telangana,2214914.0,MSc,Doctor
7282,Arhaan Tailor,41,Mumbai,Male,Maharashtra,2170928.0,MBA,Doctor
7283,Shamik Shankar,42,Bangalore,Female,Karnataka,2245299.0,MSc,Finance Manager
7284,Rhea Bhalla,25,Hyderabad,Male,Telangana,1569453.0,M.Tech,Software Engineer
7285,Aarav Lata,27,Hyderabad,Male,Telangana,2209179.0,MBA,Doctor
7286,Rohan Mannan,39,Hyderabad,Female,Telangana,1563809.0,M.Tech,Software Engineer
7287,Bhavin Vohra,34,Delhi,Female,Delhi,1566162.0,MBA,Data Scientist
7288,Kiaan Doctor,37,Bangalore,Male,Karnataka,2044455.0,M.Tech,Software Engineer
7289,Nishith Banerjee,30,Mumbai,Female,Maharashtra,2866073.0,M.Tech,Data Scientist
7291,Chirag Sane,41,Mumbai,Male,Maharashtra,2159918.0,M.Tech,Doctor
7292,Eshani Lanka,44,Delhi,Male,Delhi,1523754.0,M.Tech,Entrepreneur
7294,Himmat Suresh,32,Mumbai,Male,Maharashtra,2399265.0,MSc,Data Scientist
7295,Prerak Bhagat,41,Mumbai,Female,Maharashtra,1514255.0,M.Tech,Entrepreneur
7296,Emir Jaggi,36,Bangalore,Female,Karnataka,1111500.0,MSc,Data Scientist
7297,Shray Arora,26,Hyderabad,Male,Telangana,2822751.0,PhD,Finance Manager
7298,Abram Bawa,18,Ahmedabad,Female,Gujarat,1147832.0,MSc,Entrepreneur
7299,Mannat Loke,38,Bangalore,Male,Karnataka,2192302.0,M.Tech,Data Scientist
7300,Eva Gala,42,Hyderabad,Female,Telangana,2466564.0,MBA,Entrepreneur
7301,Aarush Kaur,42,Mumbai,Male,Maharashtra,2600739.0,MBA,Data Scientist
7302,Aarav Chauhan,32,Jaipur,Female,Rajasthan,788857.0,BBA,Marketing Executive
7304,Arhaan Sundaram,65,Bangalore,Female,Karnataka,2588430.0,M.Tech,Entrepreneur
7307,Suhana Dutta,18,Mumbai,Male,Maharashtra,1573780.0,MBA,Finance Manager
7308,Vanya Raval,34,Mumbai,Male,Maharashtra,1933182.0,MBA,Entrepreneur
7309,Kartik Ram,44,Jaipur,Male,Rajasthan,304096.0,Diploma,Delivery Agent
7310,Diya Suri,44,Chennai,Male,Tamil Nadu,749661.0,B.A,Accountant
7311,Vidur Wali,30,Pune,Male,Maharashtra,1057051.0,PhD,Software Engineer
7312,Aaryahi Dani,42,Bangalore,Male,Karnataka,1761820.0,PhD,Finance Manager
7313,Zoya Mand,40,Bangalore,Male,Karnataka,2632489.0,M.Tech,Data Scientist
7314,Anaya Warrior,26,Chennai,Female,Tamil Nadu,739638.0,Diploma,Marketing Executive
7316,Piya Zacharia,35,Bangalore,Male,Karnataka,2917113.0,MBA,Finance Manager
7317,Aaina Yogi,34,Delhi,Female,Delhi,2487872.0,PhD,Doctor
7318,Kaira Amble,50,Hyderabad,Male,Telangana,1777857.0,M.Tech,Entrepreneur
7320,Aarush Dhawan,23,Delhi,Male,Delhi,2108628.0,MSc,Software Engineer
7321,Zoya Gour,43,Bangalore,Male,Karnataka,2567994.0,MSc,Data Scientist
7322,Aarav Wali,20,Delhi,Female,Delhi,2279715.0,M.Tech,Doctor
7323,Jayant Sawhney,42,Hyderabad,Male,Telangana,1667052.0,MBA,Doctor
7324,Pihu Mand,30,Bangalore,Male,Karnataka,460594.0,12th Pass,Retail Worker
7325,Akarsh Johal,23,Delhi,Male,Delhi,2259462.0,MSc,Doctor
7326,Abram Badami,42,Delhi,Female,Delhi,1653854.0,PhD,Data Scientist
7327,Jhanvi Sinha,43,Kolkata,Male,West Bengal,1448537.0,PhD,Data Scientist
7328,Jayant Roy,20,Delhi,Female,Delhi,2673745.0,M.Tech,Data Scientist
7329,Charvi Bala,32,Bangalore,Male,Karnataka,1404130.0,PhD,Entrepreneur
7330,Farhan Lad,36,Bangalore,Male,Karnataka,2169759.0,M.Tech,Doctor
7331,Shamik Walla,48,Hyderabad,Female,Telangana,633149.0,B.Tech,Teacher
7332,Nitara Rajagopal,49,Ahmedabad,Female,Gujarat,746713.0,Diploma,HR Manager
7333,Anika Gade,21,Chennai,Female,Tamil Nadu,833039.0,PhD,Software Engineer
7335,Krish Hari,37,Chennai,Male,Tamil Nadu,1965933.0,MSc,Data Scientist
7336,Anay Kant,26,Pune,Male,Maharashtra,612293.0,B.Com,HR Manager
7337,Advik Choudhry,27,Kolkata,Female,West Bengal,1337097.0,M.Tech,Finance Manager
7339,Onkar Kapur,28,Delhi,Male,Delhi,426266.0,12th Pass,Delivery Agent
7340,Alisha Walia,43,Delhi,Male,Delhi,2584080.0,MBA,Finance Manager
7341,Samiha Doctor,34,Ahmedabad,Male,Gujarat,610278.0,MCA,Teacher
7342,Lakshit Thaker,56,Hyderabad,Male,Telangana,427917.0,12th Pass,Delivery Agent
7343,Ahana  Gulati,34,Mumbai,Male,Maharashtra,2597697.0,M.Tech,Finance Manager
7344,Anaya Deol,18,Mumbai,Female,Maharashtra,2208146.0,MSc,Entrepreneur
7345,Rhea Devi,27,Hyderabad,Female,Telangana,1413193.0,MBA,Doctor
7346,Akarsh Varty,38,Delhi,Female,Delhi,917942.0,M.Tech,Entrepreneur
7349,Shanaya Reddy,36,Chennai,Male,Tamil Nadu,1450698.0,MBA,Entrepreneur
7350,Siya Sarin,34,Delhi,Female,Delhi,2125290.0,MBA,Software Engineer
7351,Madhav Rama,35,Mumbai,Female,Maharashtra,2377074.0,MSc,Software Engineer
7352,Kabir Dora,40,Delhi,Female,Delhi,1317558.0,M.Tech,Entrepreneur
7354,Anaya Kala,26,Mumbai,Male,Maharashtra,2041484.0,PhD,Entrepreneur
7355,Amani Keer,18,Delhi,Male,Delhi,1718054.0,MSc,Doctor
7356,Manikya Vaidya,57,Delhi,Male,Delhi,1589390.0,M.Tech,Data Scientist
7357,Samar Taneja,27,Ahmedabad,Female,Gujarat,1144458.0,M.Tech,Doctor
7358,Tushar Bains,31,Delhi,Female,Delhi,2659753.0,PhD,Data Scientist
7359,Anvi Ben,45,Ahmedabad,Male,Gujarat,1878644.0,PhD,Software Engineer
7360,Prerak Chander,18,Lucknow,Male,Uttar Pradesh,503321.0,BSc,HR Manager
7361,Mishti Banik,36,Hyderabad,Female,Telangana,1673630.0,M.Tech,Doctor
7362,Mohanlal Virk,22,Ahmedabad,Female,Gujarat,1391649.0,MSc,Finance Manager
7363,Saanvi Lal,34,Bangalore,Male,Karnataka,2611638.0,MSc,Software Engineer
7364,Nayantara Raj,28,Pune,Female,Maharashtra,1201340.0,MSc,Software Engineer
7365,Dhruv Badal,41,Chennai,Male,Tamil Nadu,1642318.0,MBA,Data Scientist
7367,Taran Varma,39,Hyderabad,Female,Telangana,1594488.0,M.Tech,Data Scientist
7368,Zeeshan Upadhyay,41,Hyderabad,Male,Telangana,2923925.0,M.Tech,Finance Manager
7369,Indrajit Das,50,Delhi,Male,Delhi,1389439.0,M.Tech,Software Engineer
7370,Rania Shere,26,Mumbai,Female,Maharashtra,1623899.0,M.Tech,Finance Manager
7371,Shray Rana,46,Kolkata,Male,West Bengal,1903950.0,M.Tech,Data Scientist
7373,Seher Kar,39,Mumbai,Male,Maharashtra,643268.0,BSc,Marketing Executive
7374,Purab Dave,26,Kolkata,Female,West Bengal,780820.0,MCA,HR Manager
7375,Vedika Dani,40,Ahmedabad,Female,Gujarat,610914.0,BSc,Teacher
7377,Shaan Gola,44,Bangalore,Female,Karnataka,1642166.0,PhD,Entrepreneur
7378,Kimaya Chandra,43,Jaipur,Male,Rajasthan,553284.0,B.Tech,Marketing Executive
7380,Veer Jhaveri,35,Delhi,Male,Delhi,2650874.0,MSc,Software Engineer
7381,Neysa Bajaj,34,Bangalore,Female,Karnataka,1867625.0,M.Tech,Software Engineer
7382,Ehsaan D’Alia,36,Delhi,Female,Delhi,2776042.0,M.Tech,Doctor
7384,Bhamini Sood,46,Hyderabad,Male,Telangana,1076424.0,PhD,Software Engineer
7385,Yuvraj  Thaman,41,Ahmedabad,Female,Gujarat,1932880.0,MBA,Entrepreneur
7387,Kiara Golla,27,Hyderabad,Male,Telangana,1221623.0,PhD,Doctor
7388,Tanya Saraf,38,Delhi,Female,Delhi,1671247.0,MSc,Entrepreneur
7389,Onkar Rout,30,Pune,Male,Maharashtra,1959864.0,PhD,Finance Manager
7390,Jivika Rajan,26,Jaipur,Male,Rajasthan,391575.0,12th Pass,Customer Support
7392,Anvi Sinha,30,Ahmedabad,Female,Gujarat,979623.0,PhD,Doctor
7393,Sahil Deol,33,Hyderabad,Female,Telangana,2604646.0,MSc,Finance Manager
7394,Ishaan Hans,33,Bangalore,Male,Karnataka,2102782.0,PhD,Software Engineer
7395,Tanya Raja,28,Delhi,Male,Delhi,736804.0,MCA,Marketing Executive
7396,Taimur Choudhry,25,Delhi,Female,Delhi,2967304.0,PhD,Software Engineer
7397,Uthkarsh Choudhry,42,Hyderabad,Female,Telangana,2278842.0,MBA,Data Scientist
7398,Himmat Wadhwa,33,Delhi,Male,Delhi,1100782.0,PhD,Doctor
7399,Kanav Bhatti,37,Chennai,Female,Tamil Nadu,1622566.0,M.Tech,Entrepreneur
7400,Lagan Dhawan,37,Kolkata,Female,West Bengal,1016633.0,MBA,Finance Manager
7401,Oorja Chad,36,Hyderabad,Male,Telangana,1125624.0,M.Tech,Finance Manager
7402,Kabir Hora,49,Hyderabad,Male,Telangana,2992902.0,MBA,Entrepreneur
7403,Kashvi Golla,28,Delhi,Male,Delhi,494198.0,12th Pass,Retail Worker
7404,Divit Viswanathan,42,Chennai,Male,Tamil Nadu,1857925.0,M.Tech,Doctor
7405,Vihaan Bansal,35,Delhi,Female,Delhi,1561261.0,MBA,Software Engineer
7406,Vivaan Barad,31,Bangalore,Female,Karnataka,2669235.0,M.Tech,Data Scientist
7407,Ryan Chada,44,Mumbai,Male,Maharashtra,1399986.0,MSc,Entrepreneur
7408,Samar Wagle,31,Mumbai,Female,Maharashtra,960824.0,MSc,Data Scientist
7409,Samiha Johal,35,Bangalore,Female,Karnataka,1173588.0,MSc,Data Scientist
7410,Mahika Chaudhry,49,Delhi,Female,Delhi,2296698.0,MSc,Data Scientist
7413,Pari Gera,26,Lucknow,Male,Uttar Pradesh,481746.0,Diploma,Factory Worker
7414,Eshani Gara,41,Lucknow,Female,Uttar Pradesh,835847.0,MSc,Finance Manager
7415,Nitya Gill,36,Delhi,Male,Delhi,2144496.0,M.Tech,Software Engineer
7416,Neelofar Dua,52,Mumbai,Male,Maharashtra,613200.0,MCA,Teacher
7417,Advika Butala,34,Lucknow,Female,Uttar Pradesh,662318.0,B.A,Bank Clerk
7419,Uthkarsh Thaker,36,Hyderabad,Male,Telangana,2365031.0,M.Tech,Finance Manager
7420,Samarth Deo,45,Bangalore,Male,Karnataka,1120500.0,M.Tech,Entrepreneur
7421,Anahi Tandon,18,Mumbai,Male,Maharashtra,2732718.0,PhD,Doctor
7422,Miraya Apte,33,Lucknow,Male,Uttar Pradesh,646320.0,Diploma,Marketing Executive
7423,Nayantara Sachdeva,33,Chennai,Male,Tamil Nadu,614457.0,BBA,Teacher
7424,Jayesh Sura,26,Mumbai,Female,Maharashtra,1059638.0,M.Tech,Entrepreneur
7425,Onkar Tella,27,Delhi,Female,Delhi,2307347.0,PhD,Finance Manager
7426,Rhea Dixit,26,Delhi,Male,Delhi,1318979.0,M.Tech,Entrepreneur
7427,Taran Brar,37,Kolkata,Male,West Bengal,517240.0,MCA,Teacher
7429,Advika Chakraborty,48,Mumbai,Male,Maharashtra,967459.0,MSc,Data Scientist
7430,Aarav Sarma,45,Jaipur,Female,Rajasthan,383084.0,12th Pass,Retail Worker
7431,Taimur Gara,40,Ahmedabad,Female,Gujarat,1116957.0,PhD,Finance Manager
7433,Kaira Bumb,20,Mumbai,Male,Maharashtra,1689220.0,MBA,Entrepreneur
7434,Ojas Mand,30,Ahmedabad,Female,Gujarat,1088786.0,MBA,Entrepreneur
7435,Suhana Thaker,20,Delhi,Male,Delhi,1411945.0,M.Tech,Data Scientist
7436,Ranbir Shroff,47,Pune,Male,Maharashtra,1070385.0,MSc,Data Scientist
7437,Yuvraj  Aurora,61,Delhi,Male,Delhi,1855066.0,M.Tech,Data Scientist
7439,Miraya Ramesh,28,Bangalore,Male,Karnataka,2715266.0,PhD,Data Scientist
7440,Shayak Sama,46,Chennai,Female,Tamil Nadu,965880.0,MSc,Data Scientist
7441,Miraan Bhardwaj,36,Ahmedabad,Male,Gujarat,717860.0,BSc,Bank Clerk
7442,Krish Kaul,36,Hyderabad,Male,Telangana,1655047.0,MSc,Finance Manager
7443,Jiya Bajaj,29,Delhi,Male,Delhi,1207951.0,MSc,Entrepreneur
7444,Jivin Bansal,49,Mumbai,Female,Maharashtra,1759345.0,M.Tech,Finance Manager
7445,Priyansh Rajagopalan,38,Pune,Female,Maharashtra,1145508.0,M.Tech,Entrepreneur
7446,Oorja Dada,25,Mumbai,Male,Maharashtra,553523.0,MBA,Teacher
7447,Azad Wable,52,Kolkata,Female,West Bengal,941238.0,PhD,Finance Manager
7448,Hiran Krishna,33,Delhi,Female,Delhi,2024381.0,MSc,Data Scientist
7449,Khushi Vaidya,44,Ahmedabad,Male,Gujarat,1038203.0,PhD,Finance Manager
7451,Inaaya  Soni,28,Ahmedabad,Female,Gujarat,968826.0,MBA,Entrepreneur
7452,Himmat Golla,47,Ahmedabad,Male,Gujarat,1420888.0,MSc,Entrepreneur
7453,Indranil Kale,34,Mumbai,Male,Maharashtra,766212.0,B.Com,Marketing Executive
7454,Riaan Deshmukh,42,Bangalore,Male,Karnataka,1295988.0,MBA,Entrepreneur
7455,Vivaan Sachar,19,Mumbai,Male,Maharashtra,554840.0,B.Com,Bank Clerk
7457,Inaaya  Mane,24,Delhi,Male,Delhi,2549392.0,M.Tech,Entrepreneur
7458,Kimaya Varughese,21,Bangalore,Female,Karnataka,1462644.0,MSc,Doctor
7459,Anaya Bhatia,40,Ahmedabad,Female,Gujarat,1372579.0,MSc,Data Scientist
7460,Sumer Manne,28,Hyderabad,Female,Telangana,537397.0,B.Tech,Marketing Executive
7461,Tushar Warrior,30,Ahmedabad,Female,Gujarat,1686007.0,PhD,Entrepreneur
7462,Ayesha Varghese,35,Delhi,Female,Delhi,2370036.0,MSc,Data Scientist
7463,Lagan Buch,44,Bangalore,Female,Karnataka,2714573.0,MBA,Doctor
7464,Raghav Sampath,22,Lucknow,Male,Uttar Pradesh,914281.0,MBA,Finance Manager
7466,Raunak Anand,38,Mumbai,Male,Maharashtra,623236.0,BSc,Bank Clerk
7467,Ivan Sahota,49,Chennai,Female,Tamil Nadu,590246.0,MCA,HR Manager
7468,Priyansh Garde,41,Ahmedabad,Male,Gujarat,991538.0,M.Tech,Data Scientist
7470,Devansh Hora,19,Jaipur,Male,Rajasthan,416295.0,Diploma,Factory Worker
7471,Ela Khare,29,Ahmedabad,Male,Gujarat,1857052.0,M.Tech,Doctor
7472,Yashvi Krishnan,34,Chennai,Female,Tamil Nadu,572959.0,BBA,Teacher
7473,Raunak Vora,39,Delhi,Male,Delhi,465226.0,Diploma,Security Guard
7474,Taran Mangat,28,Bangalore,Male,Karnataka,1491854.0,MBA,Finance Manager
7475,Ayesha Deo,30,Ahmedabad,Male,Gujarat,576323.0,B.Tech,Accountant
7476,Kartik Tripathi,24,Delhi,Male,Delhi,781237.0,B.Tech,Teacher
7477,Adira Aggarwal,39,Ahmedabad,Male,Gujarat,1170255.0,MBA,Entrepreneur
7478,Anay Sarin,42,Bangalore,Female,Karnataka,1383004.0,MBA,Software Engineer
7479,Samiha Bakshi,21,Jaipur,Female,Rajasthan,453683.0,12th Pass,Retail Worker
7480,Farhan Magar,41,Bangalore,Female,Karnataka,2617637.0,PhD,Finance Manager
7481,Lakshay Ratta,18,Mumbai,Male,Maharashtra,2198060.0,PhD,Doctor
7482,Diya Kurian,32,Pune,Female,Maharashtra,1879619.0,MBA,Data Scientist
7483,Taimur Bera,30,Delhi,Female,Delhi,2474598.0,MSc,Data Scientist
7484,Vedika Jain,18,Chennai,Female,Tamil Nadu,1107479.0,MSc,Finance Manager
7485,Oorja Raj,48,Delhi,Female,Delhi,1904563.0,MSc,Data Scientist
7486,Devansh Som,45,Ahmedabad,Male,Gujarat,1248849.0,MBA,Software Engineer
7487,Pihu Raja,37,Delhi,Female,Delhi,731346.0,MBA,Accountant
7489,Samiha Dhaliwal,31,Mumbai,Female,Maharashtra,382243.0,Diploma,Delivery Agent
7490,Himmat Khalsa,43,Bangalore,Female,Karnataka,2066731.0,MBA,Doctor
7491,Vihaan Toor,61,Delhi,Male,Delhi,325295.0,Diploma,Factory Worker
7492,Nehmat Sastry,60,Bangalore,Female,Karnataka,2287313.0,PhD,Entrepreneur
7493,Prisha Balasubramanian,36,Ahmedabad,Female,Gujarat,1942658.0,PhD,Data Scientist
7495,Dhruv Golla,31,Ahmedabad,Female,Gujarat,1331202.0,PhD,Entrepreneur
7496,Eva Lad,40,Bangalore,Male,Karnataka,2085873.0,M.Tech,Software Engineer
7497,Shaan Bhalla,46,Lucknow,Female,Uttar Pradesh,500748.0,B.Com,Accountant
7498,Divyansh Dara,29,Mumbai,Female,Maharashtra,2754708.0,PhD,Finance Manager
7499,Divij Balay,28,Mumbai,Female,Maharashtra,2594736.0,PhD,Finance Manager
7500,Neelofar Tailor,35,Ahmedabad,Female,Gujarat,1003638.0,M.Tech,Data Scientist
7501,Madhup Sant,47,Hyderabad,Female,Telangana,971471.0,PhD,Finance Manager
7502,Azad Devi,53,Delhi,Male,Delhi,1039771.0,PhD,Software Engineer
7503,Madhav Gaba,46,Mumbai,Female,Maharashtra,915456.0,M.Tech,Doctor
7505,Gokul Kapur,21,Lucknow,Female,Uttar Pradesh,446575.0,Diploma,Factory Worker
7506,Sara Kapoor,25,Delhi,Female,Delhi,1162712.0,MBA,Data Scientist
7507,Madhup Barad,47,Hyderabad,Female,Telangana,1052445.0,MBA,Doctor
7510,Parinaaz Hayer,40,Bangalore,Female,Karnataka,2625134.0,M.Tech,Software Engineer
7511,Ayesha Sami,33,Mumbai,Female,Maharashtra,2978099.0,MSc,Software Engineer
7512,Madhup Gandhi,38,Bangalore,Male,Karnataka,2546587.0,MSc,Data Scientist
7513,Lakshit Hegde,47,Ahmedabad,Female,Gujarat,763673.0,BBA,HR Manager
7515,Taimur Ahluwalia,34,Ahmedabad,Female,Gujarat,1912835.0,M.Tech,Doctor
7516,Zara Deo,36,Ahmedabad,Male,Gujarat,544205.0,B.Com,Accountant
7517,Raunak De,41,Hyderabad,Female,Telangana,745211.0,MCA,Teacher
7518,Hansh Lall,43,Mumbai,Male,Maharashtra,1626728.0,PhD,Software Engineer
7520,Indranil Rana,58,Kolkata,Male,West Bengal,673335.0,B.Com,Marketing Executive
7521,Sara Manne,40,Jaipur,Male,Rajasthan,852261.0,PhD,Data Scientist
7522,Ehsaan Doctor,34,Jaipur,Male,Rajasthan,572087.0,Diploma,Marketing Executive
7523,Manikya Seth,29,Ahmedabad,Female,Gujarat,574758.0,B.Tech,Teacher
7525,Priyansh Acharya,45,Mumbai,Female,Maharashtra,2699105.0,MSc,Entrepreneur
7526,Aarush Bala,42,Delhi,Male,Delhi,900947.0,PhD,Doctor
7527,Nirvi Bawa,28,Mumbai,Male,Maharashtra,1637192.0,MSc,Finance Manager
7528,Hunar Dube,18,Mumbai,Male,Maharashtra,2449131.0,MBA,Software Engineer
7529,Hridaan Bandi,30,Hyderabad,Male,Telangana,1993287.0,PhD,Data Scientist
7530,Rania Kapoor,33,Chennai,Male,Tamil Nadu,1865034.0,PhD,Data Scientist
7531,Miraan Cheema,30,Delhi,Male,Delhi,1809404.0,MBA,Data Scientist
7532,Badal Vaidya,39,Bangalore,Male,Karnataka,2141324.0,M.Tech,Doctor
7533,Divit Sarin,20,Delhi,Male,Delhi,723576.0,BBA,Accountant
7534,Himmat Bir,35,Bangalore,Female,Karnataka,1044094.0,PhD,Data Scientist
7535,Vanya Sridhar,41,Chennai,Male,Tamil Nadu,1384966.0,MBA,Data Scientist
7536,Damini Seth,34,Lucknow,Male,Uttar Pradesh,753602.0,B.Com,HR Manager
7537,Samiha Kade,34,Jaipur,Male,Rajasthan,408679.0,12th Pass,Security Guard
7538,Saksham Ahuja,40,Kolkata,Female,West Bengal,919257.0,PhD,Doctor
7539,Hrishita Agrawal,28,Delhi,Female,Delhi,1676881.0,MBA,Entrepreneur
7540,Emir Mammen,44,Ahmedabad,Female,Gujarat,854902.0,PhD,Software Engineer
7541,Arhaan Deshpande,46,Kolkata,Male,West Bengal,835766.0,MSc,Doctor
7542,Neysa Bail,37,Mumbai,Male,Maharashtra,2107160.0,MBA,Doctor
7543,Vedika Kant,39,Ahmedabad,Male,Gujarat,1278238.0,MSc,Finance Manager
7544,Vaibhav Gola,29,Pune,Female,Maharashtra,1540895.0,M.Tech,Finance Manager
7545,Dhanush Hora,45,Mumbai,Male,Maharashtra,321682.0,Diploma,Security Guard
7546,Shanaya Jaggi,41,Delhi,Female,Delhi,776229.0,Diploma,Marketing Executive
7547,Farhan Amble,32,Delhi,Male,Delhi,2416355.0,MSc,Entrepreneur
7548,Darshit Vora,18,Bangalore,Male,Karnataka,1362031.0,MSc,Entrepreneur
7549,Taran Dave,37,Bangalore,Female,Karnataka,398742.0,12th Pass,Retail Worker
7550,Devansh Mangat,43,Delhi,Male,Delhi,1838656.0,PhD,Data Scientist
7551,Nirvi Hora,28,Ahmedabad,Female,Gujarat,881876.0,MBA,Entrepreneur
7552,Parinaaz Chakraborty,42,Mumbai,Male,Maharashtra,2107337.0,PhD,Doctor
7553,Khushi Master,47,Mumbai,Female,Maharashtra,2167319.0,PhD,Finance Manager
7557,Arhaan Kumer,19,Lucknow,Female,Uttar Pradesh,1122869.0,MSc,Doctor
7558,Dhanush Barad,43,Mumbai,Female,Maharashtra,760866.0,Diploma,Marketing Executive
7559,Anaya Sidhu,19,Bangalore,Female,Karnataka,2351109.0,M.Tech,Finance Manager
7560,Kiara Srivastava,32,Delhi,Male,Delhi,1536394.0,M.Tech,Finance Manager
7561,Rania Toor,36,Hyderabad,Female,Telangana,1988615.0,PhD,Software Engineer
7562,Taran Saran,34,Delhi,Male,Delhi,919916.0,MSc,Finance Manager
7563,Ayesha Chakrabarti,20,Mumbai,Male,Maharashtra,2215892.0,M.Tech,Entrepreneur
7564,Jhanvi Srinivasan,23,Bangalore,Male,Karnataka,1106350.0,M.Tech,Entrepreneur
7566,Aarav Sahota,38,Hyderabad,Female,Telangana,2768647.0,MBA,Data Scientist
7567,Sana Mane,21,Kolkata,Female,West Bengal,1266821.0,MBA,Finance Manager
7568,Purab Karpe,30,Bangalore,Female,Karnataka,1290753.0,M.Tech,Software Engineer
7569,Kanav Bakshi,44,Chennai,Female,Tamil Nadu,1446333.0,MSc,Software Engineer
7570,Eva Bath,41,Ahmedabad,Male,Gujarat,995699.0,MBA,Entrepreneur
7571,Kavya Gera,41,Hyderabad,Female,Telangana,361963.0,12th Pass,Delivery Agent
7572,Zeeshan Bhattacharyya,18,Bangalore,Male,Karnataka,846187.0,MSc,Data Scientist
7573,Akarsh Mangal,42,Chennai,Female,Tamil Nadu,1726623.0,PhD,Finance Manager
7574,Vedika Sastry,33,Hyderabad,Female,Telangana,1266678.0,MSc,Entrepreneur
7575,Biju Date,23,Jaipur,Male,Rajasthan,495116.0,12th Pass,Retail Worker
7577,Hridaan Ganesan,50,Hyderabad,Male,Telangana,1891206.0,MBA,Data Scientist
7578,Myra Brar,47,Pune,Female,Maharashtra,1524292.0,MBA,Doctor
7579,Khushi Ratti,22,Delhi,Female,Delhi,2390960.0,MSc,Data Scientist
7581,Jivika Rattan,21,Delhi,Female,Delhi,2512764.0,MBA,Doctor
7583,Himmat Dutt,40,Hyderabad,Male,Telangana,1716676.0,M.Tech,Finance Manager
7584,Priyansh Mann,37,Chennai,Male,Tamil Nadu,860547.0,MBA,Entrepreneur
7585,Raunak Chacko,28,Delhi,Male,Delhi,574621.0,B.Com,Teacher
7586,Emir Magar,43,Pune,Female,Maharashtra,1908067.0,MSc,Entrepreneur
7587,Lavanya Bumb,18,Bangalore,Female,Karnataka,1385373.0,MSc,Data Scientist
7588,Anvi Bhandari,26,Ahmedabad,Male,Gujarat,1263696.0,MSc,Data Scientist
7589,Rasha Kanda,25,Hyderabad,Male,Telangana,1648970.0,MSc,Data Scientist
7592,Shanaya Barman,35,Hyderabad,Female,Telangana,2308385.0,M.Tech,Software Engineer
7593,Dhanuk Mangat,38,Hyderabad,Female,Telangana,2477537.0,PhD,Finance Manager
7594,Amani Cheema,54,Ahmedabad,Female,Gujarat,1357973.0,PhD,Doctor
7595,Arhaan Lalla,44,Delhi,Female,Delhi,1476045.0,M.Tech,Entrepreneur
7596,Taran Handa,19,Bangalore,Male,Karnataka,2163723.0,M.Tech,Doctor
7597,Aradhya Agarwal,19,Kolkata,Male,West Bengal,1510366.0,MBA,Entrepreneur
7598,Mamooty Guha,32,Ahmedabad,Male,Gujarat,533894.0,Diploma,Marketing Executive
7599,Kabir Mann,47,Mumbai,Male,Maharashtra,1036079.0,MBA,Software Engineer
7600,Navya Chana,18,Lucknow,Female,Uttar Pradesh,307156.0,12th Pass,Retail Worker
7601,Eva Korpal,22,Hyderabad,Male,Telangana,1047544.0,PhD,Data Scientist
7602,Shray Bala,35,Chennai,Male,Tamil Nadu,888821.0,M.Tech,Finance Manager
7603,Navya Savant,34,Hyderabad,Female,Telangana,1029131.0,MBA,Software Engineer
7604,Raunak Cherian,21,Bangalore,Female,Karnataka,1947436.0,MBA,Entrepreneur
7606,Rhea Bedi,27,Chennai,Male,Tamil Nadu,1385765.0,M.Tech,Doctor
7607,Arhaan Mangat,33,Bangalore,Female,Karnataka,1515738.0,PhD,Entrepreneur
7608,Dhruv Goswami,41,Delhi,Male,Delhi,310826.0,Diploma,Security Guard
7609,Yashvi Krish,25,Delhi,Female,Delhi,855759.0,MSc,Entrepreneur
7610,Pari Buch,33,Bangalore,Female,Karnataka,1818143.0,MSc,Entrepreneur
7611,Khushi Swaminathan,34,Delhi,Male,Delhi,2009726.0,MBA,Entrepreneur
7612,Kavya Chaudhry,42,Bangalore,Female,Karnataka,681473.0,B.A,Accountant
7613,Farhan Dutta,36,Chennai,Male,Tamil Nadu,1740081.0,PhD,Doctor
7614,Faiyaz Ramakrishnan,50,Kolkata,Female,West Bengal,451992.0,Diploma,Retail Worker
7615,Trisha Bir,27,Mumbai,Female,Maharashtra,1300805.0,M.Tech,Finance Manager
7616,Jivika Deo,39,Mumbai,Male,Maharashtra,2471029.0,M.Tech,Entrepreneur
7617,Neelofar Brar,29,Bangalore,Male,Karnataka,1425121.0,MBA,Entrepreneur
7618,Dhanush Khurana,39,Mumbai,Male,Maharashtra,1141003.0,MBA,Entrepreneur
7621,Vidur Chawla,39,Lucknow,Female,Uttar Pradesh,562297.0,B.Tech,Bank Clerk
7622,Aarna Verma,43,Chennai,Male,Tamil Nadu,704152.0,MBA,Bank Clerk
7623,Faiyaz Dey,54,Jaipur,Male,Rajasthan,1134121.0,MBA,Entrepreneur
7625,Rasha Ramanathan,38,Hyderabad,Female,Telangana,512759.0,MCA,HR Manager
7626,Manikya Karpe,48,Kolkata,Female,West Bengal,1940880.0,PhD,Entrepreneur
7627,Emir Sandhu,34,Chennai,Male,Tamil Nadu,687776.0,Diploma,Marketing Executive
7628,Ahana  Bala,33,Mumbai,Male,Maharashtra,2529719.0,PhD,Entrepreneur
7629,Adah Barad,46,Delhi,Female,Delhi,1099958.0,MSc,Finance Manager
7630,Ishita Bhatt,26,Lucknow,Male,Uttar Pradesh,908437.0,M.Tech,Software Engineer
7631,Ranbir Srivastava,29,Mumbai,Male,Maharashtra,548984.0,BBA,Bank Clerk
7632,Renee Bakshi,27,Jaipur,Female,Rajasthan,430871.0,Diploma,Factory Worker
7633,Aarav Salvi,50,Mumbai,Female,Maharashtra,913629.0,MBA,Doctor
7634,Bhamini Dara,22,Mumbai,Female,Maharashtra,2899375.0,MSc,Entrepreneur
7635,Tejas Chada,29,Mumbai,Male,Maharashtra,2131905.0,MSc,Entrepreneur
7636,Shalv Ramachandran,23,Bangalore,Male,Karnataka,370801.0,Diploma,Security Guard
7637,Rati Bhatt,39,Pune,Female,Maharashtra,1008693.0,MBA,Data Scientist
7639,Vritika Batra,27,Chennai,Female,Tamil Nadu,1229975.0,M.Tech,Doctor
7640,Sana Vasa,29,Bangalore,Female,Karnataka,1313512.0,MSc,Entrepreneur
7641,Ritvik Dube,43,Ahmedabad,Female,Gujarat,1471057.0,PhD,Doctor
7642,Samarth Maharaj,30,Ahmedabad,Male,Gujarat,1017681.0,MSc,Finance Manager
7643,Charvi Ranganathan,25,Kolkata,Female,West Bengal,854796.0,MBA,Doctor
7644,Shamik Choudhury,19,Bangalore,Female,Karnataka,2004983.0,MBA,Entrepreneur
7645,Suhana Gade,34,Hyderabad,Female,Telangana,1210418.0,PhD,Entrepreneur
7646,Uthkarsh Toor,39,Mumbai,Male,Maharashtra,1427729.0,MSc,Doctor
7647,Siya Gade,35,Kolkata,Male,West Bengal,605720.0,MCA,HR Manager
7649,Zara Borah,37,Delhi,Female,Delhi,1493344.0,PhD,Doctor
7650,Saksham Sathe,34,Pune,Female,Maharashtra,1416908.0,MBA,Entrepreneur
7651,Rhea Chacko,39,Lucknow,Male,Uttar Pradesh,464380.0,Diploma,Delivery Agent
7652,Himmat Khatri,30,Mumbai,Male,Maharashtra,1864214.0,PhD,Finance Manager
7653,Saksham Sarna,33,Kolkata,Male,West Bengal,1342182.0,MSc,Software Engineer
7654,Seher Rattan,23,Ahmedabad,Female,Gujarat,1601291.0,PhD,Software Engineer
7655,Zain Gour,55,Ahmedabad,Male,Gujarat,1272806.0,M.Tech,Finance Manager
7656,Suhana Sabharwal,36,Pune,Male,Maharashtra,720414.0,Diploma,Accountant
7657,Baiju Sachdeva,51,Chennai,Female,Tamil Nadu,721266.0,MBA,Marketing Executive
7658,Ranbir Saha,47,Bangalore,Female,Karnataka,2081315.0,M.Tech,Data Scientist
7659,Indranil Manne,31,Mumbai,Male,Maharashtra,852925.0,MSc,Data Scientist
7660,Aayush Baral,39,Bangalore,Male,Karnataka,1748190.0,PhD,Finance Manager
7661,Rhea Venkatesh,31,Ahmedabad,Female,Gujarat,1028584.0,MSc,Doctor
7664,Yasmin Sidhu,37,Hyderabad,Female,Telangana,1343699.0,M.Tech,Entrepreneur
7665,Divij Aurora,21,Delhi,Male,Delhi,1346077.0,M.Tech,Data Scientist
7666,Ivana Vohra,39,Delhi,Male,Delhi,1620451.0,MSc,Finance Manager
7667,Devansh Johal,27,Mumbai,Female,Maharashtra,376343.0,Diploma,Retail Worker
7668,Yashvi Talwar,34,Chennai,Female,Tamil Nadu,908801.0,PhD,Doctor
7670,Riaan Golla,33,Bangalore,Female,Karnataka,1361320.0,MBA,Doctor
7671,Aarush Cheema,26,Delhi,Female,Delhi,583966.0,BBA,Bank Clerk
7672,Amani Saraf,37,Mumbai,Male,Maharashtra,2674011.0,MSc,Finance Manager
7673,Hrishita Chopra,51,Mumbai,Female,Maharashtra,2937644.0,MBA,Finance Manager
7674,Ryan Din,48,Bangalore,Male,Karnataka,2241759.0,MSc,Finance Manager
7675,Vidur Bail,24,Hyderabad,Male,Telangana,520294.0,B.Tech,Marketing Executive
7676,Tanya Soni,43,Mumbai,Female,Maharashtra,1595970.0,MSc,Data Scientist
7677,Jayant Zacharia,42,Pune,Male,Maharashtra,688599.0,B.Com,Teacher
7678,Riaan Buch,32,Delhi,Female,Delhi,1721387.0,MSc,Doctor
7679,Manikya Butala,23,Mumbai,Male,Maharashtra,1818527.0,MBA,Software Engineer
7680,Shlok Venkatesh,39,Hyderabad,Male,Telangana,2253396.0,MSc,Doctor
7682,Kartik Manne,49,Ahmedabad,Male,Gujarat,1481512.0,M.Tech,Doctor
7683,Tushar Chaudhari,48,Mumbai,Female,Maharashtra,395741.0,Diploma,Retail Worker
7684,Romil Gaba,25,Hyderabad,Male,Telangana,2302927.0,MSc,Doctor
7685,Saksham Walia,18,Chennai,Male,Tamil Nadu,1830551.0,PhD,Doctor
7686,Neelofar Chaudhuri,29,Jaipur,Male,Rajasthan,1020125.0,PhD,Entrepreneur
7687,Yakshit Kaul,39,Delhi,Male,Delhi,386425.0,Diploma,Retail Worker
7689,Lagan Ahluwalia,22,Mumbai,Male,Maharashtra,2899985.0,PhD,Doctor
7690,Ishita Bansal,34,Jaipur,Male,Rajasthan,376419.0,12th Pass,Customer Support
7691,Aaryahi Dua,33,Pune,Male,Maharashtra,1158490.0,MSc,Data Scientist
7692,Pari Aurora,33,Delhi,Female,Delhi,792161.0,BBA,Marketing Executive
7693,Ishita Saraf,23,Hyderabad,Male,Telangana,1821347.0,MSc,Software Engineer
7694,Purab Bhavsar,29,Mumbai,Male,Maharashtra,2791977.0,M.Tech,Finance Manager
7695,Diya Krishnamurthy,30,Chennai,Female,Tamil Nadu,679926.0,BBA,Marketing Executive
7697,Amira Varma,34,Mumbai,Female,Maharashtra,609415.0,MCA,Bank Clerk
7698,Vivaan Kanda,25,Delhi,Female,Delhi,1015552.0,MSc,Entrepreneur
7699,Manjari Bhatt,30,Hyderabad,Female,Telangana,1710360.0,PhD,Finance Manager
7700,Sara Sehgal,34,Kolkata,Male,West Bengal,1122018.0,MBA,Finance Manager
7701,Vihaan Basu,45,Bangalore,Male,Karnataka,2766287.0,M.Tech,Doctor
7702,Dhruv Sane,65,Mumbai,Female,Maharashtra,1193726.0,MSc,Software Engineer
7704,Renee Vaidya,25,Chennai,Male,Tamil Nadu,1580508.0,PhD,Data Scientist
7705,Lakshit Mandal,49,Pune,Male,Maharashtra,526183.0,BBA,Teacher
7706,Alisha Badami,18,Chennai,Male,Tamil Nadu,553593.0,B.A,Teacher
7707,Navya Srinivasan,33,Kolkata,Female,West Bengal,367801.0,12th Pass,Delivery Agent
7708,Alisha Sha,32,Delhi,Male,Delhi,568371.0,MCA,Bank Clerk
7709,Lagan Jani,28,Mumbai,Female,Maharashtra,1538169.0,M.Tech,Doctor
7710,Nitara Comar,39,Delhi,Female,Delhi,1775318.0,MBA,Data Scientist
7711,Yashvi Manne,23,Ahmedabad,Male,Gujarat,1288925.0,M.Tech,Entrepreneur
7712,Aniruddh Dhar,37,Mumbai,Male,Maharashtra,1402922.0,PhD,Doctor
7713,Gokul Dhawan,31,Kolkata,Female,West Bengal,1422468.0,M.Tech,Doctor
7714,Akarsh Bera,53,Hyderabad,Female,Telangana,385127.0,Diploma,Retail Worker
7715,Uthkarsh Sheth,46,Mumbai,Female,Maharashtra,1711098.0,MSc,Doctor
7717,Saanvi Kala,40,Hyderabad,Male,Telangana,1130686.0,MBA,Doctor
7718,Emir Kadakia,22,Mumbai,Male,Maharashtra,1122007.0,M.Tech,Data Scientist
7719,Anaya Ramaswamy,46,Mumbai,Male,Maharashtra,2872019.0,M.Tech,Software Engineer
7720,Anahita Dara,45,Pune,Female,Maharashtra,1388384.0,MBA,Data Scientist
7722,Drishya Bobal,29,Bangalore,Female,Karnataka,588432.0,B.Com,HR Manager
7723,Kartik Dugar,26,Ahmedabad,Male,Gujarat,1911469.0,MSc,Software Engineer
7724,Urvi Sampath,42,Hyderabad,Male,Telangana,2742595.0,M.Tech,Finance Manager
7725,Prerak Trivedi,18,Mumbai,Female,Maharashtra,1159450.0,MSc,Software Engineer
7726,Suhana Varghese,24,Delhi,Female,Delhi,891341.0,M.Tech,Data Scientist
7727,Shaan Borde,34,Chennai,Male,Tamil Nadu,1562041.0,M.Tech,Finance Manager
7728,Rhea Roy,27,Mumbai,Female,Maharashtra,2974633.0,MSc,Data Scientist
7729,Chirag Mannan,36,Hyderabad,Female,Telangana,2772692.0,M.Tech,Entrepreneur
7730,Ehsaan Lal,47,Bangalore,Female,Karnataka,2260154.0,M.Tech,Entrepreneur
7731,Shamik Lalla,41,Lucknow,Male,Uttar Pradesh,789615.0,BSc,Marketing Executive
7732,Divit Kade,41,Bangalore,Female,Karnataka,2721351.0,MSc,Software Engineer
7733,Anay Srivastava,28,Mumbai,Female,Maharashtra,465648.0,Diploma,Retail Worker
7734,Miraya Talwar,47,Ahmedabad,Female,Gujarat,1421680.0,M.Tech,Data Scientist
7735,Diya Luthra,23,Mumbai,Male,Maharashtra,1117339.0,M.Tech,Software Engineer
7736,Dhanush Tella,28,Bangalore,Female,Karnataka,442465.0,12th Pass,Delivery Agent
7737,Renee Ben,45,Ahmedabad,Male,Gujarat,1303547.0,PhD,Data Scientist
7738,Jivika Bala,23,Hyderabad,Female,Telangana,1208247.0,PhD,Entrepreneur
7739,Renee Kakar,35,Kolkata,Female,West Bengal,1612220.0,PhD,Finance Manager
7740,Myra Sani,38,Ahmedabad,Female,Gujarat,1675012.0,PhD,Software Engineer
7741,Yakshit Ram,44,Chennai,Female,Tamil Nadu,1222548.0,MBA,Data Scientist
7742,Dhruv Banerjee,47,Ahmedabad,Male,Gujarat,1628251.0,PhD,Doctor
7743,Nakul Baria,24,Mumbai,Male,Maharashtra,1410946.0,MSc,Finance Manager
7744,Vidur Bal,25,Bangalore,Male,Karnataka,2028898.0,M.Tech,Software Engineer
7746,Ishaan Rastogi,32,Jaipur,Male,Rajasthan,1151824.0,M.Tech,Data Scientist
7747,Samarth Dua,39,Hyderabad,Male,Telangana,2022970.0,MSc,Data Scientist
7748,Amira Mangal,25,Mumbai,Male,Maharashtra,2496824.0,M.Tech,Data Scientist
7749,Arnav Sawhney,22,Pune,Male,Maharashtra,1628246.0,M.Tech,Data Scientist
7750,Priyansh Ratti,35,Delhi,Female,Delhi,2418182.0,MBA,Data Scientist
7751,Devansh Cherian,39,Jaipur,Female,Rajasthan,791147.0,BBA,HR Manager
7752,Diya Bhatnagar,37,Kolkata,Female,West Bengal,1112861.0,M.Tech,Entrepreneur
7753,Tiya Joshi,44,Bangalore,Female,Karnataka,2919468.0,MBA,Software Engineer
7754,Vivaan Sathe,43,Mumbai,Female,Maharashtra,1104792.0,MSc,Software Engineer
7755,Sara Dora,19,Hyderabad,Female,Telangana,948081.0,M.Tech,Entrepreneur
7756,Tejas Rama,38,Kolkata,Male,West Bengal,1933295.0,M.Tech,Finance Manager
7757,Kabir Dubey,37,Kolkata,Male,West Bengal,1486033.0,MBA,Software Engineer
7758,Hunar Dora,37,Pune,Female,Maharashtra,1926756.0,PhD,Doctor
7759,Rhea Kota,24,Hyderabad,Male,Telangana,2884804.0,PhD,Finance Manager
7760,Diya Johal,37,Kolkata,Male,West Bengal,1804385.0,MBA,Finance Manager
7761,Onkar Srinivasan,30,Jaipur,Male,Rajasthan,738317.0,B.A,Marketing Executive
7762,Hiran Srinivas,30,Mumbai,Male,Maharashtra,789899.0,B.A,Bank Clerk
7763,Chirag Kulkarni,32,Bangalore,Female,Karnataka,736090.0,Diploma,Teacher
7764,Piya Wali,29,Ahmedabad,Female,Gujarat,1980807.0,M.Tech,Doctor
7765,Samiha Yogi,34,Pune,Male,Maharashtra,1270881.0,MSc,Doctor
7766,Yuvraj  Chad,52,Delhi,Male,Delhi,983755.0,MSc,Entrepreneur
7767,Aarna Ghosh,37,Bangalore,Female,Karnataka,596147.0,Diploma,Accountant
7768,Mehul Ben,26,Kolkata,Male,West Bengal,625870.0,Diploma,Teacher
7769,Divij Acharya,18,Bangalore,Male,Karnataka,1895058.0,PhD,Finance Manager
7770,Aaryahi Boase,41,Ahmedabad,Male,Gujarat,547645.0,BSc,Teacher
7771,Ojas Srinivas,46,Chennai,Female,Tamil Nadu,634485.0,MBA,HR Manager
7772,Tanya Dhar,30,Jaipur,Female,Rajasthan,680406.0,MCA,HR Manager
7773,Divyansh Dara,26,Delhi,Female,Delhi,1631475.0,MBA,Data Scientist
7774,Ira Saraf,37,Ahmedabad,Male,Gujarat,682710.0,B.A,Teacher
7775,Amira Krishnamurthy,45,Mumbai,Female,Maharashtra,557791.0,B.Tech,Accountant
7776,Anay Cherian,44,Mumbai,Male,Maharashtra,2071445.0,MSc,Doctor
7778,Advik Walla,40,Bangalore,Female,Karnataka,1574994.0,MSc,Software Engineer
7780,Manikya Wagle,34,Mumbai,Male,Maharashtra,1242863.0,PhD,Finance Manager
7781,Sahil Chana,32,Chennai,Male,Tamil Nadu,1341482.0,PhD,Doctor
7782,Shlok Kakar,18,Kolkata,Male,West Bengal,1462575.0,MSc,Data Scientist
7784,Hiran Kaul,45,Mumbai,Male,Maharashtra,1957458.0,PhD,Entrepreneur
7785,Ivana Tailor,27,Kolkata,Male,West Bengal,944531.0,M.Tech,Software Engineer
7786,Tanya Chander,29,Delhi,Male,Delhi,489185.0,Diploma,Delivery Agent
7787,Nishith Khalsa,27,Mumbai,Female,Maharashtra,1622780.0,M.Tech,Software Engineer
7788,Gatik Dhawan,33,Kolkata,Female,West Bengal,1344059.0,PhD,Software Engineer
7789,Prerak Soni,54,Bangalore,Male,Karnataka,2002346.0,MSc,Doctor
7790,Vaibhav Kala,28,Ahmedabad,Female,Gujarat,1597610.0,PhD,Data Scientist
7791,Charvi Kalla,34,Delhi,Male,Delhi,2270879.0,M.Tech,Entrepreneur
7792,Shayak Bakshi,33,Mumbai,Female,Maharashtra,737912.0,BSc,Accountant
7796,Yuvraj  Gopal,27,Bangalore,Male,Karnataka,1940992.0,MBA,Entrepreneur
7797,Faiyaz Koshy,41,Hyderabad,Male,Telangana,2854695.0,MSc,Data Scientist
7798,Kiara Vasa,28,Pune,Male,Maharashtra,1074606.0,MBA,Entrepreneur
7799,Shayak Mallick,34,Chennai,Male,Tamil Nadu,611999.0,BSc,HR Manager
7800,Anahita Sridhar,44,Lucknow,Female,Uttar Pradesh,841932.0,M.Tech,Entrepreneur
7801,Vidur Mahal,44,Hyderabad,Female,Telangana,1707073.0,M.Tech,Doctor
7802,Hiran Loyal,50,Bangalore,Female,Karnataka,1661331.0,M.Tech,Software Engineer
7804,Misha Tank,37,Lucknow,Female,Uttar Pradesh,1044634.0,MSc,Entrepreneur
7805,Faiyaz Mandal,49,Mumbai,Male,Maharashtra,2368429.0,PhD,Data Scientist
7807,Aaryahi Kumar,19,Kolkata,Female,West Bengal,1612706.0,PhD,Finance Manager
7808,Jiya Grewal,55,Delhi,Male,Delhi,2378600.0,MSc,Finance Manager
7809,Jivika Sastry,54,Mumbai,Male,Maharashtra,2431002.0,PhD,Data Scientist
7810,Armaan Boase,41,Pune,Male,Maharashtra,1958462.0,MBA,Entrepreneur
7812,Armaan Samra,40,Mumbai,Female,Maharashtra,2704683.0,MBA,Software Engineer
7813,Aaryahi Deol,20,Delhi,Female,Delhi,736495.0,MBA,Accountant
7814,Shamik Shukla,46,Bangalore,Male,Karnataka,1351514.0,MBA,Finance Manager
7815,Aradhya Korpal,41,Chennai,Male,Tamil Nadu,1139867.0,M.Tech,Doctor
7816,Sahil Saini,35,Ahmedabad,Male,Gujarat,563684.0,BBA,Teacher
7817,Taran Kalla,48,Pune,Female,Maharashtra,1710987.0,MBA,Data Scientist
7818,Kismat Wable,19,Chennai,Male,Tamil Nadu,1146694.0,MSc,Finance Manager
7820,Kartik Sachdeva,34,Delhi,Female,Delhi,1658534.0,MSc,Software Engineer
7821,Nirvaan Sahni,47,Hyderabad,Female,Telangana,1190955.0,PhD,Finance Manager
7822,Aaryahi Kant,33,Hyderabad,Male,Telangana,2425310.0,MSc,Doctor
7823,Aarna Tank,31,Pune,Female,Maharashtra,1639899.0,MBA,Doctor
7824,Misha Kunda,32,Hyderabad,Male,Telangana,789531.0,MCA,Bank Clerk
7827,Ivan Keer,35,Jaipur,Female,Rajasthan,1154260.0,MSc,Data Scientist
7828,Shaan Rana,31,Kolkata,Male,West Bengal,1339398.0,PhD,Doctor
7829,Shanaya Keer,44,Hyderabad,Male,Telangana,1900641.0,PhD,Finance Manager
7830,Jayesh Sengupta,44,Mumbai,Female,Maharashtra,685014.0,BBA,Accountant
7831,Ranbir Choudhury,39,Delhi,Male,Delhi,669884.0,BBA,HR Manager
7832,Jiya Mannan,18,Chennai,Male,Tamil Nadu,1449112.0,M.Tech,Entrepreneur
7834,Vivaan Dhaliwal,48,Mumbai,Male,Maharashtra,2503895.0,PhD,Data Scientist
7835,Reyansh Sharaf,47,Bangalore,Male,Karnataka,2935795.0,MBA,Data Scientist
7836,Alisha Dash,26,Jaipur,Male,Rajasthan,1138482.0,M.Tech,Data Scientist
7837,Hridaan Chad,50,Lucknow,Female,Uttar Pradesh,621558.0,MCA,Accountant
7838,Vedika Choudhury,26,Jaipur,Female,Rajasthan,846897.0,M.Tech,Software Engineer
7839,Madhav Hegde,48,Hyderabad,Female,Telangana,2724087.0,M.Tech,Doctor
7840,Armaan Singhal,58,Ahmedabad,Female,Gujarat,1686947.0,M.Tech,Entrepreneur
7841,Mamooty Bawa,29,Delhi,Female,Delhi,718837.0,BSc,Bank Clerk
7842,Yuvaan Shankar,34,Chennai,Female,Tamil Nadu,935854.0,PhD,Software Engineer
7843,Hansh Sane,23,Hyderabad,Male,Telangana,2801784.0,M.Tech,Data Scientist
7844,Elakshi Acharya,45,Jaipur,Male,Rajasthan,797656.0,BBA,HR Manager
7845,Myra Sabharwal,38,Delhi,Female,Delhi,1545179.0,MBA,Data Scientist
7848,Samaira Acharya,42,Hyderabad,Female,Telangana,823323.0,MBA,Software Engineer
7849,Shanaya Ramanathan,43,Mumbai,Male,Maharashtra,915348.0,MSc,Data Scientist
7850,Vihaan Arya,27,Mumbai,Female,Maharashtra,841191.0,MSc,Software Engineer
7851,Adira D’Alia,42,Bangalore,Male,Karnataka,1065121.0,MBA,Entrepreneur
7852,Nehmat Majumdar,31,Delhi,Female,Delhi,932660.0,MBA,Finance Manager
7853,Lakshay Raja,26,Delhi,Male,Delhi,1634374.0,MBA,Finance Manager
7854,Yuvraj  Wadhwa,50,Delhi,Female,Delhi,1964554.0,MSc,Software Engineer
7855,Aayush Mander,33,Mumbai,Female,Maharashtra,1077301.0,MBA,Entrepreneur
7856,Zeeshan Dhar,30,Delhi,Female,Delhi,2693430.0,M.Tech,Software Engineer
7857,Ishaan Shanker,27,Delhi,Male,Delhi,1450197.0,MSc,Data Scientist
7859,Anahi Srivastava,23,Delhi,Male,Delhi,2570378.0,PhD,Software Engineer
7860,Suhana Banerjee,24,Mumbai,Male,Maharashtra,2923021.0,M.Tech,Entrepreneur
7861,Dhruv Tank,21,Hyderabad,Female,Telangana,1721337.0,MSc,Finance Manager
7862,Ojas Dewan,31,Bangalore,Female,Karnataka,2079010.0,PhD,Doctor
7863,Himmat Subramanian,18,Ahmedabad,Male,Gujarat,1152774.0,M.Tech,Doctor
7864,Reyansh Srinivas,36,Mumbai,Male,Maharashtra,2804781.0,PhD,Finance Manager
7865,Lakshit Sani,18,Kolkata,Male,West Bengal,1659476.0,PhD,Software Engineer
7866,Bhamini Mane,26,Delhi,Female,Delhi,1823944.0,MBA,Entrepreneur
7867,Chirag Kumer,46,Bangalore,Female,Karnataka,813480.0,PhD,Doctor
7868,Ayesha Sama,31,Ahmedabad,Female,Gujarat,611440.0,BSc,Bank Clerk
7869,Sahil Tailor,20,Ahmedabad,Female,Gujarat,1029703.0,M.Tech,Doctor
7870,Miraan Ben,40,Pune,Female,Maharashtra,748291.0,B.Com,HR Manager
7872,Shanaya Shanker,22,Pune,Female,Maharashtra,1758062.0,MBA,Doctor
7873,Pihu Chaudhuri,18,Lucknow,Male,Uttar Pradesh,357031.0,12th Pass,Customer Support
7876,Nirvi Vaidya,43,Jaipur,Male,Rajasthan,654655.0,BBA,Accountant
7877,Ranbir Saxena,46,Ahmedabad,Male,Gujarat,1213280.0,PhD,Finance Manager
7878,Aaryahi Dhawan,47,Delhi,Male,Delhi,1706554.0,MSc,Entrepreneur
7879,Saira Bhagat,26,Bangalore,Female,Karnataka,1212278.0,MSc,Doctor
7880,Aniruddh Bose,36,Delhi,Male,Delhi,1706260.0,PhD,Entrepreneur
7882,Shray Dara,39,Pune,Male,Maharashtra,1558878.0,PhD,Entrepreneur
7883,Shray Chauhan,21,Mumbai,Male,Maharashtra,741457.0,B.Com,Teacher
7885,Indrans Kalla,44,Chennai,Male,Tamil Nadu,1335597.0,M.Tech,Finance Manager
7886,Ivana Varghese,43,Delhi,Female,Delhi,1276729.0,MSc,Entrepreneur
7887,Vritika Agarwal,18,Lucknow,Female,Uttar Pradesh,341414.0,Diploma,Customer Support
7888,Kaira Halder,31,Hyderabad,Male,Telangana,2751754.0,MBA,Data Scientist
7889,Fateh Kapoor,44,Lucknow,Male,Uttar Pradesh,866025.0,M.Tech,Data Scientist
7890,Vivaan Dave,31,Hyderabad,Female,Telangana,2116564.0,PhD,Doctor
7891,Neelofar Gaba,39,Pune,Male,Maharashtra,1772787.0,M.Tech,Software Engineer
7892,Shayak Arora,44,Chennai,Female,Tamil Nadu,1149965.0,MBA,Software Engineer
7893,Nishith Bal,39,Hyderabad,Male,Telangana,2760357.0,PhD,Entrepreneur
7894,Anika Uppal,32,Bangalore,Male,Karnataka,1109194.0,M.Tech,Doctor
7897,Mamooty Bose,21,Delhi,Female,Delhi,1323825.0,PhD,Doctor
7898,Aarna Bera,38,Lucknow,Female,Uttar Pradesh,1100739.0,M.Tech,Entrepreneur
7899,Seher Thakkar,35,Ahmedabad,Male,Gujarat,980544.0,MSc,Software Engineer
7900,Shaan Dora,18,Hyderabad,Female,Telangana,380248.0,Diploma,Security Guard
7901,Suhana Bera,31,Hyderabad,Male,Telangana,1751134.0,M.Tech,Software Engineer
7902,Nirvaan Doctor,44,Ahmedabad,Female,Gujarat,1994165.0,M.Tech,Data Scientist
7903,Krish Rajan,31,Hyderabad,Female,Telangana,2855848.0,M.Tech,Software Engineer
7904,Hrishita Iyer,39,Mumbai,Female,Maharashtra,2279653.0,M.Tech,Finance Manager
7905,Himmat Garde,36,Bangalore,Female,Karnataka,1754301.0,M.Tech,Finance Manager
7906,Shamik Anand,44,Mumbai,Female,Maharashtra,589475.0,B.A,Accountant
7907,Shayak Sahota,26,Kolkata,Female,West Bengal,1926347.0,MBA,Entrepreneur
7908,Tara Salvi,46,Hyderabad,Male,Telangana,2680013.0,MSc,Entrepreneur
7909,Anika Bansal,40,Mumbai,Male,Maharashtra,493121.0,Diploma,Retail Worker
7910,Seher Tripathi,46,Mumbai,Male,Maharashtra,2078745.0,M.Tech,Finance Manager
7911,Vritika Bhakta,32,Delhi,Male,Delhi,2393183.0,MSc,Finance Manager
7912,Ivana Chopra,25,Delhi,Male,Delhi,1707139.0,PhD,Doctor
7913,Rhea Deep,21,Hyderabad,Male,Telangana,423841.0,12th Pass,Customer Support
7915,Suhana Contractor,44,Delhi,Female,Delhi,2841658.0,M.Tech,Software Engineer
7916,Pari Krishnamurthy,20,Jaipur,Female,Rajasthan,959806.0,PhD,Finance Manager
7918,Zeeshan Grover,42,Mumbai,Male,Maharashtra,799512.0,B.Com,Accountant
7919,Yuvaan Bajwa,28,Mumbai,Female,Maharashtra,2951922.0,MBA,Software Engineer
7921,Gatik Bhattacharyya,31,Bangalore,Male,Karnataka,1827737.0,PhD,Data Scientist
7922,Ritvik Lalla,33,Ahmedabad,Female,Gujarat,982069.0,MSc,Software Engineer
7924,Shalv Kale,27,Delhi,Male,Delhi,868398.0,MSc,Doctor
7925,Ivana Chakraborty,29,Bangalore,Female,Karnataka,1329802.0,M.Tech,Entrepreneur
7926,Adira Balan,35,Pune,Female,Maharashtra,1634568.0,MBA,Finance Manager
7927,Oorja Vohra,34,Chennai,Male,Tamil Nadu,1784558.0,MSc,Software Engineer
7928,Yuvaan Khalsa,53,Hyderabad,Male,Telangana,1385080.0,MSc,Entrepreneur
7929,Siya Deep,26,Mumbai,Female,Maharashtra,1624165.0,PhD,Doctor
7931,Ivana Kara,26,Bangalore,Male,Karnataka,1666119.0,MBA,Finance Manager
7933,Aarna Mani,49,Mumbai,Female,Maharashtra,2883670.0,PhD,Data Scientist
7934,Rasha Sachdeva,26,Hyderabad,Male,Telangana,1624039.0,PhD,Finance Manager
7935,Eva Madan,33,Hyderabad,Female,Telangana,858738.0,M.Tech,Finance Manager
7936,Umang Mannan,32,Mumbai,Male,Maharashtra,960527.0,MBA,Doctor
7937,Indrans Rout,30,Kolkata,Female,West Bengal,1187544.0,M.Tech,Software Engineer
7940,Tushar Mangat,42,Ahmedabad,Female,Gujarat,1079059.0,M.Tech,Software Engineer
7942,Eshani Krish,54,Kolkata,Male,West Bengal,1201241.0,PhD,Software Engineer
7943,Ranbir Kant,39,Delhi,Male,Delhi,931356.0,MBA,Entrepreneur
7944,Purab Konda,30,Mumbai,Male,Maharashtra,477596.0,12th Pass,Security Guard
7945,Badal Dubey,50,Pune,Female,Maharashtra,913444.0,MBA,Data Scientist
7946,Badal Bose,18,Ahmedabad,Male,Gujarat,1172962.0,M.Tech,Doctor
7947,Vedika Dhaliwal,35,Mumbai,Male,Maharashtra,2347451.0,PhD,Finance Manager
7948,Bhamini Desai,40,Delhi,Male,Delhi,2055879.0,PhD,Doctor
7950,Divit Arya,47,Delhi,Female,Delhi,1543563.0,MSc,Doctor
7951,Anya Sunder,24,Ahmedabad,Male,Gujarat,1201427.0,MBA,Software Engineer
7953,Badal Dixit,34,Bangalore,Female,Karnataka,1181938.0,PhD,Doctor
7954,Tara Yadav,27,Delhi,Male,Delhi,1610053.0,MBA,Data Scientist
7955,Romil Ram,23,Pune,Male,Maharashtra,523998.0,MCA,Marketing Executive
7956,Suhana Mandal,27,Ahmedabad,Male,Gujarat,1782219.0,M.Tech,Entrepreneur
7957,Manikya Rajagopal,32,Bangalore,Female,Karnataka,2432938.0,PhD,Finance Manager
7958,Miraan Bava,47,Delhi,Female,Delhi,2569660.0,MBA,Software Engineer
7959,Keya Chandran,32,Hyderabad,Female,Telangana,2401349.0,M.Tech,Software Engineer
7960,Farhan Jaggi,48,Chennai,Female,Tamil Nadu,1408859.0,M.Tech,Software Engineer
7963,Divij Tailor,27,Bangalore,Female,Karnataka,1455989.0,MSc,Data Scientist
7964,Raunak Singh,28,Delhi,Female,Delhi,2980886.0,MSc,Data Scientist
7965,Inaaya  Maharaj,24,Chennai,Female,Tamil Nadu,1098913.0,M.Tech,Software Engineer
7967,Adah Suresh,29,Bangalore,Male,Karnataka,2375961.0,MSc,Data Scientist
7968,Farhan Bedi,40,Delhi,Female,Delhi,2023369.0,PhD,Doctor
7969,Vardaniya Borra,35,Bangalore,Female,Karnataka,1150758.0,MSc,Finance Manager
7970,Zara Uppal,45,Delhi,Female,Delhi,1627888.0,PhD,Software Engineer
7971,Saksham Varty,28,Mumbai,Female,Maharashtra,2814756.0,M.Tech,Data Scientist
7972,Lakshit Kaul,36,Mumbai,Female,Maharashtra,707708.0,B.Tech,HR Manager
7973,Hrishita Sampath,31,Mumbai,Male,Maharashtra,1878428.0,MBA,Entrepreneur
7974,Nehmat Varughese,53,Delhi,Female,Delhi,1904928.0,MSc,Finance Manager
7975,Indranil Bakshi,19,Chennai,Male,Tamil Nadu,1937813.0,MBA,Finance Manager
7976,Kavya Toor,42,Mumbai,Female,Maharashtra,2448596.0,PhD,Entrepreneur
7977,Lakshit Sathe,42,Chennai,Male,Tamil Nadu,1027239.0,MSc,Software Engineer
7978,Bhavin Hegde,37,Chennai,Female,Tamil Nadu,1284660.0,M.Tech,Entrepreneur
7979,Ahana  Agate,18,Lucknow,Female,Uttar Pradesh,360799.0,Diploma,Retail Worker
7980,Vivaan Saini,36,Lucknow,Female,Uttar Pradesh,925972.0,PhD,Doctor
7981,Anya Sarraf,36,Hyderabad,Female,Telangana,1467496.0,PhD,Software Engineer
7982,Dhruv Venkatesh,26,Delhi,Male,Delhi,882379.0,MSc,Data Scientist
7983,Onkar Vig,31,Delhi,Male,Delhi,2246112.0,MSc,Finance Manager
7984,Divij Tak,29,Mumbai,Female,Maharashtra,1606491.0,MBA,Data Scientist
7986,Amani Brar,18,Kolkata,Female,West Bengal,576581.0,MCA,HR Manager
7987,Anya Kurian,34,Pune,Female,Maharashtra,759223.0,MBA,HR Manager
7988,Yuvaan Handa,41,Delhi,Male,Delhi,1718329.0,MBA,Entrepreneur
7989,Abram Randhawa,37,Ahmedabad,Male,Gujarat,606265.0,MCA,HR Manager
7990,Akarsh Sha,33,Bangalore,Male,Karnataka,2964985.0,PhD,Software Engineer
7992,Nayantara Chaudhuri,24,Chennai,Male,Tamil Nadu,1033240.0,PhD,Data Scientist
7993,Mehul Gupta,33,Delhi,Female,Delhi,1239802.0,M.Tech,Software Engineer
7994,Samar Chaudhari,26,Delhi,Female,Delhi,1016036.0,MBA,Software Engineer
7995,Jiya Dash,22,Hyderabad,Female,Telangana,1328775.0,M.Tech,Software Engineer
7996,Shalv Madan,41,Bangalore,Female,Karnataka,1490037.0,PhD,Finance Manager
7997,Akarsh Shenoy,54,Mumbai,Female,Maharashtra,1122008.0,MSc,Entrepreneur
7998,Ishaan Kale,50,Mumbai,Female,Maharashtra,381802.0,Diploma,Retail Worker
7999,Anaya Choudhury,18,Pune,Male,Maharashtra,1866883.0,M.Tech,Doctor
8000,Raghav Dugar,33,Hyderabad,Male,Telangana,337619.0,12th Pass,Factory Worker
8002,Amira Deep,37,Hyderabad,Male,Telangana,1293371.0,MSc,Software Engineer
8003,Arnav Mani,36,Bangalore,Female,Karnataka,553286.0,BSc,HR Manager
8004,Urvi Karan,38,Mumbai,Male,Maharashtra,1228813.0,MSc,Entrepreneur
8006,Ayesha Chatterjee,44,Bangalore,Male,Karnataka,582075.0,BBA,Teacher
8007,Gatik Soman,31,Ahmedabad,Female,Gujarat,372067.0,Diploma,Security Guard
8008,Arhaan Bal,42,Mumbai,Female,Maharashtra,1495178.0,M.Tech,Entrepreneur
8010,Mishti Subramanian,50,Bangalore,Male,Karnataka,1133731.0,PhD,Software Engineer
8011,Aaina Dada,33,Delhi,Male,Delhi,2839511.0,MSc,Doctor
8012,Lakshit Mandal,51,Bangalore,Female,Karnataka,2449306.0,PhD,Entrepreneur
8013,Priyansh Ramesh,36,Jaipur,Female,Rajasthan,509714.0,MBA,Marketing Executive
8014,Ahana  Keer,40,Ahmedabad,Male,Gujarat,504182.0,Diploma,HR Manager
8015,Indranil Desai,33,Mumbai,Female,Maharashtra,1118841.0,MBA,Data Scientist
8016,Vedika Subramaniam,38,Bangalore,Male,Karnataka,1618465.0,MBA,Entrepreneur
8017,Shaan Sehgal,31,Pune,Female,Maharashtra,1686168.0,M.Tech,Finance Manager
8018,Yuvraj  Banik,30,Bangalore,Female,Karnataka,2470622.0,M.Tech,Entrepreneur
8019,Priyansh Rajagopal,49,Mumbai,Female,Maharashtra,365016.0,Diploma,Security Guard
8022,Divij Yogi,32,Ahmedabad,Female,Gujarat,938864.0,MBA,Software Engineer
8023,Vritika Krishna,36,Hyderabad,Male,Telangana,829994.0,PhD,Entrepreneur
8024,Mannat Saran,18,Delhi,Male,Delhi,2571813.0,MBA,Data Scientist
8025,Seher Kapur,46,Chennai,Female,Tamil Nadu,1242567.0,MBA,Finance Manager
8026,Rania Keer,39,Ahmedabad,Male,Gujarat,1300778.0,MBA,Entrepreneur
8027,Biju Seshadri,34,Delhi,Male,Delhi,2787360.0,MBA,Doctor
8028,Emir Dara,36,Delhi,Male,Delhi,767958.0,B.A,Bank Clerk
8029,Azad Shenoy,21,Mumbai,Male,Maharashtra,1098013.0,M.Tech,Doctor
8030,Pari Saha,30,Kolkata,Female,West Bengal,840701.0,M.Tech,Doctor
8031,Anahi Suresh,44,Pune,Female,Maharashtra,1250876.0,PhD,Entrepreneur
8032,Aarav Rajan,37,Hyderabad,Female,Telangana,2469277.0,PhD,Data Scientist
8034,Arhaan Kapoor,25,Hyderabad,Female,Telangana,1529664.0,MSc,Doctor
8035,Sahil Devan,27,Chennai,Female,Tamil Nadu,616344.0,Diploma,Teacher
8036,Arhaan Basu,29,Kolkata,Female,West Bengal,603799.0,B.Com,HR Manager
8037,Dhruv Warrior,25,Delhi,Male,Delhi,570242.0,Diploma,Marketing Executive
8038,Piya Sachdeva,36,Hyderabad,Male,Telangana,1531953.0,PhD,Entrepreneur
8039,Farhan Vaidya,19,Delhi,Male,Delhi,1039194.0,M.Tech,Finance Manager
8040,Rohan Sama,31,Chennai,Male,Tamil Nadu,563735.0,Diploma,Teacher
8041,Yuvraj  Borah,24,Kolkata,Male,West Bengal,1071561.0,MSc,Software Engineer
8042,Kanav Tara,19,Ahmedabad,Male,Gujarat,538636.0,B.Tech,Accountant
8043,Ela Chopra,31,Hyderabad,Female,Telangana,750143.0,B.Com,HR Manager
8044,Vaibhav Rau,44,Delhi,Male,Delhi,1859282.0,PhD,Data Scientist
8045,Myra Bose,23,Pune,Female,Maharashtra,609895.0,BBA,Accountant
8046,Ivana Sidhu,34,Ahmedabad,Male,Gujarat,1310791.0,MBA,Entrepreneur
8047,Purab Bath,35,Mumbai,Male,Maharashtra,2390482.0,MSc,Finance Manager
8048,Ishaan Sarraf,54,Chennai,Male,Tamil Nadu,565875.0,B.A,Teacher
8049,Trisha Krishnan,18,Pune,Female,Maharashtra,1305512.0,PhD,Data Scientist
8050,Amani Apte,36,Mumbai,Male,Maharashtra,2100407.0,M.Tech,Finance Manager
8051,Badal Chopra,61,Hyderabad,Female,Telangana,2286848.0,MSc,Finance Manager
8053,Oorja Savant,52,Kolkata,Female,West Bengal,801547.0,M.Tech,Finance Manager
8054,Manjari Mangat,36,Delhi,Female,Delhi,2016850.0,MBA,Finance Manager
8055,Sumer Bora,28,Delhi,Female,Delhi,2533660.0,MSc,Data Scientist
8056,Ivana Mand,51,Ahmedabad,Female,Gujarat,1108890.0,MBA,Finance Manager
8057,Diya Ganguly,35,Ahmedabad,Male,Gujarat,592799.0,B.Com,Teacher
8058,Kaira Aggarwal,18,Mumbai,Male,Maharashtra,967539.0,PhD,Data Scientist
8059,Ishita Arora,25,Mumbai,Male,Maharashtra,2352188.0,MSc,Doctor
8061,Dishani Krish,28,Hyderabad,Female,Telangana,641905.0,B.Com,Accountant
8062,Pari Gera,20,Bangalore,Female,Karnataka,518410.0,B.Tech,Accountant
8063,Shlok Hayer,29,Delhi,Male,Delhi,2871855.0,MSc,Software Engineer
8064,Vaibhav Chakraborty,52,Mumbai,Male,Maharashtra,2738493.0,MSc,Doctor
8065,Lakshay Bhakta,46,Hyderabad,Male,Telangana,1987556.0,PhD,Data Scientist
8066,Kashvi Gara,35,Chennai,Male,Tamil Nadu,1694569.0,M.Tech,Finance Manager
8067,Mahika Saran,18,Delhi,Female,Delhi,396088.0,12th Pass,Security Guard
8068,Purab Chand,20,Ahmedabad,Male,Gujarat,1405754.0,M.Tech,Doctor
8069,Fateh Kurian,30,Kolkata,Female,West Bengal,1471835.0,PhD,Software Engineer
8070,Anvi Upadhyay,57,Delhi,Female,Delhi,2628388.0,PhD,Software Engineer
8071,Vanya Mand,37,Bangalore,Female,Karnataka,1897955.0,MBA,Data Scientist
8072,Charvi Sachdev,26,Hyderabad,Female,Telangana,2530258.0,PhD,Software Engineer
8073,Kartik Chowdhury,43,Ahmedabad,Female,Gujarat,1160896.0,MSc,Entrepreneur
8074,Ritvik Arora,42,Bangalore,Male,Karnataka,979347.0,MBA,Doctor
8075,Vihaan Choudhry,41,Ahmedabad,Female,Gujarat,1864990.0,MSc,Software Engineer
8076,Jayesh Kara,35,Delhi,Male,Delhi,724772.0,BBA,Bank Clerk
8077,Piya Bhatnagar,41,Delhi,Male,Delhi,2815147.0,MSc,Doctor
8078,Keya Wadhwa,25,Chennai,Male,Tamil Nadu,928764.0,MBA,Software Engineer
8079,Kanav Kaur,40,Mumbai,Male,Maharashtra,1364215.0,MSc,Entrepreneur
8080,Badal Deep,35,Kolkata,Male,West Bengal,1557023.0,PhD,Doctor
8081,Neysa Chokshi,20,Bangalore,Male,Karnataka,1101955.0,PhD,Finance Manager
8082,Nirvi Kumer,36,Mumbai,Male,Maharashtra,576860.0,MCA,Bank Clerk
8083,Damini Golla,36,Bangalore,Male,Karnataka,873277.0,MSc,Finance Manager
8084,Chirag Anne,36,Hyderabad,Male,Telangana,1283035.0,MBA,Entrepreneur
8085,Kiaan Borah,35,Chennai,Male,Tamil Nadu,966000.0,M.Tech,Finance Manager
8086,Samiha Reddy,41,Pune,Male,Maharashtra,1233701.0,PhD,Finance Manager
8087,Mehul Soni,39,Ahmedabad,Male,Gujarat,791668.0,MCA,Teacher
8088,Pranay Hayre,26,Delhi,Male,Delhi,2678830.0,M.Tech,Entrepreneur
8091,Jivika Contractor,51,Hyderabad,Female,Telangana,2979411.0,PhD,Doctor
8092,Indranil Lal,37,Bangalore,Male,Karnataka,476447.0,12th Pass,Delivery Agent
8093,Suhana Bhakta,39,Kolkata,Female,West Bengal,630737.0,B.Com,HR Manager
8094,Elakshi Gole,39,Hyderabad,Male,Telangana,753781.0,B.A,Accountant
8095,Biju Khosla,31,Delhi,Male,Delhi,2478630.0,MBA,Software Engineer
8096,Navya Vyas,53,Bangalore,Male,Karnataka,1694935.0,MSc,Doctor
8097,Hrishita Sharma,26,Bangalore,Female,Karnataka,431053.0,12th Pass,Retail Worker
8098,Hrishita Varughese,41,Chennai,Female,Tamil Nadu,1624982.0,M.Tech,Data Scientist
8099,Suhana Kalla,31,Ahmedabad,Male,Gujarat,1083401.0,PhD,Data Scientist
8100,Faiyaz Lata,31,Ahmedabad,Female,Gujarat,1366793.0,PhD,Software Engineer
8101,Chirag Gala,26,Bangalore,Male,Karnataka,445648.0,12th Pass,Retail Worker
8102,Ehsaan Jaggi,33,Bangalore,Male,Karnataka,2551879.0,PhD,Entrepreneur
8103,Urvi Sastry,25,Pune,Female,Maharashtra,924166.0,PhD,Software Engineer
8105,Krish Sibal,23,Delhi,Male,Delhi,2552633.0,PhD,Entrepreneur
8106,Sana Dhingra,25,Bangalore,Female,Karnataka,2180632.0,MBA,Data Scientist
8107,Zaina Sabharwal,18,Chennai,Male,Tamil Nadu,1352791.0,MSc,Finance Manager
8108,Trisha Sem,32,Bangalore,Male,Karnataka,2367681.0,MBA,Entrepreneur
8109,Renee Swaminathan,34,Mumbai,Male,Maharashtra,577972.0,B.Com,Bank Clerk
8110,Purab Baria,62,Hyderabad,Female,Telangana,779074.0,MCA,Accountant
8111,Yashvi Chawla,31,Kolkata,Female,West Bengal,1211108.0,MSc,Entrepreneur
8112,Zara Shere,30,Bangalore,Male,Karnataka,1255866.0,MBA,Doctor
8113,Trisha Ravel,22,Hyderabad,Male,Telangana,2650782.0,M.Tech,Data Scientist
8114,Jivin Rajagopal,38,Chennai,Male,Tamil Nadu,1901485.0,PhD,Data Scientist
8115,Taran Dave,18,Delhi,Female,Delhi,1185196.0,MBA,Entrepreneur
8116,Prerak Krish,18,Mumbai,Female,Maharashtra,2052694.0,MBA,Software Engineer
8117,Yuvaan Varkey,28,Mumbai,Female,Maharashtra,534597.0,Diploma,Accountant
8118,Piya Sant,29,Mumbai,Male,Maharashtra,595626.0,MCA,Bank Clerk
8119,Damini Shanker,40,Delhi,Male,Delhi,1275648.0,MSc,Entrepreneur
8121,Azad Badami,26,Mumbai,Male,Maharashtra,1985304.0,MBA,Doctor
8123,Yashvi Chaudhry,32,Delhi,Female,Delhi,700095.0,B.Tech,Accountant
8124,Tejas Bhagat,32,Hyderabad,Female,Telangana,2341752.0,MBA,Data Scientist
8125,Jayan Bawa,44,Hyderabad,Female,Telangana,768215.0,MBA,Bank Clerk
8127,Vritika Khalsa,34,Ahmedabad,Male,Gujarat,1605684.0,PhD,Entrepreneur
8129,Suhana Lata,54,Mumbai,Male,Maharashtra,597899.0,MBA,Accountant
8130,Devansh Uppal,44,Delhi,Male,Delhi,1932473.0,MSc,Finance Manager
8131,Samar Balakrishnan,30,Ahmedabad,Female,Gujarat,1068614.0,MBA,Finance Manager
8132,Renee Bava,22,Delhi,Male,Delhi,2093933.0,MBA,Finance Manager
8133,Dishani Rajan,29,Delhi,Female,Delhi,2524619.0,PhD,Data Scientist
8134,Shalv Sheth,42,Chennai,Male,Tamil Nadu,1028500.0,MSc,Data Scientist
8135,Trisha Chanda,31,Kolkata,Female,West Bengal,1336672.0,MSc,Software Engineer
8136,Dharmajan Borah,34,Pune,Male,Maharashtra,1322274.0,M.Tech,Doctor
8137,Hiran Jain,52,Delhi,Female,Delhi,452090.0,Diploma,Retail Worker
8138,Rati Sunder,34,Mumbai,Female,Maharashtra,787481.0,Diploma,HR Manager
8139,Tarini Shanker,52,Jaipur,Female,Rajasthan,914521.0,M.Tech,Doctor
8140,Dharmajan Dhaliwal,70,Hyderabad,Male,Telangana,1170375.0,MBA,Doctor
8141,Mannat Golla,18,Ahmedabad,Male,Gujarat,608088.0,BBA,Accountant
8142,Vedika Jani,35,Delhi,Male,Delhi,1838102.0,M.Tech,Data Scientist
8143,Dharmajan Sha,46,Delhi,Female,Delhi,1245531.0,PhD,Entrepreneur
8144,Fateh Rastogi,38,Delhi,Female,Delhi,1132735.0,MBA,Entrepreneur
8146,Myra Bhargava,42,Ahmedabad,Male,Gujarat,669850.0,B.Com,Marketing Executive
8148,Saira Keer,29,Jaipur,Male,Rajasthan,1156152.0,MSc,Entrepreneur
8149,Akarsh Vohra,34,Bangalore,Male,Karnataka,2867928.0,PhD,Doctor
8150,Purab Trivedi,23,Chennai,Male,Tamil Nadu,1389269.0,MSc,Data Scientist
8151,Oorja Sekhon,34,Kolkata,Female,West Bengal,1583754.0,M.Tech,Software Engineer
8152,Yasmin Shroff,19,Hyderabad,Female,Telangana,1500008.0,MSc,Data Scientist
8154,Ivan Arya,25,Chennai,Male,Tamil Nadu,905709.0,MBA,Doctor
8155,Mohanlal Sani,21,Bangalore,Female,Karnataka,1361635.0,MBA,Data Scientist
8156,Tiya Sahni,33,Mumbai,Male,Maharashtra,2682173.0,M.Tech,Entrepreneur
8157,Urvi Raja,23,Delhi,Male,Delhi,2712954.0,MBA,Finance Manager
8158,Nitya Subramanian,18,Delhi,Female,Delhi,2802455.0,PhD,Data Scientist
8160,Khushi Lad,25,Mumbai,Male,Maharashtra,465341.0,12th Pass,Security Guard
8161,Arhaan Shere,37,Ahmedabad,Male,Gujarat,1076517.0,MSc,Software Engineer
8162,Tara Jayaraman,24,Delhi,Female,Delhi,1095608.0,PhD,Entrepreneur
8163,Nishith Varma,41,Bangalore,Female,Karnataka,368883.0,12th Pass,Security Guard
8165,Arnav Chaudry,26,Mumbai,Female,Maharashtra,2626006.0,PhD,Software Engineer
8166,Riya Suresh,31,Mumbai,Male,Maharashtra,1837755.0,PhD,Doctor
8167,Tara Sunder,44,Hyderabad,Female,Telangana,2806177.0,MSc,Software Engineer
8168,Advika Sarkar,48,Delhi,Female,Delhi,1114496.0,MBA,Doctor
8169,Seher Sen,23,Bangalore,Male,Karnataka,555722.0,B.Com,Teacher
8170,Zara Chanda,46,Chennai,Male,Tamil Nadu,1625070.0,MSc,Doctor
8171,Azad Tata,39,Kolkata,Female,West Bengal,1221198.0,MSc,Finance Manager
8174,Anika Chowdhury,30,Bangalore,Female,Karnataka,2293519.0,PhD,Entrepreneur
8175,Vardaniya Ramanathan,43,Pune,Female,Maharashtra,1861564.0,MBA,Data Scientist
8176,Aarav Soni,34,Chennai,Female,Tamil Nadu,1072140.0,M.Tech,Doctor
8177,Parinaaz Savant,46,Bangalore,Male,Karnataka,2616952.0,PhD,Software Engineer
8178,Vanya Bajaj,31,Kolkata,Female,West Bengal,670610.0,B.Com,Bank Clerk
8179,Fateh Choudhury,22,Mumbai,Male,Maharashtra,1753569.0,MBA,Data Scientist
8180,Lakshit Bose,45,Chennai,Female,Tamil Nadu,1173130.0,MSc,Data Scientist
8181,Nayantara Hora,23,Mumbai,Male,Maharashtra,462211.0,12th Pass,Delivery Agent
8182,Parinaaz Dhillon,38,Ahmedabad,Female,Gujarat,968580.0,MBA,Finance Manager
8183,Yasmin Bhalla,18,Bangalore,Male,Karnataka,870101.0,M.Tech,Software Engineer
8185,Hansh Chadha,26,Hyderabad,Male,Telangana,611567.0,B.A,Bank Clerk
8187,Kaira Kothari,34,Jaipur,Female,Rajasthan,632913.0,B.Tech,Accountant
8188,Pari Sundaram,33,Kolkata,Male,West Bengal,1216153.0,PhD,Entrepreneur
8189,Ishita Dhar,27,Mumbai,Female,Maharashtra,2434372.0,PhD,Software Engineer
8191,Lagan Balan,44,Bangalore,Male,Karnataka,835085.0,M.Tech,Software Engineer
8192,Stuvan Iyengar,30,Mumbai,Male,Maharashtra,541108.0,MBA,Teacher
8193,Inaaya  Jayaraman,26,Kolkata,Female,West Bengal,315377.0,12th Pass,Delivery Agent
8194,Shanaya Goel,39,Lucknow,Male,Uttar Pradesh,684841.0,MBA,HR Manager
8196,Pihu Mannan,46,Kolkata,Male,West Bengal,1814628.0,PhD,Entrepreneur
8197,Vritika Iyer,23,Bangalore,Male,Karnataka,632026.0,MCA,Bank Clerk
8198,Aarav Mandal,28,Delhi,Male,Delhi,511834.0,B.Com,Marketing Executive
8199,Hridaan Kashyap,18,Jaipur,Male,Rajasthan,810212.0,M.Tech,Data Scientist
8200,Nirvaan Varghese,28,Pune,Female,Maharashtra,996138.0,MBA,Software Engineer
8201,Charvi Deo,25,Mumbai,Female,Maharashtra,451726.0,12th Pass,Retail Worker
8202,Lagan Aurora,38,Kolkata,Female,West Bengal,1119589.0,M.Tech,Data Scientist
8203,Ivan Trivedi,34,Delhi,Male,Delhi,1841792.0,MBA,Data Scientist
8204,Vanya Ganesh,39,Delhi,Female,Delhi,639908.0,BBA,Teacher
8205,Lakshit Ray,23,Mumbai,Male,Maharashtra,892129.0,M.Tech,Doctor
8206,Siya Tripathi,32,Mumbai,Female,Maharashtra,1424527.0,MBA,Finance Manager
8207,Vidur Thaker,53,Mumbai,Male,Maharashtra,852017.0,M.Tech,Software Engineer
8208,Himmat Dutt,30,Bangalore,Male,Karnataka,1622405.0,PhD,Finance Manager
8210,Yasmin Rajagopal,26,Lucknow,Male,Uttar Pradesh,861875.0,M.Tech,Finance Manager
8211,Kiara Dhawan,49,Mumbai,Female,Maharashtra,905921.0,MSc,Software Engineer
8212,Vidur Sekhon,20,Mumbai,Female,Maharashtra,2949704.0,MBA,Finance Manager
8213,Abram Tank,43,Bangalore,Female,Karnataka,1814582.0,PhD,Entrepreneur
8214,Tanya Sagar,29,Bangalore,Male,Karnataka,2796532.0,MBA,Data Scientist
8215,Divyansh Vasa,55,Delhi,Male,Delhi,2572414.0,PhD,Doctor
8216,Zara Brahmbhatt,33,Chennai,Male,Tamil Nadu,1268681.0,M.Tech,Software Engineer
8217,Hunar Barman,30,Lucknow,Female,Uttar Pradesh,637862.0,B.Com,Teacher
8218,Ahana  Korpal,24,Hyderabad,Male,Telangana,389007.0,Diploma,Factory Worker
8219,Pari Savant,21,Bangalore,Male,Karnataka,2157078.0,MSc,Doctor
8220,Elakshi Chaudhuri,35,Chennai,Female,Tamil Nadu,1389304.0,MBA,Finance Manager
8221,Aniruddh Sarna,24,Hyderabad,Female,Telangana,2015300.0,M.Tech,Software Engineer
8222,Riaan Saini,29,Hyderabad,Female,Telangana,2868842.0,MBA,Finance Manager
8224,Divyansh Bahl,29,Hyderabad,Male,Telangana,484597.0,Diploma,Security Guard
8225,Hunar Vohra,34,Delhi,Female,Delhi,2665907.0,MSc,Data Scientist
8226,Rasha Sachdeva,45,Mumbai,Female,Maharashtra,2506382.0,MBA,Doctor
8227,Ehsaan Kara,32,Mumbai,Female,Maharashtra,876699.0,M.Tech,Doctor
8228,Gokul Kashyap,39,Hyderabad,Female,Telangana,327980.0,12th Pass,Retail Worker
8231,Zoya Vora,22,Chennai,Male,Tamil Nadu,514798.0,BBA,Accountant
8232,Kiaan Kala,18,Ahmedabad,Female,Gujarat,1799748.0,MBA,Doctor
8234,Kiaan Roy,24,Delhi,Female,Delhi,1371740.0,MSc,Data Scientist
8235,Mehul Iyer,29,Delhi,Male,Delhi,2326360.0,MSc,Finance Manager
8236,Krish Viswanathan,47,Mumbai,Female,Maharashtra,2971444.0,PhD,Doctor
8238,Tejas Baria,40,Ahmedabad,Male,Gujarat,1826633.0,MSc,Software Engineer
8239,Azad Jaggi,37,Mumbai,Male,Maharashtra,1618727.0,MSc,Data Scientist
8240,Bhamini Mammen,58,Bangalore,Female,Karnataka,1585419.0,MSc,Entrepreneur
8241,Tara Dani,46,Delhi,Male,Delhi,1013096.0,M.Tech,Entrepreneur
8242,Anaya Kapoor,36,Kolkata,Male,West Bengal,1454209.0,PhD,Software Engineer
8243,Nakul Uppal,20,Delhi,Female,Delhi,1677531.0,MSc,Entrepreneur
8244,Damini Shetty,37,Delhi,Female,Delhi,2853093.0,M.Tech,Finance Manager
8245,Faiyaz Suri,37,Bangalore,Female,Karnataka,1681368.0,MSc,Software Engineer
8246,Trisha Barman,31,Ahmedabad,Female,Gujarat,1345134.0,PhD,Doctor
8247,Jayant Bhakta,22,Bangalore,Male,Karnataka,930394.0,MBA,Data Scientist
8248,Rhea Sandhu,42,Delhi,Female,Delhi,988489.0,MSc,Entrepreneur
8249,Yuvraj  Lanka,25,Mumbai,Male,Maharashtra,2123970.0,M.Tech,Software Engineer
8250,Hiran Gole,19,Pune,Male,Maharashtra,1686853.0,PhD,Finance Manager
8251,Ahana  Sibal,35,Pune,Male,Maharashtra,1802126.0,M.Tech,Software Engineer
8252,Arhaan Thakur,45,Mumbai,Male,Maharashtra,2904650.0,MBA,Entrepreneur
8253,Keya Bhandari,36,Chennai,Female,Tamil Nadu,702005.0,B.Tech,Teacher
8254,Shray Tiwari,30,Bangalore,Male,Karnataka,454232.0,12th Pass,Retail Worker
8255,Nehmat Sura,18,Hyderabad,Female,Telangana,849378.0,MSc,Data Scientist
8256,Tarini Sampath,29,Mumbai,Female,Maharashtra,2120918.0,M.Tech,Data Scientist
8257,Pranay Rege,34,Mumbai,Female,Maharashtra,2233381.0,MBA,Data Scientist
8260,Emir Setty,46,Hyderabad,Female,Telangana,955318.0,PhD,Doctor
8261,Vritika Karpe,26,Kolkata,Male,West Bengal,1422808.0,MBA,Software Engineer
8262,Elakshi Dhawan,34,Mumbai,Female,Maharashtra,2905794.0,MSc,Finance Manager
8263,Alisha Bhalla,37,Mumbai,Female,Maharashtra,2603323.0,M.Tech,Finance Manager
8264,Hrishita Khare,26,Bangalore,Female,Karnataka,562876.0,B.Com,Accountant
8265,Himmat Kamdar,35,Jaipur,Female,Rajasthan,432026.0,12th Pass,Security Guard
8266,Saksham Dar,44,Bangalore,Male,Karnataka,1506413.0,PhD,Entrepreneur
8267,Arhaan Toor,44,Ahmedabad,Female,Gujarat,1929887.0,M.Tech,Software Engineer
8268,Adah Koshy,29,Mumbai,Female,Maharashtra,2223851.0,PhD,Data Scientist
8269,Yuvaan Thakkar,31,Delhi,Male,Delhi,2809182.0,M.Tech,Entrepreneur
8270,Ishaan Baral,38,Delhi,Female,Delhi,2207950.0,PhD,Entrepreneur
8271,Badal Banerjee,38,Bangalore,Female,Karnataka,759667.0,B.Com,Teacher
8273,Khushi Khalsa,32,Ahmedabad,Female,Gujarat,1715000.0,PhD,Data Scientist
8274,Ivan Sen,34,Pune,Male,Maharashtra,1021726.0,MBA,Entrepreneur
8275,Samarth Borah,18,Bangalore,Male,Karnataka,2446929.0,MBA,Doctor
8276,Shlok Mand,45,Ahmedabad,Female,Gujarat,1501947.0,MSc,Software Engineer
8277,Renee Tak,50,Bangalore,Male,Karnataka,1362816.0,MSc,Doctor
8278,Taimur Ramakrishnan,41,Kolkata,Female,West Bengal,1005669.0,MSc,Finance Manager
8279,Vedika De,40,Mumbai,Female,Maharashtra,1304198.0,PhD,Finance Manager
8280,Hrishita Sodhi,19,Bangalore,Male,Karnataka,1326011.0,M.Tech,Entrepreneur
8281,Divit Dash,41,Chennai,Female,Tamil Nadu,1635206.0,MBA,Software Engineer
8282,Anahita Dua,53,Bangalore,Male,Karnataka,2825787.0,PhD,Entrepreneur
8283,Himmat Yogi,36,Delhi,Female,Delhi,1679385.0,MBA,Finance Manager
8284,Rania Samra,31,Kolkata,Female,West Bengal,1204511.0,M.Tech,Doctor
8285,Arnav Sandal,27,Chennai,Male,Tamil Nadu,556766.0,B.Tech,Bank Clerk
8286,Aniruddh Bandi,66,Hyderabad,Female,Telangana,2193947.0,PhD,Doctor
8287,Vardaniya Boase,26,Delhi,Female,Delhi,2456240.0,M.Tech,Finance Manager
8288,Sahil Atwal,43,Mumbai,Male,Maharashtra,583363.0,Diploma,HR Manager
8289,Vardaniya Venkataraman,30,Kolkata,Male,West Bengal,1648258.0,M.Tech,Finance Manager
8290,Pihu Batra,38,Hyderabad,Male,Telangana,2586422.0,M.Tech,Entrepreneur
8291,Riaan Issac,27,Ahmedabad,Male,Gujarat,1105906.0,PhD,Finance Manager
8292,Saksham Dhingra,26,Kolkata,Female,West Bengal,1303952.0,M.Tech,Doctor
8293,Piya Sheth,24,Ahmedabad,Male,Gujarat,1311528.0,MSc,Entrepreneur
8294,Manikya Kala,40,Bangalore,Female,Karnataka,730828.0,BBA,Accountant
8295,Vritika Bhakta,37,Hyderabad,Female,Telangana,2379500.0,PhD,Software Engineer
8296,Bhamini Gade,29,Mumbai,Female,Maharashtra,860678.0,M.Tech,Data Scientist
8297,Mamooty Randhawa,29,Ahmedabad,Male,Gujarat,1115641.0,M.Tech,Doctor
8298,Nirvi Bail,51,Kolkata,Male,West Bengal,1541205.0,MSc,Data Scientist
8299,Adah Gaba,33,Ahmedabad,Female,Gujarat,530048.0,B.Com,Accountant
8300,Anya Ravel,48,Kolkata,Male,West Bengal,1237869.0,MBA,Data Scientist
8302,Adira Mand,47,Delhi,Male,Delhi,1054460.0,MSc,Software Engineer
8303,Farhan Madan,31,Mumbai,Female,Maharashtra,611630.0,B.Tech,Teacher
8304,Zaina Ganesan,34,Hyderabad,Female,Telangana,1244041.0,MSc,Data Scientist
8305,Dharmajan Malhotra,42,Kolkata,Male,West Bengal,1606360.0,MSc,Entrepreneur
8306,Emir Mahajan,54,Bangalore,Male,Karnataka,2731697.0,PhD,Finance Manager
8307,Saanvi Wali,43,Bangalore,Female,Karnataka,2164097.0,MSc,Data Scientist
8308,Sumer Mann,49,Pune,Male,Maharashtra,1677876.0,MBA,Software Engineer
8309,Heer Acharya,33,Kolkata,Male,West Bengal,1072012.0,MBA,Finance Manager
8310,Saanvi Mangat,51,Hyderabad,Female,Telangana,1560757.0,M.Tech,Finance Manager
8312,Lavanya Chana,33,Delhi,Male,Delhi,2697929.0,MBA,Software Engineer
8313,Navya D’Alia,32,Chennai,Female,Tamil Nadu,937770.0,M.Tech,Finance Manager
8314,Anahi Desai,35,Pune,Male,Maharashtra,658807.0,Diploma,Accountant
8316,Reyansh Deo,33,Delhi,Male,Delhi,1020029.0,MSc,Software Engineer
8317,Divij Sandal,18,Mumbai,Male,Maharashtra,2957791.0,MBA,Entrepreneur
8318,Nirvaan Chana,37,Mumbai,Female,Maharashtra,1821380.0,MBA,Data Scientist
8319,Arnav Swaminathan,34,Bangalore,Female,Karnataka,1572324.0,PhD,Finance Manager
8320,Ishaan Kari,18,Bangalore,Female,Karnataka,2928508.0,MBA,Data Scientist
8321,Yakshit Kunda,20,Ahmedabad,Male,Gujarat,1705035.0,MBA,Entrepreneur
8322,Shalv Basu,41,Delhi,Male,Delhi,1308641.0,PhD,Entrepreneur
8323,Aaina Sunder,23,Mumbai,Male,Maharashtra,2804503.0,M.Tech,Finance Manager
8325,Zain Bhavsar,38,Ahmedabad,Male,Gujarat,1107387.0,MSc,Software Engineer
8326,Hridaan Deo,43,Pune,Male,Maharashtra,1375076.0,PhD,Entrepreneur
8327,Taimur Johal,43,Delhi,Female,Delhi,843708.0,M.Tech,Doctor
8328,Dishani Anand,29,Bangalore,Male,Karnataka,2833652.0,M.Tech,Software Engineer
8329,Fateh Srivastava,41,Ahmedabad,Female,Gujarat,678969.0,BSc,Marketing Executive
8330,Arhaan Sur,44,Bangalore,Male,Karnataka,824749.0,M.Tech,Doctor
8331,Mishti D’Alia,29,Ahmedabad,Female,Gujarat,1035941.0,MBA,Software Engineer
8332,Krish Sama,45,Delhi,Female,Delhi,1037761.0,MBA,Software Engineer
8333,Vedika Anne,41,Ahmedabad,Female,Gujarat,1292212.0,MSc,Software Engineer
8334,Vaibhav Basu,18,Mumbai,Male,Maharashtra,868571.0,MSc,Doctor
8335,Jayan Dayal,44,Delhi,Male,Delhi,2080915.0,MSc,Finance Manager
8336,Riya Chowdhury,37,Bangalore,Female,Karnataka,2506029.0,PhD,Software Engineer
8337,Anvi Date,25,Hyderabad,Female,Telangana,2856829.0,M.Tech,Doctor
8339,Ritvik Kala,32,Ahmedabad,Female,Gujarat,1839935.0,MSc,Entrepreneur
8340,Purab Anne,18,Pune,Male,Maharashtra,1524799.0,MBA,Entrepreneur
8341,Mohanlal Dua,40,Mumbai,Female,Maharashtra,438305.0,Diploma,Customer Support
8342,Shalv Dugar,18,Mumbai,Female,Maharashtra,1199776.0,MSc,Doctor
8343,Devansh Keer,45,Jaipur,Female,Rajasthan,306396.0,12th Pass,Security Guard
8344,Manjari Jayaraman,32,Delhi,Male,Delhi,715911.0,B.Com,Bank Clerk
8345,Adira Bahri,40,Bangalore,Female,Karnataka,1275155.0,PhD,Data Scientist
8346,Jayesh Virk,24,Bangalore,Female,Karnataka,971009.0,MSc,Entrepreneur
8347,Taran Chandran,28,Delhi,Female,Delhi,1770838.0,MSc,Entrepreneur
8350,Parinaaz Anne,44,Delhi,Female,Delhi,736996.0,B.Com,Bank Clerk
8351,Vardaniya Tella,22,Kolkata,Male,West Bengal,1746460.0,MBA,Software Engineer
8352,Oorja Sen,33,Mumbai,Female,Maharashtra,2780943.0,MSc,Data Scientist
8353,Sana Walia,39,Kolkata,Male,West Bengal,1184507.0,PhD,Finance Manager
8356,Miraan Wali,45,Chennai,Male,Tamil Nadu,935651.0,M.Tech,Entrepreneur
8357,Shamik Bail,42,Chennai,Male,Tamil Nadu,567759.0,MBA,HR Manager
8358,Charvi Sani,36,Delhi,Male,Delhi,2875768.0,M.Tech,Entrepreneur
8360,Indrans Sridhar,43,Kolkata,Male,West Bengal,1004868.0,MSc,Software Engineer
8361,Arhaan Dasgupta,22,Delhi,Female,Delhi,1972136.0,PhD,Software Engineer
8362,Ojas Manda,31,Hyderabad,Female,Telangana,829355.0,MSc,Doctor
8363,Sumer Raman,39,Hyderabad,Female,Telangana,2971676.0,M.Tech,Doctor
8364,Zoya Rau,38,Pune,Male,Maharashtra,560431.0,MCA,Accountant
8365,Ira Rajagopalan,28,Bangalore,Female,Karnataka,1957659.0,MSc,Entrepreneur
8366,Anvi Hayre,31,Mumbai,Male,Maharashtra,1819634.0,MSc,Data Scientist
8367,Anika Banerjee,34,Pune,Female,Maharashtra,1603980.0,PhD,Finance Manager
8368,Drishya Walia,34,Mumbai,Male,Maharashtra,1759569.0,M.Tech,Doctor
8369,Umang Choudhury,39,Delhi,Female,Delhi,662439.0,BBA,Teacher
8370,Zeeshan Goda,35,Hyderabad,Male,Telangana,464178.0,12th Pass,Security Guard
8371,Ivana Dara,21,Mumbai,Female,Maharashtra,2607855.0,PhD,Software Engineer
8372,Sana Hegde,59,Ahmedabad,Female,Gujarat,1928774.0,PhD,Doctor
8373,Anika Bhat,34,Bangalore,Male,Karnataka,401880.0,12th Pass,Factory Worker
8374,Nehmat Kashyap,28,Mumbai,Female,Maharashtra,502155.0,BBA,HR Manager
8375,Anahi Shah,47,Delhi,Male,Delhi,2413358.0,PhD,Entrepreneur
8376,Ira Dhawan,40,Delhi,Male,Delhi,905114.0,MSc,Finance Manager
8378,Amani Baral,23,Delhi,Male,Delhi,786696.0,Diploma,Accountant
8379,Ehsaan Sheth,40,Mumbai,Female,Maharashtra,1035494.0,MSc,Data Scientist
8380,Riaan Virk,42,Kolkata,Female,West Bengal,1410065.0,PhD,Data Scientist
8382,Bhamini Deshmukh,24,Kolkata,Female,West Bengal,1142101.0,PhD,Finance Manager
8383,Tanya Batra,20,Ahmedabad,Male,Gujarat,968898.0,MBA,Entrepreneur
8385,Yuvraj  Gill,41,Mumbai,Male,Maharashtra,1812486.0,PhD,Data Scientist
8386,Yuvaan Sampath,36,Pune,Female,Maharashtra,545684.0,MCA,Accountant
8389,Hansh Seth,49,Pune,Female,Maharashtra,1090080.0,MBA,Finance Manager
8391,Jayant Ramachandran,36,Chennai,Female,Tamil Nadu,1047169.0,PhD,Software Engineer
8392,Indrajit Hegde,39,Ahmedabad,Female,Gujarat,1104944.0,MSc,Software Engineer
8393,Hiran Mand,42,Delhi,Female,Delhi,2462292.0,MBA,Software Engineer
8394,Kabir Kata,47,Chennai,Female,Tamil Nadu,1375875.0,PhD,Software Engineer
8395,Amani Bath,37,Ahmedabad,Male,Gujarat,1044052.0,M.Tech,Finance Manager
8396,Indrans Kashyap,35,Mumbai,Male,Maharashtra,1476218.0,M.Tech,Doctor
8397,Aniruddh Talwar,36,Kolkata,Male,West Bengal,376062.0,Diploma,Delivery Agent
8398,Misha Shan,35,Kolkata,Male,West Bengal,1028801.0,M.Tech,Finance Manager
8399,Aniruddh Sethi,36,Hyderabad,Male,Telangana,2813389.0,MSc,Data Scientist
8400,Ehsaan Venkatesh,43,Bangalore,Female,Karnataka,649284.0,B.A,Marketing Executive
8401,Tanya Devi,38,Mumbai,Male,Maharashtra,657753.0,MBA,Teacher
8402,Romil Sekhon,37,Kolkata,Male,West Bengal,653715.0,MBA,Accountant
8404,Hansh Warrior,38,Hyderabad,Female,Telangana,695918.0,BSc,Bank Clerk
8405,Miraan Ramakrishnan,33,Chennai,Male,Tamil Nadu,1600848.0,MBA,Finance Manager
8406,Kaira Baral,22,Hyderabad,Male,Telangana,402450.0,Diploma,Customer Support
8407,Jayant Sawhney,27,Kolkata,Female,West Bengal,1321227.0,PhD,Finance Manager
8408,Kaira Jayaraman,31,Chennai,Male,Tamil Nadu,1746251.0,M.Tech,Doctor
8409,Kashvi Sood,34,Delhi,Male,Delhi,1773392.0,PhD,Software Engineer
8411,Vivaan Wable,34,Bangalore,Male,Karnataka,2596839.0,M.Tech,Software Engineer
8412,Heer Sethi,28,Delhi,Male,Delhi,1412013.0,MBA,Doctor
8413,Farhan Saxena,38,Kolkata,Female,West Bengal,1483238.0,MBA,Finance Manager
8414,Ivan Dhar,26,Hyderabad,Female,Telangana,1993722.0,MBA,Data Scientist
8415,Drishya Agarwal,30,Delhi,Male,Delhi,476887.0,12th Pass,Delivery Agent
8416,Hansh Chaudhary,23,Mumbai,Male,Maharashtra,2766046.0,MSc,Entrepreneur
8417,Tejas Doctor,37,Bangalore,Male,Karnataka,1215299.0,M.Tech,Entrepreneur
8418,Aaryahi Devan,42,Mumbai,Male,Maharashtra,599204.0,MBA,Marketing Executive
8419,Fateh Zachariah,34,Pune,Male,Maharashtra,1665451.0,MSc,Finance Manager
8420,Alisha Chawla,37,Chennai,Male,Tamil Nadu,1807454.0,MSc,Finance Manager
8422,Hridaan Thaman,41,Jaipur,Male,Rajasthan,786029.0,BBA,HR Manager
8424,Adah Bawa,35,Mumbai,Female,Maharashtra,2716892.0,M.Tech,Finance Manager
8425,Shray Sani,31,Mumbai,Female,Maharashtra,1032607.0,M.Tech,Data Scientist
8426,Gokul Handa,23,Delhi,Male,Delhi,1079805.0,PhD,Entrepreneur
8427,Veer Sawhney,28,Bangalore,Female,Karnataka,676363.0,BBA,Marketing Executive
8429,Rasha Dass,22,Jaipur,Female,Rajasthan,1134077.0,MBA,Software Engineer
8430,Madhav Sandal,28,Ahmedabad,Male,Gujarat,1879796.0,MBA,Finance Manager
8431,Ishaan Kapoor,52,Lucknow,Male,Uttar Pradesh,863259.0,M.Tech,Software Engineer
8432,Dishani Kadakia,25,Ahmedabad,Male,Gujarat,1659629.0,MBA,Software Engineer
8433,Purab Bajwa,44,Ahmedabad,Male,Gujarat,684791.0,MBA,Teacher
8434,Bhavin Anand,21,Delhi,Male,Delhi,1775821.0,PhD,Data Scientist
8436,Hiran Chana,37,Mumbai,Male,Maharashtra,2022472.0,MBA,Data Scientist
8437,Neelofar Loyal,33,Hyderabad,Male,Telangana,2270023.0,MBA,Software Engineer
8438,Stuvan Rajagopalan,48,Ahmedabad,Female,Gujarat,1282699.0,PhD,Doctor
8440,Aaryahi Sarna,44,Mumbai,Male,Maharashtra,1726936.0,MBA,Finance Manager
8441,Yuvaan Soman,18,Chennai,Male,Tamil Nadu,771428.0,MBA,Marketing Executive
8442,Oorja Warrior,21,Kolkata,Female,West Bengal,1421695.0,PhD,Data Scientist
8444,Vivaan Barman,45,Chennai,Male,Tamil Nadu,731785.0,BSc,Teacher
8445,Inaaya  Chowdhury,29,Bangalore,Male,Karnataka,1894965.0,MBA,Doctor
8447,Kimaya Swaminathan,56,Delhi,Female,Delhi,356453.0,12th Pass,Security Guard
8448,Siya Goel,34,Delhi,Male,Delhi,1356303.0,MBA,Entrepreneur
8449,Riaan Apte,19,Mumbai,Male,Maharashtra,2804333.0,PhD,Entrepreneur
8450,Piya Bal,36,Mumbai,Female,Maharashtra,1250666.0,PhD,Software Engineer
8451,Kartik Jaggi,33,Delhi,Female,Delhi,1780827.0,MSc,Doctor
8452,Elakshi Doshi,18,Bangalore,Female,Karnataka,994129.0,PhD,Data Scientist
8453,Reyansh Verma,34,Chennai,Male,Tamil Nadu,711665.0,MBA,Bank Clerk
8454,Aarna Bhatti,46,Hyderabad,Female,Telangana,2150877.0,M.Tech,Data Scientist
8455,Dishani Samra,31,Chennai,Male,Tamil Nadu,571890.0,B.A,Marketing Executive
8456,Parinaaz Kaur,33,Kolkata,Male,West Bengal,649101.0,BBA,Teacher
8457,Gatik Dayal,43,Mumbai,Female,Maharashtra,1660662.0,PhD,Doctor
8458,Aarna Chad,36,Delhi,Female,Delhi,2939306.0,MBA,Finance Manager
8460,Gokul Sura,36,Chennai,Male,Tamil Nadu,501049.0,B.A,HR Manager
8461,Anvi Rastogi,28,Chennai,Female,Tamil Nadu,1182719.0,MSc,Entrepreneur
8462,Mohanlal Ramaswamy,21,Mumbai,Female,Maharashtra,1509107.0,MSc,Doctor
8463,Anaya Walia,46,Delhi,Female,Delhi,2158336.0,MBA,Doctor
8465,Alisha Chauhan,38,Pune,Female,Maharashtra,685386.0,Diploma,Bank Clerk
8466,Parinaaz Date,37,Kolkata,Female,West Bengal,1020496.0,PhD,Doctor
8467,Riaan Setty,18,Kolkata,Male,West Bengal,1566158.0,MSc,Doctor
8468,Prisha Lala,41,Bangalore,Male,Karnataka,376527.0,12th Pass,Customer Support
8470,Anika Virk,37,Delhi,Male,Delhi,1667715.0,M.Tech,Entrepreneur
8471,Ela Sem,22,Delhi,Female,Delhi,2712039.0,MBA,Data Scientist
8472,Kimaya Mand,26,Bangalore,Female,Karnataka,1623255.0,MBA,Finance Manager
8473,Samarth Gulati,36,Delhi,Male,Delhi,1466818.0,MBA,Software Engineer
8474,Lavanya Zachariah,48,Mumbai,Male,Maharashtra,566937.0,Diploma,Bank Clerk
8475,Drishya Jaggi,18,Bangalore,Male,Karnataka,2961737.0,MSc,Finance Manager
8476,Zeeshan Gala,33,Bangalore,Male,Karnataka,1917300.0,PhD,Data Scientist
8477,Aradhya Khosla,33,Mumbai,Male,Maharashtra,2578414.0,PhD,Data Scientist
8478,Indrajit Dugar,39,Delhi,Male,Delhi,315773.0,12th Pass,Customer Support
8479,Emir Dar,44,Hyderabad,Female,Telangana,1197025.0,MBA,Data Scientist
8480,Ahana  Sur,35,Bangalore,Male,Karnataka,504177.0,B.Tech,HR Manager
8481,Aaina Gaba,23,Delhi,Female,Delhi,1139598.0,M.Tech,Data Scientist
8482,Ehsaan Vaidya,50,Hyderabad,Male,Telangana,1708710.0,PhD,Software Engineer
8483,Diya Bose,34,Hyderabad,Female,Telangana,1617429.0,PhD,Data Scientist
8485,Dhanush Choudhury,24,Bangalore,Male,Karnataka,856616.0,M.Tech,Entrepreneur
8486,Divij Butala,34,Delhi,Female,Delhi,2104415.0,MSc,Software Engineer
8488,Piya Thaman,30,Mumbai,Female,Maharashtra,2466899.0,M.Tech,Doctor
8490,Adah Bath,36,Delhi,Female,Delhi,2072012.0,MBA,Finance Manager
8491,Divij Bhattacharyya,27,Mumbai,Male,Maharashtra,1500981.0,PhD,Data Scientist
8493,Nirvi Choudhury,46,Mumbai,Male,Maharashtra,1986622.0,PhD,Data Scientist
8494,Nayantara Dar,43,Bangalore,Male,Karnataka,1635255.0,MSc,Finance Manager
8495,Onkar Iyer,46,Mumbai,Male,Maharashtra,2693929.0,MBA,Data Scientist
8496,Riaan Amble,46,Mumbai,Male,Maharashtra,735331.0,Diploma,Bank Clerk
8498,Anahita Sami,40,Delhi,Female,Delhi,2506008.0,PhD,Software Engineer
8499,Vanya Gill,21,Hyderabad,Female,Telangana,2577436.0,MSc,Finance Manager
8500,Gokul Devi,44,Delhi,Male,Delhi,701574.0,BSc,Teacher
8501,Jhanvi Sane,36,Delhi,Male,Delhi,1154739.0,PhD,Finance Manager
8502,Myra Batta,38,Mumbai,Male,Maharashtra,2982704.0,MBA,Entrepreneur
8503,Yakshit Ramachandran,31,Mumbai,Male,Maharashtra,1945354.0,MSc,Software Engineer
8504,Umang Chakrabarti,34,Ahmedabad,Male,Gujarat,1992681.0,M.Tech,Data Scientist
8505,Hunar Date,31,Hyderabad,Female,Telangana,2821295.0,PhD,Data Scientist
8506,Fateh Subramaniam,34,Delhi,Male,Delhi,2083694.0,MBA,Finance Manager
8508,Ishita Raju,24,Chennai,Male,Tamil Nadu,1994417.0,PhD,Entrepreneur
8509,Mehul Chaudhry,21,Delhi,Male,Delhi,745231.0,BSc,Accountant
8511,Kartik Bath,36,Mumbai,Female,Maharashtra,718429.0,MBA,Accountant
8512,Taimur Ghosh,46,Mumbai,Female,Maharashtra,1656343.0,MSc,Entrepreneur
8513,Neysa Sen,35,Mumbai,Male,Maharashtra,2159921.0,M.Tech,Software Engineer
8514,Damini Wable,27,Hyderabad,Male,Telangana,2635302.0,MBA,Software Engineer
8515,Jayan Kale,53,Hyderabad,Male,Telangana,411781.0,12th Pass,Delivery Agent
8516,Uthkarsh Chakrabarti,25,Hyderabad,Male,Telangana,1612209.0,PhD,Data Scientist
8517,Adira Borah,44,Mumbai,Male,Maharashtra,2753119.0,PhD,Software Engineer
8518,Farhan Dave,30,Jaipur,Female,Rajasthan,1025222.0,M.Tech,Data Scientist
8519,Faiyaz Sagar,57,Jaipur,Male,Rajasthan,529571.0,BBA,Marketing Executive
8521,Nakul Kaur,32,Kolkata,Female,West Bengal,570515.0,Diploma,Accountant
8523,Veer Bhargava,18,Hyderabad,Female,Telangana,1271513.0,M.Tech,Data Scientist
8524,Rhea Sathe,40,Bangalore,Male,Karnataka,1360982.0,MSc,Software Engineer
8525,Ela Rege,47,Chennai,Male,Tamil Nadu,659830.0,B.Com,Accountant
8526,Piya Devan,46,Bangalore,Male,Karnataka,711871.0,BSc,Teacher
8527,Elakshi Guha,42,Mumbai,Male,Maharashtra,2815073.0,M.Tech,Doctor
8528,Taimur Hayer,33,Pune,Female,Maharashtra,1817511.0,M.Tech,Finance Manager
8529,Mehul Divan,32,Chennai,Male,Tamil Nadu,1211885.0,MBA,Data Scientist
8532,Tushar Keer,61,Kolkata,Female,West Bengal,1051883.0,MSc,Doctor
8533,Devansh Chana,44,Kolkata,Male,West Bengal,920933.0,MSc,Entrepreneur
8534,Urvi Kar,38,Hyderabad,Male,Telangana,1979748.0,PhD,Data Scientist
8536,Ranbir Shah,30,Delhi,Female,Delhi,2130924.0,MSc,Finance Manager
8537,Samar Biswas,46,Delhi,Female,Delhi,1472402.0,MBA,Entrepreneur
8539,Ryan Sunder,62,Bangalore,Female,Karnataka,1566891.0,PhD,Finance Manager
8540,Parinaaz Gole,30,Bangalore,Male,Karnataka,2431286.0,PhD,Doctor
8541,Diya Borah,27,Mumbai,Female,Maharashtra,1789118.0,M.Tech,Doctor
8542,Riaan Dara,26,Delhi,Male,Delhi,2118137.0,MBA,Data Scientist
8543,Lakshay Sarna,44,Hyderabad,Female,Telangana,1303550.0,PhD,Doctor
8544,Rhea Srinivasan,18,Mumbai,Female,Maharashtra,1106443.0,M.Tech,Finance Manager
8545,Rania Korpal,44,Kolkata,Male,West Bengal,1826198.0,MBA,Entrepreneur
8547,Jayan Brar,45,Mumbai,Male,Maharashtra,1272807.0,MBA,Doctor
8548,Saira Divan,20,Bangalore,Male,Karnataka,2300282.0,MBA,Entrepreneur
8551,Aarna Ray,35,Chennai,Female,Tamil Nadu,1176726.0,M.Tech,Finance Manager
8552,Navya Bandi,18,Pune,Female,Maharashtra,1323787.0,PhD,Software Engineer
8553,Ela Sachdeva,53,Pune,Male,Maharashtra,1889776.0,M.Tech,Data Scientist
8554,Vaibhav Kala,30,Chennai,Female,Tamil Nadu,1509820.0,MSc,Data Scientist
8555,Riya Dey,22,Mumbai,Male,Maharashtra,909123.0,PhD,Finance Manager
8556,Nirvi Kapur,32,Kolkata,Male,West Bengal,1876368.0,MSc,Software Engineer
8557,Diya Loyal,38,Chennai,Male,Tamil Nadu,1957069.0,M.Tech,Doctor
8558,Zain Sheth,24,Pune,Female,Maharashtra,1852677.0,PhD,Doctor
8559,Prerak Bhasin,18,Bangalore,Male,Karnataka,431204.0,Diploma,Retail Worker
8560,Piya Kapadia,38,Hyderabad,Male,Telangana,1222330.0,PhD,Entrepreneur
8561,Sana Chada,18,Delhi,Female,Delhi,984911.0,PhD,Entrepreneur
8562,Lagan Date,52,Bangalore,Male,Karnataka,2492746.0,M.Tech,Data Scientist
8564,Hazel Biswas,23,Mumbai,Female,Maharashtra,1819240.0,MSc,Finance Manager
8565,Tushar Bakshi,45,Ahmedabad,Female,Gujarat,1539532.0,PhD,Data Scientist
8566,Dhruv Dayal,20,Hyderabad,Male,Telangana,450470.0,Diploma,Customer Support
8567,Saira Kaur,51,Delhi,Male,Delhi,822462.0,MSc,Doctor
8568,Lakshit Bahri,34,Delhi,Female,Delhi,2757539.0,MBA,Doctor
8569,Zain Lad,38,Chennai,Male,Tamil Nadu,1814606.0,MSc,Doctor
8570,Vedika Chacko,43,Chennai,Female,Tamil Nadu,1652655.0,M.Tech,Data Scientist
8571,Manjari Gill,34,Chennai,Male,Tamil Nadu,576254.0,B.Tech,Bank Clerk
8572,Anvi Buch,48,Delhi,Male,Delhi,2316528.0,MBA,Software Engineer
8574,Vardaniya Karnik,38,Delhi,Male,Delhi,2226317.0,M.Tech,Finance Manager
8577,Samiha Jayaraman,23,Pune,Female,Maharashtra,1432570.0,M.Tech,Doctor
8578,Nishith Sahota,30,Mumbai,Male,Maharashtra,2423476.0,PhD,Entrepreneur
8579,Azad Chopra,21,Mumbai,Male,Maharashtra,1584886.0,MSc,Finance Manager
8580,Mehul Rana,38,Ahmedabad,Female,Gujarat,1486303.0,M.Tech,Software Engineer
8581,Ahana  Karnik,54,Hyderabad,Female,Telangana,1051806.0,PhD,Entrepreneur
8582,Stuvan Mani,33,Hyderabad,Male,Telangana,1179897.0,MSc,Doctor
8583,Riya Deshpande,20,Ahmedabad,Female,Gujarat,1311281.0,MSc,Entrepreneur
8584,Samar Lalla,33,Bangalore,Female,Karnataka,1398679.0,M.Tech,Finance Manager
8586,Vaibhav Sachar,40,Ahmedabad,Female,Gujarat,741754.0,B.A,Teacher
8587,Gokul Agrawal,48,Bangalore,Female,Karnataka,1027638.0,MSc,Entrepreneur
8588,Armaan Salvi,34,Hyderabad,Male,Telangana,618213.0,BBA,Accountant
8589,Dishani Shere,54,Pune,Male,Maharashtra,551955.0,MCA,Bank Clerk
8591,Drishya Chahal,21,Ahmedabad,Female,Gujarat,825447.0,PhD,Finance Manager
8593,Pari Bhargava,30,Ahmedabad,Male,Gujarat,577275.0,MCA,Bank Clerk
8594,Hazel Dayal,31,Bangalore,Male,Karnataka,901482.0,PhD,Software Engineer
8596,Jayesh Vala,34,Mumbai,Female,Maharashtra,790019.0,BSc,Accountant
8597,Ishita Kumar,39,Mumbai,Male,Maharashtra,1066466.0,MBA,Finance Manager
8598,Pranay Sibal,53,Ahmedabad,Female,Gujarat,736876.0,MBA,Marketing Executive
8601,Shamik Vora,35,Hyderabad,Male,Telangana,585301.0,B.A,Marketing Executive
8602,Vivaan Bora,22,Hyderabad,Female,Telangana,1424702.0,PhD,Software Engineer
8603,Raunak Dara,35,Mumbai,Female,Maharashtra,1946804.0,MBA,Software Engineer
8604,Eva Kapur,48,Pune,Female,Maharashtra,1209020.0,PhD,Finance Manager
8605,Tara Verma,18,Ahmedabad,Male,Gujarat,1848612.0,PhD,Finance Manager
8606,Anya Brar,65,Mumbai,Male,Maharashtra,2065176.0,MBA,Finance Manager
8607,Vidur Ganesh,43,Delhi,Female,Delhi,762732.0,B.A,Accountant
8608,Ayesha Luthra,60,Hyderabad,Male,Telangana,1232295.0,MSc,Doctor
8609,Ivana Ahuja,31,Kolkata,Male,West Bengal,1838643.0,MBA,Entrepreneur
8610,Zain Lala,20,Bangalore,Male,Karnataka,767078.0,MCA,Accountant
8549,Alia Hegde,35,Pune,Female,Maharashtra,836219.0,MSc,Data Scientist
8611,Shray Barad,29,Mumbai,Female,Maharashtra,1276474.0,MSc,Finance Manager
8612,Veer Dube,48,Delhi,Female,Delhi,2541716.0,PhD,Doctor
8613,Ela Hari,19,Hyderabad,Female,Telangana,455363.0,12th Pass,Delivery Agent
8614,Mohanlal Tandon,29,Hyderabad,Female,Telangana,1753203.0,PhD,Finance Manager
8615,Advik Tak,39,Pune,Male,Maharashtra,1193964.0,PhD,Data Scientist
8616,Neelofar Sankar,18,Bangalore,Female,Karnataka,391405.0,Diploma,Security Guard
8617,Hansh Goel,45,Delhi,Male,Delhi,1465967.0,MBA,Finance Manager
8618,Misha Varghese,34,Delhi,Female,Delhi,853999.0,M.Tech,Finance Manager
8620,Jivin Kade,56,Hyderabad,Female,Telangana,2218131.0,PhD,Doctor
8622,Piya Wagle,27,Delhi,Female,Delhi,2868513.0,MBA,Entrepreneur
8624,Nakul Deo,28,Mumbai,Male,Maharashtra,2279039.0,MSc,Data Scientist
8625,Indrajit Tara,46,Ahmedabad,Female,Gujarat,913673.0,M.Tech,Finance Manager
8626,Priyansh Sen,50,Mumbai,Female,Maharashtra,831640.0,PhD,Software Engineer
8628,Vihaan Kamdar,36,Hyderabad,Male,Telangana,2869152.0,M.Tech,Data Scientist
8629,Gatik Bhargava,44,Bangalore,Female,Karnataka,2455728.0,MBA,Data Scientist
8630,Eshani Sekhon,40,Mumbai,Male,Maharashtra,2928968.0,M.Tech,Doctor
8631,Tiya Dube,23,Bangalore,Male,Karnataka,1093149.0,MSc,Finance Manager
8632,Madhup Chandran,39,Pune,Male,Maharashtra,604771.0,MCA,Bank Clerk
8633,Shayak Rastogi,30,Ahmedabad,Female,Gujarat,615805.0,B.Com,Accountant
8635,Darshit Wable,35,Bangalore,Female,Karnataka,1127562.0,M.Tech,Doctor
8636,Nirvaan Rout,19,Ahmedabad,Male,Gujarat,929701.0,MBA,Finance Manager
8637,Manjari Din,40,Chennai,Female,Tamil Nadu,519943.0,MCA,Accountant
8638,Advik Ranganathan,32,Hyderabad,Male,Telangana,1280208.0,MBA,Entrepreneur
8640,Indranil Khurana,41,Lucknow,Female,Uttar Pradesh,752525.0,MBA,Bank Clerk
8641,Dishani Sachdeva,39,Lucknow,Female,Uttar Pradesh,1020770.0,M.Tech,Entrepreneur
8642,Purab Saraf,20,Bangalore,Female,Karnataka,443360.0,12th Pass,Retail Worker
8643,Ivan Das,18,Pune,Male,Maharashtra,511232.0,BSc,Bank Clerk
8644,Yashvi Majumdar,36,Hyderabad,Female,Telangana,735702.0,B.Com,Teacher
8645,Parinaaz Verma,36,Mumbai,Female,Maharashtra,2095448.0,M.Tech,Doctor
8646,Inaaya  Chadha,34,Ahmedabad,Female,Gujarat,714041.0,B.Tech,Accountant
8647,Dishani Shanker,27,Ahmedabad,Male,Gujarat,1315537.0,MBA,Finance Manager
8649,Divit Dalal,37,Bangalore,Male,Karnataka,1056099.0,MBA,Data Scientist
8650,Madhup Kari,40,Bangalore,Male,Karnataka,1890204.0,M.Tech,Doctor
8651,Amira Ravi,39,Ahmedabad,Female,Gujarat,1339585.0,M.Tech,Data Scientist
8652,Nishith Dubey,37,Bangalore,Female,Karnataka,2684532.0,MBA,Finance Manager
8653,Advik Virk,27,Kolkata,Male,West Bengal,1756108.0,M.Tech,Data Scientist
8655,Trisha Kala,49,Ahmedabad,Female,Gujarat,853728.0,M.Tech,Software Engineer
8656,Khushi Loke,37,Hyderabad,Female,Telangana,579627.0,BBA,Marketing Executive
8657,Amani Chaudhary,30,Delhi,Male,Delhi,2299219.0,M.Tech,Finance Manager
8658,Renee Srinivas,36,Bangalore,Female,Karnataka,914241.0,M.Tech,Doctor
8659,Akarsh Swamy,33,Bangalore,Female,Karnataka,2359719.0,M.Tech,Data Scientist
8660,Hansh Ratti,37,Ahmedabad,Male,Gujarat,1288881.0,PhD,Doctor
8661,Armaan Kala,45,Ahmedabad,Female,Gujarat,1685738.0,MSc,Doctor
8662,Kartik Subramanian,31,Kolkata,Female,West Bengal,715725.0,B.Tech,Accountant
8665,Neelofar Sabharwal,45,Ahmedabad,Male,Gujarat,1032448.0,MSc,Doctor
8666,Aayush Ben,34,Ahmedabad,Male,Gujarat,540105.0,BBA,Accountant
8667,Priyansh Singh,38,Delhi,Male,Delhi,1472063.0,PhD,Finance Manager
8668,Vanya Brar,42,Pune,Female,Maharashtra,1987210.0,MBA,Finance Manager
8669,Aniruddh Balasubramanian,41,Lucknow,Female,Uttar Pradesh,341143.0,Diploma,Factory Worker
8670,Diya Luthra,52,Mumbai,Male,Maharashtra,2292982.0,MSc,Finance Manager
8671,Bhavin Ravi,24,Lucknow,Female,Uttar Pradesh,1070509.0,MBA,Finance Manager
8672,Samarth Chawla,56,Kolkata,Male,West Bengal,1543915.0,PhD,Software Engineer
8673,Krish Gupta,19,Ahmedabad,Female,Gujarat,780721.0,BSc,Bank Clerk
8674,Romil Brahmbhatt,20,Delhi,Male,Delhi,2135917.0,MSc,Entrepreneur
8675,Charvi Tank,44,Bangalore,Female,Karnataka,1658481.0,MBA,Software Engineer
8676,Kabir Deshpande,26,Kolkata,Female,West Bengal,657530.0,B.Com,HR Manager
8677,Biju Cheema,42,Delhi,Female,Delhi,2104398.0,MBA,Finance Manager
8678,Shanaya Raval,39,Kolkata,Female,West Bengal,525494.0,B.Com,HR Manager
8679,Vaibhav Dyal,40,Delhi,Female,Delhi,2427847.0,M.Tech,Doctor
8680,Indrajit Trivedi,56,Bangalore,Male,Karnataka,2295413.0,M.Tech,Entrepreneur
8681,Zoya Sood,27,Delhi,Male,Delhi,2343086.0,M.Tech,Data Scientist
8682,Vardaniya Saran,52,Mumbai,Female,Maharashtra,1694464.0,M.Tech,Entrepreneur
8684,Abram Gole,29,Hyderabad,Male,Telangana,1674778.0,PhD,Entrepreneur
8685,Kiaan Ghosh,29,Chennai,Female,Tamil Nadu,641615.0,MCA,Marketing Executive
8686,Ranbir Barad,46,Delhi,Male,Delhi,2813480.0,MSc,Entrepreneur
8687,Nirvi Hora,43,Jaipur,Female,Rajasthan,626870.0,B.Com,HR Manager
8688,Azad Thaman,42,Bangalore,Male,Karnataka,759844.0,MBA,Teacher
8663,Kavya Thakkar,40,Delhi,Female,Delhi,1117190.0,M.Tech,Doctor
8689,Anay Edwin,30,Bangalore,Male,Karnataka,1167428.0,MSc,Data Scientist
8690,Yasmin Srinivasan,36,Bangalore,Female,Karnataka,2617799.0,PhD,Software Engineer
8691,Aarav Choudhry,30,Hyderabad,Female,Telangana,2226368.0,MBA,Finance Manager
8693,Dhanush Vohra,43,Mumbai,Female,Maharashtra,2697629.0,PhD,Entrepreneur
8695,Miraya Rege,37,Mumbai,Male,Maharashtra,1519761.0,M.Tech,Doctor
8696,Pranay Rajagopalan,41,Hyderabad,Male,Telangana,1996185.0,MSc,Doctor
8697,Ayesha Kale,29,Mumbai,Male,Maharashtra,2325173.0,PhD,Doctor
8698,Uthkarsh Kari,48,Chennai,Female,Tamil Nadu,1488953.0,MSc,Software Engineer
8700,Tiya Baria,33,Lucknow,Male,Uttar Pradesh,316625.0,12th Pass,Security Guard
8702,Saira Ranganathan,42,Mumbai,Male,Maharashtra,1777416.0,MSc,Data Scientist
8703,Vedika Sehgal,26,Chennai,Female,Tamil Nadu,1339989.0,PhD,Data Scientist
8705,Shlok Gandhi,40,Hyderabad,Male,Telangana,861505.0,M.Tech,Finance Manager
8706,Prerak Badami,42,Mumbai,Male,Maharashtra,1356542.0,MSc,Doctor
8707,Ritvik Gill,22,Pune,Male,Maharashtra,1427219.0,MSc,Data Scientist
8708,Kismat Arora,25,Bangalore,Male,Karnataka,1459124.0,PhD,Doctor
8709,Adira Buch,31,Mumbai,Female,Maharashtra,2079630.0,M.Tech,Data Scientist
8710,Zoya Kothari,26,Bangalore,Male,Karnataka,2685786.0,MSc,Doctor
8711,Divij Contractor,24,Kolkata,Male,West Bengal,413000.0,12th Pass,Security Guard
8712,Ela Gala,33,Delhi,Female,Delhi,1576078.0,MSc,Doctor
8713,Vivaan Sodhi,43,Bangalore,Male,Karnataka,1744351.0,MBA,Entrepreneur
8714,Vidur Srinivas,37,Chennai,Male,Tamil Nadu,1566829.0,MSc,Entrepreneur
8716,Tiya Sahni,39,Bangalore,Female,Karnataka,2645619.0,MBA,Software Engineer
8718,Shanaya Bhatia,23,Hyderabad,Female,Telangana,1802796.0,PhD,Entrepreneur
8719,Taran Sibal,26,Mumbai,Male,Maharashtra,2050294.0,M.Tech,Doctor
8720,Vidur Shankar,31,Ahmedabad,Female,Gujarat,1637179.0,MSc,Software Engineer
8721,Mishti Suresh,28,Ahmedabad,Female,Gujarat,1500250.0,MBA,Finance Manager
8723,Heer Kurian,37,Mumbai,Male,Maharashtra,1547103.0,MBA,Doctor
8725,Shanaya Mangal,29,Bangalore,Female,Karnataka,2738933.0,MSc,Finance Manager
8726,Amani Khurana,50,Chennai,Female,Tamil Nadu,1950919.0,MBA,Data Scientist
8727,Amira Choudhry,31,Chennai,Female,Tamil Nadu,1459700.0,MSc,Entrepreneur
8728,Ritvik Dash,18,Mumbai,Male,Maharashtra,325142.0,12th Pass,Delivery Agent
8729,Bhavin Tailor,52,Jaipur,Female,Rajasthan,537295.0,BSc,Teacher
8731,Samar Bassi,45,Ahmedabad,Male,Gujarat,1795093.0,MSc,Software Engineer
8732,Neysa Bail,18,Bangalore,Male,Karnataka,2463228.0,PhD,Data Scientist
8733,Divyansh Basak,26,Chennai,Male,Tamil Nadu,1239644.0,M.Tech,Doctor
8734,Mamooty Aggarwal,46,Bangalore,Male,Karnataka,1891428.0,PhD,Finance Manager
8735,Nayantara Hegde,31,Kolkata,Female,West Bengal,1211919.0,PhD,Data Scientist
8736,Urvi Gola,22,Ahmedabad,Female,Gujarat,1535510.0,M.Tech,Software Engineer
8737,Badal Borde,43,Kolkata,Female,West Bengal,1746097.0,MBA,Entrepreneur
8738,Anay Dalal,51,Mumbai,Male,Maharashtra,2794394.0,PhD,Data Scientist
8739,Indrajit Hegde,37,Mumbai,Male,Maharashtra,710034.0,MCA,Bank Clerk
8740,Hrishita Rama,29,Kolkata,Male,West Bengal,1456919.0,MBA,Doctor
8741,Diya Balay,31,Bangalore,Male,Karnataka,2633915.0,M.Tech,Entrepreneur
8742,Priyansh Wali,40,Ahmedabad,Female,Gujarat,1930380.0,M.Tech,Entrepreneur
8743,Khushi Anne,33,Delhi,Male,Delhi,944242.0,MBA,Data Scientist
8744,Pari Rao,40,Mumbai,Female,Maharashtra,925026.0,M.Tech,Finance Manager
8745,Dharmajan Kumar,22,Delhi,Female,Delhi,1654515.0,MSc,Finance Manager
8746,Ritvik Dyal,21,Delhi,Female,Delhi,1708189.0,MBA,Doctor
8747,Shanaya Choudhury,28,Ahmedabad,Female,Gujarat,1431886.0,PhD,Finance Manager
8748,Kiaan Choudhury,35,Lucknow,Female,Uttar Pradesh,1004411.0,MBA,Data Scientist
8749,Aaina Kata,49,Hyderabad,Female,Telangana,482124.0,Diploma,Security Guard
8750,Zain Goda,28,Chennai,Female,Tamil Nadu,1346198.0,MBA,Finance Manager
8751,Baiju Majumdar,37,Hyderabad,Male,Telangana,489886.0,12th Pass,Retail Worker
8752,Riaan Jha,25,Hyderabad,Female,Telangana,2502506.0,M.Tech,Data Scientist
8753,Darshit Sant,41,Delhi,Male,Delhi,558752.0,B.A,HR Manager
8754,Rati Salvi,35,Bangalore,Male,Karnataka,577618.0,MCA,HR Manager
8755,Advik Ben,34,Chennai,Female,Tamil Nadu,307142.0,12th Pass,Retail Worker
8756,Madhav Chawla,36,Kolkata,Female,West Bengal,1456976.0,MBA,Data Scientist
8757,Kashvi Dhingra,41,Ahmedabad,Male,Gujarat,500695.0,MCA,Bank Clerk
8758,Rasha Savant,28,Delhi,Female,Delhi,1554529.0,M.Tech,Software Engineer
8759,Divyansh Gole,43,Ahmedabad,Male,Gujarat,1270959.0,MBA,Data Scientist
8761,Biju Dora,33,Jaipur,Female,Rajasthan,410218.0,Diploma,Delivery Agent
8762,Divij Chakrabarti,38,Ahmedabad,Female,Gujarat,1181077.0,PhD,Data Scientist
8763,Nehmat Mandal,49,Delhi,Female,Delhi,912593.0,MSc,Finance Manager
8764,Nitara Chaudhuri,33,Mumbai,Male,Maharashtra,632368.0,BBA,Bank Clerk
8765,Keya Kaul,34,Ahmedabad,Male,Gujarat,394777.0,12th Pass,Delivery Agent
8766,Stuvan Sankar,33,Hyderabad,Male,Telangana,444949.0,12th Pass,Security Guard
8767,Ira Kar,24,Mumbai,Female,Maharashtra,1180736.0,MBA,Entrepreneur
8768,Prerak Gole,27,Mumbai,Female,Maharashtra,300782.0,12th Pass,Security Guard
8769,Chirag Dubey,47,Chennai,Male,Tamil Nadu,1633476.0,MSc,Entrepreneur
8770,Biju Banerjee,40,Mumbai,Male,Maharashtra,1753281.0,PhD,Entrepreneur
8771,Ryan Kannan,18,Mumbai,Female,Maharashtra,720769.0,B.A,Marketing Executive
8772,Trisha Chand,29,Delhi,Male,Delhi,1194260.0,MSc,Finance Manager
8773,Saksham Kala,37,Hyderabad,Female,Telangana,573663.0,B.A,HR Manager
8774,Inaaya  Chhabra,51,Delhi,Female,Delhi,1762822.0,PhD,Finance Manager
8775,Tanya Chopra,23,Pune,Male,Maharashtra,1481978.0,MSc,Entrepreneur
8776,Ira Wable,37,Jaipur,Female,Rajasthan,638807.0,Diploma,Marketing Executive
8777,Ranbir Vala,31,Jaipur,Female,Rajasthan,353133.0,Diploma,Factory Worker
8780,Riaan Biswas,46,Kolkata,Male,West Bengal,1735647.0,MBA,Finance Manager
8781,Ishaan Dasgupta,39,Kolkata,Female,West Bengal,1575616.0,MSc,Data Scientist
8782,Madhup Bir,42,Hyderabad,Male,Telangana,698550.0,Diploma,Accountant
8783,Rohan Vasa,40,Mumbai,Male,Maharashtra,2117057.0,MSc,Entrepreneur
8784,Samaira Viswanathan,19,Lucknow,Female,Uttar Pradesh,1123783.0,PhD,Doctor
8785,Pihu Butala,37,Chennai,Male,Tamil Nadu,1858318.0,PhD,Data Scientist
8786,Manikya Bora,31,Delhi,Male,Delhi,1015969.0,PhD,Finance Manager
8788,Rati Char,30,Ahmedabad,Female,Gujarat,1108461.0,MSc,Doctor
8789,Rhea Din,40,Bangalore,Male,Karnataka,555694.0,BSc,Bank Clerk
8790,Miraan Baria,47,Chennai,Female,Tamil Nadu,1075140.0,MSc,Software Engineer
8792,Divit Lal,31,Delhi,Male,Delhi,806086.0,MSc,Doctor
8793,Sara Chanda,42,Bangalore,Male,Karnataka,438094.0,12th Pass,Customer Support
8794,Parinaaz Sachdev,41,Mumbai,Male,Maharashtra,526368.0,Diploma,HR Manager
8795,Elakshi Rajan,29,Mumbai,Female,Maharashtra,1506095.0,MSc,Data Scientist
8796,Riaan Madan,38,Jaipur,Female,Rajasthan,842348.0,MBA,Entrepreneur
8797,Rhea Sethi,36,Mumbai,Female,Maharashtra,545086.0,B.A,Bank Clerk
8798,Dhanuk Chana,35,Bangalore,Male,Karnataka,1876237.0,PhD,Data Scientist
8799,Vihaan Sarin,31,Delhi,Female,Delhi,822702.0,MSc,Entrepreneur
8801,Nayantara Dada,32,Mumbai,Female,Maharashtra,1353865.0,PhD,Doctor
8802,Aaina Goswami,35,Hyderabad,Male,Telangana,478756.0,12th Pass,Retail Worker
8803,Ivan Shetty,28,Hyderabad,Male,Telangana,1147745.0,PhD,Finance Manager
8804,Aaryahi Sarna,39,Hyderabad,Male,Telangana,550146.0,B.A,Accountant
8805,Stuvan Lalla,33,Ahmedabad,Female,Gujarat,1947246.0,MSc,Entrepreneur
8806,Vedika Rajagopal,22,Pune,Male,Maharashtra,701186.0,B.Com,Teacher
8807,Sana Tiwari,35,Hyderabad,Male,Telangana,2995380.0,MSc,Software Engineer
8808,Tejas Lal,48,Delhi,Female,Delhi,1000018.0,M.Tech,Data Scientist
8809,Neysa Amble,29,Mumbai,Female,Maharashtra,1093954.0,MBA,Entrepreneur
8810,Raunak Jain,30,Delhi,Female,Delhi,1805520.0,MSc,Doctor
8811,Tushar Singh,33,Delhi,Male,Delhi,1729077.0,MSc,Entrepreneur
8812,Indrajit Bhargava,35,Bangalore,Female,Karnataka,1355949.0,MSc,Software Engineer
8813,Armaan Atwal,40,Hyderabad,Female,Telangana,2182788.0,MSc,Software Engineer
8814,Anaya Goswami,42,Hyderabad,Female,Telangana,954096.0,MBA,Data Scientist
8816,Jivin Talwar,30,Mumbai,Male,Maharashtra,2598764.0,MSc,Finance Manager
8817,Inaaya  Walla,39,Mumbai,Male,Maharashtra,811928.0,PhD,Data Scientist
8819,Jiya Dhar,35,Mumbai,Female,Maharashtra,2434875.0,MSc,Software Engineer
8820,Advika Kadakia,22,Mumbai,Male,Maharashtra,1557021.0,MBA,Doctor
8821,Parinaaz Sarkar,23,Bangalore,Female,Karnataka,1475145.0,MBA,Software Engineer
8822,Kavya Vala,23,Chennai,Male,Tamil Nadu,1103372.0,M.Tech,Software Engineer
8823,Inaaya  Mani,24,Chennai,Female,Tamil Nadu,1033427.0,M.Tech,Finance Manager
8825,Himmat Char,40,Mumbai,Female,Maharashtra,696775.0,B.A,HR Manager
8826,Devansh Gera,43,Ahmedabad,Male,Gujarat,1483186.0,M.Tech,Doctor
8827,Jayant Raju,18,Mumbai,Male,Maharashtra,1771082.0,PhD,Entrepreneur
8828,Kiaan Rao,19,Ahmedabad,Female,Gujarat,1893041.0,PhD,Doctor
8829,Raghav Singh,31,Kolkata,Female,West Bengal,580558.0,B.Tech,HR Manager
8830,Bhavin Gala,39,Bangalore,Male,Karnataka,2488816.0,MSc,Software Engineer
8831,Shamik Sane,45,Bangalore,Female,Karnataka,2476773.0,PhD,Software Engineer
8832,Ojas Kota,31,Delhi,Female,Delhi,1728869.0,PhD,Data Scientist
8833,Dhanush Choudhury,45,Ahmedabad,Female,Gujarat,1565840.0,MBA,Software Engineer
8834,Vidur Khurana,40,Kolkata,Male,West Bengal,1197650.0,M.Tech,Finance Manager
8835,Ojas Dixit,30,Mumbai,Female,Maharashtra,1107524.0,M.Tech,Finance Manager
8836,Farhan Cherian,25,Chennai,Male,Tamil Nadu,1317641.0,MSc,Doctor
8837,Ishita Borra,32,Bangalore,Female,Karnataka,1348336.0,MSc,Software Engineer
8838,Stuvan Swaminathan,54,Delhi,Female,Delhi,2647093.0,MBA,Finance Manager
8840,Manjari Acharya,45,Mumbai,Male,Maharashtra,921915.0,MSc,Entrepreneur
8841,Arnav Tata,30,Ahmedabad,Male,Gujarat,994035.0,MBA,Data Scientist
8842,Veer Anne,38,Bangalore,Male,Karnataka,1790443.0,M.Tech,Doctor
8843,Myra Kamdar,34,Hyderabad,Male,Telangana,501677.0,BBA,Teacher
8844,Romil Mani,30,Hyderabad,Male,Telangana,835697.0,MSc,Entrepreneur
8845,Heer Karan,36,Mumbai,Female,Maharashtra,2779031.0,MBA,Software Engineer
8846,Bhamini Chadha,40,Chennai,Male,Tamil Nadu,730884.0,BSc,Marketing Executive
8847,Adah Rau,57,Lucknow,Female,Uttar Pradesh,622982.0,B.Com,HR Manager
8848,Purab Atwal,40,Ahmedabad,Female,Gujarat,1816373.0,MSc,Finance Manager
8849,Seher Ben,45,Mumbai,Male,Maharashtra,2903962.0,MSc,Doctor
8851,Vanya Taneja,34,Chennai,Female,Tamil Nadu,1323788.0,MSc,Finance Manager
8852,Nitya Bora,22,Kolkata,Female,West Bengal,1299706.0,MSc,Finance Manager
8853,Kaira Gara,39,Hyderabad,Male,Telangana,904774.0,MBA,Data Scientist
8855,Siya Bawa,44,Ahmedabad,Male,Gujarat,949607.0,MSc,Finance Manager
8856,Mishti Varkey,37,Delhi,Male,Delhi,565430.0,B.Com,Accountant
8858,Prerak Bhatti,29,Bangalore,Male,Karnataka,1201338.0,MBA,Finance Manager
8859,Vivaan Chand,39,Delhi,Female,Delhi,459259.0,Diploma,Customer Support
8860,Faiyaz Sani,43,Bangalore,Female,Karnataka,1746551.0,MSc,Data Scientist
8861,Bhamini Sunder,23,Hyderabad,Male,Telangana,741590.0,B.Com,Marketing Executive
8862,Shanaya Varughese,40,Mumbai,Male,Maharashtra,507474.0,Diploma,Bank Clerk
8863,Chirag Garde,39,Chennai,Female,Tamil Nadu,1759698.0,MSc,Data Scientist
8865,Gatik Deol,44,Mumbai,Female,Maharashtra,1853861.0,PhD,Data Scientist
8866,Ayesha Chawla,41,Jaipur,Female,Rajasthan,661715.0,B.A,Marketing Executive
8867,Eva Anne,27,Delhi,Male,Delhi,620275.0,MBA,HR Manager
8868,Aarav Sami,36,Bangalore,Female,Karnataka,1314339.0,MSc,Entrepreneur
8869,Dhanush Borra,25,Delhi,Female,Delhi,1406443.0,M.Tech,Entrepreneur
8870,Kavya Ramakrishnan,51,Chennai,Female,Tamil Nadu,1923809.0,M.Tech,Finance Manager
8871,Drishya Saran,18,Bangalore,Male,Karnataka,2147049.0,M.Tech,Finance Manager
8873,Shalv Sachdeva,34,Hyderabad,Female,Telangana,2949789.0,MBA,Entrepreneur
8874,Sana Kashyap,41,Ahmedabad,Male,Gujarat,1305596.0,MSc,Finance Manager
8875,Ranbir Balan,47,Mumbai,Male,Maharashtra,2487765.0,MBA,Finance Manager
8876,Yakshit Khanna,21,Delhi,Female,Delhi,401449.0,12th Pass,Factory Worker
8877,Biju Lanka,36,Chennai,Female,Tamil Nadu,1738231.0,MBA,Entrepreneur
8878,Kavya Rout,34,Ahmedabad,Female,Gujarat,752240.0,B.A,Marketing Executive
8879,Mannat Sha,25,Delhi,Male,Delhi,1612070.0,M.Tech,Software Engineer
8880,Renee Sampath,18,Bangalore,Male,Karnataka,1878794.0,PhD,Software Engineer
8881,Shalv Bhardwaj,37,Bangalore,Male,Karnataka,2535982.0,MSc,Software Engineer
8882,Saanvi Bhatti,41,Mumbai,Male,Maharashtra,481043.0,12th Pass,Delivery Agent
8884,Kaira Bakshi,27,Ahmedabad,Female,Gujarat,1780936.0,M.Tech,Entrepreneur
8885,Kismat Dasgupta,32,Mumbai,Male,Maharashtra,1277172.0,MBA,Finance Manager
8886,Manjari Amble,28,Delhi,Male,Delhi,1492510.0,M.Tech,Software Engineer
8887,Romil Keer,26,Hyderabad,Male,Telangana,2479978.0,MBA,Doctor
8889,Gatik Bahri,36,Ahmedabad,Female,Gujarat,1797957.0,M.Tech,Entrepreneur
8890,Suhana Ganesh,39,Mumbai,Male,Maharashtra,1182320.0,MSc,Finance Manager
8891,Anvi Khatri,24,Delhi,Male,Delhi,2727937.0,MSc,Finance Manager
8892,Tara Sama,26,Delhi,Male,Delhi,1030767.0,MBA,Data Scientist
8893,Sumer Sagar,53,Delhi,Male,Delhi,1056369.0,M.Tech,Data Scientist
8894,Akarsh Sami,30,Mumbai,Female,Maharashtra,606024.0,BBA,Teacher
8896,Neysa Tailor,19,Hyderabad,Male,Telangana,1769704.0,MBA,Finance Manager
8897,Dhanuk Comar,49,Mumbai,Female,Maharashtra,1100567.0,MBA,Finance Manager
8898,Tushar Kannan,31,Hyderabad,Male,Telangana,2886818.0,MBA,Doctor
8899,Renee Desai,43,Ahmedabad,Male,Gujarat,705755.0,B.Com,HR Manager
8900,Elakshi Bhasin,37,Mumbai,Male,Maharashtra,2442346.0,MBA,Doctor
8901,Vedika Bali,38,Delhi,Female,Delhi,1616979.0,PhD,Doctor
8902,Dishani Arya,29,Delhi,Male,Delhi,702641.0,MCA,Marketing Executive
8903,Riya Chowdhury,56,Kolkata,Male,West Bengal,844148.0,M.Tech,Finance Manager
8904,Chirag Ram,47,Bangalore,Female,Karnataka,1528282.0,MSc,Doctor
8905,Tiya Keer,42,Mumbai,Male,Maharashtra,1195827.0,MBA,Finance Manager
8906,Umang Basu,44,Hyderabad,Male,Telangana,2629076.0,MSc,Entrepreneur
8907,Shalv Chad,37,Hyderabad,Female,Telangana,1251490.0,MBA,Software Engineer
8908,Indrajit Vig,46,Mumbai,Female,Maharashtra,2037116.0,PhD,Doctor
8909,Rohan Bala,32,Mumbai,Male,Maharashtra,1086078.0,M.Tech,Data Scientist
8910,Krish Thakkar,27,Kolkata,Male,West Bengal,639533.0,MBA,Teacher
8911,Bhavin Bhat,40,Ahmedabad,Female,Gujarat,1304288.0,PhD,Finance Manager
8912,Reyansh Shan,21,Mumbai,Female,Maharashtra,2497337.0,M.Tech,Entrepreneur
8914,Anahita Anand,37,Ahmedabad,Female,Gujarat,1372265.0,MSc,Doctor
8915,Zain Lad,32,Bangalore,Male,Karnataka,2316248.0,M.Tech,Finance Manager
8916,Rania Cheema,20,Kolkata,Male,West Bengal,1117735.0,PhD,Data Scientist
8917,Misha Mand,37,Bangalore,Male,Karnataka,937156.0,M.Tech,Software Engineer
8918,Mahika Bhargava,36,Chennai,Male,Tamil Nadu,1903246.0,MSc,Data Scientist
8920,Khushi Gopal,32,Delhi,Male,Delhi,1574795.0,PhD,Data Scientist
8921,Aarush Varma,40,Hyderabad,Female,Telangana,2767311.0,MSc,Data Scientist
8923,Lavanya Talwar,18,Delhi,Male,Delhi,400958.0,12th Pass,Delivery Agent
8925,Keya Karnik,42,Delhi,Male,Delhi,2461884.0,MBA,Finance Manager
8926,Prisha Chaudhari,29,Hyderabad,Male,Telangana,741048.0,BSc,Accountant
8927,Piya Ramesh,20,Chennai,Female,Tamil Nadu,913424.0,MSc,Doctor
8929,Shanaya Barad,28,Mumbai,Female,Maharashtra,1632938.0,MBA,Entrepreneur
8930,Eva Sura,33,Delhi,Female,Delhi,1364089.0,MSc,Software Engineer
8931,Charvi Seth,61,Chennai,Male,Tamil Nadu,1709878.0,MSc,Entrepreneur
8933,Ishita Bawa,18,Mumbai,Male,Maharashtra,2332661.0,PhD,Doctor
8934,Uthkarsh Grover,40,Pune,Female,Maharashtra,548868.0,B.A,Bank Clerk
8936,Shlok Keer,51,Kolkata,Female,West Bengal,1656068.0,MSc,Entrepreneur
8937,Aarav Sabharwal,28,Hyderabad,Male,Telangana,2453675.0,M.Tech,Finance Manager
8939,Misha Saha,46,Mumbai,Male,Maharashtra,350003.0,Diploma,Customer Support
8940,Charvi Andra,47,Mumbai,Female,Maharashtra,2705620.0,MBA,Software Engineer
8942,Umang Tara,18,Mumbai,Male,Maharashtra,402232.0,Diploma,Delivery Agent
8943,Navya Wali,25,Hyderabad,Female,Telangana,1405447.0,PhD,Software Engineer
8944,Navya Rama,35,Delhi,Female,Delhi,778556.0,Diploma,Marketing Executive
8945,Renee Sandal,35,Chennai,Male,Tamil Nadu,1102541.0,PhD,Software Engineer
8947,Aarna Bhargava,34,Bangalore,Female,Karnataka,2751833.0,MBA,Entrepreneur
8948,Adira Bakshi,46,Bangalore,Female,Karnataka,1806161.0,MSc,Finance Manager
8949,Vedika Brar,30,Bangalore,Male,Karnataka,1973856.0,PhD,Data Scientist
8950,Inaaya  Dhaliwal,27,Delhi,Male,Delhi,1740582.0,PhD,Doctor
8951,Samaira Wagle,31,Chennai,Female,Tamil Nadu,368680.0,Diploma,Security Guard
8952,Farhan Gopal,35,Ahmedabad,Male,Gujarat,1703244.0,PhD,Entrepreneur
8953,Manikya Kadakia,46,Kolkata,Male,West Bengal,1057855.0,MBA,Data Scientist
8954,Vihaan Sahni,41,Ahmedabad,Female,Gujarat,624246.0,B.A,HR Manager
8955,Hrishita Khatri,31,Mumbai,Male,Maharashtra,995083.0,MSc,Software Engineer
8956,Jivin Kar,48,Ahmedabad,Male,Gujarat,625507.0,Diploma,Bank Clerk
8958,Shalv Sanghvi,30,Bangalore,Female,Karnataka,538465.0,BBA,Bank Clerk
8959,Jiya Karan,36,Kolkata,Female,West Bengal,1371092.0,MBA,Software Engineer
8960,Kismat Bose,47,Ahmedabad,Female,Gujarat,760919.0,B.Tech,Bank Clerk
8961,Faiyaz Raja,21,Bangalore,Male,Karnataka,2987034.0,MSc,Data Scientist
8962,Sahil Shan,44,Mumbai,Female,Maharashtra,873387.0,MBA,Doctor
8963,Anaya Mall,41,Bangalore,Male,Karnataka,2101904.0,PhD,Entrepreneur
8964,Charvi Ahuja,35,Kolkata,Male,West Bengal,1563771.0,MSc,Data Scientist
8965,Kanav Bahri,19,Kolkata,Female,West Bengal,1551292.0,PhD,Entrepreneur
8966,Nitya Kala,18,Delhi,Male,Delhi,357710.0,12th Pass,Retail Worker
8967,Heer Chauhan,18,Delhi,Female,Delhi,1331772.0,PhD,Data Scientist
8968,Aarav Ratta,36,Chennai,Male,Tamil Nadu,1389498.0,PhD,Finance Manager
8969,Hridaan Vig,38,Hyderabad,Male,Telangana,1119355.0,M.Tech,Data Scientist
8970,Zain Mand,28,Hyderabad,Female,Telangana,703177.0,B.A,HR Manager
8972,Shanaya Ganguly,25,Mumbai,Male,Maharashtra,2988107.0,M.Tech,Finance Manager
8973,Rohan Sule,33,Ahmedabad,Male,Gujarat,1120397.0,MBA,Entrepreneur
8974,Amani Tara,51,Delhi,Male,Delhi,2048408.0,PhD,Entrepreneur
8975,Anya Kalita,33,Ahmedabad,Male,Gujarat,935174.0,MBA,Entrepreneur
8976,Kavya Ramesh,43,Kolkata,Female,West Bengal,689308.0,B.A,Bank Clerk
8977,Divit Dhar,27,Delhi,Male,Delhi,1904531.0,MSc,Doctor
8978,Amani Chadha,46,Delhi,Female,Delhi,1518796.0,MSc,Doctor
8979,Mahika Verma,41,Delhi,Male,Delhi,2500303.0,PhD,Data Scientist
8980,Shaan Arora,28,Delhi,Male,Delhi,2645466.0,M.Tech,Data Scientist
8981,Sumer Hari,21,Mumbai,Male,Maharashtra,2352607.0,PhD,Software Engineer
8982,Inaaya  Saha,37,Kolkata,Female,West Bengal,1839592.0,MBA,Finance Manager
8983,Myra Aurora,32,Ahmedabad,Female,Gujarat,789623.0,B.A,Marketing Executive
8984,Miraya Lad,25,Ahmedabad,Female,Gujarat,876967.0,MSc,Finance Manager
8985,Vihaan Chadha,30,Kolkata,Female,West Bengal,1116311.0,M.Tech,Doctor
8986,Hansh Din,41,Chennai,Female,Tamil Nadu,698876.0,MCA,Teacher
8987,Dhruv Tak,39,Mumbai,Female,Maharashtra,831478.0,MBA,Finance Manager
8988,Kismat Dave,40,Delhi,Male,Delhi,2400965.0,MBA,Data Scientist
8989,Indrajit Som,35,Bangalore,Female,Karnataka,427935.0,12th Pass,Factory Worker
8990,Gatik Dayal,40,Hyderabad,Male,Telangana,825015.0,PhD,Doctor
8991,Alia Madan,26,Mumbai,Female,Maharashtra,947340.0,M.Tech,Software Engineer
8992,Kismat Shroff,44,Mumbai,Male,Maharashtra,2341388.0,MBA,Software Engineer
8993,Damini Mander,32,Mumbai,Male,Maharashtra,944994.0,MSc,Finance Manager
8994,Piya Roy,40,Delhi,Male,Delhi,2095373.0,MSc,Finance Manager
8995,Indranil Chhabra,36,Hyderabad,Male,Telangana,1608518.0,PhD,Entrepreneur
8997,Jayant Chatterjee,18,Mumbai,Female,Maharashtra,2109746.0,M.Tech,Software Engineer
8998,Priyansh Din,30,Mumbai,Female,Maharashtra,437998.0,Diploma,Factory Worker
8999,Romil Verma,37,Delhi,Male,Delhi,426068.0,12th Pass,Retail Worker
9000,Shayak Salvi,36,Delhi,Female,Delhi,2878102.0,MBA,Software Engineer
9001,Aaina Balasubramanian,43,Kolkata,Female,West Bengal,1782823.0,MBA,Doctor
9002,Fateh Raman,35,Pune,Male,Maharashtra,352283.0,12th Pass,Security Guard
9003,Sumer Bala,24,Mumbai,Female,Maharashtra,1761289.0,MBA,Entrepreneur
9004,Fateh Wali,27,Delhi,Female,Delhi,1948728.0,M.Tech,Entrepreneur
9005,Madhav Buch,26,Mumbai,Female,Maharashtra,1756514.0,MBA,Doctor
9006,Rohan Deol,40,Bangalore,Male,Karnataka,1789318.0,PhD,Doctor
9007,Badal Basak,43,Chennai,Female,Tamil Nadu,755278.0,BSc,Teacher
9008,Farhan Mander,18,Mumbai,Male,Maharashtra,2170425.0,M.Tech,Finance Manager
9009,Darshit Kant,24,Mumbai,Female,Maharashtra,458226.0,Diploma,Security Guard
9010,Dharmajan Kakar,28,Chennai,Female,Tamil Nadu,737334.0,BSc,Bank Clerk
9012,Myra Sarna,35,Jaipur,Female,Rajasthan,345380.0,Diploma,Factory Worker
9015,Kaira Babu,35,Ahmedabad,Male,Gujarat,1416782.0,PhD,Entrepreneur
9016,Keya Dey,28,Mumbai,Female,Maharashtra,1739850.0,MSc,Doctor
9017,Badal Ramachandran,29,Ahmedabad,Female,Gujarat,544679.0,B.Tech,Teacher
9019,Uthkarsh Anand,21,Delhi,Male,Delhi,2773596.0,MBA,Data Scientist
9020,Anay Sehgal,32,Bangalore,Female,Karnataka,1789070.0,MSc,Finance Manager
9021,Shray Kapadia,28,Ahmedabad,Female,Gujarat,1472264.0,MSc,Software Engineer
9022,Abram Date,24,Ahmedabad,Male,Gujarat,1280070.0,M.Tech,Data Scientist
9023,Inaaya  Rajan,27,Mumbai,Female,Maharashtra,2958595.0,PhD,Finance Manager
9024,Manjari Ravi,39,Ahmedabad,Male,Gujarat,1845761.0,MBA,Finance Manager
9025,Priyansh Barad,29,Bangalore,Male,Karnataka,2582513.0,MSc,Entrepreneur
9026,Devansh Sethi,39,Ahmedabad,Male,Gujarat,805909.0,MBA,Finance Manager
9027,Anahi Mannan,40,Delhi,Female,Delhi,899583.0,PhD,Doctor
9028,Armaan Barman,46,Pune,Female,Maharashtra,1042321.0,PhD,Software Engineer
9029,Shanaya Viswanathan,42,Bangalore,Male,Karnataka,1385783.0,PhD,Entrepreneur
9030,Nakul Varughese,40,Bangalore,Male,Karnataka,440876.0,12th Pass,Customer Support
9031,Yakshit Chowdhury,18,Ahmedabad,Male,Gujarat,1561767.0,M.Tech,Data Scientist
9032,Alisha Aurora,35,Ahmedabad,Female,Gujarat,1616598.0,MBA,Data Scientist
9033,Jayan Dhingra,21,Delhi,Male,Delhi,646321.0,B.Com,Bank Clerk
9035,Aradhya Bhagat,44,Delhi,Female,Delhi,493429.0,12th Pass,Customer Support
9036,Hazel Khurana,43,Ahmedabad,Female,Gujarat,549475.0,B.Com,Accountant
9038,Shayak Balan,27,Jaipur,Male,Rajasthan,942673.0,MBA,Software Engineer
9039,Khushi Ranganathan,47,Delhi,Male,Delhi,2268847.0,M.Tech,Data Scientist
9040,Bhamini Sarna,27,Ahmedabad,Female,Gujarat,1871941.0,M.Tech,Doctor
9041,Arhaan Mahal,37,Chennai,Male,Tamil Nadu,684594.0,MBA,Teacher
9042,Renee Ghosh,39,Delhi,Male,Delhi,2871192.0,PhD,Finance Manager
9043,Zaina Sani,30,Ahmedabad,Female,Gujarat,802281.0,PhD,Data Scientist
9044,Purab Kant,31,Bangalore,Female,Karnataka,366713.0,12th Pass,Customer Support
9046,Ehsaan Bhatnagar,29,Chennai,Male,Tamil Nadu,1997571.0,M.Tech,Doctor
9047,Nirvi Gara,52,Ahmedabad,Female,Gujarat,715268.0,BBA,Teacher
9049,Saanvi Deshpande,35,Ahmedabad,Female,Gujarat,1937181.0,MBA,Data Scientist
9050,Vanya Sarma,24,Jaipur,Female,Rajasthan,995451.0,MSc,Software Engineer
9051,Raghav Korpal,30,Delhi,Male,Delhi,752533.0,B.Com,Teacher
9052,Riaan Venkataraman,38,Chennai,Female,Tamil Nadu,849711.0,MSc,Entrepreneur
9053,Rhea Vyas,43,Mumbai,Female,Maharashtra,1718900.0,MSc,Finance Manager
9054,Ritvik Toor,18,Hyderabad,Female,Telangana,647809.0,BBA,HR Manager
9055,Misha Dave,34,Hyderabad,Male,Telangana,2368164.0,MSc,Doctor
9056,Kaira Borde,18,Ahmedabad,Female,Gujarat,920853.0,MSc,Data Scientist
9057,Bhamini Ganesh,45,Hyderabad,Male,Telangana,2199260.0,MSc,Software Engineer
9058,Ojas Chandra,35,Delhi,Male,Delhi,1338918.0,MSc,Finance Manager
9060,Zaina Bava,36,Lucknow,Male,Uttar Pradesh,619681.0,MBA,Teacher
9061,Akarsh Shah,39,Pune,Female,Maharashtra,589382.0,Diploma,Accountant
9062,Keya Sura,29,Mumbai,Male,Maharashtra,2317622.0,M.Tech,Doctor
9063,Faiyaz Sekhon,30,Hyderabad,Female,Telangana,1267567.0,M.Tech,Software Engineer
9064,Shaan Gokhale,26,Bangalore,Male,Karnataka,303945.0,Diploma,Delivery Agent
9065,Shamik Kapadia,43,Mumbai,Female,Maharashtra,602479.0,MCA,Accountant
9066,Sana Sachar,59,Kolkata,Female,West Bengal,1834642.0,MBA,Entrepreneur
9067,Zoya Chana,23,Ahmedabad,Female,Gujarat,836091.0,MBA,Data Scientist
9068,Pari Dara,18,Pune,Male,Maharashtra,1677262.0,PhD,Entrepreneur
9069,Zara Bhatnagar,44,Chennai,Female,Tamil Nadu,388152.0,Diploma,Retail Worker
9070,Eva Khare,31,Bangalore,Female,Karnataka,2157458.0,MBA,Finance Manager
9072,Keya Krish,36,Pune,Male,Maharashtra,1594645.0,M.Tech,Finance Manager
9074,Madhav Bhatia,25,Jaipur,Male,Rajasthan,1014275.0,MBA,Software Engineer
9075,Tara Hari,45,Pune,Male,Maharashtra,993176.0,MBA,Finance Manager
9076,Advika Anand,38,Mumbai,Male,Maharashtra,1466404.0,M.Tech,Entrepreneur
9078,Jivika Mani,46,Mumbai,Male,Maharashtra,358546.0,12th Pass,Factory Worker
9079,Mohanlal Shah,49,Hyderabad,Female,Telangana,2631962.0,MBA,Doctor
9080,Shaan Kar,38,Delhi,Female,Delhi,1274289.0,PhD,Entrepreneur
9081,Damini Chaudhuri,20,Kolkata,Male,West Bengal,1923560.0,MSc,Doctor
9082,Vedika Sekhon,46,Kolkata,Male,West Bengal,1451476.0,MBA,Finance Manager
9083,Rania Kunda,37,Mumbai,Male,Maharashtra,1658111.0,PhD,Doctor
9086,Rasha Chandran,39,Delhi,Male,Delhi,2596578.0,MBA,Entrepreneur
9087,Mishti Mahajan,38,Mumbai,Female,Maharashtra,2835055.0,PhD,Software Engineer
9088,Shray Bhandari,22,Mumbai,Male,Maharashtra,334830.0,Diploma,Delivery Agent
9089,Yakshit Khosla,18,Mumbai,Male,Maharashtra,1777113.0,MBA,Finance Manager
9090,Hrishita Sodhi,41,Mumbai,Male,Maharashtra,2899489.0,PhD,Data Scientist
9091,Saira Bawa,37,Ahmedabad,Male,Gujarat,1558866.0,MBA,Software Engineer
9093,Raunak Sandal,38,Delhi,Male,Delhi,2446004.0,PhD,Doctor
9094,Tara Boase,28,Hyderabad,Male,Telangana,2434204.0,PhD,Software Engineer
9095,Samiha Wable,24,Delhi,Male,Delhi,2687512.0,MBA,Finance Manager
9096,Lavanya Sidhu,43,Delhi,Male,Delhi,1450177.0,MSc,Doctor
9097,Faiyaz Thaman,35,Chennai,Female,Tamil Nadu,1847247.0,MSc,Finance Manager
9098,Kaira Wagle,36,Chennai,Male,Tamil Nadu,573019.0,BSc,Marketing Executive
9100,Rania Sen,26,Hyderabad,Female,Telangana,606943.0,BSc,Teacher
9101,Kavya Luthra,44,Chennai,Female,Tamil Nadu,1058480.0,MSc,Doctor
9102,Azad Saha,37,Bangalore,Male,Karnataka,2153650.0,MBA,Software Engineer
9103,Tarini Aggarwal,51,Jaipur,Female,Rajasthan,736071.0,MBA,Marketing Executive
9104,Hazel Garg,40,Hyderabad,Male,Telangana,443905.0,Diploma,Delivery Agent
9105,Umang Chacko,40,Mumbai,Female,Maharashtra,2472334.0,M.Tech,Data Scientist
9106,Pari Loke,41,Chennai,Male,Tamil Nadu,1864928.0,PhD,Doctor
9107,Eva Shah,37,Mumbai,Male,Maharashtra,1727811.0,MBA,Doctor
9108,Vihaan Raval,28,Bangalore,Female,Karnataka,1126409.0,MSc,Software Engineer
9109,Hunar Kala,27,Pune,Male,Maharashtra,1453253.0,PhD,Doctor
9110,Divij Basu,40,Pune,Female,Maharashtra,576886.0,BBA,Teacher
9111,Taimur Bansal,53,Mumbai,Male,Maharashtra,814607.0,PhD,Data Scientist
9112,Kabir Sibal,26,Hyderabad,Male,Telangana,1563583.0,MSc,Entrepreneur
9113,Hrishita Vyas,42,Delhi,Male,Delhi,1174965.0,MSc,Entrepreneur
9114,Damini Lanka,31,Mumbai,Male,Maharashtra,2795928.0,M.Tech,Software Engineer
9115,Vritika Bala,36,Mumbai,Female,Maharashtra,518108.0,BSc,HR Manager
9116,Miraya Lala,32,Mumbai,Female,Maharashtra,2485494.0,MBA,Doctor
9117,Nehmat Raju,38,Mumbai,Female,Maharashtra,2263966.0,MBA,Doctor
9118,Mohanlal Loke,44,Delhi,Male,Delhi,2434749.0,PhD,Finance Manager
9119,Miraya Swamy,42,Hyderabad,Female,Telangana,2087963.0,MBA,Data Scientist
9120,Armaan Roy,33,Bangalore,Female,Karnataka,2793887.0,PhD,Finance Manager
9121,Oorja Bhatt,38,Pune,Female,Maharashtra,1760447.0,M.Tech,Data Scientist
9122,Baiju Kanda,36,Mumbai,Male,Maharashtra,2250196.0,MSc,Software Engineer
9123,Vivaan Mangal,18,Mumbai,Female,Maharashtra,1778431.0,M.Tech,Software Engineer
9125,Nayantara Dhillon,39,Mumbai,Female,Maharashtra,2017090.0,M.Tech,Doctor
9126,Yuvaan Gole,32,Delhi,Female,Delhi,1913573.0,MSc,Finance Manager
9127,Parinaaz Bal,24,Bangalore,Male,Karnataka,1008418.0,MSc,Software Engineer
9128,Samarth Chaudhary,39,Delhi,Male,Delhi,2688034.0,MBA,Finance Manager
9129,Vidur Dani,29,Mumbai,Male,Maharashtra,315743.0,Diploma,Customer Support
9130,Nehmat Vasa,32,Delhi,Female,Delhi,588177.0,BSc,Marketing Executive
9131,Azad Dhar,32,Jaipur,Female,Rajasthan,833495.0,PhD,Finance Manager
9132,Ishaan Kibe,31,Kolkata,Male,West Bengal,400878.0,Diploma,Security Guard
9133,Pihu Iyengar,45,Mumbai,Female,Maharashtra,2466844.0,M.Tech,Data Scientist
9134,Divyansh Balan,37,Bangalore,Male,Karnataka,1852851.0,PhD,Data Scientist
9135,Emir Zachariah,33,Bangalore,Female,Karnataka,1554165.0,M.Tech,Data Scientist
9136,Miraan Saraf,33,Ahmedabad,Male,Gujarat,1357901.0,M.Tech,Finance Manager
9137,Shayak Edwin,32,Kolkata,Male,West Bengal,595296.0,MBA,Accountant
9138,Kashvi Ramanathan,33,Bangalore,Female,Karnataka,532546.0,MCA,Bank Clerk
9139,Arnav Basak,23,Delhi,Male,Delhi,2691792.0,PhD,Data Scientist
9140,Piya Soni,25,Ahmedabad,Female,Gujarat,1091121.0,PhD,Data Scientist
9141,Aarav Gupta,39,Delhi,Male,Delhi,2575805.0,MSc,Data Scientist
9142,Nitya Warrior,46,Lucknow,Male,Uttar Pradesh,342079.0,12th Pass,Factory Worker
9143,Ojas Karan,27,Ahmedabad,Male,Gujarat,816847.0,PhD,Software Engineer
9144,Tiya Lala,29,Hyderabad,Female,Telangana,312609.0,Diploma,Customer Support
9145,Anvi Balan,29,Mumbai,Female,Maharashtra,988030.0,MSc,Software Engineer
9146,Yashvi Chowdhury,50,Chennai,Female,Tamil Nadu,1491058.0,PhD,Finance Manager
9147,Yasmin Chakrabarti,46,Bangalore,Female,Karnataka,925823.0,MBA,Finance Manager
9149,Chirag Sodhi,41,Bangalore,Female,Karnataka,2635757.0,MBA,Software Engineer
9150,Ira Agarwal,41,Hyderabad,Female,Telangana,583010.0,MBA,Bank Clerk
9151,Tarini Acharya,18,Mumbai,Female,Maharashtra,2170979.0,MSc,Finance Manager
9153,Keya Dhaliwal,30,Kolkata,Male,West Bengal,1840053.0,MBA,Doctor
9154,Advik Tella,45,Bangalore,Female,Karnataka,2202738.0,MBA,Data Scientist
9155,Prerak Sahota,35,Bangalore,Female,Karnataka,2015935.0,MBA,Doctor
9156,Akarsh Issac,30,Bangalore,Male,Karnataka,1821337.0,M.Tech,Data Scientist
9157,Piya Ramesh,30,Mumbai,Female,Maharashtra,2022145.0,MSc,Software Engineer
9158,Divit Ganesan,18,Hyderabad,Female,Telangana,2592306.0,PhD,Software Engineer
9159,Misha Chaudhry,43,Ahmedabad,Male,Gujarat,1970840.0,MSc,Data Scientist
9160,Divit Dhillon,34,Pune,Female,Maharashtra,1627311.0,MSc,Doctor
9161,Vaibhav Dutta,43,Delhi,Female,Delhi,308736.0,12th Pass,Security Guard
9162,Siya Varma,23,Kolkata,Male,West Bengal,1829758.0,MBA,Finance Manager
9163,Aayush Dugal,33,Hyderabad,Female,Telangana,1786400.0,MSc,Data Scientist
9164,Misha Madan,41,Hyderabad,Male,Telangana,1374055.0,MSc,Finance Manager
9165,Farhan Keer,30,Delhi,Male,Delhi,2641329.0,M.Tech,Entrepreneur
9166,Aaryahi Taneja,33,Ahmedabad,Female,Gujarat,1168087.0,M.Tech,Data Scientist
9167,Taran Saraf,39,Delhi,Male,Delhi,2545431.0,PhD,Data Scientist
9168,Myra Bora,24,Bangalore,Male,Karnataka,2282325.0,M.Tech,Entrepreneur
9169,Faiyaz Baria,26,Kolkata,Female,West Bengal,1401366.0,M.Tech,Data Scientist
9170,Himmat Sachdeva,37,Mumbai,Male,Maharashtra,1730727.0,MBA,Entrepreneur
9171,Tanya Kulkarni,45,Hyderabad,Male,Telangana,1733758.0,M.Tech,Finance Manager
9173,Ehsaan Krishnamurthy,57,Ahmedabad,Female,Gujarat,1118933.0,MSc,Software Engineer
9174,Seher Sharma,37,Mumbai,Male,Maharashtra,1143900.0,M.Tech,Doctor
9175,Taimur Sami,32,Delhi,Male,Delhi,2502278.0,M.Tech,Entrepreneur
9176,Ela Shetty,28,Bangalore,Female,Karnataka,1917558.0,MSc,Entrepreneur
9177,Manikya Apte,35,Mumbai,Female,Maharashtra,2578670.0,MSc,Finance Manager
9178,Pari Batta,26,Jaipur,Female,Rajasthan,1015892.0,MBA,Doctor
9179,Lakshit Bali,39,Pune,Male,Maharashtra,1045207.0,PhD,Entrepreneur
9180,Ivan Iyengar,29,Bangalore,Female,Karnataka,2093808.0,PhD,Finance Manager
9181,Zoya Din,32,Mumbai,Male,Maharashtra,2109084.0,M.Tech,Data Scientist
9182,Divyansh Gandhi,42,Bangalore,Male,Karnataka,1350779.0,MSc,Data Scientist
9183,Kanav Ramakrishnan,43,Mumbai,Male,Maharashtra,1309708.0,PhD,Software Engineer
9184,Anya Borra,18,Jaipur,Female,Rajasthan,597152.0,B.Tech,Accountant
9185,Jayesh Madan,47,Pune,Male,Maharashtra,1603954.0,MSc,Data Scientist
9186,Rati Madan,50,Ahmedabad,Male,Gujarat,630452.0,MCA,Teacher
9187,Myra Bhargava,33,Ahmedabad,Female,Gujarat,817696.0,MBA,Finance Manager
9188,Divyansh Ghosh,36,Ahmedabad,Female,Gujarat,1761162.0,PhD,Doctor
9190,Faiyaz Rau,36,Delhi,Female,Delhi,2464790.0,MSc,Data Scientist
9191,Shalv Jha,25,Chennai,Male,Tamil Nadu,1060126.0,M.Tech,Software Engineer
9192,Priyansh Mahal,48,Chennai,Female,Tamil Nadu,1718922.0,MBA,Data Scientist
9194,Stuvan Kulkarni,35,Bangalore,Male,Karnataka,2488511.0,M.Tech,Doctor
9195,Fateh Batra,40,Delhi,Male,Delhi,2601436.0,MSc,Finance Manager
9196,Veer Khurana,38,Ahmedabad,Female,Gujarat,1915045.0,MBA,Finance Manager
9197,Jiya Deep,30,Delhi,Male,Delhi,556633.0,B.Tech,Bank Clerk
9198,Rania Chakrabarti,35,Bangalore,Female,Karnataka,2563485.0,PhD,Entrepreneur
9199,Jhanvi Kohli,31,Mumbai,Female,Maharashtra,814322.0,PhD,Entrepreneur
9200,Raghav Divan,23,Mumbai,Female,Maharashtra,2941711.0,MSc,Data Scientist
9201,Lakshit Tara,25,Ahmedabad,Male,Gujarat,1377304.0,MSc,Entrepreneur
9202,Zaina Bora,31,Ahmedabad,Female,Gujarat,1842664.0,MSc,Doctor
9203,Shlok Kapur,27,Delhi,Male,Delhi,1122452.0,MBA,Data Scientist
9204,Nishith Khosla,38,Pune,Male,Maharashtra,505499.0,MBA,Accountant
9205,Prerak Magar,56,Delhi,Female,Delhi,654545.0,Diploma,HR Manager
9206,Farhan Ganesh,32,Kolkata,Female,West Bengal,1794098.0,PhD,Finance Manager
9207,Eshani Maharaj,36,Mumbai,Female,Maharashtra,2030410.0,MSc,Doctor
9208,Pihu Seth,18,Bangalore,Female,Karnataka,1785087.0,MSc,Doctor
9209,Kismat Grewal,42,Delhi,Male,Delhi,2528087.0,M.Tech,Finance Manager
9211,Darshit Brar,35,Delhi,Male,Delhi,1785058.0,MBA,Data Scientist
9212,Riaan Kari,45,Mumbai,Female,Maharashtra,1376474.0,MBA,Software Engineer
9213,Purab Kalita,38,Mumbai,Female,Maharashtra,759551.0,MCA,Accountant
9214,Prisha Deep,32,Ahmedabad,Female,Gujarat,1814417.0,MSc,Software Engineer
9216,Aarush Raval,25,Hyderabad,Female,Telangana,535342.0,B.Tech,Teacher
9217,Yashvi Chadha,37,Mumbai,Male,Maharashtra,2308511.0,MSc,Entrepreneur
9218,Ishaan Kohli,33,Bangalore,Female,Karnataka,1460501.0,MBA,Entrepreneur
9219,Suhana Chawla,42,Mumbai,Male,Maharashtra,744727.0,B.Tech,Marketing Executive
9220,Aarav Ramanathan,51,Bangalore,Female,Karnataka,2201210.0,MBA,Data Scientist
9221,Samarth Kashyap,56,Delhi,Female,Delhi,2034684.0,M.Tech,Software Engineer
9222,Samiha Sundaram,25,Chennai,Male,Tamil Nadu,1257150.0,M.Tech,Data Scientist
9223,Vidur Vasa,37,Kolkata,Male,West Bengal,1241166.0,M.Tech,Data Scientist
9224,Vidur Shanker,38,Kolkata,Female,West Bengal,1973630.0,PhD,Data Scientist
9225,Kiara Zacharia,33,Bangalore,Male,Karnataka,2059390.0,PhD,Software Engineer
9226,Hrishita Agarwal,46,Mumbai,Female,Maharashtra,587839.0,B.A,Marketing Executive
9227,Vivaan Sankar,33,Ahmedabad,Female,Gujarat,1597717.0,PhD,Doctor
9228,Advik Gandhi,29,Jaipur,Female,Rajasthan,1164563.0,MSc,Software Engineer
9229,Purab Bava,27,Mumbai,Male,Maharashtra,747886.0,B.Tech,HR Manager
9231,Hunar Kade,20,Ahmedabad,Female,Gujarat,851374.0,MBA,Doctor
9232,Charvi Rajagopal,31,Delhi,Female,Delhi,2189664.0,MSc,Finance Manager
9233,Hansh Khalsa,59,Pune,Male,Maharashtra,1671997.0,M.Tech,Data Scientist
9234,Vardaniya Kothari,46,Mumbai,Female,Maharashtra,1768338.0,MSc,Data Scientist
9235,Dishani Goswami,33,Bangalore,Male,Karnataka,1430439.0,MSc,Finance Manager
9236,Himmat Mahal,36,Mumbai,Male,Maharashtra,899729.0,PhD,Data Scientist
9237,Vardaniya Hegde,32,Mumbai,Male,Maharashtra,1480878.0,MSc,Doctor
9238,Bhavin Krishna,21,Mumbai,Male,Maharashtra,2025782.0,M.Tech,Entrepreneur
9239,Parinaaz Wagle,22,Mumbai,Female,Maharashtra,2709209.0,PhD,Entrepreneur
9241,Ela Bansal,38,Delhi,Female,Delhi,678441.0,BSc,Teacher
9242,Keya Bose,33,Bangalore,Female,Karnataka,906857.0,PhD,Entrepreneur
9243,Ehsaan Batra,36,Ahmedabad,Male,Gujarat,692917.0,MBA,Accountant
9244,Mehul Kari,28,Ahmedabad,Male,Gujarat,899268.0,MSc,Data Scientist
9245,Ritvik Balay,50,Bangalore,Female,Karnataka,1425689.0,M.Tech,Finance Manager
9247,Adah Chaudry,35,Kolkata,Female,West Bengal,1822608.0,MSc,Entrepreneur
9248,Bhavin Bora,35,Hyderabad,Female,Telangana,644485.0,Diploma,HR Manager
9249,Pari Vyas,45,Mumbai,Female,Maharashtra,1324562.0,PhD,Software Engineer
9250,Samaira Mani,26,Hyderabad,Male,Telangana,2318810.0,MBA,Data Scientist
9251,Ira Malhotra,37,Mumbai,Male,Maharashtra,1611046.0,M.Tech,Data Scientist
9252,Dharmajan Balakrishnan,41,Hyderabad,Female,Telangana,2147395.0,MBA,Entrepreneur
9253,Kiara Tara,37,Mumbai,Female,Maharashtra,1484575.0,MSc,Data Scientist
9254,Ritvik Chhabra,56,Mumbai,Female,Maharashtra,1412929.0,PhD,Data Scientist
9255,Vritika Raju,31,Bangalore,Female,Karnataka,505421.0,Diploma,Accountant
9256,Pihu Chakrabarti,39,Kolkata,Male,West Bengal,1630679.0,MBA,Entrepreneur
9257,Priyansh Choudhary,22,Jaipur,Female,Rajasthan,795864.0,Diploma,HR Manager
9258,Nitya Doshi,46,Pune,Male,Maharashtra,1209426.0,M.Tech,Doctor
9259,Aarna Amble,27,Delhi,Male,Delhi,1302455.0,M.Tech,Finance Manager
9260,Samarth Rattan,40,Mumbai,Male,Maharashtra,1126832.0,MSc,Data Scientist
9261,Aaina Konda,35,Delhi,Male,Delhi,1296486.0,MSc,Doctor
9262,Kavya Grover,49,Ahmedabad,Female,Gujarat,1533545.0,M.Tech,Finance Manager
9263,Veer Iyengar,34,Delhi,Female,Delhi,918185.0,MBA,Data Scientist
9264,Reyansh Kamdar,27,Hyderabad,Male,Telangana,2081499.0,MBA,Finance Manager
9266,Romil Singhal,39,Bangalore,Male,Karnataka,2468149.0,PhD,Data Scientist
9267,Vritika Chand,23,Chennai,Female,Tamil Nadu,616076.0,MBA,Marketing Executive
9268,Shaan Yogi,44,Pune,Male,Maharashtra,1868980.0,PhD,Entrepreneur
9269,Biju Iyer,43,Jaipur,Male,Rajasthan,923052.0,MBA,Software Engineer
9271,Eva Sama,32,Mumbai,Male,Maharashtra,1695596.0,PhD,Doctor
9273,Advik Seshadri,24,Delhi,Male,Delhi,1750441.0,MSc,Data Scientist
9275,Vaibhav Mani,39,Kolkata,Female,West Bengal,1833250.0,M.Tech,Entrepreneur
9276,Ritvik Sathe,29,Bangalore,Male,Karnataka,838686.0,PhD,Software Engineer
9277,Seher Suresh,28,Bangalore,Female,Karnataka,1440541.0,MBA,Entrepreneur
9278,Dishani Gera,32,Kolkata,Female,West Bengal,734779.0,MBA,Bank Clerk
9279,Arnav Ghosh,32,Bangalore,Female,Karnataka,843813.0,MBA,Finance Manager
9280,Jayan Kari,37,Hyderabad,Male,Telangana,720453.0,B.A,Accountant
9281,Charvi Kala,49,Delhi,Female,Delhi,2556470.0,M.Tech,Data Scientist
9282,Raunak Sami,39,Bangalore,Male,Karnataka,1853807.0,MBA,Software Engineer
9283,Jiya Bali,39,Kolkata,Female,West Bengal,1911854.0,M.Tech,Finance Manager
9284,Dhanuk Deshmukh,45,Kolkata,Male,West Bengal,1571921.0,MBA,Software Engineer
9285,Shayak Kothari,30,Chennai,Female,Tamil Nadu,1509573.0,M.Tech,Data Scientist
9286,Akarsh Batta,34,Ahmedabad,Female,Gujarat,1008987.0,MBA,Entrepreneur
9287,Fateh Chada,35,Ahmedabad,Female,Gujarat,845852.0,MBA,Finance Manager
9288,Pranay Srivastava,33,Ahmedabad,Female,Gujarat,951752.0,MBA,Finance Manager
9289,Anya Dhar,18,Hyderabad,Female,Telangana,1170567.0,PhD,Entrepreneur
9292,Farhan Sha,47,Mumbai,Male,Maharashtra,2078519.0,MBA,Doctor
9293,Kiaan Jha,21,Delhi,Male,Delhi,969466.0,MBA,Entrepreneur
9294,Baiju Yohannan,18,Bangalore,Female,Karnataka,2736768.0,MSc,Software Engineer
9295,Veer Vig,18,Bangalore,Male,Karnataka,2828710.0,MSc,Software Engineer
9296,Ivana Swamy,20,Mumbai,Female,Maharashtra,2871035.0,MSc,Data Scientist
9297,Zain Sekhon,37,Bangalore,Male,Karnataka,1706383.0,MBA,Finance Manager
9298,Bhavin Konda,36,Mumbai,Female,Maharashtra,1135302.0,M.Tech,Software Engineer
9299,Khushi Ganguly,35,Delhi,Male,Delhi,2937200.0,PhD,Software Engineer
9300,Miraya Dada,26,Mumbai,Male,Maharashtra,2122949.0,MBA,Doctor
9301,Arnav Saha,33,Hyderabad,Male,Telangana,955430.0,MSc,Finance Manager
9302,Rania Kumar,47,Kolkata,Male,West Bengal,1749808.0,M.Tech,Software Engineer
9303,Rhea Savant,37,Bangalore,Female,Karnataka,1714848.0,MBA,Entrepreneur
9304,Zaina Sangha,24,Mumbai,Male,Maharashtra,2926501.0,PhD,Entrepreneur
9307,Sumer Chhabra,43,Ahmedabad,Female,Gujarat,1434250.0,MSc,Software Engineer
9308,Jhanvi Chacko,23,Ahmedabad,Male,Gujarat,1659666.0,MBA,Entrepreneur
9309,Nirvi Gade,46,Ahmedabad,Male,Gujarat,1204651.0,PhD,Data Scientist
9310,Anahita Sankaran,32,Bangalore,Female,Karnataka,2114354.0,PhD,Finance Manager
9311,Ayesha Gole,35,Delhi,Male,Delhi,2348714.0,MBA,Finance Manager
9312,Samar Bajwa,27,Delhi,Male,Delhi,2361966.0,PhD,Data Scientist
9313,Tushar Mand,23,Kolkata,Male,West Bengal,1267872.0,MBA,Entrepreneur
9291,Reyansh Bhagat,38,Delhi,Male,Delhi,2935091.0,MSc,Doctor
9316,Jiya Rana,29,Hyderabad,Male,Telangana,1353111.0,MBA,Software Engineer
9317,Rhea Datta,45,Delhi,Male,Delhi,524470.0,MCA,Accountant
9318,Hazel Sundaram,49,Mumbai,Female,Maharashtra,2601498.0,MBA,Finance Manager
9321,Kismat Hari,28,Jaipur,Male,Rajasthan,1109359.0,PhD,Entrepreneur
9322,Himmat Iyer,27,Chennai,Female,Tamil Nadu,589982.0,Diploma,Accountant
9323,Charvi Kari,30,Pune,Male,Maharashtra,496826.0,Diploma,Delivery Agent
9324,Zeeshan Seth,18,Delhi,Female,Delhi,1663168.0,M.Tech,Entrepreneur
9325,Hrishita Comar,31,Hyderabad,Female,Telangana,964161.0,MSc,Software Engineer
9326,Manikya Konda,35,Mumbai,Female,Maharashtra,1394271.0,MSc,Finance Manager
9327,Amani Bora,37,Hyderabad,Female,Telangana,2050225.0,PhD,Data Scientist
9328,Kiaan Gandhi,41,Chennai,Male,Tamil Nadu,1149019.0,M.Tech,Data Scientist
9329,Inaaya  Varughese,28,Ahmedabad,Female,Gujarat,1535413.0,M.Tech,Finance Manager
9331,Hunar Goda,27,Ahmedabad,Male,Gujarat,1405980.0,M.Tech,Doctor
9332,Keya Dewan,35,Bangalore,Female,Karnataka,315759.0,Diploma,Factory Worker
9333,Renee Tank,38,Delhi,Male,Delhi,2385324.0,MBA,Entrepreneur
9334,Advik Bhalla,41,Chennai,Female,Tamil Nadu,1386197.0,MBA,Doctor
9335,Indrajit Sethi,21,Jaipur,Female,Rajasthan,1085008.0,M.Tech,Finance Manager
9337,Chirag Maharaj,32,Mumbai,Female,Maharashtra,2149891.0,MBA,Data Scientist
9339,Rasha Virk,45,Mumbai,Male,Maharashtra,851229.0,PhD,Finance Manager
9340,Elakshi Kulkarni,45,Chennai,Male,Tamil Nadu,1321030.0,MSc,Data Scientist
9341,Ivana Desai,24,Mumbai,Female,Maharashtra,2683373.0,MBA,Entrepreneur
9342,Aayush Bala,33,Jaipur,Male,Rajasthan,367762.0,12th Pass,Retail Worker
9345,Shalv Arora,52,Mumbai,Male,Maharashtra,2428486.0,MBA,Data Scientist
9347,Eshani Ray,34,Mumbai,Male,Maharashtra,1295160.0,PhD,Data Scientist
9348,Shayak Shroff,20,Hyderabad,Male,Telangana,2407441.0,PhD,Entrepreneur
9349,Dhanuk Ranganathan,18,Bangalore,Female,Karnataka,809709.0,MSc,Entrepreneur
9350,Abram Lad,49,Bangalore,Male,Karnataka,1541935.0,M.Tech,Data Scientist
9351,Mahika Gera,47,Pune,Female,Maharashtra,1454916.0,PhD,Doctor
9352,Anay Rastogi,23,Bangalore,Male,Karnataka,1604394.0,PhD,Finance Manager
9353,Mehul Raval,31,Mumbai,Male,Maharashtra,614753.0,BBA,Teacher
9354,Jhanvi Dhaliwal,18,Hyderabad,Female,Telangana,619784.0,BBA,Teacher
9355,Lagan Sandhu,41,Mumbai,Male,Maharashtra,2692362.0,PhD,Entrepreneur
9356,Tarini Zacharia,22,Delhi,Male,Delhi,816516.0,MSc,Finance Manager
9357,Kashvi Hayer,35,Chennai,Female,Tamil Nadu,931346.0,MSc,Data Scientist
9358,Nitara Ganesan,18,Pune,Male,Maharashtra,1154973.0,M.Tech,Software Engineer
9359,Aarush Bhagat,29,Bangalore,Female,Karnataka,1921072.0,M.Tech,Entrepreneur
9360,Yashvi Mane,46,Kolkata,Male,West Bengal,441672.0,Diploma,Customer Support
9361,Pranay Upadhyay,48,Bangalore,Female,Karnataka,2507744.0,M.Tech,Finance Manager
9362,Baiju Sheth,31,Chennai,Female,Tamil Nadu,1303121.0,PhD,Entrepreneur
9363,Tushar Rattan,18,Bangalore,Female,Karnataka,2668370.0,MSc,Data Scientist
9365,Kartik Uppal,42,Delhi,Female,Delhi,1993256.0,PhD,Software Engineer
9367,Emir Setty,39,Lucknow,Female,Uttar Pradesh,700877.0,BSc,Bank Clerk
9368,Yuvaan Mane,46,Pune,Male,Maharashtra,1660840.0,MSc,Finance Manager
9370,Pari Vohra,43,Delhi,Female,Delhi,1530767.0,MBA,Software Engineer
9372,Anahita Subramaniam,44,Delhi,Male,Delhi,2681193.0,MBA,Doctor
9373,Eva Dhawan,21,Hyderabad,Female,Telangana,1982574.0,M.Tech,Data Scientist
9374,Amira Rajagopal,44,Bangalore,Male,Karnataka,421975.0,Diploma,Factory Worker
9376,Ayesha Bhavsar,20,Ahmedabad,Female,Gujarat,996955.0,PhD,Software Engineer
9379,Zaina Kashyap,33,Bangalore,Female,Karnataka,2543731.0,M.Tech,Finance Manager
9380,Sahil Saini,50,Delhi,Female,Delhi,2663093.0,PhD,Finance Manager
9382,Shaan Agarwal,41,Bangalore,Female,Karnataka,2420703.0,MSc,Finance Manager
9383,Samarth Kanda,30,Bangalore,Male,Karnataka,575046.0,BBA,Marketing Executive
9384,Shalv Sunder,36,Delhi,Female,Delhi,1944505.0,PhD,Data Scientist
9385,Jivin Bhat,46,Pune,Male,Maharashtra,1474104.0,MSc,Doctor
9386,Divyansh Dora,30,Pune,Male,Maharashtra,657592.0,Diploma,Marketing Executive
9387,Yashvi Sawhney,33,Delhi,Female,Delhi,749548.0,B.Tech,Accountant
9388,Ishita Sibal,29,Chennai,Female,Tamil Nadu,1854054.0,MSc,Entrepreneur
9389,Samaira Shukla,30,Lucknow,Male,Uttar Pradesh,622979.0,B.Com,HR Manager
9390,Dhanuk Acharya,28,Delhi,Male,Delhi,1232534.0,MSc,Finance Manager
9391,Dhanush Ray,38,Chennai,Male,Tamil Nadu,739103.0,BSc,Bank Clerk
9375,Zain Gole,53,Delhi,Female,Delhi,1217974.0,MSc,Doctor
9393,Damini Bhattacharyya,46,Ahmedabad,Male,Gujarat,861188.0,MBA,Entrepreneur
9394,Seher Kalla,24,Delhi,Male,Delhi,1168560.0,MBA,Entrepreneur
9395,Piya Tara,51,Mumbai,Male,Maharashtra,577161.0,Diploma,Bank Clerk
9396,Rati Tank,41,Hyderabad,Male,Telangana,952395.0,PhD,Data Scientist
9397,Aradhya Verma,33,Bangalore,Female,Karnataka,340161.0,Diploma,Factory Worker
9398,Krish Vasa,47,Mumbai,Male,Maharashtra,550586.0,B.Tech,Marketing Executive
9399,Anika Mallick,36,Delhi,Male,Delhi,1497558.0,PhD,Doctor
9400,Taimur Mahajan,50,Pune,Female,Maharashtra,1530999.0,MSc,Finance Manager
9402,Kartik Sidhu,33,Hyderabad,Female,Telangana,1635333.0,MSc,Software Engineer
9403,Indrajit Date,46,Kolkata,Male,West Bengal,550773.0,BSc,Teacher
9404,Himmat Apte,30,Mumbai,Female,Maharashtra,2674852.0,MBA,Entrepreneur
9405,Ahana  Balay,39,Delhi,Male,Delhi,2724608.0,MSc,Finance Manager
9406,Bhavin Vala,47,Mumbai,Female,Maharashtra,1608315.0,M.Tech,Data Scientist
9407,Samiha Lala,36,Bangalore,Female,Karnataka,2783766.0,M.Tech,Data Scientist
9408,Ishita Aurora,63,Jaipur,Female,Rajasthan,720415.0,BBA,Teacher
9409,Nirvi Yadav,39,Mumbai,Male,Maharashtra,2717138.0,M.Tech,Software Engineer
9410,Ivan Khatri,29,Delhi,Female,Delhi,1087060.0,PhD,Finance Manager
9411,Anaya Tailor,48,Hyderabad,Male,Telangana,2228791.0,MBA,Data Scientist
9412,Hrishita Chawla,23,Jaipur,Female,Rajasthan,855183.0,MBA,Doctor
9413,Divyansh Borah,34,Mumbai,Male,Maharashtra,561152.0,B.A,Bank Clerk
9416,Kimaya Krish,51,Bangalore,Female,Karnataka,883671.0,MSc,Finance Manager
9418,Damini Venkatesh,34,Delhi,Male,Delhi,2804631.0,MBA,Doctor
9419,Tanya Banik,54,Bangalore,Male,Karnataka,951200.0,MSc,Software Engineer
9421,Krish Chakraborty,26,Bangalore,Female,Karnataka,1965833.0,M.Tech,Data Scientist
9423,Kartik Hari,33,Delhi,Female,Delhi,1774954.0,PhD,Data Scientist
9424,Armaan Kari,31,Mumbai,Male,Maharashtra,448203.0,Diploma,Factory Worker
9426,Jiya Choudhary,57,Mumbai,Male,Maharashtra,2190047.0,MSc,Entrepreneur
9427,Kiaan Char,39,Ahmedabad,Male,Gujarat,735873.0,Diploma,Marketing Executive
9428,Devansh Dhawan,35,Pune,Female,Maharashtra,1113258.0,PhD,Doctor
9429,Pihu Karnik,45,Hyderabad,Female,Telangana,397506.0,12th Pass,Security Guard
9430,Nakul Mangal,31,Jaipur,Female,Rajasthan,571336.0,Diploma,Marketing Executive
9431,Vedika Malhotra,40,Delhi,Male,Delhi,1846806.0,MSc,Software Engineer
9432,Dharmajan Kale,46,Lucknow,Female,Uttar Pradesh,707222.0,BSc,Accountant
9433,Hansh Loke,27,Ahmedabad,Female,Gujarat,1875886.0,MBA,Entrepreneur
9434,Rania Viswanathan,32,Delhi,Male,Delhi,2566115.0,PhD,Finance Manager
9435,Zain Balay,42,Jaipur,Female,Rajasthan,647306.0,MBA,Accountant
9436,Ritvik Mani,36,Delhi,Female,Delhi,1850354.0,M.Tech,Software Engineer
9437,Mehul Kade,37,Delhi,Male,Delhi,1340963.0,PhD,Entrepreneur
9438,Siya Samra,40,Delhi,Male,Delhi,2820414.0,MBA,Data Scientist
9440,Indrajit Saxena,42,Bangalore,Male,Karnataka,2334422.0,MSc,Entrepreneur
9442,Yuvaan Chaudhary,43,Mumbai,Female,Maharashtra,1710876.0,M.Tech,Data Scientist
9443,Taimur Babu,41,Bangalore,Male,Karnataka,2693375.0,MBA,Entrepreneur
9444,Pihu Choudhury,27,Mumbai,Female,Maharashtra,2225717.0,MSc,Doctor
9446,Dishani Kale,26,Jaipur,Male,Rajasthan,446694.0,Diploma,Retail Worker
9447,Armaan Master,28,Mumbai,Female,Maharashtra,1463102.0,M.Tech,Entrepreneur
9448,Sara Ganesan,44,Delhi,Female,Delhi,807172.0,M.Tech,Software Engineer
9450,Jivika Barman,27,Lucknow,Male,Uttar Pradesh,406409.0,12th Pass,Factory Worker
9451,Oorja Trivedi,25,Mumbai,Female,Maharashtra,1630078.0,M.Tech,Finance Manager
9452,Divyansh Badami,29,Delhi,Male,Delhi,2807787.0,MSc,Data Scientist
9453,Dhanush Dayal,46,Bangalore,Male,Karnataka,1271801.0,M.Tech,Data Scientist
9454,Pihu Doctor,36,Kolkata,Female,West Bengal,1497482.0,PhD,Software Engineer
9457,Gokul Lall,32,Lucknow,Female,Uttar Pradesh,786168.0,B.Com,Accountant
9458,Yakshit Dubey,24,Mumbai,Male,Maharashtra,2805910.0,M.Tech,Entrepreneur
9459,Zeeshan Deshmukh,18,Jaipur,Female,Rajasthan,1017387.0,PhD,Data Scientist
9460,Sana Zachariah,25,Delhi,Male,Delhi,2933813.0,M.Tech,Data Scientist
9461,Drishya Thakkar,42,Mumbai,Male,Maharashtra,652424.0,MBA,Teacher
9462,Taimur Ramakrishnan,36,Mumbai,Female,Maharashtra,1631321.0,MSc,Data Scientist
9463,Dhanush Dani,43,Lucknow,Female,Uttar Pradesh,1166277.0,MSc,Finance Manager
9464,Taimur Shankar,50,Pune,Male,Maharashtra,1619585.0,MBA,Finance Manager
9465,Nirvaan Wali,19,Kolkata,Male,West Bengal,833405.0,MBA,Entrepreneur
9467,Nakul Sahota,23,Delhi,Male,Delhi,385722.0,Diploma,Customer Support
9469,Lakshit Buch,26,Bangalore,Male,Karnataka,1649309.0,M.Tech,Doctor
9470,Divij Vyas,24,Mumbai,Male,Maharashtra,2208766.0,MBA,Software Engineer
9471,Nehmat Trivedi,51,Ahmedabad,Female,Gujarat,921806.0,MSc,Software Engineer
9472,Ehsaan Brahmbhatt,37,Mumbai,Female,Maharashtra,1070091.0,MSc,Finance Manager
9473,Suhana Kunda,45,Ahmedabad,Female,Gujarat,1532578.0,MSc,Data Scientist
9474,Samarth Ahluwalia,33,Ahmedabad,Male,Gujarat,1420330.0,MBA,Entrepreneur
9477,Keya Srinivasan,41,Mumbai,Male,Maharashtra,1939866.0,PhD,Doctor
9478,Taimur Agarwal,32,Bangalore,Female,Karnataka,2834539.0,MSc,Data Scientist
9479,Ivana Jhaveri,37,Delhi,Female,Delhi,1788595.0,M.Tech,Doctor
9480,Tushar Choudhary,41,Mumbai,Female,Maharashtra,2260620.0,MSc,Data Scientist
9481,Shlok Balasubramanian,41,Hyderabad,Male,Telangana,2565617.0,MBA,Data Scientist
9483,Rati Grover,30,Delhi,Male,Delhi,1241513.0,MBA,Data Scientist
9486,Emir Bhavsar,26,Hyderabad,Male,Telangana,1081610.0,M.Tech,Data Scientist
9487,Aaryahi Saha,38,Delhi,Female,Delhi,2630383.0,M.Tech,Finance Manager
9488,Siya Acharya,19,Hyderabad,Male,Telangana,1455286.0,PhD,Entrepreneur
9490,Inaaya  Sarraf,34,Mumbai,Male,Maharashtra,1918152.0,MBA,Finance Manager
9492,Oorja Varty,36,Delhi,Male,Delhi,1221966.0,PhD,Entrepreneur
9493,Nakul Majumdar,30,Kolkata,Female,West Bengal,883314.0,MSc,Doctor
9494,Oorja Ratti,42,Delhi,Female,Delhi,2476405.0,M.Tech,Software Engineer
9495,Taimur Subramaniam,43,Delhi,Male,Delhi,566199.0,MCA,Accountant
9496,Nakul Kuruvilla,26,Ahmedabad,Female,Gujarat,916655.0,MBA,Software Engineer
9498,Prerak Bhardwaj,49,Bangalore,Female,Karnataka,2156833.0,PhD,Doctor
9500,Zara Tailor,47,Bangalore,Male,Karnataka,1542275.0,MSc,Doctor
9502,Seher Devan,32,Pune,Female,Maharashtra,1123524.0,M.Tech,Finance Manager
9503,Ayesha Sami,34,Delhi,Male,Delhi,2228449.0,PhD,Data Scientist
9504,Manikya Ratti,41,Ahmedabad,Male,Gujarat,791915.0,BBA,Marketing Executive
9505,Renee Majumdar,27,Hyderabad,Female,Telangana,655999.0,B.Tech,HR Manager
9506,Indrans Kala,42,Delhi,Male,Delhi,654084.0,MBA,Marketing Executive
9507,Vaibhav Shan,40,Mumbai,Male,Maharashtra,960636.0,M.Tech,Data Scientist
9508,Oorja Mallick,31,Pune,Male,Maharashtra,1365734.0,PhD,Finance Manager
9509,Alisha Wason,41,Kolkata,Female,West Bengal,634723.0,B.Tech,Marketing Executive
9510,Ishita Barad,36,Delhi,Female,Delhi,1973998.0,M.Tech,Data Scientist
9511,Vihaan Chauhan,58,Delhi,Female,Delhi,2607130.0,MSc,Finance Manager
9512,Mannat Thaman,26,Kolkata,Male,West Bengal,1150726.0,MSc,Finance Manager
9513,Baiju Chada,38,Hyderabad,Male,Telangana,1432363.0,M.Tech,Software Engineer
9514,Akarsh Dhar,38,Ahmedabad,Female,Gujarat,860076.0,M.Tech,Data Scientist
9515,Manjari Halder,30,Bangalore,Female,Karnataka,1321338.0,MBA,Finance Manager
9516,Bhavin Lala,32,Mumbai,Female,Maharashtra,1336250.0,MBA,Entrepreneur
9517,Ela Ganesh,51,Pune,Female,Maharashtra,1236784.0,MSc,Entrepreneur
9519,Darshit Dixit,50,Mumbai,Male,Maharashtra,1260254.0,M.Tech,Doctor
9520,Vihaan Gala,27,Kolkata,Male,West Bengal,1336448.0,PhD,Entrepreneur
9521,Dhanuk Kanda,44,Chennai,Female,Tamil Nadu,1678530.0,MSc,Software Engineer
9522,Kiaan Saraf,42,Bangalore,Male,Karnataka,1887365.0,MSc,Entrepreneur
9526,Mahika Sachdeva,54,Mumbai,Female,Maharashtra,1665794.0,M.Tech,Software Engineer
9527,Divit Sangha,20,Hyderabad,Male,Telangana,1114488.0,MBA,Doctor
9528,Kartik Gokhale,35,Hyderabad,Female,Telangana,954385.0,PhD,Data Scientist
9530,Yakshit Contractor,22,Mumbai,Male,Maharashtra,2936308.0,MSc,Finance Manager
9531,Devansh Badami,20,Lucknow,Male,Uttar Pradesh,1198843.0,MSc,Doctor
9532,Neelofar Banerjee,36,Hyderabad,Male,Telangana,687931.0,B.A,Marketing Executive
9533,Divit Mani,28,Bangalore,Male,Karnataka,2554609.0,MSc,Doctor
9535,Hansh Lanka,24,Hyderabad,Male,Telangana,307636.0,12th Pass,Customer Support
9536,Ranbir Viswanathan,41,Bangalore,Male,Karnataka,712476.0,Diploma,Accountant
9538,Indrajit Andra,35,Delhi,Male,Delhi,327454.0,Diploma,Delivery Agent
9539,Nishith Dyal,28,Mumbai,Female,Maharashtra,1487230.0,MSc,Finance Manager
9540,Fateh Wadhwa,29,Kolkata,Male,West Bengal,1605890.0,MBA,Finance Manager
9541,Saanvi Balakrishnan,48,Chennai,Female,Tamil Nadu,1896938.0,MBA,Finance Manager
9542,Eshani Chadha,36,Mumbai,Female,Maharashtra,1281515.0,MSc,Doctor
9543,Adira Barman,41,Delhi,Male,Delhi,2538010.0,M.Tech,Doctor
9545,Inaaya  Kamdar,45,Chennai,Male,Tamil Nadu,875622.0,MBA,Software Engineer
9547,Trisha Sangha,36,Mumbai,Female,Maharashtra,672273.0,BSc,Marketing Executive
9548,Keya Soman,33,Bangalore,Female,Karnataka,676233.0,Diploma,Teacher
9549,Hansh Karan,41,Mumbai,Female,Maharashtra,2957678.0,MBA,Finance Manager
9550,Indrans Bali,29,Delhi,Female,Delhi,2254376.0,PhD,Data Scientist
9551,Samiha Sandhu,39,Delhi,Female,Delhi,976429.0,MSc,Entrepreneur
9552,Reyansh Batra,37,Mumbai,Female,Maharashtra,2765059.0,MBA,Doctor
9553,Prerak Barman,19,Kolkata,Female,West Bengal,891649.0,PhD,Software Engineer
9554,Purab Lanka,36,Ahmedabad,Female,Gujarat,948639.0,MBA,Data Scientist
9555,Ryan Sani,40,Bangalore,Female,Karnataka,2810003.0,PhD,Entrepreneur
9556,Stuvan Solanki,18,Hyderabad,Female,Telangana,552259.0,MBA,Bank Clerk
9557,Shayak Kota,31,Ahmedabad,Male,Gujarat,1220358.0,MSc,Finance Manager
9558,Aarna Ratta,39,Kolkata,Female,West Bengal,1604863.0,MBA,Software Engineer
9559,Hrishita Dass,47,Delhi,Female,Delhi,473770.0,Diploma,Security Guard
9560,Anay Bhandari,28,Ahmedabad,Female,Gujarat,1139319.0,MSc,Doctor
9562,Adira Chad,19,Mumbai,Female,Maharashtra,1621880.0,PhD,Doctor
9564,Badal Kumer,31,Ahmedabad,Male,Gujarat,1505643.0,MBA,Software Engineer
9565,Alisha Sahota,36,Bangalore,Male,Karnataka,1896779.0,M.Tech,Doctor
9567,Vivaan Saxena,33,Mumbai,Male,Maharashtra,1848438.0,PhD,Data Scientist
9568,Shanaya Randhawa,44,Bangalore,Female,Karnataka,2130658.0,PhD,Data Scientist
9569,Ryan Bora,29,Hyderabad,Female,Telangana,2248332.0,MSc,Software Engineer
9570,Kimaya Bassi,38,Mumbai,Male,Maharashtra,1480730.0,PhD,Entrepreneur
9571,Lakshit Buch,33,Lucknow,Female,Uttar Pradesh,607521.0,Diploma,Marketing Executive
9572,Ishita Dyal,33,Hyderabad,Female,Telangana,1984222.0,MSc,Doctor
9573,Miraan Wali,36,Kolkata,Male,West Bengal,1316756.0,M.Tech,Entrepreneur
9574,Rati Ahuja,41,Ahmedabad,Male,Gujarat,1108125.0,M.Tech,Doctor
9576,Yasmin Lala,32,Bangalore,Male,Karnataka,1533086.0,PhD,Entrepreneur
9577,Ivan Randhawa,30,Jaipur,Female,Rajasthan,879826.0,PhD,Data Scientist
9578,Aarna Madan,30,Hyderabad,Male,Telangana,1295973.0,MBA,Software Engineer
9579,Neysa Seshadri,21,Hyderabad,Female,Telangana,2812171.0,MBA,Doctor
9580,Vritika Verma,19,Pune,Male,Maharashtra,1366236.0,M.Tech,Software Engineer
9582,Ela Hora,31,Bangalore,Male,Karnataka,868487.0,MSc,Doctor
9583,Lakshit Bava,52,Lucknow,Male,Uttar Pradesh,1174884.0,PhD,Doctor
9584,Tushar Jani,44,Delhi,Female,Delhi,2220103.0,MBA,Data Scientist
9585,Misha Ramachandran,18,Hyderabad,Male,Telangana,1330941.0,MSc,Doctor
9586,Sumer Ben,38,Ahmedabad,Male,Gujarat,442527.0,Diploma,Customer Support
9588,Alia Sengupta,53,Hyderabad,Female,Telangana,2288486.0,MSc,Doctor
9590,Samar Barad,36,Chennai,Male,Tamil Nadu,1447849.0,PhD,Doctor
9591,Yasmin Chatterjee,31,Ahmedabad,Female,Gujarat,1257434.0,PhD,Finance Manager
9592,Tara Sundaram,56,Bangalore,Male,Karnataka,1545787.0,MSc,Data Scientist
9593,Zaina Deo,30,Jaipur,Male,Rajasthan,960173.0,PhD,Data Scientist
9594,Riya Doshi,27,Ahmedabad,Female,Gujarat,527690.0,Diploma,Teacher
9595,Krish Ahluwalia,29,Delhi,Female,Delhi,2087837.0,M.Tech,Entrepreneur
9597,Arnav Bhasin,40,Mumbai,Male,Maharashtra,1434105.0,PhD,Finance Manager
9598,Hrishita Subramaniam,38,Mumbai,Female,Maharashtra,1783366.0,M.Tech,Doctor
9599,Tara Barman,31,Delhi,Female,Delhi,1928129.0,M.Tech,Data Scientist
9600,Abram Ranganathan,26,Bangalore,Male,Karnataka,579975.0,B.Tech,Teacher
9601,Oorja Contractor,19,Delhi,Female,Delhi,2814739.0,M.Tech,Doctor
9602,Anaya Contractor,39,Kolkata,Female,West Bengal,1981716.0,M.Tech,Data Scientist
9603,Mohanlal Dhingra,21,Bangalore,Female,Karnataka,1827531.0,MBA,Finance Manager
9604,Kiara Brahmbhatt,39,Lucknow,Female,Uttar Pradesh,893665.0,PhD,Finance Manager
9605,Saira Butala,18,Mumbai,Male,Maharashtra,1503837.0,PhD,Software Engineer
9606,Mahika Dhaliwal,47,Ahmedabad,Male,Gujarat,1817598.0,PhD,Software Engineer
9607,Tushar Chopra,41,Delhi,Female,Delhi,2657676.0,M.Tech,Doctor
9608,Hansh Rana,34,Ahmedabad,Female,Gujarat,1908404.0,M.Tech,Finance Manager
9609,Vidur Chacko,28,Hyderabad,Male,Telangana,2692138.0,MBA,Finance Manager
9610,Veer Rajagopalan,49,Bangalore,Male,Karnataka,2836613.0,PhD,Entrepreneur
9611,Bhavin Chauhan,46,Kolkata,Male,West Bengal,1395022.0,MBA,Finance Manager
9615,Yakshit Thakur,29,Delhi,Male,Delhi,2874985.0,M.Tech,Data Scientist
9616,Divyansh Shukla,32,Bangalore,Male,Karnataka,2258099.0,MBA,Finance Manager
9617,Zeeshan Brar,46,Bangalore,Female,Karnataka,2424172.0,PhD,Finance Manager
9618,Azad Vyas,31,Chennai,Male,Tamil Nadu,1327825.0,MBA,Software Engineer
9619,Charvi Bumb,36,Lucknow,Female,Uttar Pradesh,694434.0,Diploma,Marketing Executive
9620,Drishya Mangat,30,Mumbai,Male,Maharashtra,2875065.0,MBA,Data Scientist
9621,Aarush Krish,30,Chennai,Male,Tamil Nadu,1301958.0,MSc,Software Engineer
9622,Kismat Rege,23,Ahmedabad,Female,Gujarat,624120.0,B.Com,Bank Clerk
9623,Baiju Gokhale,42,Chennai,Male,Tamil Nadu,1586863.0,PhD,Finance Manager
9624,Mohanlal Kari,18,Pune,Female,Maharashtra,926732.0,M.Tech,Entrepreneur
9625,Mehul Sankar,24,Hyderabad,Female,Telangana,1442957.0,MBA,Doctor
9626,Jayesh Viswanathan,34,Ahmedabad,Female,Gujarat,1449650.0,MBA,Software Engineer
9629,Nakul Din,31,Hyderabad,Male,Telangana,2320360.0,M.Tech,Entrepreneur
9630,Darshit Gandhi,41,Ahmedabad,Female,Gujarat,803305.0,M.Tech,Doctor
9631,Anahita Gola,46,Pune,Female,Maharashtra,765601.0,B.A,Accountant
9632,Priyansh Mall,37,Bangalore,Female,Karnataka,1365202.0,M.Tech,Data Scientist
9633,Gokul Kata,28,Bangalore,Male,Karnataka,491818.0,Diploma,Factory Worker
9635,Siya Sen,31,Chennai,Male,Tamil Nadu,1965369.0,MSc,Data Scientist
9636,Pranay Uppal,24,Ahmedabad,Male,Gujarat,1416562.0,M.Tech,Doctor
9637,Kaira Butala,37,Mumbai,Female,Maharashtra,2192066.0,MBA,Entrepreneur
9638,Mishti Sandhu,35,Mumbai,Male,Maharashtra,837462.0,PhD,Finance Manager
9639,Riaan Khanna,32,Chennai,Female,Tamil Nadu,1889377.0,MBA,Software Engineer
9640,Lagan Chanda,38,Ahmedabad,Female,Gujarat,970112.0,PhD,Software Engineer
9641,Hunar Sridhar,53,Chennai,Female,Tamil Nadu,1173776.0,MBA,Data Scientist
9642,Eva Kara,54,Ahmedabad,Female,Gujarat,1168826.0,MSc,Doctor
9643,Badal Hari,30,Delhi,Male,Delhi,2023848.0,MBA,Entrepreneur
9645,Mamooty Iyer,49,Chennai,Male,Tamil Nadu,1367690.0,M.Tech,Doctor
9646,Miraan Mangat,48,Mumbai,Male,Maharashtra,1842971.0,MBA,Doctor
9649,Ranbir Varty,39,Bangalore,Male,Karnataka,2243915.0,M.Tech,Doctor
9650,Jivin Raju,32,Bangalore,Female,Karnataka,2641131.0,MSc,Finance Manager
9651,Onkar Korpal,28,Bangalore,Female,Karnataka,2555152.0,MBA,Data Scientist
9652,Tiya Tara,31,Delhi,Male,Delhi,1545702.0,MBA,Finance Manager
9653,Tejas Deo,35,Delhi,Female,Delhi,2514858.0,MBA,Doctor
9654,Lakshay Sandal,28,Ahmedabad,Female,Gujarat,1255963.0,MSc,Entrepreneur
9656,Veer Kapoor,34,Mumbai,Female,Maharashtra,1829860.0,M.Tech,Finance Manager
9657,Lakshay Walla,25,Mumbai,Female,Maharashtra,991347.0,MBA,Software Engineer
9658,Sana Chad,26,Delhi,Female,Delhi,963525.0,MSc,Data Scientist
9660,Uthkarsh Rout,33,Pune,Male,Maharashtra,1247609.0,M.Tech,Software Engineer
9661,Jayan Vyas,55,Ahmedabad,Female,Gujarat,1422550.0,MBA,Data Scientist
9662,Aayush Rao,34,Bangalore,Female,Karnataka,2427764.0,PhD,Entrepreneur
9665,Ela Ahuja,36,Ahmedabad,Male,Gujarat,1445764.0,PhD,Software Engineer
9666,Onkar Yadav,28,Mumbai,Female,Maharashtra,1220269.0,PhD,Software Engineer
9667,Pari Dani,41,Delhi,Male,Delhi,2308450.0,M.Tech,Doctor
9669,Priyansh Singh,33,Jaipur,Female,Rajasthan,794242.0,Diploma,Accountant
9671,Krish Rout,49,Ahmedabad,Female,Gujarat,1222859.0,M.Tech,Finance Manager
9672,Trisha Kulkarni,43,Lucknow,Female,Uttar Pradesh,861734.0,MSc,Entrepreneur
9673,Ahana  Bora,50,Hyderabad,Female,Telangana,1325194.0,PhD,Finance Manager
9674,Vedika Kuruvilla,48,Hyderabad,Female,Telangana,1194388.0,PhD,Doctor
9675,Sana Jani,45,Bangalore,Female,Karnataka,1039516.0,MBA,Software Engineer
9677,Ivan Chauhan,34,Hyderabad,Male,Telangana,753969.0,BBA,Bank Clerk
9678,Mamooty Rau,25,Mumbai,Female,Maharashtra,302690.0,Diploma,Customer Support
9679,Yashvi Keer,18,Bangalore,Female,Karnataka,2673811.0,MBA,Software Engineer
9680,Abram Sarma,33,Ahmedabad,Male,Gujarat,1288827.0,MSc,Finance Manager
9681,Vanya Chokshi,31,Delhi,Female,Delhi,609921.0,Diploma,Bank Clerk
9682,Adah Maharaj,37,Mumbai,Female,Maharashtra,2431383.0,PhD,Data Scientist
9683,Zoya Shanker,30,Bangalore,Female,Karnataka,2687985.0,MBA,Data Scientist
9684,Himmat Dewan,37,Pune,Male,Maharashtra,1026077.0,MBA,Doctor
9685,Kismat Grewal,46,Delhi,Female,Delhi,1509232.0,MSc,Entrepreneur
9686,Mannat Gaba,18,Bangalore,Female,Karnataka,967232.0,MBA,Data Scientist
9687,Shaan Magar,27,Bangalore,Male,Karnataka,2640640.0,MSc,Software Engineer
9688,Bhavin Mangat,30,Mumbai,Female,Maharashtra,736476.0,MBA,HR Manager
9689,Jiya Banerjee,43,Ahmedabad,Female,Gujarat,1297929.0,MSc,Finance Manager
9691,Hridaan Malhotra,20,Delhi,Male,Delhi,1127784.0,MBA,Finance Manager
9692,Gokul Ghose,54,Pune,Male,Maharashtra,1877181.0,PhD,Finance Manager
9694,Yashvi Maharaj,43,Hyderabad,Female,Telangana,2860253.0,MBA,Doctor
9696,Rati Joshi,18,Bangalore,Female,Karnataka,325239.0,Diploma,Delivery Agent
9697,Amani Kulkarni,25,Mumbai,Female,Maharashtra,773910.0,B.Tech,Accountant
9698,Adira Kata,44,Delhi,Female,Delhi,869362.0,M.Tech,Doctor
9699,Samiha Batta,36,Delhi,Female,Delhi,407323.0,12th Pass,Factory Worker
9700,Miraya Loyal,29,Chennai,Female,Tamil Nadu,799870.0,BSc,Teacher
9701,Yasmin Ghose,52,Mumbai,Female,Maharashtra,1637531.0,PhD,Finance Manager
9702,Ela Edwin,35,Mumbai,Female,Maharashtra,989893.0,M.Tech,Finance Manager
9703,Tanya Din,24,Delhi,Female,Delhi,543740.0,B.Com,Bank Clerk
9704,Hridaan Sane,38,Pune,Female,Maharashtra,1597883.0,PhD,Entrepreneur
9705,Yuvaan Hayre,18,Bangalore,Male,Karnataka,2519843.0,M.Tech,Entrepreneur
9707,Siya Goyal,22,Mumbai,Male,Maharashtra,309592.0,12th Pass,Delivery Agent
9708,Ishaan Sachar,42,Delhi,Male,Delhi,699986.0,BBA,HR Manager
9709,Kavya Mander,36,Mumbai,Male,Maharashtra,2120024.0,M.Tech,Entrepreneur
9710,Zeeshan Dasgupta,29,Chennai,Female,Tamil Nadu,515204.0,Diploma,HR Manager
9711,Hiran Halder,30,Mumbai,Female,Maharashtra,436944.0,12th Pass,Factory Worker
9714,Samar Dugar,36,Bangalore,Male,Karnataka,2054306.0,M.Tech,Software Engineer
9715,Manjari Walia,18,Jaipur,Female,Rajasthan,994663.0,MSc,Data Scientist
9716,Mamooty Bhasin,50,Pune,Male,Maharashtra,924928.0,PhD,Finance Manager
9717,Sumer Kashyap,26,Mumbai,Male,Maharashtra,2230252.0,PhD,Entrepreneur
9718,Vardaniya Apte,27,Kolkata,Male,West Bengal,1783136.0,MSc,Entrepreneur
9719,Hridaan Khurana,42,Lucknow,Female,Uttar Pradesh,352416.0,Diploma,Customer Support
9720,Mamooty Sampath,39,Hyderabad,Male,Telangana,1790876.0,PhD,Doctor
9721,Parinaaz Dasgupta,40,Lucknow,Female,Uttar Pradesh,633682.0,B.Tech,Accountant
9724,Shanaya Sachdev,32,Bangalore,Male,Karnataka,483553.0,12th Pass,Customer Support
9725,Urvi Mall,36,Delhi,Female,Delhi,2069242.0,MSc,Entrepreneur
9726,Advika Chad,38,Bangalore,Male,Karnataka,2342205.0,PhD,Entrepreneur
9727,Parinaaz Saran,42,Bangalore,Male,Karnataka,937035.0,M.Tech,Entrepreneur
9728,Tarini Raman,56,Delhi,Male,Delhi,2657005.0,MBA,Entrepreneur
9729,Yuvaan Ratta,35,Mumbai,Male,Maharashtra,772830.0,Diploma,Marketing Executive
9730,Damini Dara,48,Pune,Male,Maharashtra,1671790.0,MSc,Finance Manager
9732,Nehmat Boase,35,Delhi,Male,Delhi,2679334.0,MSc,Data Scientist
9733,Aaina Sura,37,Mumbai,Female,Maharashtra,1557740.0,M.Tech,Entrepreneur
9734,Kashvi Bala,30,Ahmedabad,Male,Gujarat,1642136.0,MSc,Software Engineer
9736,Sara Date,40,Delhi,Female,Delhi,908175.0,MSc,Entrepreneur
9737,Zeeshan Shanker,37,Mumbai,Male,Maharashtra,2522417.0,MSc,Entrepreneur
9738,Ela Rao,27,Hyderabad,Female,Telangana,1317926.0,M.Tech,Software Engineer
9739,Ishita Mahajan,38,Hyderabad,Female,Telangana,1487260.0,MBA,Entrepreneur
9740,Diya Korpal,37,Mumbai,Female,Maharashtra,1361917.0,MSc,Data Scientist
9741,Shray Hora,20,Hyderabad,Female,Telangana,2071758.0,PhD,Entrepreneur
9742,Ela Warrior,31,Mumbai,Male,Maharashtra,2178372.0,MSc,Data Scientist
9744,Aayush Tiwari,25,Kolkata,Male,West Bengal,1426338.0,MSc,Finance Manager
9745,Kartik Keer,31,Bangalore,Female,Karnataka,1445704.0,PhD,Doctor
9746,Kiaan Kota,40,Delhi,Female,Delhi,579295.0,B.A,HR Manager
9747,Oorja Bedi,39,Bangalore,Female,Karnataka,1961032.0,MSc,Data Scientist
9748,Rania Ranganathan,35,Pune,Male,Maharashtra,1258346.0,MBA,Data Scientist
9749,Fateh Kohli,47,Mumbai,Female,Maharashtra,1700004.0,PhD,Finance Manager
9751,Manikya Kamdar,37,Chennai,Male,Tamil Nadu,1369046.0,PhD,Data Scientist
9752,Nitya Khurana,44,Kolkata,Male,West Bengal,1032950.0,MBA,Software Engineer
9755,Ehsaan Butala,35,Mumbai,Female,Maharashtra,1572419.0,M.Tech,Doctor
9756,Raghav Anand,26,Hyderabad,Male,Telangana,1920071.0,M.Tech,Entrepreneur
9757,Ivan Divan,40,Hyderabad,Female,Telangana,2509562.0,PhD,Software Engineer
9758,Aaina Chakraborty,18,Pune,Female,Maharashtra,1816672.0,M.Tech,Finance Manager
9759,Shamik Mandal,18,Chennai,Female,Tamil Nadu,515842.0,Diploma,Teacher
9760,Tarini Sunder,19,Delhi,Male,Delhi,2515664.0,M.Tech,Data Scientist
9761,Hazel Saha,52,Mumbai,Male,Maharashtra,2851282.0,M.Tech,Doctor
9762,Raunak Chawla,25,Bangalore,Male,Karnataka,1912001.0,MBA,Data Scientist
9763,Vaibhav Bhardwaj,42,Pune,Male,Maharashtra,1514657.0,M.Tech,Finance Manager
9764,Kiaan Borra,37,Bangalore,Male,Karnataka,1741492.0,MBA,Software Engineer
9765,Myra Bala,41,Ahmedabad,Female,Gujarat,1744855.0,PhD,Finance Manager
9766,Aarush Jain,18,Mumbai,Male,Maharashtra,2169779.0,MBA,Data Scientist
9770,Ishaan Tandon,53,Kolkata,Female,West Bengal,1079819.0,MSc,Software Engineer
9771,Riya Bir,37,Mumbai,Female,Maharashtra,2033773.0,PhD,Entrepreneur
9772,Anika Lata,42,Bangalore,Male,Karnataka,2357547.0,MBA,Finance Manager
9773,Hridaan Bala,29,Delhi,Male,Delhi,693724.0,B.A,Accountant
9774,Aaryahi Shukla,38,Bangalore,Female,Karnataka,975257.0,MBA,Finance Manager
9775,Yashvi Bhatt,18,Jaipur,Female,Rajasthan,626835.0,B.Com,Teacher
9776,Divit Lala,29,Delhi,Male,Delhi,1401912.0,MBA,Software Engineer
9777,Tarini Hayer,27,Mumbai,Female,Maharashtra,1322569.0,M.Tech,Entrepreneur
9778,Gatik Tripathi,26,Mumbai,Female,Maharashtra,2746955.0,MSc,Doctor
9779,Neelofar Srinivasan,39,Mumbai,Female,Maharashtra,2146946.0,MSc,Finance Manager
9782,Madhav Randhawa,27,Chennai,Male,Tamil Nadu,1808848.0,M.Tech,Data Scientist
9783,Shlok Verma,38,Chennai,Male,Tamil Nadu,1954534.0,M.Tech,Entrepreneur
9784,Shaan Kashyap,35,Ahmedabad,Male,Gujarat,1981239.0,MSc,Software Engineer
9785,Kashvi Dhillon,48,Delhi,Male,Delhi,1285792.0,M.Tech,Doctor
9786,Rania Basak,30,Bangalore,Female,Karnataka,1006369.0,PhD,Finance Manager
9787,Hridaan Basak,37,Delhi,Male,Delhi,664650.0,BSc,Teacher
9788,Vardaniya Behl,40,Bangalore,Male,Karnataka,1891509.0,M.Tech,Doctor
9790,Madhav Dewan,49,Delhi,Female,Delhi,390607.0,Diploma,Customer Support
9791,Keya Maharaj,28,Ahmedabad,Female,Gujarat,522263.0,B.Tech,Accountant
9792,Aarna Cheema,29,Kolkata,Male,West Bengal,1123315.0,MSc,Data Scientist
9793,Reyansh Ramesh,40,Hyderabad,Female,Telangana,469546.0,12th Pass,Retail Worker
9794,Devansh Batra,41,Lucknow,Female,Uttar Pradesh,963365.0,MSc,Doctor
9795,Shayak Salvi,32,Hyderabad,Male,Telangana,1162716.0,MBA,Finance Manager
9796,Rania Vaidya,49,Delhi,Male,Delhi,527474.0,BSc,Bank Clerk
9797,Yakshit Shankar,23,Chennai,Female,Tamil Nadu,961459.0,PhD,Data Scientist
9798,Ishaan Yogi,41,Bangalore,Male,Karnataka,1982652.0,PhD,Data Scientist
9799,Suhana Jain,27,Ahmedabad,Male,Gujarat,1512074.0,MBA,Data Scientist
9800,Tanya Zachariah,38,Bangalore,Female,Karnataka,1810030.0,PhD,Software Engineer
9801,Prerak Balan,21,Bangalore,Female,Karnataka,2230672.0,MSc,Doctor
9802,Mannat Choudhry,32,Hyderabad,Female,Telangana,792533.0,BSc,Bank Clerk
9803,Lavanya Rau,39,Mumbai,Female,Maharashtra,2678385.0,M.Tech,Doctor
9804,Dishani Malhotra,27,Jaipur,Male,Rajasthan,1157699.0,MSc,Software Engineer
9805,Alisha Sarraf,18,Delhi,Female,Delhi,2238483.0,M.Tech,Entrepreneur
9806,Krish Bali,18,Mumbai,Male,Maharashtra,2241296.0,MBA,Entrepreneur
9807,Himmat Viswanathan,27,Delhi,Male,Delhi,2306524.0,MBA,Data Scientist
9808,Kartik Deshmukh,39,Kolkata,Male,West Bengal,1007896.0,MSc,Software Engineer
9809,Nishith Lad,18,Hyderabad,Female,Telangana,1528278.0,MSc,Entrepreneur
9812,Ehsaan Lall,43,Ahmedabad,Male,Gujarat,536257.0,B.A,Teacher
9813,Yuvaan Dhingra,38,Delhi,Male,Delhi,302537.0,12th Pass,Retail Worker
9814,Navya Kunda,30,Mumbai,Female,Maharashtra,1784807.0,PhD,Doctor
9815,Kanav Walia,45,Mumbai,Male,Maharashtra,765819.0,MCA,Accountant
9816,Purab Sankaran,38,Mumbai,Male,Maharashtra,1934446.0,PhD,Software Engineer
9817,Samarth Thakkar,26,Delhi,Female,Delhi,2787615.0,MBA,Entrepreneur
9818,Hansh Aggarwal,26,Ahmedabad,Male,Gujarat,1177223.0,MSc,Doctor
9819,Priyansh Tella,21,Ahmedabad,Female,Gujarat,1560978.0,M.Tech,Finance Manager
9820,Miraan Koshy,49,Bangalore,Male,Karnataka,1909948.0,MBA,Doctor
9821,Neelofar Raval,37,Delhi,Female,Delhi,1031955.0,PhD,Doctor
9822,Zara Karan,21,Bangalore,Male,Karnataka,1722356.0,MBA,Entrepreneur
9823,Oorja Tella,57,Ahmedabad,Female,Gujarat,1318792.0,M.Tech,Software Engineer
9825,Stuvan Golla,35,Delhi,Male,Delhi,2829646.0,MSc,Finance Manager
9826,Prisha Amble,25,Hyderabad,Male,Telangana,958879.0,MSc,Finance Manager
9827,Taimur Ravi,32,Kolkata,Male,West Bengal,1625448.0,M.Tech,Entrepreneur
9829,Mannat Tata,35,Mumbai,Male,Maharashtra,2872870.0,M.Tech,Software Engineer
9830,Rania Shroff,48,Bangalore,Male,Karnataka,2544828.0,MBA,Software Engineer
9831,Anay Bala,41,Hyderabad,Female,Telangana,2934451.0,MBA,Finance Manager
9832,Taran Roy,29,Ahmedabad,Male,Gujarat,721417.0,B.Com,Marketing Executive
9833,Advik Sarkar,28,Hyderabad,Female,Telangana,1050625.0,MBA,Software Engineer
9834,Kavya Ghosh,35,Hyderabad,Female,Telangana,678568.0,B.A,Teacher
9835,Mamooty Borah,40,Bangalore,Male,Karnataka,362312.0,12th Pass,Delivery Agent
9836,Vardaniya Lall,43,Delhi,Female,Delhi,542245.0,MBA,Marketing Executive
9837,Aniruddh Cheema,46,Hyderabad,Female,Telangana,2671045.0,PhD,Finance Manager
9838,Nakul Bir,68,Hyderabad,Female,Telangana,2167000.0,M.Tech,Finance Manager
9839,Krish Sant,29,Delhi,Female,Delhi,1474660.0,PhD,Finance Manager
9840,Tejas Jaggi,43,Kolkata,Female,West Bengal,1358695.0,MSc,Finance Manager
9841,Purab Kota,30,Ahmedabad,Male,Gujarat,664491.0,BSc,HR Manager
9843,Yashvi Deol,42,Pune,Female,Maharashtra,1329856.0,PhD,Data Scientist
9844,Renee Johal,32,Kolkata,Female,West Bengal,1102774.0,MBA,Doctor
9845,Shlok Ghose,25,Mumbai,Male,Maharashtra,1634660.0,PhD,Doctor
9846,Sumer Lalla,33,Hyderabad,Female,Telangana,1671630.0,MSc,Doctor
9848,Nitara Acharya,42,Kolkata,Male,West Bengal,1605839.0,MBA,Software Engineer
9849,Yakshit Bava,32,Mumbai,Female,Maharashtra,1403570.0,MBA,Doctor
9850,Anya Dey,18,Chennai,Female,Tamil Nadu,1753768.0,MBA,Software Engineer
9851,Priyansh Devan,20,Bangalore,Male,Karnataka,1927824.0,PhD,Finance Manager
9852,Amira Karnik,38,Bangalore,Male,Karnataka,2198230.0,MBA,Software Engineer
9853,Nayantara Ray,26,Hyderabad,Male,Telangana,508839.0,Diploma,Bank Clerk
9854,Mehul Jain,28,Delhi,Male,Delhi,974549.0,M.Tech,Software Engineer
9855,Dhanuk Seth,54,Bangalore,Male,Karnataka,458088.0,12th Pass,Customer Support
9856,Eshani Baria,40,Bangalore,Female,Karnataka,2255908.0,MSc,Data Scientist
9857,Kanav Balasubramanian,44,Delhi,Female,Delhi,488203.0,Diploma,Delivery Agent
9858,Mohanlal Raju,38,Chennai,Male,Tamil Nadu,1723132.0,PhD,Finance Manager
9859,Saanvi Salvi,38,Bangalore,Female,Karnataka,1333787.0,MSc,Finance Manager
9860,Siya Cherian,38,Jaipur,Male,Rajasthan,374132.0,12th Pass,Customer Support
9861,Baiju Sahni,25,Ahmedabad,Male,Gujarat,1330256.0,PhD,Finance Manager
9862,Nishith Sane,32,Bangalore,Female,Karnataka,1586368.0,PhD,Software Engineer
9863,Riya Raval,64,Chennai,Male,Tamil Nadu,1921756.0,PhD,Finance Manager
9865,Khushi Edwin,32,Hyderabad,Male,Telangana,437056.0,Diploma,Delivery Agent
9866,Badal Swamy,39,Hyderabad,Female,Telangana,2844301.0,PhD,Data Scientist
9867,Nitya Krish,44,Bangalore,Female,Karnataka,1755023.0,MBA,Doctor
9868,Pihu Bhargava,23,Bangalore,Male,Karnataka,1690353.0,MSc,Software Engineer
9869,Hunar Mani,33,Kolkata,Female,West Bengal,558997.0,MBA,Bank Clerk
9870,Ranbir Chawla,35,Mumbai,Female,Maharashtra,1801118.0,M.Tech,Software Engineer
9872,Dhruv Goda,50,Bangalore,Female,Karnataka,2599080.0,PhD,Data Scientist
9873,Azad Sandhu,32,Delhi,Female,Delhi,2143798.0,PhD,Doctor
9874,Shray Raman,42,Kolkata,Male,West Bengal,1896252.0,PhD,Finance Manager
9875,Divij Kunda,48,Delhi,Male,Delhi,1626419.0,M.Tech,Software Engineer
9876,Saksham Rout,37,Mumbai,Female,Maharashtra,956547.0,M.Tech,Data Scientist
9879,Saanvi Balan,49,Jaipur,Male,Rajasthan,1084723.0,PhD,Data Scientist
9880,Madhav Chana,37,Chennai,Male,Tamil Nadu,947756.0,MSc,Data Scientist
9881,Jhanvi Madan,42,Ahmedabad,Male,Gujarat,510927.0,B.Com,Accountant
9882,Zoya Dyal,37,Ahmedabad,Male,Gujarat,558039.0,BBA,Bank Clerk
9884,Reyansh Bora,28,Mumbai,Female,Maharashtra,1267928.0,MSc,Doctor
9885,Keya Badami,37,Chennai,Male,Tamil Nadu,1846208.0,MSc,Finance Manager
9887,Amira Bhardwaj,40,Ahmedabad,Male,Gujarat,733328.0,MCA,Teacher
9888,Ayesha Bora,18,Delhi,Female,Delhi,2236695.0,M.Tech,Entrepreneur
9889,Misha Dutt,24,Bangalore,Male,Karnataka,977199.0,MSc,Software Engineer
9890,Lakshay Jhaveri,51,Ahmedabad,Female,Gujarat,1112335.0,MSc,Doctor
9891,Tushar Thaker,46,Ahmedabad,Female,Gujarat,1693662.0,M.Tech,Data Scientist
9892,Lakshit Dani,26,Hyderabad,Male,Telangana,1405368.0,MSc,Doctor
9893,Ira Uppal,63,Chennai,Female,Tamil Nadu,656401.0,B.Com,HR Manager
9894,Akarsh Bandi,47,Bangalore,Female,Karnataka,624124.0,MBA,Accountant
9895,Aaryahi Mallick,30,Bangalore,Female,Karnataka,652808.0,B.A,Marketing Executive
9896,Akarsh Badami,41,Pune,Male,Maharashtra,1713241.0,PhD,Data Scientist
9898,Jivin Hari,46,Hyderabad,Male,Telangana,2714619.0,MBA,Finance Manager
9899,Vanya Dhar,40,Bangalore,Female,Karnataka,469546.0,12th Pass,Customer Support
9900,Dhanush Kunda,24,Hyderabad,Female,Telangana,2611880.0,MBA,Finance Manager
9901,Ahana  Kara,49,Ahmedabad,Male,Gujarat,1302341.0,PhD,Data Scientist
9902,Hazel Bumb,34,Mumbai,Male,Maharashtra,1968170.0,MSc,Entrepreneur
9904,Shray Badal,42,Chennai,Female,Tamil Nadu,1269019.0,MBA,Doctor
9905,Hridaan Bora,33,Hyderabad,Female,Telangana,1435681.0,M.Tech,Finance Manager
9907,Nirvi Kari,35,Hyderabad,Male,Telangana,1441742.0,M.Tech,Software Engineer
9908,Dishani Borah,39,Hyderabad,Male,Telangana,648003.0,BBA,HR Manager
9911,Gatik Wagle,35,Hyderabad,Female,Telangana,700900.0,MBA,Bank Clerk
9912,Eshani Sarraf,43,Delhi,Female,Delhi,1909583.0,PhD,Data Scientist
9913,Raghav Raman,31,Delhi,Female,Delhi,1888330.0,M.Tech,Entrepreneur
9914,Yashvi Konda,48,Mumbai,Male,Maharashtra,1832387.0,M.Tech,Entrepreneur
9915,Aaryahi Singhal,27,Kolkata,Male,West Bengal,1146826.0,MBA,Finance Manager
9917,Eshani Bal,35,Hyderabad,Male,Telangana,2412560.0,MSc,Software Engineer
9918,Saksham Raju,47,Bangalore,Female,Karnataka,2687513.0,M.Tech,Finance Manager
9919,Kavya Master,40,Jaipur,Female,Rajasthan,903521.0,MSc,Finance Manager
9920,Miraya Doshi,33,Mumbai,Male,Maharashtra,2863268.0,MSc,Doctor
9921,Yashvi Ray,42,Bangalore,Male,Karnataka,2122824.0,PhD,Doctor
9922,Prerak Kunda,28,Ahmedabad,Female,Gujarat,1902482.0,MBA,Finance Manager
9923,Akarsh Arya,35,Chennai,Male,Tamil Nadu,1510067.0,M.Tech,Finance Manager
9924,Keya Thaman,36,Hyderabad,Female,Telangana,2505408.0,PhD,Data Scientist
9925,Hridaan Basak,37,Ahmedabad,Female,Gujarat,1777408.0,PhD,Finance Manager
9926,Kanav Grover,45,Bangalore,Female,Karnataka,682237.0,B.A,Teacher
9927,Jivin Khare,35,Delhi,Female,Delhi,2153122.0,M.Tech,Entrepreneur
9928,Jivika Chatterjee,33,Delhi,Female,Delhi,929714.0,PhD,Entrepreneur
9929,Raghav Bala,19,Chennai,Male,Tamil Nadu,1571164.0,MBA,Software Engineer
9930,Seher Som,42,Mumbai,Male,Maharashtra,1559005.0,MBA,Data Scientist
9931,Pari Varty,31,Delhi,Male,Delhi,2468717.0,MBA,Entrepreneur
9932,Romil Doctor,34,Chennai,Male,Tamil Nadu,1553800.0,M.Tech,Finance Manager
9933,Yuvaan Kar,33,Lucknow,Female,Uttar Pradesh,635618.0,B.Tech,Marketing Executive
9935,Jayant Andra,18,Delhi,Male,Delhi,394092.0,12th Pass,Security Guard
9936,Kabir Das,40,Ahmedabad,Female,Gujarat,953678.0,MBA,Data Scientist
9937,Vanya Soni,22,Mumbai,Female,Maharashtra,1856631.0,PhD,Finance Manager
9938,Tanya Dar,42,Hyderabad,Female,Telangana,2514058.0,M.Tech,Finance Manager
9939,Yakshit Banerjee,45,Mumbai,Male,Maharashtra,2498408.0,PhD,Software Engineer
9941,Saanvi Bose,39,Delhi,Female,Delhi,1152083.0,PhD,Doctor
9942,Nishith Khurana,33,Mumbai,Male,Maharashtra,1894351.0,PhD,Finance Manager
9944,Samar Dhawan,27,Mumbai,Female,Maharashtra,2635656.0,MSc,Data Scientist
9945,Kartik Lalla,32,Bangalore,Female,Karnataka,2833241.0,MSc,Data Scientist
9946,Abram Deep,32,Ahmedabad,Male,Gujarat,1837591.0,MSc,Software Engineer
9947,Hrishita Bhatia,27,Delhi,Female,Delhi,852988.0,PhD,Data Scientist
9948,Hiran Gaba,54,Bangalore,Male,Karnataka,2650826.0,M.Tech,Data Scientist
9949,Mahika Lanka,26,Delhi,Male,Delhi,634085.0,B.Tech,Accountant
9951,Hridaan Karan,45,Ahmedabad,Female,Gujarat,1060230.0,MBA,Data Scientist
9952,Alia Krishnamurthy,47,Delhi,Male,Delhi,2084235.0,MSc,Doctor
9953,Advika Lall,44,Mumbai,Male,Maharashtra,2855843.0,MSc,Data Scientist
9954,Anika Edwin,25,Mumbai,Male,Maharashtra,849228.0,MBA,Data Scientist
9955,Riaan Bala,48,Hyderabad,Female,Telangana,1561107.0,MSc,Data Scientist
9956,Jivika Sharma,34,Bangalore,Male,Karnataka,2984459.0,MBA,Software Engineer
9957,Arnav Kant,47,Mumbai,Male,Maharashtra,2725061.0,MBA,Data Scientist
9958,Adira Bhatnagar,41,Mumbai,Male,Maharashtra,1607080.0,MSc,Doctor
9959,Ojas Sha,35,Bangalore,Female,Karnataka,1442864.0,MBA,Doctor
9960,Hazel Kashyap,32,Hyderabad,Female,Telangana,2838280.0,MBA,Data Scientist
9961,Yuvraj  Jani,36,Delhi,Male,Delhi,2329377.0,PhD,Entrepreneur
9962,Ritvik Raj,23,Mumbai,Female,Maharashtra,331948.0,12th Pass,Delivery Agent
9963,Vivaan Chatterjee,40,Mumbai,Female,Maharashtra,326837.0,Diploma,Customer Support
9964,Pranay Vala,28,Kolkata,Female,West Bengal,1713875.0,M.Tech,Entrepreneur
9965,Nirvi Dugar,45,Delhi,Female,Delhi,2800889.0,MSc,Doctor
9967,Miraya Chadha,39,Lucknow,Female,Uttar Pradesh,502059.0,BBA,Teacher
9968,Tejas Chada,29,Mumbai,Male,Maharashtra,1467802.0,MBA,Software Engineer
9969,Saksham Gulati,38,Hyderabad,Male,Telangana,2821905.0,PhD,Software Engineer
9970,Prisha Krishnamurthy,35,Bangalore,Female,Karnataka,818963.0,MSc,Finance Manager
9971,Shray Shroff,33,Jaipur,Male,Rajasthan,811275.0,PhD,Finance Manager
9972,Prerak Borra,35,Mumbai,Male,Maharashtra,2036638.0,M.Tech,Software Engineer
9973,Saira Badami,41,Bangalore,Female,Karnataka,1242325.0,MSc,Doctor
9975,Myra Saha,42,Mumbai,Female,Maharashtra,1182974.0,M.Tech,Software Engineer
9976,Kiaan Rajan,26,Hyderabad,Male,Telangana,1366617.0,M.Tech,Data Scientist
9977,Damini Badal,37,Bangalore,Male,Karnataka,544756.0,BSc,HR Manager
9979,Diya Ramakrishnan,36,Ahmedabad,Male,Gujarat,1682981.0,MSc,Entrepreneur
9980,Charvi Lad,26,Mumbai,Female,Maharashtra,536507.0,B.Com,Bank Clerk
9981,Farhan Karpe,34,Ahmedabad,Male,Gujarat,1129953.0,PhD,Data Scientist
9982,Eshani Bains,34,Pune,Male,Maharashtra,1505334.0,M.Tech,Data Scientist
9983,Vardaniya Dhillon,32,Mumbai,Female,Maharashtra,2460949.0,MBA,Finance Manager
9986,Raghav Uppal,30,Mumbai,Male,Maharashtra,2321142.0,M.Tech,Software Engineer
9987,Jayan Bhandari,34,Mumbai,Female,Maharashtra,2060241.0,PhD,Entrepreneur
9988,Aradhya Kibe,37,Bangalore,Male,Karnataka,2717590.0,M.Tech,Entrepreneur
9989,Fateh Bali,41,Hyderabad,Female,Telangana,1059837.0,PhD,Software Engineer
9991,Rati Kota,25,Hyderabad,Female,Telangana,2816450.0,MSc,Data Scientist
9992,Aayush Char,36,Bangalore,Male,Karnataka,2145252.0,PhD,Entrepreneur
9993,Badal Chaudhari,46,Bangalore,Female,Karnataka,723988.0,MCA,Teacher
9994,Mohanlal Maharaj,50,Hyderabad,Female,Telangana,1125535.0,MSc,Doctor
9996,Aarna Baral,33,Hyderabad,Female,Telangana,1881868.0,MSc,Doctor
9997,Yashvi Arora,31,Mumbai,Female,Maharashtra,2681195.0,M.Tech,Software Engineer
9998,Abram Badami,50,Mumbai,Male,Maharashtra,1357020.0,MSc,Finance Manager
9999,Taran Tella,29,Delhi,Female,Delhi,1458748.0,MBA,Finance Manager
10000,Riaan Sani,42,Bangalore,Female,Karnataka,2072320.0,M.Tech,Data Scientist
10150,Alisha Sastry,44,Pune,Female,Maharashtra,1418224.0,M.Tech,Finance Manager
10056,Baiju Bera,20,Ahmedabad,Male,Gujarat,532371.0,MBA,Accountant
10119,Yuvaan Madan,26,Delhi,Male,Delhi,2336786.0,M.Tech,Software Engineer
10019,Manjari Chowdhury,38,Delhi,Male,Delhi,1813754.0,MBA,Software Engineer
10113,Samarth Bumb,48,Delhi,Female,Delhi,2959193.0,PhD,Data Scientist
10124,Yasmin Lall,42,Hyderabad,Male,Telangana,836377.0,MBA,Data Scientist
10013,Alisha Bhakta,18,Hyderabad,Male,Telangana,625679.0,Diploma,Accountant
10122,Anaya Khare,41,Delhi,Female,Delhi,1731426.0,MSc,Entrepreneur
10088,Anvi Gaba,38,Ahmedabad,Male,Gujarat,841210.0,MSc,Software Engineer
10020,Raghav Thakur,39,Bangalore,Male,Karnataka,1340475.0,MBA,Doctor
10087,Prerak Tailor,44,Pune,Male,Maharashtra,1052862.0,MBA,Entrepreneur
10096,Mehul Sankar,48,Bangalore,Male,Karnataka,524224.0,BSc,Teacher
10044,Devansh Kamdar,37,Mumbai,Female,Maharashtra,2902482.0,MSc,Entrepreneur
10081,Nitya Sunder,36,Bangalore,Male,Karnataka,1258236.0,M.Tech,Entrepreneur
10009,Kavya Comar,38,Delhi,Female,Delhi,754844.0,MCA,Teacher
10001,Badal Zacharia,41,Delhi,Female,Delhi,1203784.0,M.Tech,Finance Manager
10067,Shlok Sama,42,Mumbai,Female,Maharashtra,780407.0,B.Com,Marketing Executive
10110,Saanvi Chahal,40,Delhi,Female,Delhi,2612037.0,MSc,Entrepreneur
10131,Alia Grewal,42,Bangalore,Female,Karnataka,987542.0,PhD,Doctor
10017,Keya Bava,18,Chennai,Female,Tamil Nadu,1045751.0,M.Tech,Doctor
10142,Hunar Wagle,32,Ahmedabad,Male,Gujarat,1354633.0,MSc,Entrepreneur
10107,Diya Gandhi,34,Mumbai,Male,Maharashtra,2875668.0,MSc,Doctor
10045,Rati Bhakta,46,Mumbai,Male,Maharashtra,382982.0,Diploma,Security Guard
10079,Diya Borde,34,Mumbai,Female,Maharashtra,1351451.0,MSc,Data Scientist
10046,Vaibhav Sankar,29,Bangalore,Male,Karnataka,653580.0,B.Com,Accountant
10149,Rasha Bawa,18,Delhi,Male,Delhi,2889208.0,MSc,Data Scientist
10140,Mamooty Badami,60,Mumbai,Female,Maharashtra,1662639.0,PhD,Finance Manager
10103,Azad Shroff,54,Hyderabad,Male,Telangana,1789421.0,PhD,Finance Manager
10070,Damini Sheth,35,Ahmedabad,Male,Gujarat,1465016.0,M.Tech,Finance Manager
10033,Lagan Dara,36,Mumbai,Male,Maharashtra,805008.0,MBA,Doctor
10091,Vaibhav Tata,32,Delhi,Female,Delhi,1046709.0,MSc,Data Scientist
10053,Tara Shanker,41,Jaipur,Female,Rajasthan,1168849.0,MSc,Finance Manager
10006,Zoya Sankaran,29,Pune,Female,Maharashtra,984799.0,PhD,Doctor
10083,Khushi Saran,35,Delhi,Male,Delhi,2241322.0,M.Tech,Data Scientist
10101,Dishani Varkey,41,Jaipur,Female,Rajasthan,543912.0,BSc,Marketing Executive
10014,Zaina Chopra,34,Hyderabad,Female,Telangana,2301635.0,MSc,Software Engineer
10015,Yakshit Sama,31,Chennai,Female,Tamil Nadu,1695768.0,PhD,Entrepreneur
10039,Kashvi Din,26,Mumbai,Female,Maharashtra,468160.0,12th Pass,Delivery Agent
10027,Vivaan Deol,29,Delhi,Male,Delhi,1192555.0,MSc,Finance Manager
10023,Shayak Vaidya,27,Ahmedabad,Female,Gujarat,558812.0,Diploma,Teacher
10059,Inaaya  Bal,45,Delhi,Male,Delhi,2711373.0,M.Tech,Doctor
10004,Urvi Singhal,18,Delhi,Male,Delhi,2445651.0,MBA,Finance Manager
10111,Mahika Lad,43,Mumbai,Male,Maharashtra,933854.0,MSc,Finance Manager
10058,Fateh Chhabra,44,Pune,Female,Maharashtra,789593.0,MCA,Bank Clerk
10061,Prisha Srinivas,34,Mumbai,Male,Maharashtra,300827.0,12th Pass,Security Guard
10134,Zeeshan Rajagopalan,56,Ahmedabad,Female,Gujarat,1899547.0,MBA,Data Scientist
10117,Eshani Kadakia,45,Bangalore,Male,Karnataka,2983987.0,PhD,Entrepreneur
10012,Jhanvi Vaidya,31,Delhi,Male,Delhi,550621.0,BBA,Bank Clerk
10047,Riaan Manne,40,Mumbai,Male,Maharashtra,306363.0,Diploma,Delivery Agent
10136,Anay Bail,37,Lucknow,Female,Uttar Pradesh,421067.0,Diploma,Factory Worker
10116,Parinaaz Thakkar,28,Bangalore,Female,Karnataka,1227595.0,MSc,Finance Manager
10007,Samarth Kar,44,Mumbai,Female,Maharashtra,432560.0,Diploma,Retail Worker
10005,Akarsh Mall,54,Delhi,Male,Delhi,2265496.0,MSc,Finance Manager
10148,Adira Dhar,18,Delhi,Male,Delhi,1383513.0,PhD,Software Engineer
10021,Seher Gandhi,41,Delhi,Female,Delhi,1349812.0,MBA,Entrepreneur
10050,Sara Kakar,23,Bangalore,Female,Karnataka,775317.0,BBA,Teacher
10085,Kashvi Kulkarni,33,Kolkata,Female,West Bengal,929424.0,MSc,Data Scientist
10041,Lagan Malhotra,22,Bangalore,Male,Karnataka,2299858.0,PhD,Data Scientist
10031,Adah Swamy,36,Delhi,Female,Delhi,1475987.0,MBA,Doctor
10137,Yasmin Chana,20,Mumbai,Male,Maharashtra,1408553.0,M.Tech,Entrepreneur
10043,Aayush Seshadri,28,Bangalore,Female,Karnataka,443783.0,Diploma,Retail Worker
10022,Mehul Goswami,29,Kolkata,Male,West Bengal,1161696.0,PhD,Software Engineer
10037,Ayesha Sheth,53,Delhi,Male,Delhi,814616.0,PhD,Data Scientist
10008,Ojas Edwin,34,Bangalore,Male,Karnataka,668097.0,BBA,Marketing Executive
10100,Rhea Wali,35,Kolkata,Male,West Bengal,1509172.0,MSc,Entrepreneur
10082,Shayak Mann,26,Bangalore,Female,Karnataka,1544068.0,MBA,Software Engineer
10125,Anaya Bahri,31,Bangalore,Female,Karnataka,2131329.0,PhD,Entrepreneur
10073,Anahita Kalita,32,Delhi,Male,Delhi,998003.0,M.Tech,Software Engineer
27,Himmat Gopal,46,Delhi,Male,Delhi,2008694.0,MSc,Doctor
213,Jivika Sant,20,Delhi,Female,Delhi,1934327.0,MBA,Entrepreneur
383,Mannat Tara,41,Delhi,Female,Delhi,486759.0,Diploma,Retail Worker
629,Keya Dyal,42,Delhi,Female,Delhi,1141641.0,M.Tech,Software Engineer
836,Anya Contractor,31,Delhi,Male,Delhi,723441.0,B.Com,HR Manager
1115,Eva Reddy,27,Delhi,Female,Delhi,1968593.0,MBA,Software Engineer
1130,Yuvaan Rattan,27,Delhi,Female,Delhi,1701323.0,MSc,Entrepreneur
1586,Alisha Khurana,44,Delhi,Female,Delhi,370093.0,Diploma,Security Guard
2171,Ishita Gandhi,38,Delhi,Male,Delhi,2073861.0,PhD,Doctor
2590,Shray Chada,31,Delhi,Male,Delhi,2207639.0,M.Tech,Doctor
2640,Lakshit Atwal,22,Delhi,Female,Delhi,1046805.0,M.Tech,Data Scientist
2960,Zeeshan Handa,32,Delhi,Male,Delhi,2733510.0,MSc,Software Engineer
3044,Diya Jani,29,Delhi,Female,Delhi,2780981.0,M.Tech,Software Engineer
3240,Sahil Bansal,30,Delhi,Male,Delhi,1572547.0,MBA,Entrepreneur
3672,Shlok Sura,26,Delhi,Male,Delhi,1501915.0,M.Tech,Software Engineer
3856,Emir Khatri,18,Delhi,Male,Delhi,921319.0,PhD,Finance Manager
4157,Ivana Jain,27,Delhi,Male,Delhi,1392944.0,PhD,Entrepreneur
4171,Hazel Dar,38,Delhi,Female,Delhi,305198.0,Diploma,Factory Worker
4238,Elakshi Vohra,47,Delhi,Female,Delhi,2353135.0,MSc,Doctor
4267,Zara Sekhon,30,Delhi,Female,Delhi,1264353.0,PhD,Finance Manager
4350,Aaryahi Luthra,41,Delhi,Female,Delhi,2560106.0,MBA,Data Scientist
4832,Vanya Jani,36,Delhi,Male,Delhi,679485.0,BBA,Accountant
4888,Aarav Bhargava,27,Delhi,Female,Delhi,2025108.0,M.Tech,Data Scientist
5541,Gatik Kumar,33,Delhi,Male,Delhi,2545640.0,MSc,Doctor
5549,Dhanuk Jayaraman,40,Delhi,Female,Delhi,1492896.0,MSc,Finance Manager
5589,Saira Kale,37,Delhi,Female,Delhi,2640686.0,M.Tech,Entrepreneur
6317,Miraya Kapoor,40,Delhi,Male,Delhi,789064.0,B.Com,Marketing Executive
7088,Rohan Bose,36,Delhi,Female,Delhi,1230473.0,PhD,Software Engineer
7334,Kimaya Wable,41,Delhi,Male,Delhi,1087575.0,MBA,Finance Manager
7412,Abram Bava,30,Delhi,Female,Delhi,1664343.0,MSc,Software Engineer
7438,Arhaan Kata,31,Delhi,Female,Delhi,447451.0,12th Pass,Security Guard
8492,Samarth Vyas,34,Delhi,Female,Delhi,1920603.0,MBA,Software Engineer
8715,Ritvik Sridhar,33,Delhi,Male,Delhi,927343.0,MBA,Finance Manager
8778,Miraya Agrawal,31,Delhi,Male,Delhi,613812.0,B.Tech,HR Manager
9455,Nishith Ramakrishnan,41,Delhi,Male,Delhi,462388.0,Diploma,Factory Worker
9524,Rania Kothari,37,Delhi,Male,Delhi,1701776.0,MBA,Finance Manager
9628,Darshit Sabharwal,49,Delhi,Female,Delhi,2832226.0,PhD,Software Engineer
9723,Siya Subramanian,21,Delhi,Female,Delhi,2005039.0,MBA,Data Scientist
9909,Rhea Sarkar,39,Delhi,Female,Delhi,545169.0,B.Tech,Bank Clerk
9910,Azad Aurora,50,Delhi,Female,Delhi,333852.0,Diploma,Customer Support
9916,Abram Sankar,36,Delhi,Female,Delhi,1976583.0,MBA,Data Scientist
77,Amira Bajwa,22,Ahmedabad,Female,Gujarat,1305855.0,M.Tech,Doctor
626,Kiaan Sidhu,33,Ahmedabad,Female,Gujarat,1928105.0,M.Tech,Data Scientist
781,Mahika Singhal,44,Ahmedabad,Female,Gujarat,1939661.0,MBA,Doctor
973,Akarsh Balay,37,Ahmedabad,Male,Gujarat,1481493.0,MSc,Entrepreneur
1813,Lavanya Soni,46,Ahmedabad,Male,Gujarat,1556651.0,M.Tech,Software Engineer
2057,Mehul Ramanathan,40,Ahmedabad,Male,Gujarat,725005.0,B.A,Accountant
2102,Umang Ganesan,31,Ahmedabad,Male,Gujarat,1298841.0,MSc,Data Scientist
2169,Yuvraj  Batra,30,Ahmedabad,Male,Gujarat,655776.0,B.Tech,Teacher
2324,Shanaya Saraf,47,Ahmedabad,Male,Gujarat,503080.0,B.Tech,Marketing Executive
2341,Amira Ratta,40,Ahmedabad,Female,Gujarat,751669.0,B.A,Teacher
2366,Rohan Sridhar,22,Ahmedabad,Female,Gujarat,1468949.0,M.Tech,Finance Manager
3624,Ivana Jani,46,Ahmedabad,Female,Gujarat,1903306.0,PhD,Entrepreneur
3731,Inaaya  Kala,38,Ahmedabad,Female,Gujarat,1059543.0,MSc,Software Engineer
4418,Nirvaan Ahuja,38,Ahmedabad,Male,Gujarat,951626.0,MBA,Finance Manager
4516,Samaira Anne,52,Ahmedabad,Female,Gujarat,1712189.0,PhD,Data Scientist
4740,Fateh Chana,41,Ahmedabad,Female,Gujarat,1788974.0,M.Tech,Entrepreneur
5102,Amira Dash,36,Ahmedabad,Female,Gujarat,1508083.0,MSc,Doctor
5174,Purab Bail,37,Ahmedabad,Male,Gujarat,1891892.0,PhD,Doctor
5310,Dhanush Ram,34,Ahmedabad,Male,Gujarat,1314136.0,PhD,Doctor
5423,Navya Kale,29,Ahmedabad,Male,Gujarat,1986267.0,PhD,Finance Manager
5897,Dharmajan Kaur,48,Ahmedabad,Male,Gujarat,1562538.0,M.Tech,Entrepreneur
5975,Adira Khanna,32,Ahmedabad,Male,Gujarat,682058.0,BBA,Teacher
6281,Indrajit Dash,43,Ahmedabad,Female,Gujarat,1443738.0,MBA,Data Scientist
6674,Bhavin Gaba,28,Ahmedabad,Female,Gujarat,667229.0,Diploma,Marketing Executive
7376,Nitya Gandhi,18,Ahmedabad,Male,Gujarat,1570745.0,M.Tech,Entrepreneur
7920,Vivaan Virk,39,Ahmedabad,Female,Gujarat,1170554.0,MBA,Finance Manager
8164,Riya Thaker,51,Ahmedabad,Male,Gujarat,981634.0,MSc,Entrepreneur
8186,Stuvan Sant,37,Ahmedabad,Female,Gujarat,1679092.0,MBA,Data Scientist
8349,Jayesh Dugar,20,Ahmedabad,Female,Gujarat,1903821.0,M.Tech,Finance Manager
8354,Jivin Dayal,29,Ahmedabad,Female,Gujarat,1841129.0,MBA,Doctor
9489,Pranay Kaul,45,Ahmedabad,Male,Gujarat,900425.0,PhD,Software Engineer
734,Nirvi Tandon,51,Bangalore,Male,Karnataka,1510304.0,MSc,Finance Manager
754,Nitya Cherian,18,Bangalore,Male,Karnataka,428149.0,12th Pass,Retail Worker
1231,Miraan Sen,37,Bangalore,Male,Karnataka,2526511.0,MBA,Data Scientist
1398,Madhup Rajagopalan,24,Bangalore,Female,Karnataka,1805391.0,MBA,Data Scientist
1598,Badal Luthra,41,Bangalore,Male,Karnataka,1753530.0,M.Tech,Entrepreneur
1613,Hrishita Edwin,31,Bangalore,Female,Karnataka,1442667.0,PhD,Finance Manager
1669,Mishti Bera,18,Bangalore,Female,Karnataka,1857304.0,MBA,Software Engineer
1708,Trisha Khalsa,49,Bangalore,Female,Karnataka,2166723.0,PhD,Software Engineer
1995,Jiya Subramaniam,35,Bangalore,Male,Karnataka,638442.0,MCA,Accountant
2007,Anya Bir,29,Bangalore,Male,Karnataka,2201993.0,MBA,Doctor
2438,Nitya Date,29,Bangalore,Male,Karnataka,2274221.0,M.Tech,Entrepreneur
2444,Vihaan Sathe,34,Bangalore,Male,Karnataka,2893909.0,PhD,Entrepreneur
3600,Saksham Dixit,39,Bangalore,Female,Karnataka,1028075.0,MSc,Doctor
3846,Vivaan Mani,49,Bangalore,Female,Karnataka,1553689.0,PhD,Data Scientist
3936,Samaira Barman,23,Bangalore,Male,Karnataka,2558895.0,PhD,Doctor
4113,Anahita Boase,26,Bangalore,Male,Karnataka,1800801.0,PhD,Finance Manager
4434,Raghav Krish,44,Bangalore,Female,Karnataka,1104343.0,MBA,Entrepreneur
5071,Ehsaan Devan,40,Bangalore,Male,Karnataka,2358659.0,M.Tech,Doctor
5881,Rhea Sekhon,39,Bangalore,Male,Karnataka,2206567.0,M.Tech,Doctor
6012,Mohanlal Singhal,35,Bangalore,Male,Karnataka,2775172.0,M.Tech,Doctor
6309,Ivana Sura,41,Bangalore,Male,Karnataka,1321460.0,M.Tech,Finance Manager
6708,Dhruv Sankar,59,Bangalore,Male,Karnataka,2704404.0,MSc,Finance Manager
6849,Myra Cherian,27,Bangalore,Male,Karnataka,1484165.0,M.Tech,Finance Manager
7001,Madhup Goel,30,Bangalore,Female,Karnataka,2358916.0,PhD,Doctor
7669,Ojas Ray,27,Bangalore,Female,Karnataka,697998.0,BSc,Teacher
7703,Sara Mann,39,Bangalore,Female,Karnataka,2425800.0,PhD,Doctor
8173,Raunak Khanna,32,Bangalore,Male,Karnataka,2399897.0,M.Tech,Entrepreneur
8387,Ahana  Char,29,Bangalore,Male,Karnataka,905228.0,PhD,Entrepreneur
8390,Prisha Gaba,40,Bangalore,Male,Karnataka,1897636.0,MBA,Finance Manager
8634,Keya Mall,45,Bangalore,Male,Karnataka,952284.0,MBA,Entrepreneur
8839,Indranil Choudhary,33,Bangalore,Male,Karnataka,622756.0,Diploma,Accountant
8872,Anahita Mahajan,42,Bangalore,Male,Karnataka,2138827.0,MSc,Finance Manager
9071,Indrajit Choudhary,26,Bangalore,Male,Karnataka,1691072.0,M.Tech,Doctor
201,Lakshay Singhal,24,Jaipur,Female,Rajasthan,394695.0,Diploma,Delivery Agent
271,Ira Sibal,26,Jaipur,Male,Rajasthan,755389.0,BBA,Accountant
3434,Tanya Jhaveri,24,Jaipur,Male,Rajasthan,954129.0,MSc,Doctor
6997,Arnav Bhagat,23,Jaipur,Male,Rajasthan,1081398.0,MSc,Data Scientist
8585,Vaibhav Rajagopal,26,Jaipur,Female,Rajasthan,319219.0,12th Pass,Factory Worker
9497,Anika Sampath,28,Jaipur,Male,Rajasthan,1016090.0,MBA,Data Scientist
101,Kiara Sheth,39,Hyderabad,Male,Telangana,1437349.0,M.Tech,Software Engineer
161,Samiha Dhar,41,Hyderabad,Female,Telangana,2459528.0,M.Tech,Entrepreneur
361,Damini Mani,35,Hyderabad,Male,Telangana,2089386.0,MSc,Finance Manager
756,Rati Master,43,Hyderabad,Male,Telangana,2525789.0,PhD,Data Scientist
963,Zaina Raval,47,Hyderabad,Female,Telangana,1165865.0,MSc,Software Engineer
1063,Reyansh Hari,30,Hyderabad,Male,Telangana,1940976.0,MBA,Software Engineer
1131,Hrishita Krishnan,44,Hyderabad,Female,Telangana,1746081.0,MSc,Finance Manager
1409,Aaina Sampath,32,Hyderabad,Female,Telangana,2295681.0,PhD,Software Engineer
1421,Jiya Doctor,56,Hyderabad,Female,Telangana,2201355.0,MBA,Software Engineer
1596,Seher Lall,31,Hyderabad,Female,Telangana,1661924.0,MSc,Finance Manager
3239,Mohanlal Saraf,41,Hyderabad,Male,Telangana,2973547.0,MSc,Finance Manager
3743,Damini Ganesh,34,Hyderabad,Male,Telangana,580390.0,Diploma,Bank Clerk
4128,Mannat Chand,32,Hyderabad,Female,Telangana,1677121.0,M.Tech,Software Engineer
4385,Nitya Raj,43,Hyderabad,Male,Telangana,1738141.0,M.Tech,Doctor
4550,Hazel Raj,42,Hyderabad,Female,Telangana,1535667.0,MSc,Software Engineer
4674,Ela Gulati,37,Hyderabad,Female,Telangana,2319968.0,PhD,Doctor
5146,Ehsaan Chaudhuri,41,Hyderabad,Male,Telangana,1795166.0,MBA,Software Engineer
5162,Taran Gole,35,Hyderabad,Male,Telangana,663931.0,B.A,Marketing Executive
5964,Neelofar Sant,23,Hyderabad,Male,Telangana,2776270.0,MBA,Doctor
6516,Piya Sridhar,40,Hyderabad,Female,Telangana,1579313.0,PhD,Finance Manager
6756,Lagan Singh,36,Hyderabad,Male,Telangana,330189.0,Diploma,Delivery Agent
6875,Miraya Vala,30,Hyderabad,Male,Telangana,406033.0,Diploma,Customer Support
7177,Samiha Keer,34,Hyderabad,Female,Telangana,2063562.0,MSc,Finance Manager
7721,Navya Borah,70,Hyderabad,Male,Telangana,428889.0,Diploma,Delivery Agent
7794,Divyansh Raju,22,Hyderabad,Male,Telangana,520265.0,BSc,HR Manager
8230,Ryan Krish,41,Hyderabad,Female,Telangana,1703786.0,MBA,Data Scientist
8507,Kartik Som,22,Hyderabad,Female,Telangana,2364785.0,MSc,Data Scientist
8888,Miraan Tella,39,Hyderabad,Female,Telangana,1860914.0,M.Tech,Entrepreneur
9077,Renee Chanda,44,Hyderabad,Female,Telangana,1755673.0,MBA,Data Scientist
9270,Nayantara Grover,25,Hyderabad,Male,Telangana,2052314.0,M.Tech,Finance Manager
9305,Adah Gupta,44,Hyderabad,Female,Telangana,657835.0,B.A,Teacher
9425,Priyansh Kurian,25,Hyderabad,Male,Telangana,1092112.0,MSc,Software Engineer
9753,Shray Lata,31,Hyderabad,Female,Telangana,1325685.0,M.Tech,Entrepreneur
10121,Hiran Chhabra,23,Hyderabad,Female,Telangana,784916.0,BSc,HR Manager
18,Nitara Jha,25,Chennai,Female,Tamil Nadu,1702506.0,MBA,Doctor
1207,Jivin Dugar,18,Chennai,Female,Tamil Nadu,1960995.0,M.Tech,Data Scientist
2184,Shray Kapadia,42,Chennai,Female,Tamil Nadu,1412648.0,PhD,Finance Manager
2211,Hunar Soman,55,Chennai,Female,Tamil Nadu,1583519.0,PhD,Finance Manager
2246,Yasmin Ramaswamy,52,Chennai,Male,Tamil Nadu,982673.0,PhD,Doctor
3669,Vedika Jaggi,36,Chennai,Female,Tamil Nadu,575201.0,MCA,Accountant
4349,Kiaan Grewal,24,Chennai,Female,Tamil Nadu,518632.0,MBA,Teacher
4380,Umang Reddy,33,Chennai,Male,Tamil Nadu,1071241.0,MSc,Entrepreneur
4654,Anya Anne,28,Chennai,Male,Tamil Nadu,1760697.0,MSc,Finance Manager
4890,Vihaan Rajagopal,29,Chennai,Male,Tamil Nadu,1369366.0,MSc,Doctor
4894,Nayantara Balakrishnan,26,Chennai,Male,Tamil Nadu,932896.0,PhD,Data Scientist
5188,Bhamini Bajaj,40,Chennai,Female,Tamil Nadu,1648514.0,PhD,Entrepreneur
6419,Saanvi Mandal,36,Chennai,Female,Tamil Nadu,886701.0,MBA,Finance Manager
6800,Mehul Choudhury,30,Chennai,Male,Tamil Nadu,892805.0,MBA,Data Scientist
9670,Neysa Golla,33,Chennai,Male,Tamil Nadu,1184975.0,PhD,Doctor
10051,Khushi Samra,25,Chennai,Male,Tamil Nadu,858695.0,MBA,Finance Manager
1278,Dhruv Rastogi,38,Lucknow,Female,Uttar Pradesh,855061.0,PhD,Finance Manager
1711,Taran Sarma,27,Lucknow,Female,Uttar Pradesh,743665.0,Diploma,Accountant
2988,Arnav Lanka,18,Lucknow,Female,Uttar Pradesh,930538.0,M.Tech,Software Engineer
3944,Manikya Sangha,35,Lucknow,Female,Uttar Pradesh,921897.0,M.Tech,Software Engineer
5024,Emir Saran,18,Lucknow,Female,Uttar Pradesh,707285.0,B.Tech,HR Manager
6551,Samiha Bassi,31,Lucknow,Female,Uttar Pradesh,783385.0,B.Com,Bank Clerk
8159,Manikya Loke,53,Lucknow,Male,Uttar Pradesh,727020.0,MCA,Bank Clerk
8599,Seher Basu,46,Lucknow,Female,Uttar Pradesh,491409.0,12th Pass,Security Guard
592,Divij Rana,37,Kolkata,Male,West Bengal,909920.0,M.Tech,Entrepreneur
959,Anika Datta,31,Kolkata,Male,West Bengal,535410.0,BBA,Teacher
1679,Vaibhav Sridhar,32,Kolkata,Female,West Bengal,1399931.0,MBA,Finance Manager
1959,Tanya Sinha,21,Kolkata,Female,West Bengal,1001159.0,PhD,Data Scientist
2303,Samaira Raju,39,Kolkata,Female,West Bengal,1853163.0,MSc,Doctor
2443,Aaryahi Ramachandran,32,Kolkata,Female,West Bengal,862815.0,M.Tech,Data Scientist
2613,Shaan Khanna,30,Kolkata,Male,West Bengal,1358269.0,MBA,Data Scientist
3447,Tushar Kaur,34,Kolkata,Male,West Bengal,1070530.0,M.Tech,Finance Manager
3717,Jivin Tailor,18,Kolkata,Female,West Bengal,1064678.0,MBA,Software Engineer
3819,Anika Sarkar,28,Kolkata,Male,West Bengal,1164298.0,MSc,Doctor
3897,Yuvaan Hayer,24,Kolkata,Female,West Bengal,1667378.0,M.Tech,Data Scientist
4190,Lakshay Talwar,18,Kolkata,Female,West Bengal,787412.0,MCA,HR Manager
4657,Tejas Bhattacharyya,31,Kolkata,Female,West Bengal,1063307.0,M.Tech,Doctor
5525,Jayesh Gera,44,Kolkata,Female,West Bengal,878567.0,MBA,Data Scientist
5940,Prisha Dhar,46,Kolkata,Female,West Bengal,1103327.0,MSc,Software Engineer
6091,Krish Sane,38,Kolkata,Female,West Bengal,425018.0,12th Pass,Delivery Agent
6168,Umang Garde,18,Kolkata,Male,West Bengal,551057.0,BSc,Teacher
6372,Shanaya Bal,19,Kolkata,Male,West Bengal,1148130.0,M.Tech,Entrepreneur
6561,Ayesha Sanghvi,35,Kolkata,Female,West Bengal,712180.0,MCA,Marketing Executive
6843,Keya Amble,22,Kolkata,Female,West Bengal,1840490.0,M.Tech,Finance Manager
7023,Hiran Sandal,27,Kolkata,Male,West Bengal,887881.0,MSc,Finance Manager
8172,Hridaan Chakraborty,18,Kolkata,Male,West Bengal,1311377.0,PhD,Finance Manager
9415,Shanaya Mallick,43,Kolkata,Female,West Bengal,927390.0,MSc,Software Engineer
311,Arnav Kapur,18,Mumbai,Female,Maharashtra,2125900.0,MSc,Entrepreneur
436,Mishti Halder,36,Mumbai,Male,Maharashtra,1249176.0,MBA,Data Scientist
455,Shaan Subramanian,46,Mumbai,Female,Maharashtra,318177.0,Diploma,Factory Worker
457,Shalv Devan,33,Mumbai,Female,Maharashtra,2415055.0,M.Tech,Software Engineer
597,Keya Chandra,43,Mumbai,Male,Maharashtra,1464677.0,MSc,Entrepreneur
612,Kimaya Bir,38,Mumbai,Male,Maharashtra,1243331.0,MBA,Entrepreneur
773,Vivaan Subramanian,38,Mumbai,Male,Maharashtra,1592469.0,M.Tech,Software Engineer
905,Khushi Vig,18,Mumbai,Male,Maharashtra,1940268.0,MSc,Finance Manager
913,Yuvraj  Sastry,36,Mumbai,Male,Maharashtra,327048.0,12th Pass,Delivery Agent
1016,Samar Bose,18,Mumbai,Male,Maharashtra,371656.0,Diploma,Factory Worker
1097,Indrans Khare,28,Mumbai,Female,Maharashtra,2444081.0,MBA,Entrepreneur
1167,Armaan Srivastava,26,Mumbai,Male,Maharashtra,2416107.0,MBA,Software Engineer
1339,Jivin Rajagopalan,18,Mumbai,Male,Maharashtra,361553.0,Diploma,Security Guard
1344,Chirag Tiwari,50,Mumbai,Female,Maharashtra,898898.0,MBA,Entrepreneur
1383,Sana Ahuja,50,Mumbai,Female,Maharashtra,1760786.0,PhD,Entrepreneur
1558,Ryan Ahuja,50,Mumbai,Male,Maharashtra,1629847.0,PhD,Finance Manager
1680,Himmat Loyal,36,Mumbai,Male,Maharashtra,2458848.0,PhD,Entrepreneur
1707,Jivin Gandhi,33,Mumbai,Female,Maharashtra,1518042.0,MBA,Finance Manager
1961,Zara Gandhi,27,Mumbai,Female,Maharashtra,767829.0,B.Com,Marketing Executive
1967,Anaya Sule,32,Mumbai,Female,Maharashtra,459415.0,Diploma,Retail Worker
2051,Kashvi Thakkar,38,Mumbai,Male,Maharashtra,1769372.0,M.Tech,Finance Manager
2154,Vedika Buch,38,Mumbai,Male,Maharashtra,772862.0,B.Com,Teacher
2308,Tanya Majumdar,18,Mumbai,Female,Maharashtra,1074398.0,PhD,Entrepreneur
2692,Nitya Dar,18,Mumbai,Male,Maharashtra,1828323.0,MBA,Entrepreneur
2770,Ela Warrior,30,Mumbai,Male,Maharashtra,1250126.0,MSc,Finance Manager
3195,Sara Sachdev,37,Mumbai,Female,Maharashtra,847954.0,MSc,Finance Manager
3219,Yakshit Tripathi,32,Mumbai,Male,Maharashtra,1873558.0,MSc,Data Scientist
3250,Divij Devan,34,Mumbai,Female,Maharashtra,2748100.0,MSc,Entrepreneur
3494,Aaryahi Venkataraman,62,Mumbai,Female,Maharashtra,2255046.0,PhD,Data Scientist
3521,Advik Kurian,27,Mumbai,Female,Maharashtra,2906060.0,PhD,Data Scientist
3741,Alisha Sant,37,Mumbai,Male,Maharashtra,1261472.0,M.Tech,Finance Manager
3823,Anika Sastry,25,Mumbai,Male,Maharashtra,720735.0,B.Tech,Marketing Executive
4149,Myra Rana,36,Mumbai,Male,Maharashtra,1505095.0,M.Tech,Software Engineer
4400,Zeeshan Dhar,45,Mumbai,Male,Maharashtra,477162.0,Diploma,Security Guard
4637,Ayesha Loyal,33,Mumbai,Female,Maharashtra,567214.0,MCA,Marketing Executive
4665,Jayesh Varty,34,Mumbai,Male,Maharashtra,2007021.0,MBA,Finance Manager
5045,Prerak Yohannan,38,Mumbai,Female,Maharashtra,2388669.0,MSc,Data Scientist
5096,Ritvik Bhavsar,27,Mumbai,Female,Maharashtra,699811.0,BBA,Accountant
5223,Ritvik Chakrabarti,42,Mumbai,Male,Maharashtra,1374417.0,PhD,Software Engineer
5285,Rania Chaudhuri,33,Mumbai,Female,Maharashtra,1830104.0,MBA,Doctor
5322,Emir Guha,20,Mumbai,Female,Maharashtra,2039899.0,M.Tech,Finance Manager
5615,Amani Hegde,44,Mumbai,Female,Maharashtra,373618.0,12th Pass,Factory Worker
5627,Anahita Subramanian,30,Mumbai,Female,Maharashtra,1516710.0,MBA,Entrepreneur
5735,Veer Sarma,31,Mumbai,Male,Maharashtra,1948150.0,MBA,Software Engineer
5745,Krish Sami,38,Mumbai,Male,Maharashtra,686713.0,BSc,Accountant
5799,Jhanvi Choudhury,37,Mumbai,Female,Maharashtra,1279326.0,MSc,Data Scientist
6015,Hrishita Balakrishnan,32,Mumbai,Male,Maharashtra,1650319.0,PhD,Finance Manager
6050,Kashvi Sahota,30,Mumbai,Female,Maharashtra,2521905.0,PhD,Finance Manager
6233,Samiha Chanda,31,Mumbai,Male,Maharashtra,792805.0,BBA,Accountant
6411,Anaya Datta,18,Mumbai,Male,Maharashtra,1745527.0,PhD,Finance Manager
6447,Onkar Banik,25,Mumbai,Female,Maharashtra,776507.0,B.A,Teacher
6529,Misha Bumb,44,Mumbai,Female,Maharashtra,2492479.0,MBA,Finance Manager
6624,Tanya Bahri,29,Pune,Male,Maharashtra,2228973.0,MSc,Data Scientist
7086,Jivin Bhargava,32,Pune,Female,Maharashtra,783071.0,Diploma,Marketing Executive
7134,Lagan Saha,57,Pune,Male,Maharashtra,975510.0,M.Tech,Entrepreneur
7180,Bhavin Kumar,24,Pune,Female,Maharashtra,2563493.0,M.Tech,Finance Manager
7591,Tiya Madan,18,Pune,Female,Maharashtra,1282445.0,M.Tech,Doctor
7783,Indrans Keer,47,Pune,Female,Maharashtra,933802.0,PhD,Entrepreneur
7930,Dhanuk Khurana,35,Pune,Female,Maharashtra,2463336.0,M.Tech,Data Scientist
8090,Sana Sastry,26,Pune,Female,Maharashtra,922978.0,M.Tech,Software Engineer
8122,Reyansh Trivedi,28,Pune,Male,Maharashtra,690526.0,BSc,Teacher
8153,Adah Kanda,54,Pune,Male,Maharashtra,1033446.0,PhD,Finance Manager
8699,Renee Cherian,28,Pune,Female,Maharashtra,447282.0,12th Pass,Delivery Agent
8701,Rasha Kohli,42,Pune,Female,Maharashtra,2604338.0,MSc,Software Engineer
9152,Aarush Sanghvi,30,Pune,Female,Maharashtra,886330.0,MBA,Software Engineer
9240,Aarush Sibal,18,Pune,Female,Maharashtra,1529079.0,MSc,Entrepreneur
9265,Krish Ramanathan,28,Pune,Female,Maharashtra,947827.0,MBA,Doctor
9336,Nitya Kohli,36,Pune,Female,Maharashtra,832250.0,M.Tech,Entrepreneur
9377,Tushar Loke,57,Pune,Female,Maharashtra,1592712.0,M.Tech,Software Engineer
9612,Lagan Barman,40,Pune,Male,Maharashtra,327944.0,12th Pass,Retail Worker
9647,Sana Tak,46,Pune,Female,Maharashtra,1728673.0,PhD,Entrepreneur
9769,Amani Chana,31,Pune,Female,Maharashtra,2896838.0,PhD,Doctor
554,Diya Rastogi,28,Delhi,Female,Delhi,1580500.0,MSc,Software Engineer
707,Faiyaz Sehgal,39,Delhi,Male,Delhi,317750.0,12th Pass,Security Guard
855,Eva Ravi,22,Delhi,Female,Delhi,664225.0,B.Tech,Teacher
1009,Seher Badal,33,Delhi,Male,Delhi,2250309.0,M.Tech,Finance Manager
1750,Heer Dhaliwal,46,Delhi,Female,Delhi,472719.0,12th Pass,Customer Support
1793,Advika Sule,26,Delhi,Female,Delhi,2835445.0,PhD,Data Scientist
1848,Taran Ravi,43,Delhi,Male,Delhi,344310.0,12th Pass,Customer Support
1900,Anahita Karnik,19,Delhi,Male,Delhi,2041911.0,MSc,Data Scientist
1914,Indranil Hayre,37,Delhi,Female,Delhi,1725610.0,M.Tech,Entrepreneur
1963,Zoya Kapoor,31,Delhi,Male,Delhi,2389140.0,M.Tech,Entrepreneur
2230,Hridaan Ghosh,40,Delhi,Female,Delhi,2919782.0,PhD,Entrepreneur
2645,Charvi De,21,Delhi,Male,Delhi,1887687.0,MBA,Data Scientist
2666,Uthkarsh Gulati,32,Delhi,Female,Delhi,603637.0,B.Tech,HR Manager
2816,Aniruddh Thaman,44,Delhi,Female,Delhi,2957376.0,MBA,Software Engineer
2841,Ritvik Handa,46,Delhi,Female,Delhi,649275.0,Diploma,Bank Clerk
2884,Pari Gade,25,Delhi,Male,Delhi,389428.0,12th Pass,Factory Worker
3456,Rati Lata,31,Delhi,Male,Delhi,1990467.0,M.Tech,Data Scientist
3680,Zaina Rau,31,Delhi,Male,Delhi,2602449.0,PhD,Entrepreneur
4083,Samar Kalita,26,Delhi,Male,Delhi,2792402.0,PhD,Doctor
4427,Saanvi Bal,22,Delhi,Female,Delhi,1871695.0,M.Tech,Doctor
5593,Azad Raval,34,Delhi,Male,Delhi,834675.0,MSc,Software Engineer
7881,Ela Ben,52,Delhi,Female,Delhi,2255326.0,PhD,Doctor
8190,Jayan Biswas,34,Delhi,Male,Delhi,2763294.0,PhD,Data Scientist
9663,Vidur Mani,48,Delhi,Female,Delhi,2391791.0,M.Tech,Entrepreneur
9695,Himmat Manda,22,Delhi,Male,Delhi,1142943.0,MSc,Entrepreneur
9864,Mannat Bal,21,Delhi,Male,Delhi,2223969.0,MBA,Entrepreneur
10028,Shanaya Korpal,20,Delhi,Female,Delhi,411641.0,Diploma,Factory Worker
398,Inaaya  Chatterjee,35,Ahmedabad,Male,Gujarat,1377341.0,MSc,Software Engineer
1608,Khushi Gokhale,21,Ahmedabad,Male,Gujarat,945872.0,M.Tech,Doctor
1687,Samaira Sundaram,45,Ahmedabad,Male,Gujarat,1549935.0,MSc,Software Engineer
2121,Vanya Cherian,31,Ahmedabad,Male,Gujarat,636838.0,MBA,Bank Clerk
2202,Jhanvi Seth,28,Ahmedabad,Male,Gujarat,1851171.0,M.Tech,Entrepreneur
2421,Nishith Bassi,39,Ahmedabad,Female,Gujarat,1463544.0,PhD,Software Engineer
2659,Jayant Konda,28,Ahmedabad,Female,Gujarat,599116.0,B.A,Accountant
3595,Yuvraj  Johal,41,Ahmedabad,Male,Gujarat,845079.0,MSc,Doctor
3658,Saksham Bobal,38,Ahmedabad,Female,Gujarat,1609598.0,PhD,Entrepreneur
3692,Miraya Dyal,33,Ahmedabad,Female,Gujarat,1934777.0,PhD,Software Engineer
3942,Hiran Kanda,26,Ahmedabad,Male,Gujarat,1383214.0,PhD,Doctor
5333,Tejas Iyengar,34,Ahmedabad,Male,Gujarat,1431999.0,M.Tech,Finance Manager
6881,Saira Ghosh,38,Ahmedabad,Male,Gujarat,1775836.0,PhD,Entrepreneur
6985,Madhup Shanker,23,Ahmedabad,Male,Gujarat,1167105.0,MSc,Software Engineer
7150,Pranay Sharma,23,Ahmedabad,Female,Gujarat,1180571.0,MBA,Finance Manager
7264,Indrajit Kothari,23,Ahmedabad,Male,Gujarat,1650683.0,MSc,Entrepreneur
7985,Arhaan Sani,40,Ahmedabad,Female,Gujarat,1704875.0,MSc,Data Scientist
8259,Badal Thakur,29,Ahmedabad,Female,Gujarat,1247234.0,MBA,Finance Manager
87,Pranay Mani,35,Delhi,Male,Delhi,1201118.0,M.Tech,Doctor
8538,Sara Zachariah,36,Ahmedabad,Female,Gujarat,1795731.0,MSc,Data Scientist
8924,Uthkarsh Gill,20,Ahmedabad,Male,Gujarat,661022.0,Diploma,Marketing Executive
9546,Shaan Sundaram,49,Ahmedabad,Female,Gujarat,1219142.0,MBA,Doctor
9767,Taran Karnik,30,Ahmedabad,Male,Gujarat,1054974.0,MSc,Data Scientist
9897,Baiju Bawa,47,Ahmedabad,Female,Gujarat,553710.0,B.Com,Teacher
623,Prerak Sami,36,Bangalore,Female,Karnataka,1124052.0,PhD,Doctor
1143,Divit Rastogi,21,Bangalore,Male,Karnataka,2401976.0,MBA,Finance Manager
1737,Rania Reddy,33,Bangalore,Female,Karnataka,312133.0,12th Pass,Factory Worker
1902,Mannat Setty,37,Bangalore,Male,Karnataka,2902163.0,M.Tech,Data Scientist
1910,Gatik Kannan,49,Bangalore,Male,Karnataka,1034099.0,MSc,Data Scientist
2671,Hansh Barad,38,Bangalore,Male,Karnataka,1393149.0,MBA,Entrepreneur
3476,Vihaan Tripathi,31,Bangalore,Female,Karnataka,1620727.0,PhD,Finance Manager
4073,Kavya Vaidya,39,Bangalore,Female,Karnataka,904685.0,MSc,Entrepreneur
4816,Kismat Kulkarni,22,Bangalore,Female,Karnataka,2079221.0,MBA,Doctor
4874,Arnav Chander,27,Bangalore,Female,Karnataka,523969.0,Diploma,Bank Clerk
5603,Kismat Sharaf,33,Bangalore,Female,Karnataka,2348655.0,PhD,Doctor
5875,Hansh Soman,21,Bangalore,Male,Karnataka,1910742.0,MBA,Finance Manager
6731,Siya Badami,36,Bangalore,Female,Karnataka,641339.0,B.A,Accountant
7793,Ivan Kuruvilla,27,Bangalore,Female,Karnataka,2595743.0,M.Tech,Entrepreneur
7825,Kartik Banerjee,26,Bangalore,Male,Karnataka,603556.0,B.Com,Marketing Executive
8590,Romil Choudhury,40,Bangalore,Female,Karnataka,2085885.0,M.Tech,Finance Manager
8919,Suhana Walia,37,Bangalore,Male,Karnataka,873304.0,M.Tech,Finance Manager
8941,Armaan Rastogi,42,Bangalore,Female,Karnataka,616834.0,B.Tech,Marketing Executive
9189,Drishya Gupta,47,Bangalore,Female,Karnataka,794330.0,MCA,HR Manager
9789,Eva Bala,31,Bangalore,Female,Karnataka,1164906.0,MSc,Entrepreneur
10095,Hunar Bala,40,Bangalore,Male,Karnataka,1964808.0,MBA,Software Engineer
10109,Dhanush Sharma,18,Bangalore,Female,Karnataka,2220504.0,MBA,Finance Manager
633,Zoya Kothari,43,Jaipur,Male,Rajasthan,796367.0,BBA,Accountant
1247,Zaina Krishnan,43,Jaipur,Male,Rajasthan,429733.0,12th Pass,Delivery Agent
1476,Oorja Choudhry,48,Jaipur,Male,Rajasthan,339446.0,Diploma,Factory Worker
1566,Taimur Chad,39,Jaipur,Female,Rajasthan,1101501.0,MBA,Software Engineer
2012,Vardaniya Dada,38,Jaipur,Male,Rajasthan,958045.0,M.Tech,Finance Manager
2544,Inaaya  Hora,33,Jaipur,Male,Rajasthan,745862.0,B.Tech,Bank Clerk
3017,Saanvi Suresh,27,Jaipur,Female,Rajasthan,622543.0,MBA,Teacher
4233,Zoya Gokhale,34,Jaipur,Male,Rajasthan,372512.0,Diploma,Retail Worker
4796,Yuvraj  Dhawan,39,Jaipur,Male,Rajasthan,1100458.0,MSc,Data Scientist
5839,Vanya Setty,38,Jaipur,Male,Rajasthan,851986.0,M.Tech,Doctor
7195,Zoya Borde,18,Jaipur,Male,Rajasthan,818926.0,MSc,Doctor
240,Aaina Krishnamurthy,40,Hyderabad,Male,Telangana,2983360.0,M.Tech,Data Scientist
408,Romil Kale,29,Hyderabad,Female,Telangana,1885686.0,M.Tech,Entrepreneur
1076,Yasmin Subramaniam,45,Hyderabad,Male,Telangana,2616411.0,MBA,Entrepreneur
1232,Ishaan Amble,32,Hyderabad,Male,Telangana,1867107.0,MBA,Doctor
2680,Jayan Tailor,29,Hyderabad,Female,Telangana,2559733.0,MBA,Data Scientist
3112,Vanya Khosla,18,Hyderabad,Female,Telangana,2746605.0,PhD,Entrepreneur
3860,Uthkarsh Sarraf,42,Hyderabad,Female,Telangana,1438687.0,PhD,Software Engineer
4219,Pari Sastry,34,Hyderabad,Female,Telangana,2155219.0,MSc,Entrepreneur
4522,Divyansh Rau,28,Hyderabad,Female,Telangana,1139957.0,MBA,Doctor
4814,Vidur Dara,28,Hyderabad,Male,Telangana,536671.0,BBA,Bank Clerk
5142,Yakshit Aggarwal,18,Hyderabad,Male,Telangana,1623576.0,PhD,Finance Manager
5568,Nishith Sunder,31,Hyderabad,Male,Telangana,914737.0,MBA,Software Engineer
5952,Urvi Tailor,38,Hyderabad,Female,Telangana,2897766.0,MBA,Entrepreneur
6342,Samaira Chaudry,35,Hyderabad,Male,Telangana,2365011.0,MSc,Data Scientist
7353,Sara Keer,30,Hyderabad,Female,Telangana,1318777.0,MBA,Data Scientist
7696,Samiha Sabharwal,23,Hyderabad,Female,Telangana,989049.0,MBA,Data Scientist
7806,Charvi Varkey,32,Hyderabad,Male,Telangana,1972838.0,M.Tech,Software Engineer
8272,Aarav Kapoor,36,Hyderabad,Female,Telangana,2771561.0,PhD,Entrepreneur
8621,Yashvi Datta,39,Hyderabad,Female,Telangana,2086857.0,MBA,Finance Manager
8627,Zara Thakur,28,Hyderabad,Male,Telangana,2439654.0,MSc,Data Scientist
9614,Indrans Varughese,18,Hyderabad,Male,Telangana,1881705.0,MSc,Finance Manager
9655,Jiya Goda,33,Hyderabad,Female,Telangana,855249.0,M.Tech,Software Engineer
10076,Abram Butala,29,Hyderabad,Female,Telangana,2848001.0,M.Tech,Finance Manager
646,Mohanlal Gara,27,Lucknow,Female,Uttar Pradesh,392350.0,12th Pass,Factory Worker
5075,Pihu Behl,41,Lucknow,Female,Uttar Pradesh,1068564.0,MBA,Finance Manager
1472,Lakshay Uppal,42,Chennai,Male,Tamil Nadu,1203678.0,M.Tech,Doctor
2732,Bhavin Malhotra,28,Chennai,Male,Tamil Nadu,849262.0,M.Tech,Data Scientist
2885,Samaira Talwar,47,Chennai,Male,Tamil Nadu,1328143.0,M.Tech,Data Scientist
3537,Hunar Edwin,50,Chennai,Male,Tamil Nadu,1898152.0,M.Tech,Finance Manager
5178,Manjari Bhattacharyya,27,Chennai,Male,Tamil Nadu,1872566.0,PhD,Finance Manager
7101,Heer Hora,19,Chennai,Female,Tamil Nadu,1142563.0,MSc,Finance Manager
7116,Riya Chaudry,25,Chennai,Female,Tamil Nadu,1432029.0,MSc,Doctor
7962,Gatik Barad,43,Chennai,Female,Tamil Nadu,832028.0,MBA,Data Scientist
8443,Yuvaan Walia,44,Chennai,Male,Tamil Nadu,1073905.0,MSc,Software Engineer
8531,Shlok Chandran,38,Chennai,Male,Tamil Nadu,1480811.0,MBA,Doctor
9364,Raghav Yadav,40,Chennai,Male,Tamil Nadu,1834396.0,PhD,Data Scientist
2806,Zaina Som,34,Kolkata,Male,West Bengal,696993.0,Diploma,Marketing Executive
3106,Zeeshan Vohra,27,Kolkata,Female,West Bengal,555043.0,B.Com,Accountant
3319,Dharmajan Mangat,40,Kolkata,Male,West Bengal,614387.0,Diploma,Accountant
6149,Vaibhav Khalsa,47,Kolkata,Female,West Bengal,940333.0,M.Tech,Entrepreneur
6338,Pihu Kothari,33,Kolkata,Female,West Bengal,1190247.0,MSc,Entrepreneur
8377,Romil Lalla,29,Kolkata,Female,West Bengal,348201.0,12th Pass,Factory Worker
8464,Dishani Anne,57,Kolkata,Female,West Bengal,1067503.0,MSc,Data Scientist
9847,Oorja Vohra,45,Kolkata,Male,West Bengal,914856.0,MSc,Data Scientist
10102,Lakshay Sarkar,30,Kolkata,Male,West Bengal,1565107.0,MBA,Finance Manager
85,Gatik Anand,29,Mumbai,Male,Maharashtra,331312.0,12th Pass,Customer Support
428,Jhanvi Khanna,34,Pune,Male,Maharashtra,1051300.0,MBA,Entrepreneur
684,Ranbir Gara,45,Mumbai,Female,Maharashtra,2252580.0,M.Tech,Data Scientist
757,Nirvaan Varma,41,Mumbai,Female,Maharashtra,2397633.0,MBA,Software Engineer
995,Kaira Bhardwaj,41,Mumbai,Female,Maharashtra,886302.0,MSc,Entrepreneur
1208,Parinaaz Manda,46,Mumbai,Female,Maharashtra,2017794.0,PhD,Doctor
1211,Yuvaan Khatri,46,Mumbai,Male,Maharashtra,2518536.0,PhD,Finance Manager
1276,Samar Lalla,33,Pune,Female,Maharashtra,1822428.0,M.Tech,Doctor
1548,Dhruv Bakshi,47,Mumbai,Female,Maharashtra,2259215.0,PhD,Software Engineer
1615,Pari Seshadri,37,Mumbai,Male,Maharashtra,1263702.0,MBA,Finance Manager
1658,Riya Rama,35,Mumbai,Male,Maharashtra,1087079.0,M.Tech,Software Engineer
2380,Hrishita Mall,19,Mumbai,Male,Maharashtra,1679537.0,MBA,Software Engineer
2496,Hridaan Dave,34,Mumbai,Male,Maharashtra,2149752.0,PhD,Data Scientist
2504,Heer Kade,28,Mumbai,Male,Maharashtra,2539415.0,M.Tech,Finance Manager
2651,Uthkarsh Sankar,39,Mumbai,Male,Maharashtra,1113906.0,M.Tech,Doctor
2839,Ryan Reddy,21,Pune,Male,Maharashtra,1316915.0,PhD,Entrepreneur
2984,Taran Acharya,32,Mumbai,Female,Maharashtra,2456534.0,MSc,Entrepreneur
3043,Shanaya Sura,48,Pune,Male,Maharashtra,1251985.0,PhD,Data Scientist
3077,Lakshit Comar,49,Mumbai,Female,Maharashtra,1336551.0,MSc,Entrepreneur
3740,Ivana Lala,33,Pune,Female,Maharashtra,1934555.0,PhD,Data Scientist
3829,Vidur Yogi,19,Mumbai,Female,Maharashtra,1626530.0,MBA,Entrepreneur
3863,Indrajit Gera,34,Mumbai,Male,Maharashtra,339622.0,Diploma,Security Guard
4528,Mannat Baria,39,Mumbai,Male,Maharashtra,2325609.0,M.Tech,Software Engineer
4529,Kiara Dua,32,Mumbai,Male,Maharashtra,829949.0,M.Tech,Entrepreneur
4570,Oorja Sachdeva,18,Mumbai,Female,Maharashtra,620362.0,MBA,Accountant
4777,Riya Rao,25,Mumbai,Female,Maharashtra,616890.0,MBA,Marketing Executive
4907,Gatik Kota,19,Mumbai,Male,Maharashtra,1726757.0,MSc,Doctor
5220,Taimur Chhabra,26,Mumbai,Female,Maharashtra,2598829.0,M.Tech,Finance Manager
5229,Ryan Kannan,43,Pune,Male,Maharashtra,1421339.0,MSc,Finance Manager
5262,Aniruddh Amble,21,Mumbai,Female,Maharashtra,1440161.0,M.Tech,Entrepreneur
5263,Neysa Loke,31,Mumbai,Male,Maharashtra,1524124.0,MSc,Finance Manager
5294,Rasha Taneja,45,Mumbai,Male,Maharashtra,2740660.0,MBA,Finance Manager
5564,Pihu Bora,42,Mumbai,Male,Maharashtra,487634.0,Diploma,Customer Support
5716,Neelofar Wagle,25,Mumbai,Male,Maharashtra,1473575.0,MBA,Data Scientist
6040,Vedika Mangat,42,Mumbai,Female,Maharashtra,2052789.0,MSc,Finance Manager
6062,Vritika Seshadri,56,Pune,Female,Maharashtra,636628.0,B.Com,Teacher
6072,Reyansh Shankar,47,Mumbai,Male,Maharashtra,1627351.0,MBA,Software Engineer
6247,Veer Sengupta,43,Pune,Female,Maharashtra,1846866.0,MBA,Data Scientist
6307,Aniruddh Hayre,38,Pune,Male,Maharashtra,950044.0,MSc,Doctor
6510,Siya Bhandari,40,Mumbai,Female,Maharashtra,960082.0,MSc,Doctor
6590,Kartik Gulati,21,Mumbai,Female,Maharashtra,1508874.0,MSc,Data Scientist
7379,Vihaan Warrior,25,Mumbai,Male,Maharashtra,1823842.0,M.Tech,Data Scientist
7465,Ayesha Reddy,33,Mumbai,Female,Maharashtra,1847649.0,M.Tech,Entrepreneur
7745,Misha Borra,31,Mumbai,Female,Maharashtra,2012956.0,MSc,Finance Manager
7932,Kiara Aggarwal,30,Pune,Male,Maharashtra,1723709.0,MSc,Finance Manager
8315,Divij Bir,26,Mumbai,Female,Maharashtra,1785131.0,M.Tech,Finance Manager
8654,Pranay Kakar,18,Mumbai,Male,Maharashtra,2329198.0,MSc,Doctor
8957,Yuvraj  Sabharwal,40,Mumbai,Female,Maharashtra,1901818.0,MBA,Entrepreneur
9417,Piya Chandran,27,Mumbai,Female,Maharashtra,553257.0,BBA,Marketing Executive
9476,Mehul Master,53,Pune,Female,Maharashtra,1451561.0,M.Tech,Data Scientist
9712,Hiran Dutt,44,Mumbai,Female,Maharashtra,553728.0,B.Tech,Marketing Executive
4572,Khushi Tank,49,Bangalore,Female,Karnataka,2069874.0,PhD,Finance Manager
5553,Aarav Bhandari,34,Bangalore,Male,Karnataka,1080951.0,PhD,Finance Manager
32,Darshit Mane,35,Delhi,Female,Delhi,2431019.0,M.Tech,Data Scientist
162,Ehsaan Hora,35,Hyderabad,Male,Telangana,2572261.0,MSc,Doctor
215,Divij Brahmbhatt,35,Delhi,Male,Delhi,394244.0,12th Pass,Security Guard
228,Vardaniya Dalal,35,Mumbai,Male,Maharashtra,1817252.0,PhD,Entrepreneur
291,Ira Ghosh,35,Delhi,Female,Delhi,2838205.0,PhD,Data Scientist
293,Vanya Dewan,35,Hyderabad,Female,Telangana,969037.0,MBA,Entrepreneur
348,Damini Bala,35,Ahmedabad,Male,Gujarat,1151866.0,MBA,Finance Manager
409,Oorja Baral,35,Bangalore,Male,Karnataka,1635127.0,M.Tech,Data Scientist
456,Rati Ramesh,35,Bangalore,Male,Karnataka,579921.0,B.Tech,Teacher
491,Anya Chad,35,Bangalore,Male,Karnataka,2807265.0,PhD,Finance Manager
540,Emir Sathe,35,Delhi,Female,Delhi,2881945.0,MSc,Doctor
602,Shayak Anne,35,Hyderabad,Female,Telangana,798338.0,MCA,Teacher
611,Kartik Sura,35,Mumbai,Male,Maharashtra,2807647.0,M.Tech,Entrepreneur
617,Sahil Sharaf,35,Kolkata,Female,West Bengal,1913560.0,MSc,Data Scientist
636,Ryan Lata,35,Hyderabad,Female,Telangana,2690695.0,MSc,Entrepreneur
647,Miraan Bhattacharyya,35,Bangalore,Female,Karnataka,2982320.0,MSc,Finance Manager
776,Prerak Kulkarni,35,Delhi,Male,Delhi,1984900.0,M.Tech,Doctor
840,Shayak Chakraborty,35,Kolkata,Female,West Bengal,1362948.0,PhD,Entrepreneur
865,Rati Garg,35,Mumbai,Female,Maharashtra,2050343.0,M.Tech,Software Engineer
958,Sahil Varughese,35,Delhi,Female,Delhi,2002239.0,PhD,Doctor
971,Saksham Agrawal,35,Kolkata,Male,West Bengal,1755393.0,M.Tech,Finance Manager
1094,Nayantara Bakshi,35,Bangalore,Female,Karnataka,965400.0,MSc,Entrepreneur
1136,Abram Kumar,35,Mumbai,Female,Maharashtra,815256.0,MSc,Software Engineer
1171,Rhea Mane,35,Delhi,Male,Delhi,1784688.0,MSc,Doctor
1173,Jayant Banik,35,Ahmedabad,Male,Gujarat,971796.0,MBA,Entrepreneur
1292,Heer Kapur,35,Mumbai,Male,Maharashtra,403643.0,Diploma,Security Guard
1306,Mehul Bir,35,Hyderabad,Male,Telangana,2726062.0,PhD,Data Scientist
1368,Ojas Shukla,35,Lucknow,Male,Uttar Pradesh,897047.0,PhD,Software Engineer
1468,Baiju Brahmbhatt,35,Delhi,Female,Delhi,2179164.0,MSc,Software Engineer
1594,Rania Ratti,35,Delhi,Male,Delhi,626444.0,BSc,Accountant
1603,Piya Bhakta,35,Chennai,Female,Tamil Nadu,1485433.0,M.Tech,Entrepreneur
1612,Veer Kala,35,Ahmedabad,Female,Gujarat,1217820.0,M.Tech,Entrepreneur
1629,Eva Ramakrishnan,35,Mumbai,Male,Maharashtra,2642807.0,PhD,Data Scientist
1722,Shlok Rajagopal,35,Mumbai,Female,Maharashtra,2692387.0,M.Tech,Data Scientist
1797,Dharmajan Mallick,35,Delhi,Female,Delhi,339232.0,Diploma,Delivery Agent
1816,Anahi Gola,35,Pune,Female,Maharashtra,1107709.0,M.Tech,Finance Manager
1825,Kismat Sahota,35,Delhi,Male,Delhi,319263.0,12th Pass,Security Guard
1890,Himmat Dayal,35,Pune,Female,Maharashtra,921723.0,MBA,Entrepreneur
1903,Sumer Madan,35,Mumbai,Male,Maharashtra,640297.0,B.Com,Teacher
1924,Renee Cheema,35,Ahmedabad,Male,Gujarat,1020795.0,MSc,Software Engineer
2006,Samaira Dara,35,Mumbai,Female,Maharashtra,2940548.0,M.Tech,Data Scientist
2092,Lakshay Vig,35,Delhi,Female,Delhi,767759.0,B.Tech,Accountant
2115,Jayant Hayer,35,Ahmedabad,Female,Gujarat,1570144.0,MBA,Finance Manager
2141,Jayesh Bahl,35,Delhi,Female,Delhi,2669250.0,MBA,Entrepreneur
2167,Yuvaan Zachariah,35,Mumbai,Male,Maharashtra,1969667.0,PhD,Entrepreneur
2213,Nakul Badami,35,Kolkata,Female,West Bengal,1769731.0,M.Tech,Entrepreneur
2297,Mehul Srivastava,35,Pune,Male,Maharashtra,614580.0,BBA,Teacher
2331,Onkar Kuruvilla,35,Bangalore,Female,Karnataka,1706897.0,MBA,Data Scientist
2350,Mehul Shankar,35,Hyderabad,Female,Telangana,2983265.0,MSc,Data Scientist
2394,Pihu Gour,35,Delhi,Male,Delhi,2141439.0,MBA,Doctor
2516,Siya Sharma,35,Mumbai,Female,Maharashtra,1673877.0,MSc,Data Scientist
2531,Aradhya Amble,35,Delhi,Male,Delhi,563949.0,MBA,Teacher
2628,Kartik Barad,35,Hyderabad,Male,Telangana,862905.0,PhD,Data Scientist
2720,Amira Datta,35,Kolkata,Female,West Bengal,1754692.0,MSc,Doctor
2783,Ishita Dora,35,Pune,Male,Maharashtra,1883329.0,MSc,Software Engineer
2823,Abram Dada,35,Ahmedabad,Male,Gujarat,799410.0,Diploma,Accountant
2855,Alia Chaudhuri,35,Bangalore,Female,Karnataka,2341909.0,PhD,Doctor
2877,Anya Thaman,35,Mumbai,Female,Maharashtra,2486414.0,M.Tech,Finance Manager
2896,Ishaan Majumdar,35,Hyderabad,Female,Telangana,2944180.0,M.Tech,Doctor
2974,Purab Lall,35,Ahmedabad,Male,Gujarat,1964710.0,PhD,Doctor
2978,Farhan Johal,35,Mumbai,Female,Maharashtra,1257055.0,M.Tech,Finance Manager
3021,Mehul Kala,35,Hyderabad,Male,Telangana,1856477.0,MBA,Finance Manager
3053,Taimur Sehgal,35,Mumbai,Female,Maharashtra,536421.0,Diploma,Marketing Executive
3064,Farhan Bhat,35,Kolkata,Male,West Bengal,1158760.0,MSc,Finance Manager
3107,Tushar Buch,35,Delhi,Female,Delhi,1048030.0,MBA,Data Scientist
3160,Indranil Reddy,35,Bangalore,Male,Karnataka,1205988.0,MBA,Doctor
3196,Madhav Varma,35,Bangalore,Female,Karnataka,2670900.0,MSc,Finance Manager
3225,Parinaaz Sha,35,Kolkata,Male,West Bengal,861493.0,PhD,Data Scientist
3229,Anaya Rout,35,Bangalore,Male,Karnataka,2778487.0,MBA,Entrepreneur
3295,Anay Khatri,35,Kolkata,Female,West Bengal,709485.0,Diploma,Bank Clerk
3308,Aarna Varma,35,Bangalore,Female,Karnataka,2928704.0,MSc,Finance Manager
3318,Kavya Agrawal,35,Bangalore,Male,Karnataka,941450.0,MSc,Data Scientist
3338,Dhruv Garg,35,Bangalore,Female,Karnataka,730072.0,MCA,Accountant
3376,Yasmin Barad,35,Bangalore,Female,Karnataka,2702945.0,MBA,Software Engineer
3408,Shanaya Thakur,35,Mumbai,Male,Maharashtra,2044552.0,M.Tech,Doctor
3433,Zeeshan Bassi,35,Mumbai,Female,Maharashtra,2513288.0,M.Tech,Data Scientist
3477,Jivin Gopal,35,Ahmedabad,Female,Gujarat,1708361.0,MBA,Data Scientist
3561,Saksham Chokshi,35,Mumbai,Female,Maharashtra,702950.0,B.Tech,HR Manager
3579,Samaira Desai,35,Mumbai,Male,Maharashtra,354107.0,12th Pass,Security Guard
3716,Ayesha Chopra,35,Delhi,Male,Delhi,1244430.0,MBA,Doctor
3878,Zain Kota,35,Delhi,Female,Delhi,518811.0,B.A,Teacher
3882,Hrishita Mand,35,Mumbai,Female,Maharashtra,1513848.0,MSc,Data Scientist
3891,Parinaaz Ganesh,35,Bangalore,Male,Karnataka,2555877.0,M.Tech,Finance Manager
3971,Nirvi Varkey,35,Hyderabad,Female,Telangana,1390759.0,MBA,Doctor
4108,Taimur Doshi,35,Mumbai,Male,Maharashtra,1757501.0,MSc,Finance Manager
4136,Nirvaan Sachdeva,35,Bangalore,Female,Karnataka,740429.0,MBA,Bank Clerk
4147,Renee Devan,35,Ahmedabad,Male,Gujarat,1681350.0,PhD,Doctor
4150,Vardaniya Shere,35,Mumbai,Male,Maharashtra,1375775.0,MBA,Data Scientist
4154,Hridaan Sinha,35,Chennai,Male,Tamil Nadu,1379243.0,MBA,Doctor
4185,Vidur Chacko,35,Delhi,Male,Delhi,2863042.0,MBA,Doctor
4405,Kavya Chawla,35,Delhi,Female,Delhi,2701796.0,MSc,Doctor
4423,Abram Rau,35,Pune,Female,Maharashtra,761329.0,B.A,Teacher
4467,Zaina Sule,35,Mumbai,Male,Maharashtra,2662467.0,PhD,Finance Manager
4468,Anahita Soman,35,Delhi,Male,Delhi,1175565.0,MSc,Entrepreneur
4546,Shamik Sampath,35,Bangalore,Female,Karnataka,1434978.0,MBA,Entrepreneur
4565,Renee Tiwari,35,Pune,Female,Maharashtra,1187562.0,M.Tech,Entrepreneur
4692,Aniruddh Konda,35,Kolkata,Male,West Bengal,1415065.0,MSc,Data Scientist
4724,Nirvaan Sawhney,35,Chennai,Female,Tamil Nadu,1986565.0,MSc,Software Engineer
4732,Mannat Shanker,35,Bangalore,Male,Karnataka,1648030.0,M.Tech,Data Scientist
4737,Rania Behl,35,Hyderabad,Male,Telangana,2155297.0,MBA,Doctor
4802,Shaan Varkey,35,Bangalore,Female,Karnataka,2133132.0,PhD,Doctor
4822,Dishani Dar,35,Delhi,Male,Delhi,569457.0,B.A,Accountant
4870,Yakshit Ramesh,35,Bangalore,Female,Karnataka,2073382.0,M.Tech,Entrepreneur
4872,Shray Walla,35,Delhi,Female,Delhi,2626252.0,PhD,Entrepreneur
5005,Vivaan Atwal,35,Pune,Female,Maharashtra,514932.0,BSc,Accountant
5114,Gokul Kanda,35,Bangalore,Male,Karnataka,1448930.0,MSc,Data Scientist
5115,Advika Chokshi,35,Ahmedabad,Female,Gujarat,521050.0,MCA,Accountant
5141,Jiya Dave,35,Jaipur,Male,Rajasthan,493794.0,12th Pass,Delivery Agent
5157,Khushi Sura,35,Delhi,Female,Delhi,776137.0,Diploma,Teacher
5165,Anaya Chana,35,Ahmedabad,Male,Gujarat,1189789.0,M.Tech,Software Engineer
5177,Vivaan Zachariah,35,Mumbai,Female,Maharashtra,1147574.0,PhD,Entrepreneur
5340,Riaan Chahal,35,Bangalore,Male,Karnataka,2689958.0,PhD,Entrepreneur
5363,Raunak Bajaj,35,Ahmedabad,Female,Gujarat,606414.0,MCA,HR Manager
5409,Jayan Aurora,35,Chennai,Male,Tamil Nadu,1190529.0,M.Tech,Software Engineer
5508,Vihaan Sampath,35,Pune,Male,Maharashtra,599657.0,MCA,Accountant
5594,Indrajit Lad,35,Hyderabad,Male,Telangana,382584.0,Diploma,Customer Support
5643,Hrishita Arya,35,Mumbai,Female,Maharashtra,2606971.0,PhD,Doctor
5652,Baiju Sood,35,Delhi,Male,Delhi,2229330.0,M.Tech,Doctor
5665,Sara Kalita,35,Mumbai,Male,Maharashtra,1691097.0,MBA,Software Engineer
5814,Vivaan Kakar,35,Ahmedabad,Female,Gujarat,1760139.0,MSc,Doctor
5822,Indrajit Chaudhary,35,Mumbai,Male,Maharashtra,340983.0,12th Pass,Delivery Agent
5928,Charvi Viswanathan,35,Ahmedabad,Female,Gujarat,1743456.0,PhD,Doctor
5959,Vaibhav Korpal,35,Kolkata,Male,West Bengal,1463328.0,MSc,Entrepreneur
5960,Amani Dave,35,Bangalore,Male,Karnataka,1049996.0,M.Tech,Software Engineer
5999,Heer Mann,35,Bangalore,Female,Karnataka,2818623.0,MBA,Software Engineer
6003,Taimur Bhat,35,Delhi,Male,Delhi,1295585.0,M.Tech,Data Scientist
6029,Nishith Dada,35,Bangalore,Female,Karnataka,2981720.0,MBA,Finance Manager
6101,Vidur Kaur,35,Mumbai,Female,Maharashtra,385930.0,Diploma,Retail Worker
6216,Veer Goswami,35,Kolkata,Male,West Bengal,827625.0,MSc,Doctor
6261,Anika Bhagat,35,Delhi,Female,Delhi,960614.0,M.Tech,Finance Manager
6263,Adira Das,35,Bangalore,Male,Karnataka,1682092.0,MSc,Software Engineer
6265,Nakul Varty,35,Ahmedabad,Female,Gujarat,1708589.0,MBA,Software Engineer
6334,Dishani Lad,35,Ahmedabad,Male,Gujarat,1571966.0,MBA,Entrepreneur
6383,Shalv Vohra,35,Chennai,Female,Tamil Nadu,1033085.0,PhD,Software Engineer
6394,Shayak Sarraf,35,Hyderabad,Male,Telangana,368824.0,Diploma,Security Guard
6402,Sahil Virk,35,Delhi,Female,Delhi,308155.0,Diploma,Security Guard
6405,Anay Kalla,35,Mumbai,Male,Maharashtra,2306371.0,M.Tech,Software Engineer
6421,Prerak Gala,35,Mumbai,Male,Maharashtra,1878626.0,PhD,Finance Manager
6455,Prisha Dutt,35,Mumbai,Female,Maharashtra,2599406.0,MBA,Finance Manager
6544,Veer Bir,35,Ahmedabad,Female,Gujarat,1399847.0,PhD,Entrepreneur
6550,Gatik Comar,35,Mumbai,Male,Maharashtra,1404208.0,MSc,Software Engineer
6557,Anahi Shanker,35,Chennai,Male,Tamil Nadu,959900.0,PhD,Finance Manager
6574,Urvi Mall,35,Mumbai,Female,Maharashtra,2033178.0,MSc,Data Scientist
6614,Kashvi Gera,35,Delhi,Female,Delhi,757372.0,MBA,Teacher
6701,Trisha Swaminathan,35,Ahmedabad,Male,Gujarat,848847.0,MBA,Finance Manager
6816,Advika Dasgupta,35,Bangalore,Male,Karnataka,518824.0,B.A,HR Manager
6829,Nishith Sheth,35,Delhi,Male,Delhi,2913417.0,MSc,Finance Manager
6906,Saira Arya,35,Hyderabad,Female,Telangana,2198906.0,MBA,Finance Manager
6944,Nakul Karpe,35,Hyderabad,Female,Telangana,2363435.0,PhD,Finance Manager
6992,Krish Ramaswamy,35,Hyderabad,Male,Telangana,2668710.0,MBA,Finance Manager
6996,Hazel Chokshi,35,Mumbai,Male,Maharashtra,1877980.0,PhD,Software Engineer
7090,Farhan Kalla,35,Pune,Female,Maharashtra,925711.0,MBA,Entrepreneur
7093,Krish Tella,35,Mumbai,Male,Maharashtra,1967731.0,MSc,Software Engineer
7105,Nehmat Zachariah,35,Bangalore,Female,Karnataka,2327156.0,MSc,Entrepreneur
7121,Shray Agate,35,Mumbai,Female,Maharashtra,1666374.0,M.Tech,Entrepreneur
7127,Biju Bakshi,35,Delhi,Female,Delhi,1149011.0,M.Tech,Entrepreneur
7132,Akarsh Bajwa,35,Kolkata,Male,West Bengal,1104940.0,MSc,Data Scientist
7171,Priyansh Kala,35,Mumbai,Female,Maharashtra,1697141.0,MSc,Data Scientist
7213,Lakshit Seshadri,35,Ahmedabad,Female,Gujarat,699211.0,MBA,Marketing Executive
7237,Darshit Sankar,35,Delhi,Male,Delhi,1030233.0,PhD,Doctor
7303,Diya Barad,35,Bangalore,Female,Karnataka,2465564.0,MSc,Doctor
7338,Anya Chhabra,35,Mumbai,Female,Maharashtra,409137.0,Diploma,Customer Support
7456,Nehmat Venkataraman,35,Mumbai,Female,Maharashtra,1317518.0,M.Tech,Software Engineer
7469,Zoya Bail,35,Chennai,Male,Tamil Nadu,1675485.0,MBA,Finance Manager
7504,Ranbir Yohannan,35,Ahmedabad,Male,Gujarat,1257186.0,PhD,Finance Manager
7524,Mohanlal Aurora,35,Delhi,Female,Delhi,2981386.0,PhD,Finance Manager
7555,Mahika Jain,35,Jaipur,Male,Rajasthan,658272.0,B.Tech,HR Manager
7580,Shlok Deshmukh,35,Hyderabad,Female,Telangana,1776080.0,M.Tech,Software Engineer
7624,Aarna Baria,35,Mumbai,Male,Maharashtra,2519684.0,M.Tech,Data Scientist
7648,Charvi Solanki,35,Kolkata,Male,West Bengal,1633565.0,MSc,Data Scientist
7777,Saira Dhar,35,Delhi,Female,Delhi,2097586.0,PhD,Finance Manager
7811,Suhana Sami,35,Mumbai,Female,Maharashtra,360857.0,Diploma,Customer Support
7871,Dhanuk Bains,35,Mumbai,Male,Maharashtra,648703.0,B.Com,Bank Clerk
7941,Arnav Gupta,35,Bangalore,Female,Karnataka,2093535.0,MSc,Finance Manager
7961,Shray Raju,35,Hyderabad,Male,Telangana,2077544.0,MBA,Data Scientist
8001,Fateh Lall,35,Delhi,Male,Delhi,2587102.0,PhD,Software Engineer
8195,Charvi Singh,35,Chennai,Female,Tamil Nadu,1584238.0,PhD,Entrepreneur
8359,Ojas Chhabra,35,Jaipur,Male,Rajasthan,900725.0,PhD,Doctor
8381,Oorja Sharma,35,Delhi,Female,Delhi,2243177.0,M.Tech,Entrepreneur
8388,Darshit Rastogi,35,Kolkata,Female,West Bengal,1546402.0,MSc,Software Engineer
8435,Nirvi Samra,35,Mumbai,Male,Maharashtra,2859422.0,MSc,Doctor
8459,Piya Gandhi,35,Kolkata,Male,West Bengal,1597585.0,MSc,Finance Manager
8484,Eshani Sem,35,Pune,Female,Maharashtra,1886364.0,MSc,Entrepreneur
8520,Reyansh Yohannan,35,Bangalore,Male,Karnataka,442385.0,Diploma,Security Guard
8576,Nehmat Amble,35,Pune,Male,Maharashtra,850209.0,MSc,Finance Manager
8595,Jiya Sanghvi,35,Hyderabad,Male,Telangana,633990.0,B.A,Accountant
8623,Pranay Brar,35,Hyderabad,Female,Telangana,869474.0,MSc,Data Scientist
8639,Fateh Bhardwaj,35,Delhi,Male,Delhi,2721014.0,MBA,Software Engineer
8683,Sana Bumb,35,Bangalore,Female,Karnataka,470880.0,12th Pass,Factory Worker
8694,Zara Barman,35,Chennai,Female,Tamil Nadu,1340424.0,MSc,Finance Manager
8722,Saira Lad,35,Hyderabad,Female,Telangana,892255.0,MBA,Data Scientist
8724,Himmat Seth,35,Ahmedabad,Female,Gujarat,1182748.0,MBA,Entrepreneur
8760,Raghav Jani,35,Jaipur,Female,Rajasthan,890116.0,MBA,Software Engineer
9084,Saira Din,35,Jaipur,Female,Rajasthan,1046161.0,PhD,Entrepreneur
9148,Dharmajan Gupta,35,Hyderabad,Female,Telangana,2966247.0,PhD,Software Engineer
9172,Badal Varkey,35,Bangalore,Male,Karnataka,1588672.0,MBA,Data Scientist
9230,Seher Ganguly,35,Bangalore,Female,Karnataka,704528.0,B.Com,HR Manager
9274,Amani Dhar,35,Jaipur,Female,Rajasthan,522539.0,BSc,Accountant
9306,Mohanlal Kakar,35,Bangalore,Male,Karnataka,368637.0,Diploma,Security Guard
9319,Prerak Uppal,35,Delhi,Female,Delhi,2018599.0,MBA,Doctor
9343,Alisha Chana,35,Chennai,Male,Tamil Nadu,1900373.0,MSc,Software Engineer
9346,Ehsaan Agarwal,35,Delhi,Male,Delhi,1843580.0,MSc,Data Scientist
9366,Ahana  Krishnamurthy,35,Kolkata,Female,West Bengal,1647127.0,M.Tech,Data Scientist
9371,Romil Dayal,35,Chennai,Male,Tamil Nadu,1637449.0,MBA,Software Engineer
9420,Parinaaz Halder,35,Delhi,Male,Delhi,471599.0,Diploma,Security Guard
9449,Anvi Mahal,35,Mumbai,Female,Maharashtra,362417.0,12th Pass,Delivery Agent
9482,Lavanya Chatterjee,35,Delhi,Male,Delhi,1279094.0,MSc,Finance Manager
9525,Sara Sami,35,Delhi,Female,Delhi,2959342.0,M.Tech,Software Engineer
9534,Pranay Sachar,35,Chennai,Male,Tamil Nadu,831571.0,M.Tech,Finance Manager
9561,Taimur Kaul,35,Ahmedabad,Male,Gujarat,1069845.0,M.Tech,Data Scientist
9575,Shanaya Master,35,Pune,Male,Maharashtra,725425.0,Diploma,Teacher
9581,Kimaya Rana,35,Bangalore,Female,Karnataka,2170526.0,MBA,Finance Manager
9664,Hansh Ramaswamy,35,Lucknow,Female,Uttar Pradesh,792447.0,B.Tech,Marketing Executive
9690,Indrans Dhingra,35,Bangalore,Female,Karnataka,655629.0,B.Com,Marketing Executive
9768,Pranay Bera,35,Hyderabad,Female,Telangana,1182596.0,M.Tech,Software Engineer
9878,Yasmin Lall,35,Mumbai,Male,Maharashtra,2712905.0,MSc,Data Scientist
9906,Rohan Luthra,35,Bangalore,Male,Karnataka,2838595.0,MSc,Finance Manager
9940,Lakshay Shroff,35,Pune,Female,Maharashtra,1493574.0,PhD,Software Engineer
9950,Amira Majumdar,35,Delhi,Female,Delhi,742526.0,B.A,Bank Clerk
9966,Dishani Sunder,35,Bangalore,Male,Karnataka,1173049.0,MSc,Data Scientist
9990,Ivan Bains,35,Delhi,Male,Delhi,2815724.0,MBA,Finance Manager
10094,Ranbir Chana,35,Kolkata,Male,West Bengal,1070408.0,PhD,Software Engineer
10129,Oorja Mannan,35,Jaipur,Female,Rajasthan,478303.0,Diploma,Security Guard
3161,Taimur Kala,35,Delhi,Male,Delhi,1835206.0,PhD,Entrepreneur
2157,Samar Chacko,35,Chennai,Male,Tamil Nadu,1303052.0,MSc,Software Engineer
1318,Ishita Virk,35,Kolkata,Female,West Bengal,1277175.0,MBA,Doctor
2179,Kashvi Raman,35,Mumbai,Female,Maharashtra,2237038.0,PhD,Finance Manager
9048,Zaina Singhal,35,Hyderabad,Female,Telangana,948691.0,M.Tech,Data Scientist
140,Aniruddh Chawla,45,Ahmedabad,Female,Gujarat,1399591.0,MBA,Doctor
231,Anahi Krish,38,Kolkata,Male,West Bengal,1402627.0,MSc,Finance Manager
250,Nirvi Kade,35,Delhi,Female,Delhi,1907022.0,MBA,Data Scientist
276,Adah Deol,42,Pune,Male,Maharashtra,1411833.0,PhD,Doctor
278,Kanav Tripathi,19,Bangalore,Male,Karnataka,385856.0,Diploma,Factory Worker
289,Dhanush Barman,21,Pune,Male,Maharashtra,1455655.0,MSc,Data Scientist
319,Madhav Brahmbhatt,41,Mumbai,Female,Maharashtra,1894654.0,MBA,Finance Manager
445,Adira Mani,37,Jaipur,Male,Rajasthan,370469.0,12th Pass,Customer Support
475,Madhup Dhar,35,Hyderabad,Female,Telangana,1911486.0,M.Tech,Finance Manager
480,Vanya Basak,43,Bangalore,Male,Karnataka,1899966.0,MSc,Data Scientist
516,Samiha Sachdeva,33,Hyderabad,Male,Telangana,1911486.0,PhD,Finance Manager
569,Anahi Deep,28,Mumbai,Female,Maharashtra,1866151.0,MBA,Doctor
579,Arnav Bhatia,27,Mumbai,Female,Maharashtra,1894654.0,MBA,Finance Manager
726,Tanya Malhotra,55,Chennai,Male,Tamil Nadu,1400724.0,M.Tech,Software Engineer
794,Devansh Edwin,27,Delhi,Female,Delhi,1878872.0,MBA,Finance Manager
904,Nishith Rattan,40,Bangalore,Female,Karnataka,1906549.0,MBA,Finance Manager
926,Priyansh Rajan,50,Delhi,Male,Delhi,1907022.0,MBA,Data Scientist
1085,Anvi Kakar,24,Ahmedabad,Female,Gujarat,1407198.0,PhD,Data Scientist
1176,Zain Kala,45,Bangalore,Female,Karnataka,1820255.0,PhD,Doctor
1194,Shalv Lala,34,Bangalore,Female,Karnataka,1906549.0,M.Tech,Finance Manager
1257,Tara Balay,43,Ahmedabad,Male,Gujarat,1407198.0,MBA,Data Scientist
1397,Gatik Shan,41,Ahmedabad,Male,Gujarat,1399591.0,MBA,Doctor
1520,Romil Chakraborty,38,Delhi,Male,Delhi,1907776.0,MBA,Software Engineer
1559,Azad Bora,18,Bangalore,Male,Karnataka,1880581.0,PhD,Entrepreneur
1641,Reyansh Goda,38,Hyderabad,Male,Telangana,1860188.0,MSc,Data Scientist
1748,Ranbir Bahri,57,Bangalore,Male,Karnataka,1880581.0,MBA,Entrepreneur
1769,Purab Krish,39,Hyderabad,Female,Telangana,1933812.0,MSc,Doctor
1930,Purab Mann,22,Delhi,Male,Delhi,1907022.0,MBA,Data Scientist
1965,Tanya Roy,37,Delhi,Female,Delhi,1878872.0,MSc,Finance Manager
1997,Kiaan Singhal,34,Jaipur,Female,Rajasthan,722391.0,MBA,HR Manager
2058,Darshit Dara,21,Pune,Male,Maharashtra,639025.0,BBA,Accountant
2105,Jivin Khalsa,45,Ahmedabad,Male,Gujarat,1407198.0,M.Tech,Data Scientist
2165,Rati Andra,35,Mumbai,Male,Maharashtra,1935387.0,M.Tech,Software Engineer
2191,Mannat Suri,23,Kolkata,Female,West Bengal,1461901.0,MBA,Entrepreneur
2199,Ivana Raman,47,Delhi,Female,Delhi,1889777.0,PhD,Entrepreneur
2209,Hridaan Dash,28,Delhi,Male,Delhi,1907022.0,MSc,Data Scientist
2338,Misha Char,41,Delhi,Male,Delhi,639267.0,MCA,HR Manager
2359,Mamooty Bala,38,Mumbai,Male,Maharashtra,1914076.0,PhD,Data Scientist
2572,Saanvi Raj,51,Mumbai,Male,Maharashtra,624563.0,B.A,Bank Clerk
2699,Samarth Singh,36,Mumbai,Female,Maharashtra,1876967.0,PhD,Entrepreneur
2710,Renee Bala,38,Hyderabad,Female,Telangana,1860188.0,M.Tech,Data Scientist
2728,Sahil Bansal,41,Lucknow,Male,Uttar Pradesh,662447.0,MCA,Accountant
2751,Kartik Sekhon,18,Delhi,Male,Delhi,1889777.0,M.Tech,Entrepreneur
2767,Damini Sastry,39,Delhi,Male,Delhi,1878872.0,M.Tech,Finance Manager
2862,Prisha Bhat,37,Pune,Male,Maharashtra,1392914.0,M.Tech,Entrepreneur
2969,Prisha Taneja,43,Bangalore,Female,Karnataka,400837.0,12th Pass,Delivery Agent
2977,Ishaan Solanki,30,Delhi,Female,Delhi,643318.0,MBA,Bank Clerk
2981,Jiya Brahmbhatt,35,Mumbai,Female,Maharashtra,389356.0,Diploma,Delivery Agent
3019,Alia Sanghvi,20,Hyderabad,Female,Telangana,1807396.0,M.Tech,Software Engineer
3042,Rania Gandhi,32,Hyderabad,Male,Telangana,397611.0,Diploma,Customer Support
3148,Tanya Balakrishnan,39,Chennai,Female,Tamil Nadu,1445362.0,MBA,Finance Manager
3257,Zara Virk,25,Lucknow,Female,Uttar Pradesh,948003.0,MBA,Finance Manager
3279,Shaan Tata,36,Mumbai,Male,Maharashtra,1914076.0,M.Tech,Data Scientist
3327,Divit Amble,26,Kolkata,Male,West Bengal,638583.0,B.Com,HR Manager
3370,Vidur Gandhi,27,Mumbai,Male,Maharashtra,1935387.0,M.Tech,Software Engineer
3454,Divij Goyal,25,Chennai,Female,Tamil Nadu,1400724.0,MSc,Software Engineer
3514,Drishya Varghese,33,Mumbai,Female,Maharashtra,1876967.0,M.Tech,Entrepreneur
3592,Arhaan Sharaf,21,Delhi,Male,Delhi,397050.0,Diploma,Delivery Agent
3639,Elakshi Sankar,23,Mumbai,Male,Maharashtra,1914076.0,MBA,Data Scientist
3659,Amani Warrior,28,Mumbai,Female,Maharashtra,1866151.0,PhD,Doctor
3696,Aarav Rastogi,34,Delhi,Female,Delhi,1907022.0,PhD,Data Scientist
3772,Farhan Mangal,31,Kolkata,Female,West Bengal,652425.0,B.Com,Bank Clerk
3865,Yuvaan Warrior,33,Ahmedabad,Male,Gujarat,626085.0,MCA,Accountant
3916,Tara Dhawan,23,Mumbai,Female,Maharashtra,666030.0,BSc,Marketing Executive
3963,Hrishita Kuruvilla,41,Bangalore,Male,Karnataka,1880581.0,MBA,Entrepreneur
3968,Chirag Shenoy,31,Hyderabad,Female,Telangana,1912769.0,M.Tech,Entrepreneur
4001,Diya Sani,21,Chennai,Female,Tamil Nadu,1392395.0,PhD,Entrepreneur
4037,Elakshi Devi,40,Ahmedabad,Female,Gujarat,1399591.0,MSc,Doctor
4130,Piya Verma,23,Kolkata,Female,West Bengal,1385544.0,MBA,Doctor
4148,Renee Rama,18,Delhi,Male,Delhi,406423.0,12th Pass,Retail Worker
4160,Dishani Dhingra,35,Hyderabad,Male,Telangana,1912769.0,M.Tech,Entrepreneur
4180,Aarush Dyal,46,Hyderabad,Female,Telangana,1912769.0,MSc,Entrepreneur
4213,Chirag Karan,48,Kolkata,Female,West Bengal,1461901.0,MBA,Entrepreneur
4265,Nayantara Gaba,37,Mumbai,Male,Maharashtra,1876967.0,MBA,Entrepreneur
4359,Sara Goda,18,Delhi,Female,Delhi,1907776.0,MSc,Software Engineer
4422,Nayantara Agrawal,31,Delhi,Female,Delhi,1878872.0,PhD,Finance Manager
4670,Mishti Sarraf,31,Mumbai,Female,Maharashtra,1935387.0,M.Tech,Software Engineer
4684,Nishith Basak,59,Mumbai,Female,Maharashtra,1876967.0,MSc,Entrepreneur
4716,Jivika Varughese,27,Delhi,Male,Delhi,1889777.0,MBA,Entrepreneur
4720,Jayan Sama,34,Mumbai,Male,Maharashtra,1876967.0,M.Tech,Entrepreneur
4817,Manjari Brahmbhatt,43,Bangalore,Female,Karnataka,1880581.0,PhD,Entrepreneur
4831,Parinaaz Srinivasan,27,Lucknow,Female,Uttar Pradesh,692049.0,Diploma,Bank Clerk
4845,Hrishita Lal,37,Kolkata,Male,West Bengal,635036.0,B.A,Teacher
4852,Mohanlal Wali,22,Bangalore,Female,Karnataka,1906549.0,PhD,Finance Manager
4891,Dishani Gola,39,Bangalore,Male,Karnataka,658144.0,B.Com,Accountant
5041,Lakshit Bhavsar,31,Mumbai,Male,Maharashtra,1935387.0,MBA,Software Engineer
5047,Yashvi Chawla,29,Hyderabad,Male,Telangana,1807396.0,MSc,Software Engineer
5080,Ishaan Bumb,45,Hyderabad,Male,Telangana,1933812.0,MSc,Doctor
5226,Emir Rajan,39,Bangalore,Male,Karnataka,1880581.0,M.Tech,Entrepreneur
5267,Kiara Dube,38,Delhi,Male,Delhi,1923044.0,M.Tech,Doctor
5269,Charvi Apte,43,Mumbai,Female,Maharashtra,1894654.0,M.Tech,Finance Manager
5292,Ojas Sandal,35,Ahmedabad,Female,Gujarat,1399591.0,MBA,Doctor
5319,Suhana Char,45,Jaipur,Male,Rajasthan,1040487.0,MSc,Entrepreneur
5368,Navya Rao,42,Delhi,Female,Delhi,1907776.0,MSc,Software Engineer
5397,Vardaniya Tank,26,Pune,Male,Maharashtra,1384981.0,MSc,Software Engineer
5400,Samarth Khatri,34,Delhi,Female,Delhi,1889777.0,M.Tech,Entrepreneur
5421,Samarth Gour,33,Delhi,Male,Delhi,673391.0,BSc,Teacher
5461,Shalv Jayaraman,23,Delhi,Female,Delhi,1923044.0,M.Tech,Doctor
5537,Anaya Jain,28,Ahmedabad,Female,Gujarat,656052.0,Diploma,Teacher
5548,Ishita Vohra,30,Chennai,Female,Tamil Nadu,1400724.0,PhD,Software Engineer
5616,Hiran Dhawan,30,Bangalore,Male,Karnataka,658144.0,B.Com,Accountant
5623,Taimur Malhotra,34,Kolkata,Female,West Bengal,1402627.0,M.Tech,Finance Manager
5628,Piya Kumer,28,Chennai,Female,Tamil Nadu,1392395.0,MBA,Entrepreneur
5649,Oorja Bora,42,Hyderabad,Male,Telangana,1911486.0,PhD,Finance Manager
5670,Divit D’Alia,18,Mumbai,Male,Maharashtra,1894654.0,MSc,Finance Manager
5675,Jiya Chada,22,Pune,Male,Maharashtra,1392914.0,MBA,Entrepreneur
5682,Hazel Sodhi,40,Mumbai,Male,Maharashtra,1866151.0,PhD,Doctor
5711,Anya Bava,40,Delhi,Female,Delhi,1907022.0,MSc,Data Scientist
5782,Zeeshan Kannan,32,Mumbai,Female,Maharashtra,1894654.0,MBA,Finance Manager
5796,Badal Kulkarni,18,Mumbai,Male,Maharashtra,1894654.0,MBA,Finance Manager
5894,Aniruddh Ramanathan,18,Ahmedabad,Male,Gujarat,1399591.0,M.Tech,Doctor
6047,Chirag Soman,18,Lucknow,Female,Uttar Pradesh,946792.0,M.Tech,Software Engineer
6074,Fateh Doshi,26,Bangalore,Female,Karnataka,1899966.0,M.Tech,Data Scientist
6121,Nehmat Wali,23,Pune,Female,Maharashtra,629400.0,Diploma,Bank Clerk
6191,Shanaya Bhatia,43,Bangalore,Female,Karnataka,1880581.0,MSc,Entrepreneur
6303,Armaan Kara,23,Hyderabad,Male,Telangana,628044.0,BBA,Marketing Executive
6306,Rati Chauhan,27,Mumbai,Male,Maharashtra,1894654.0,M.Tech,Finance Manager
6343,Hazel Gola,35,Ahmedabad,Male,Gujarat,1387524.0,MSc,Software Engineer
6415,Suhana Borra,34,Kolkata,Female,West Bengal,1385544.0,M.Tech,Doctor
6513,Anaya Kaul,31,Pune,Female,Maharashtra,1455655.0,MBA,Data Scientist
6687,Indranil Gour,63,Chennai,Female,Tamil Nadu,1400724.0,MBA,Software Engineer
6762,Raghav Dugar,35,Delhi,Female,Delhi,641345.0,BSc,Marketing Executive
6810,Shanaya Bains,35,Bangalore,Female,Karnataka,1899966.0,MBA,Data Scientist
6825,Urvi Kara,37,Mumbai,Male,Maharashtra,1876967.0,MBA,Entrepreneur
6838,Shray Varkey,18,Chennai,Male,Tamil Nadu,636194.0,BSc,Accountant
6860,Yuvaan Dora,36,Kolkata,Female,West Bengal,638583.0,B.Tech,HR Manager
6884,Dharmajan Warrior,31,Mumbai,Male,Maharashtra,1935387.0,MBA,Software Engineer
6942,Krish Brar,31,Bangalore,Female,Karnataka,1899966.0,PhD,Data Scientist
7016,Siya Dhawan,20,Ahmedabad,Male,Gujarat,391949.0,12th Pass,Customer Support
7031,Bhamini De,53,Mumbai,Male,Maharashtra,1935387.0,PhD,Software Engineer
7070,Parinaaz Goel,32,Ahmedabad,Female,Gujarat,1387524.0,MBA,Software Engineer
7147,Kavya Sanghvi,41,Pune,Female,Maharashtra,1455655.0,M.Tech,Data Scientist
7240,Saanvi Samra,44,Chennai,Female,Tamil Nadu,1445362.0,MBA,Finance Manager
7450,Nitya Sama,22,Hyderabad,Male,Telangana,1912769.0,MSc,Entrepreneur
7554,Mamooty Aggarwal,42,Mumbai,Female,Maharashtra,1935387.0,M.Tech,Software Engineer
7582,Nakul Brar,37,Ahmedabad,Female,Gujarat,436593.0,Diploma,Factory Worker
7605,Ahana  Dass,19,Chennai,Female,Tamil Nadu,1445362.0,MSc,Finance Manager
7779,Rasha Wali,29,Mumbai,Male,Maharashtra,1914076.0,MBA,Data Scientist
7803,Jiya Bobal,32,Bangalore,Male,Karnataka,1899966.0,MBA,Data Scientist
7826,Ivana Dave,24,Mumbai,Female,Maharashtra,1935387.0,M.Tech,Software Engineer
7917,Tiya Ratta,33,Kolkata,Female,West Bengal,1402627.0,MSc,Finance Manager
7949,Biju Deo,36,Bangalore,Female,Karnataka,1906549.0,MSc,Finance Manager
8089,Jayesh Sarma,36,Delhi,Male,Delhi,673391.0,BBA,Teacher
8126,Saira Chowdhury,41,Mumbai,Male,Maharashtra,1894654.0,M.Tech,Finance Manager
8128,Baiju Chaudry,40,Delhi,Male,Delhi,1878872.0,M.Tech,Finance Manager
8147,Shayak Yogi,30,Hyderabad,Male,Telangana,1912769.0,MSc,Entrepreneur
8184,Akarsh Randhawa,31,Kolkata,Male,West Bengal,1416092.0,PhD,Software Engineer
8237,Vaibhav Sabharwal,35,Mumbai,Female,Maharashtra,1894654.0,MSc,Finance Manager
8301,Kiara Sampath,31,Jaipur,Female,Rajasthan,385152.0,12th Pass,Factory Worker
8311,Charvi Chaudhry,46,Pune,Male,Maharashtra,1392914.0,MBA,Entrepreneur
8439,Darshit Brar,32,Hyderabad,Female,Telangana,1911486.0,M.Tech,Finance Manager
8592,Aaina Sur,19,Chennai,Male,Tamil Nadu,1347725.0,MBA,Doctor
8648,Fateh Din,18,Hyderabad,Female,Telangana,674478.0,B.Tech,Bank Clerk
8704,Nirvaan Maharaj,20,Delhi,Male,Delhi,1878872.0,M.Tech,Finance Manager
8717,Adira Balakrishnan,39,Bangalore,Female,Karnataka,1880581.0,PhD,Entrepreneur
8730,Priyansh Thakur,45,Delhi,Male,Delhi,1923044.0,MSc,Doctor
8800,Azad Buch,18,Mumbai,Male,Maharashtra,1914076.0,PhD,Data Scientist
8850,Dhruv Suri,41,Delhi,Male,Delhi,1923044.0,MBA,Doctor
9045,Diya Kaul,46,Delhi,Female,Delhi,639267.0,Diploma,HR Manager
9073,Aaryahi Dhar,31,Hyderabad,Male,Telangana,1911486.0,MSc,Finance Manager
9085,Kavya Chokshi,45,Bangalore,Female,Karnataka,1880581.0,PhD,Entrepreneur
9272,Aarna Kalla,40,Bangalore,Male,Karnataka,1906549.0,MBA,Finance Manager
9344,Kanav Chakrabarti,18,Bangalore,Male,Karnataka,675747.0,B.Com,Teacher
9441,Keya Batta,34,Kolkata,Male,West Bengal,1416092.0,MBA,Software Engineer
9491,Ishaan Sheth,38,Kolkata,Male,West Bengal,1402627.0,MSc,Finance Manager
9499,Dhanuk Balasubramanian,41,Mumbai,Male,Maharashtra,650260.0,B.Com,Accountant
9501,Shlok Raj,38,Jaipur,Female,Rajasthan,1037653.0,MSc,Software Engineer
9537,Zara Virk,28,Mumbai,Male,Maharashtra,1894654.0,M.Tech,Finance Manager
9668,Ritvik Sahota,31,Bangalore,Female,Karnataka,1820255.0,MSc,Doctor
9713,Dhanush Bahl,32,Hyderabad,Male,Telangana,1933812.0,MBA,Doctor
9750,Madhup Bhargava,46,Pune,Female,Maharashtra,1384981.0,M.Tech,Software Engineer
9828,Mehul Sane,18,Delhi,Male,Delhi,1923044.0,PhD,Doctor
9934,Adira Rout,18,Chennai,Male,Tamil Nadu,636194.0,B.Tech,Accountant
9943,Dhanuk Wable,37,Kolkata,Female,West Bengal,1416092.0,M.Tech,Software Engineer
6545,Shaan Shanker,33,Delhi,Female,Delhi,641345.0,B.Com,Marketing Executive
2158,Veer Kala,20,Ahmedabad,Male,Gujarat,1399591.0,MSc,Doctor
4591,Faiyaz Sanghvi,35,Ahmedabad,Male,Gujarat,1387524.0,PhD,Software Engineer
8021,Amira Dhawan,42,Hyderabad,Male,Telangana,1807396.0,PhD,Software Engineer
6669,Samarth Dora,23,Lucknow,Male,Uttar Pradesh,964352.0,M.Tech,Entrepreneur
4428,Arnav Ramaswamy,38,Mumbai,Male,Maharashtra,1876967.0,MSc,Entrepreneur
6477,Lavanya Swaminathan,19,Bangalore,Male,Karnataka,1899966.0,PhD,Data Scientist
1507,Baiju Madan,33,Jaipur,Female,Rajasthan,425257.0,12th Pass,Retail Worker
9780,Arhaan Thakkar,27,Hyderabad,Female,Telangana,1912769.0,M.Tech,Entrepreneur
3280,Ivana Baral,48,Chennai,Female,Tamil Nadu,1400724.0,PhD,Software Engineer
9290,Suhana Grover,38,Ahmedabad,Female,Gujarat,647160.0,BSc,Bank Clerk
2221,Eva Mander,35,Delhi,Female,Delhi,1889777.0,M.Tech,Entrepreneur
3397,Fateh Borah,35,Mumbai,Female,Maharashtra,1866151.0,M.Tech,Doctor
520,Diya Buch,25,Ahmedabad,Male,Gujarat,661759.0,B.Com,Accountant
2067,Riya Bhargava,30,Ahmedabad,Male,Gujarat,679477.0,B.Com,Accountant
2271,Mohanlal Mander,25,Ahmedabad,Female,Gujarat,592830.0,MCA,Bank Clerk
1469,Navya Solanki,54,Ahmedabad,Male,Gujarat,335743.0,12th Pass,Customer Support
1854,Misha Dave,30,Ahmedabad,Male,Gujarat,1801524.0,PhD,Data Scientist
4284,Fateh Gupta,33,Ahmedabad,Male,Gujarat,1006529.0,PhD,Data Scientist
4587,Kabir Sethi,23,Ahmedabad,Female,Gujarat,1829985.0,PhD,Data Scientist
7386,Anahita Kar,40,Ahmedabad,Male,Gujarat,1187631.0,PhD,Data Scientist
7418,Samiha Sahni,46,Ahmedabad,Female,Gujarat,1600451.0,PhD,Data Scientist
8864,Navya Gala,43,Ahmedabad,Female,Gujarat,1033180.0,PhD,Data Scientist
1772,Shamik Sodhi,43,Ahmedabad,Female,Gujarat,1389305.0,PhD,Doctor
2335,Seher Mall,28,Ahmedabad,Female,Gujarat,1195663.0,PhD,Doctor
3943,Romil Sengupta,29,Ahmedabad,Male,Gujarat,1549853.0,PhD,Doctor
6452,Dharmajan Ravel,29,Ahmedabad,Female,Gujarat,1179667.0,PhD,Doctor
8922,Jiya Chopra,22,Ahmedabad,Male,Gujarat,1589285.0,PhD,Doctor
1174,Ojas Ahluwalia,24,Ahmedabad,Female,Gujarat,993966.0,MBA,Entrepreneur
1501,Romil Issac,48,Ahmedabad,Male,Gujarat,980725.0,MBA,Entrepreneur
3163,Hiran Lad,32,Ahmedabad,Female,Gujarat,1200937.0,MBA,Entrepreneur
5470,Kiara Chand,33,Ahmedabad,Female,Gujarat,1375780.0,MBA,Entrepreneur
7275,Divij Bhardwaj,29,Ahmedabad,Male,Gujarat,1583871.0,MBA,Entrepreneur
9381,Lavanya Garg,33,Ahmedabad,Male,Gujarat,1219317.0,MBA,Entrepreneur
3702,Samiha Arora,51,Ahmedabad,Male,Gujarat,1778548.0,MBA,Finance Manager
9193,Kimaya Aggarwal,18,Ahmedabad,Female,Gujarat,715226.0,Diploma,HR Manager
2849,Jayant Lalla,20,Ahmedabad,Male,Gujarat,1815189.0,MSc,Software Engineer
4829,Emir Anand,28,Ahmedabad,Male,Gujarat,1895362.0,MSc,Software Engineer
6177,Aayush Mani,40,Ahmedabad,Male,Gujarat,1752567.0,MSc,Software Engineer
9781,Samaira Jhaveri,52,Bangalore,Male,Karnataka,686467.0,Diploma,Accountant
4974,Umang Ramesh,42,Bangalore,Male,Karnataka,385208.0,12th Pass,Customer Support
452,Misha Dass,20,Bangalore,Male,Karnataka,2670370.0,MSc,Data Scientist
825,Reyansh Kapur,23,Bangalore,Female,Karnataka,2121262.0,MSc,Data Scientist
1074,Pihu Kalita,46,Bangalore,Female,Karnataka,895500.0,MSc,Data Scientist
1486,Jivin Keer,46,Bangalore,Male,Karnataka,1954653.0,MSc,Data Scientist
3464,Pihu Sem,44,Bangalore,Male,Karnataka,2860204.0,MSc,Data Scientist
5001,Jivika Wadhwa,40,Bangalore,Male,Karnataka,1979388.0,MSc,Data Scientist
5366,Piya Majumdar,54,Bangalore,Male,Karnataka,1325775.0,MSc,Data Scientist
5640,Hridaan Dixit,54,Bangalore,Female,Karnataka,1670960.0,MSc,Data Scientist
5941,Vardaniya Butala,36,Bangalore,Female,Karnataka,1899520.0,MSc,Data Scientist
6096,Biju Chadha,45,Bangalore,Male,Karnataka,1547299.0,MSc,Data Scientist
6476,Vedika Mandal,36,Bangalore,Male,Karnataka,2355300.0,MSc,Data Scientist
6866,Lagan Varma,31,Bangalore,Male,Karnataka,2540761.0,MSc,Data Scientist
7833,Ivan Karan,50,Bangalore,Male,Karnataka,1971219.0,MSc,Data Scientist
8824,Kanav Bansal,37,Bangalore,Female,Karnataka,1390205.0,MSc,Data Scientist
3756,Manikya Sarna,48,Bangalore,Male,Karnataka,2890761.0,MSc,Data Scientist
7858,Arhaan Choudhry,47,Bangalore,Female,Karnataka,345266.0,Diploma,Delivery Agent
132,Navya Sami,33,Bangalore,Female,Karnataka,857953.0,M.Tech,Doctor
1938,Vihaan Rastogi,36,Bangalore,Male,Karnataka,2224626.0,M.Tech,Doctor
8971,Neelofar Ravi,26,Bangalore,Male,Karnataka,997715.0,M.Tech,Doctor
9014,Raghav Issac,21,Bangalore,Female,Karnataka,1907224.0,M.Tech,Doctor
9644,Jayant Chandra,31,Bangalore,Female,Karnataka,2771585.0,M.Tech,Doctor
2944,Taran Sangha,34,Bangalore,Female,Karnataka,1057464.0,PhD,Entrepreneur
3940,Jivin Bail,26,Bangalore,Male,Karnataka,1946779.0,PhD,Entrepreneur
4204,Myra Sarma,23,Bangalore,Male,Karnataka,1286349.0,PhD,Entrepreneur
6090,Jiya Hayer,34,Bangalore,Female,Karnataka,1242956.0,PhD,Entrepreneur
79,Kimaya Sathe,31,Bangalore,Female,Karnataka,2814986.0,MSc,Finance Manager
1911,Aaryahi Gulati,28,Bangalore,Male,Karnataka,1268382.0,MSc,Finance Manager
5307,Dhruv Magar,40,Bangalore,Male,Karnataka,2290185.0,MSc,Finance Manager
8120,Nishith Mangat,37,Bangalore,Female,Karnataka,1319061.0,MSc,Finance Manager
8530,Yashvi Brahmbhatt,51,Bangalore,Male,Karnataka,2804908.0,MSc,Finance Manager
2882,Shray Hora,22,Bangalore,Male,Karnataka,646908.0,MBA,Marketing Executive
1334,Aayush Bose,20,Bangalore,Male,Karnataka,419293.0,Diploma,Security Guard
2343,Emir Sangha,29,Bangalore,Female,Karnataka,447254.0,Diploma,Security Guard
8223,Anya Jayaraman,34,Bangalore,Male,Karnataka,376213.0,Diploma,Security Guard
2411,Hunar Baria,37,Bangalore,Female,Karnataka,1329698.0,MSc,Software Engineer
3445,Alia Goyal,39,Bangalore,Female,Karnataka,2140930.0,MSc,Software Engineer
3775,Kavya Bhatti,20,Bangalore,Male,Karnataka,2514267.0,MSc,Software Engineer
4126,Anay Rege,37,Bangalore,Female,Karnataka,2343753.0,MSc,Software Engineer
4884,Anya Sane,40,Bangalore,Female,Karnataka,2559709.0,MSc,Software Engineer
6045,Vidur Raman,34,Bangalore,Male,Karnataka,1574520.0,MSc,Software Engineer
6891,Sana Balan,18,Bangalore,Male,Karnataka,1949017.0,MSc,Software Engineer
10080,Inaaya  Jani,31,Bangalore,Male,Karnataka,2713407.0,MSc,Software Engineer
207,Ayesha D’Alia,49,Bangalore,Female,Karnataka,2938783.0,MSc,Software Engineer
6567,Manjari Doctor,38,Chennai,Female,Tamil Nadu,636194.0,BSc,Accountant
2471,Mishti Sibal,21,Chennai,Female,Tamil Nadu,1909320.0,MSc,Data Scientist
3785,Ela De,33,Chennai,Female,Tamil Nadu,850374.0,MSc,Data Scientist
4196,Samarth Butala,24,Chennai,Male,Tamil Nadu,1512917.0,MSc,Data Scientist
6479,Lavanya Lala,20,Chennai,Male,Tamil Nadu,1886913.0,PhD,Doctor
9984,Riya Chakrabarti,35,Chennai,Female,Tamil Nadu,1346496.0,PhD,Doctor
17,Zeeshan Dixit,36,Chennai,Male,Tamil Nadu,1318313.0,MSc,Entrepreneur
396,Ira Kant,38,Chennai,Female,Tamil Nadu,1279706.0,MSc,Entrepreneur
2240,Vanya Gola,20,Chennai,Male,Tamil Nadu,927471.0,MSc,Entrepreneur
1874,Shayak Tiwari,27,Chennai,Male,Tamil Nadu,1323951.0,M.Tech,Finance Manager
4676,Shray Keer,26,Chennai,Male,Tamil Nadu,1765096.0,M.Tech,Finance Manager
5486,Nehmat Suri,18,Chennai,Male,Tamil Nadu,1779010.0,M.Tech,Finance Manager
7347,Saira Goda,31,Chennai,Female,Tamil Nadu,877996.0,M.Tech,Finance Manager
8009,Nitara Ben,30,Chennai,Female,Tamil Nadu,1242172.0,M.Tech,Finance Manager
8355,Nirvi Ramachandran,45,Chennai,Female,Tamil Nadu,887141.0,M.Tech,Finance Manager
5939,Anay Ramachandran,35,Chennai,Male,Tamil Nadu,641325.0,Diploma,Marketing Executive
2976,Heer Chaudhuri,43,Chennai,Male,Tamil Nadu,1442127.0,MSc,Software Engineer
3440,Zara Bala,38,Chennai,Female,Tamil Nadu,1583087.0,MSc,Software Engineer
3008,Prerak Batra,24,Chennai,Female,Tamil Nadu,696712.0,BBA,Teacher
2082,Mahika Kamdar,38,Delhi,Female,Delhi,596389.0,MBA,Accountant
2294,Anika Taneja,46,Delhi,Female,Delhi,550268.0,MBA,Accountant
7372,Uthkarsh Bal,28,Delhi,Male,Delhi,541376.0,MBA,Accountant
9369,Parinaaz Sengupta,31,Delhi,Male,Delhi,734714.0,MBA,Accountant
711,Arhaan Handa,36,Delhi,Male,Delhi,687355.0,MCA,Bank Clerk
819,Keya Warrior,24,Delhi,Male,Delhi,599256.0,MCA,Bank Clerk
7795,Vedika Bhavsar,25,Delhi,Male,Delhi,688974.0,MCA,Bank Clerk
8258,Raghav De,25,Delhi,Female,Delhi,640997.0,MCA,Bank Clerk
3150,Advika Sethi,34,Delhi,Male,Delhi,460890.0,Diploma,Customer Support
430,Sumer Dhaliwal,34,Delhi,Female,Delhi,1328647.0,MBA,Data Scientist
624,Saanvi Sha,18,Delhi,Male,Delhi,1143636.0,MBA,Data Scientist
882,Adira Buch,39,Delhi,Female,Delhi,2640917.0,MBA,Data Scientist
3893,Riya Gera,19,Delhi,Female,Delhi,827307.0,MBA,Data Scientist
6646,Damini Bir,26,Delhi,Male,Delhi,1610029.0,MBA,Data Scientist
2262,Eshani Bora,35,Delhi,Female,Delhi,2455992.0,MBA,Data Scientist
2700,Indrans Khanna,45,Delhi,Male,Delhi,318967.0,Diploma,Delivery Agent
1775,Kismat Mall,44,Delhi,Female,Delhi,1704534.0,MSc,Doctor
4644,Darshit Sachdeva,39,Delhi,Male,Delhi,2980513.0,MSc,Doctor
4827,Rhea Sagar,26,Delhi,Female,Delhi,1176065.0,MSc,Doctor
8664,Yuvraj  Subramaniam,46,Delhi,Male,Delhi,2753191.0,MSc,Doctor
9596,Azad Halder,46,Delhi,Female,Delhi,1761744.0,MSc,Doctor
9706,Renee Lalla,36,Delhi,Female,Delhi,2418804.0,MSc,Doctor
285,Madhav Wagle,38,Delhi,Female,Delhi,2221029.0,M.Tech,Entrepreneur
2149,Vivaan Ghose,25,Delhi,Female,Delhi,2000694.0,M.Tech,Entrepreneur
2829,Aniruddh Tella,37,Delhi,Female,Delhi,2747878.0,M.Tech,Entrepreneur
6078,Amira Ganesh,18,Delhi,Female,Delhi,2443785.0,M.Tech,Entrepreneur
6801,Emir Dalal,26,Delhi,Male,Delhi,1356654.0,M.Tech,Entrepreneur
7620,Samar Sandal,33,Delhi,Female,Delhi,2976205.0,M.Tech,Entrepreneur
8229,Navya Borah,43,Delhi,Female,Delhi,2611037.0,M.Tech,Entrepreneur
8487,Ivana Samra,35,Delhi,Female,Delhi,1634397.0,M.Tech,Entrepreneur
8563,Ishaan Iyer,31,Delhi,Male,Delhi,2784781.0,M.Tech,Entrepreneur
9627,Ritvik Lal,18,Delhi,Female,Delhi,1323806.0,M.Tech,Entrepreneur
9871,Vivaan Kibe,18,Delhi,Male,Delhi,380852.0,12th Pass,Factory Worker
944,Taimur Krish,36,Delhi,Male,Delhi,1887716.0,MBA,Finance Manager
1794,Armaan Rattan,35,Delhi,Female,Delhi,1923623.0,MBA,Finance Manager
3753,Hridaan Bhattacharyya,40,Delhi,Male,Delhi,2997682.0,MBA,Finance Manager
4192,Divij Raja,36,Delhi,Female,Delhi,1690241.0,MBA,Finance Manager
4410,Shray Rout,18,Delhi,Male,Delhi,1850310.0,MBA,Finance Manager
5038,Samaira Vig,26,Delhi,Male,Delhi,2306350.0,MBA,Finance Manager
9523,Madhav Arya,30,Delhi,Female,Delhi,2335563.0,MBA,Finance Manager
9824,Kabir Sastry,40,Delhi,Male,Delhi,2995679.0,MBA,Finance Manager
4457,Anahi Balakrishnan,38,Delhi,Female,Delhi,554392.0,BSc,Marketing Executive
6615,Vaibhav Mand,37,Delhi,Female,Delhi,465853.0,Diploma,Security Guard
7494,Tejas Rout,18,Delhi,Female,Delhi,449297.0,Diploma,Security Guard
237,Ishaan Sane,32,Delhi,Male,Delhi,2091481.0,M.Tech,Software Engineer
549,Hazel Batta,23,Delhi,Male,Delhi,1961713.0,M.Tech,Software Engineer
2159,Vivaan Dani,37,Delhi,Male,Delhi,2593865.0,M.Tech,Software Engineer
2520,Ishita Rout,38,Delhi,Male,Delhi,1895861.0,M.Tech,Software Engineer
2961,Taimur Lal,36,Delhi,Male,Delhi,2248368.0,M.Tech,Software Engineer
4904,Ivana Bajaj,26,Delhi,Male,Delhi,1721285.0,M.Tech,Software Engineer
4997,Zeeshan Jayaraman,27,Delhi,Male,Delhi,2169697.0,M.Tech,Software Engineer
5126,Farhan Kumer,27,Delhi,Male,Delhi,1431396.0,M.Tech,Software Engineer
7315,Gokul Sawhney,39,Delhi,Female,Delhi,1721057.0,M.Tech,Software Engineer
7411,Anahi Basu,31,Delhi,Female,Delhi,1746249.0,M.Tech,Software Engineer
7952,Misha Garde,30,Delhi,Male,Delhi,1541533.0,M.Tech,Software Engineer
8932,Sara Toor,48,Delhi,Male,Delhi,2157862.0,M.Tech,Software Engineer
8996,Kanav Chana,25,Delhi,Female,Delhi,1537994.0,M.Tech,Software Engineer
7290,Miraya Kala,35,Delhi,Female,Delhi,2309528.0,M.Tech,Software Engineer
9414,Ela Ratti,18,Delhi,Female,Delhi,747508.0,BSc,Teacher
9676,Ayesha Bala,31,Delhi,Female,Delhi,505055.0,BSc,Teacher
1758,Badal Basak,28,Delhi,Female,Delhi,673391.0,BSc,Teacher
9422,Ranbir Tata,39,Hyderabad,Female,Telangana,710098.0,MCA,Accountant
7565,Shalv Kibe,35,Hyderabad,Female,Telangana,326807.0,Diploma,Customer Support
3979,Onkar Dugar,21,Hyderabad,Female,Telangana,818429.0,MSc,Data Scientist
4964,Neysa Bora,35,Hyderabad,Male,Telangana,1307073.0,MSc,Data Scientist
7076,Charvi Kade,28,Hyderabad,Female,Telangana,1083980.0,MSc,Data Scientist
7130,Kiara Doshi,18,Hyderabad,Male,Telangana,910902.0,MSc,Data Scientist
9529,Yashvi Kade,29,Hyderabad,Male,Telangana,316018.0,12th Pass,Delivery Agent
2379,Mohanlal Chakraborty,29,Hyderabad,Male,Telangana,1687204.0,MSc,Doctor
4912,Aradhya Mannan,52,Hyderabad,Male,Telangana,2758961.0,MSc,Doctor
6753,Akarsh Grewal,39,Hyderabad,Male,Telangana,2722534.0,MSc,Doctor
7874,Armaan Kar,41,Hyderabad,Male,Telangana,2933400.0,MSc,Doctor
8497,Divyansh Datta,39,Hyderabad,Female,Telangana,1895479.0,MSc,Doctor
330,Adah Chaudhari,18,Hyderabad,Female,Telangana,1862066.0,MSc,Entrepreneur
1330,Lavanya Arora,45,Hyderabad,Male,Telangana,1806683.0,MSc,Entrepreneur
2712,Miraan Jaggi,36,Hyderabad,Female,Telangana,2505995.0,MSc,Entrepreneur
3972,Mannat Kale,32,Hyderabad,Male,Telangana,2949255.0,MSc,Entrepreneur
4794,Charvi Golla,34,Hyderabad,Female,Telangana,2179686.0,MSc,Entrepreneur
500,Raghav Yadav,20,Hyderabad,Female,Telangana,2386037.0,MSc,Finance Manager
1904,Shayak Mahajan,53,Hyderabad,Female,Telangana,1556197.0,MSc,Finance Manager
5684,Bhavin Zachariah,40,Hyderabad,Female,Telangana,1565331.0,MSc,Finance Manager
6212,Zain Tata,33,Hyderabad,Female,Telangana,1890367.0,MSc,Finance Manager
8033,Yasmin Biswas,34,Hyderabad,Male,Telangana,2257663.0,MSc,Finance Manager
9439,Divyansh Mann,41,Hyderabad,Female,Telangana,1522410.0,MSc,Finance Manager
2124,Lavanya Dua,26,Hyderabad,Female,Telangana,1911486.0,MSc,Finance Manager
6219,Kiara Sule,31,Hyderabad,Female,Telangana,1911486.0,MSc,Finance Manager
2432,Pihu Manda,42,Hyderabad,Male,Telangana,601839.0,B.Tech,HR Manager
7884,Hazel Bora,34,Hyderabad,Male,Telangana,387831.0,Diploma,Security Guard
9877,Vritika Bajwa,36,Hyderabad,Male,Telangana,339861.0,Diploma,Security Guard
2398,Arhaan Chopra,42,Hyderabad,Female,Telangana,1304907.0,MSc,Software Engineer
5459,Madhup Bhargava,30,Hyderabad,Male,Telangana,1396731.0,MSc,Software Engineer
6980,Diya Dua,44,Hyderabad,Female,Telangana,2107914.0,MSc,Software Engineer
8446,Ishaan Chaudhari,38,Hyderabad,Female,Telangana,1743255.0,MSc,Software Engineer
9092,Eshani Shroff,23,Hyderabad,Female,Telangana,2830539.0,MSc,Software Engineer
9693,Tiya Garde,29,Hyderabad,Female,Telangana,1012371.0,MSc,Software Engineer
8403,Tejas Talwar,45,Hyderabad,Male,Telangana,2709968.0,MSc,Software Engineer
4392,Kanav Virk,40,Bangalore,Male,Karnataka,1109180.0,MBA,Finance Manager
4224,Arhaan Singh,28,Hyderabad,Female,Telangana,1248687.0,MSc,Software Engineer
5705,Vidur Devi,38,Jaipur,Male,Rajasthan,674810.0,B.Com,Bank Clerk
3986,Romil Master,44,Jaipur,Female,Rajasthan,370469.0,12th Pass,Customer Support
1682,Vaibhav Raja,24,Jaipur,Female,Rajasthan,859650.0,PhD,Doctor
2923,Jhanvi Mallick,29,Jaipur,Female,Rajasthan,1185055.0,PhD,Doctor
3671,Damini Madan,44,Jaipur,Male,Rajasthan,363776.0,Diploma,Factory Worker
8573,Ishita Golla,34,Jaipur,Female,Rajasthan,573711.0,BBA,HR Manager
6890,Shaan Singh,31,Jaipur,Female,Rajasthan,618401.0,BBA,Marketing Executive
7895,Parinaaz Suri,39,Jaipur,Female,Rajasthan,899459.0,MBA,Software Engineer
1851,Indrans Soni,28,Kolkata,Male,West Bengal,717340.0,MBA,Accountant
8883,Tushar Seth,33,Kolkata,Female,West Bengal,549663.0,MBA,Accountant
2631,Ira Halder,32,Kolkata,Female,West Bengal,619750.0,BSc,Bank Clerk
68,Ela Bali,32,Kolkata,Female,West Bengal,1851560.0,MSc,Data Scientist
2458,Aaryahi Chahal,50,Kolkata,Male,West Bengal,868954.0,MSc,Data Scientist
3610,Nakul Ahluwalia,18,Kolkata,Female,West Bengal,1858241.0,MSc,Data Scientist
156,Mahika Bora,35,Kolkata,Female,West Bengal,1938817.0,PhD,Doctor
4439,Dhanush Tank,43,Kolkata,Female,West Bengal,1467105.0,PhD,Doctor
9743,Nayantara Mandal,18,Kolkata,Male,West Bengal,1269803.0,PhD,Doctor
3387,Shanaya Brar,35,Kolkata,Male,West Bengal,1517666.0,PhD,Doctor
6940,Aniruddh Shanker,29,Kolkata,Male,West Bengal,1718964.0,MBA,Entrepreneur
8535,Dishani Manda,34,Kolkata,Female,West Bengal,1730106.0,MBA,Entrepreneur
5852,Tiya Devan,26,Kolkata,Female,West Bengal,1975019.0,M.Tech,Finance Manager
5922,Dharmajan Luthra,21,Kolkata,Male,West Bengal,1056521.0,M.Tech,Finance Manager
6008,Jayesh Banerjee,47,Kolkata,Male,West Bengal,1409372.0,M.Tech,Finance Manager
9246,Kimaya Koshy,27,Kolkata,Male,West Bengal,1638097.0,M.Tech,Finance Manager
6126,Biju Kunda,35,Kolkata,Female,West Bengal,1704802.0,M.Tech,Finance Manager
82,Hansh Mand,32,Kolkata,Female,West Bengal,679147.0,MCA,HR Manager
9886,Zara Sant,30,Kolkata,Female,West Bengal,522305.0,MCA,HR Manager
9985,Zain Bakshi,31,Kolkata,Male,West Bengal,668545.0,B.Com,Marketing Executive
7847,Ritvik Iyengar,20,Kolkata,Female,West Bengal,953627.0,MSc,Software Engineer
8787,Adah Chaudhary,37,Kolkata,Male,West Bengal,1781584.0,MSc,Software Engineer
6497,Rasha Raval,37,Kolkata,Female,West Bengal,705562.0,B.Tech,Teacher
4030,Oorja Konda,37,Lucknow,Male,Uttar Pradesh,746095.0,Diploma,Accountant
5915,Hrishita Behl,34,Lucknow,Female,Uttar Pradesh,566512.0,Diploma,Accountant
2967,Shamik Mani,38,Lucknow,Male,Uttar Pradesh,907996.0,M.Tech,Entrepreneur
4436,Nirvaan Sama,34,Lucknow,Female,Uttar Pradesh,986356.0,MBA,Finance Manager
9974,Adira Rajan,19,Lucknow,Male,Uttar Pradesh,822765.0,MBA,Finance Manager
6966,Renee Soman,43,Lucknow,Male,Uttar Pradesh,711636.0,B.Com,HR Manager
2414,Sana Ganesh,39,Lucknow,Female,Uttar Pradesh,473784.0,12th Pass,Security Guard
7140,Samaira Mahajan,32,Lucknow,Female,Uttar Pradesh,1173818.0,M.Tech,Software Engineer
1034,Akarsh Sandal,32,Mumbai,Male,Maharashtra,1617265.0,MSc,Data Scientist
1433,Prisha Arora,30,Mumbai,Female,Maharashtra,2463555.0,MSc,Data Scientist
3009,Oorja Hora,46,Mumbai,Female,Maharashtra,1376402.0,MSc,Data Scientist
4909,Divij Ramaswamy,24,Mumbai,Male,Maharashtra,2247431.0,MSc,Data Scientist
5457,Darshit Shan,44,Mumbai,Male,Maharashtra,1633324.0,MSc,Data Scientist
5560,Dhanush Mandal,23,Mumbai,Male,Maharashtra,2523383.0,MSc,Data Scientist
8348,Jiya Grover,49,Mumbai,Male,Maharashtra,2412614.0,MSc,Data Scientist
2648,Rati Shah,35,Mumbai,Female,Maharashtra,437264.0,12th Pass,Delivery Agent
186,Sana Issac,23,Mumbai,Female,Maharashtra,1472253.0,M.Tech,Doctor
4086,Adah Chhabra,39,Mumbai,Male,Maharashtra,1422021.0,M.Tech,Doctor
4523,Badal Sawhney,43,Mumbai,Female,Maharashtra,2945378.0,M.Tech,Doctor
4623,Kanav Vala,27,Mumbai,Male,Maharashtra,1720633.0,M.Tech,Doctor
5759,Ranbir Kari,54,Mumbai,Female,Maharashtra,833140.0,M.Tech,Doctor
6392,Ojas Madan,49,Mumbai,Female,Maharashtra,2156779.0,M.Tech,Doctor
6804,Ivan Datta,46,Mumbai,Male,Maharashtra,1226583.0,M.Tech,Doctor
7663,Eshani Mane,37,Mumbai,Male,Maharashtra,2495761.0,M.Tech,Doctor
8233,Reyansh Soni,46,Mumbai,Female,Maharashtra,921030.0,M.Tech,Doctor
9018,Baiju Bhatia,50,Mumbai,Female,Maharashtra,1264246.0,M.Tech,Doctor
9883,Zoya Wadhwa,35,Mumbai,Female,Maharashtra,815984.0,M.Tech,Doctor
3426,Jivin Trivedi,45,Mumbai,Male,Maharashtra,2364101.0,M.Tech,Doctor
463,Adira Yadav,44,Mumbai,Male,Maharashtra,2826567.0,PhD,Entrepreneur
982,Azad Raj,39,Mumbai,Female,Maharashtra,2484907.0,PhD,Entrepreneur
2626,Anaya Borra,37,Mumbai,Male,Maharashtra,1600991.0,PhD,Entrepreneur
3508,Aarush Bansal,28,Mumbai,Female,Maharashtra,923435.0,PhD,Entrepreneur
6311,Manjari Seshadri,33,Mumbai,Female,Maharashtra,2725788.0,PhD,Entrepreneur
6994,Armaan Saran,24,Mumbai,Male,Maharashtra,1070560.0,PhD,Entrepreneur
7991,Anika Karpe,18,Mumbai,Male,Maharashtra,1624559.0,PhD,Entrepreneur
9634,Kimaya Shanker,40,Mumbai,Female,Maharashtra,2115091.0,PhD,Entrepreneur
1040,Drishya Trivedi,33,Mumbai,Female,Maharashtra,1696045.0,MBA,Finance Manager
1777,Lakshit Vig,45,Mumbai,Male,Maharashtra,2035388.0,MBA,Finance Manager
4736,Ahana  Sengupta,25,Mumbai,Female,Maharashtra,1096726.0,MBA,Finance Manager
4893,Hansh Sagar,38,Mumbai,Female,Maharashtra,1130671.0,MBA,Finance Manager
7167,Seher Yogi,38,Mumbai,Female,Maharashtra,2178088.0,MBA,Finance Manager
7279,Indrans Jain,49,Mumbai,Male,Maharashtra,1323480.0,MBA,Finance Manager
3356,Nirvaan Viswanathan,40,Mumbai,Male,Maharashtra,789978.0,B.Com,Marketing Executive
9589,Jayan Tella,35,Mumbai,Female,Maharashtra,547702.0,B.Com,Marketing Executive
2622,Tara Chaudhuri,39,Mumbai,Male,Maharashtra,306139.0,Diploma,Retail Worker
6523,Hrishita Sankar,36,Mumbai,Female,Maharashtra,389942.0,Diploma,Retail Worker
943,Vihaan Som,26,Mumbai,Female,Maharashtra,440091.0,Diploma,Security Guard
212,Ranbir Gara,22,Mumbai,Male,Maharashtra,1449104.0,MBA,Software Engineer
1055,Manjari Sule,28,Mumbai,Female,Maharashtra,1612295.0,MBA,Software Engineer
2584,Shray Toor,38,Mumbai,Male,Maharashtra,1760108.0,MBA,Software Engineer
4068,Ayesha Grewal,29,Mumbai,Male,Maharashtra,2480630.0,MBA,Software Engineer
5641,Hansh Bose,31,Mumbai,Female,Maharashtra,1304711.0,MBA,Software Engineer
6130,Madhav Sridhar,50,Mumbai,Male,Maharashtra,2710814.0,MBA,Software Engineer
6146,Nirvaan Sheth,43,Mumbai,Male,Maharashtra,2816786.0,MBA,Software Engineer
6636,Nirvi Acharya,22,Mumbai,Male,Maharashtra,1898496.0,MBA,Software Engineer
7514,Prisha Sane,33,Mumbai,Male,Maharashtra,2924959.0,MBA,Software Engineer
8600,Shray Dey,18,Mumbai,Female,Maharashtra,1117004.0,MBA,Software Engineer
1170,Nitara Shenoy,21,Mumbai,Female,Maharashtra,543898.0,B.Com,Teacher
2395,Arnav Rao,33,Mumbai,Male,Maharashtra,631228.0,B.Com,Teacher
9563,Zaina Babu,47,Mumbai,Female,Maharashtra,710565.0,B.Com,Teacher
5605,Elakshi Swamy,40,Pune,Female,Maharashtra,732415.0,MCA,Accountant
3353,Jayan Dugar,20,Pune,Female,Maharashtra,1100224.0,MSc,Data Scientist
3634,Dhruv Maharaj,32,Pune,Female,Maharashtra,1029726.0,MSc,Data Scientist
4754,Keya Chokshi,47,Pune,Female,Maharashtra,1669718.0,MSc,Data Scientist
7638,Nirvi Krishna,32,Pune,Male,Maharashtra,969780.0,MSc,Data Scientist
2110,Parinaaz Baria,41,Pune,Male,Maharashtra,1157713.0,MBA,Entrepreneur
1564,Parinaaz Ganesan,46,Pune,Male,Maharashtra,1239077.0,M.Tech,Finance Manager
8546,Amani Sidhu,42,Pune,Male,Maharashtra,1555020.0,M.Tech,Finance Manager
2077,Eva Garde,41,Pune,Female,Maharashtra,654565.0,Diploma,Marketing Executive
6973,Shray Sekhon,18,Pune,Female,Maharashtra,461645.0,12th Pass,Retail Worker
1649,Lagan Bath,18,Pune,Male,Maharashtra,396612.0,12th Pass,Security Guard
144,Darshit Sampath,39,Pune,Female,Maharashtra,1557047.0,M.Tech,Software Engineer
9215,Fateh Dhingra,32,Pune,Female,Maharashtra,1997349.0,M.Tech,Software Engineer
235,Seher Andra,43,Ahmedabad,Male,Gujarat,1831078.0,PhD,Entrepreneur
481,Manikya Brahmbhatt,21,Ahmedabad,Female,Gujarat,944003.0,PhD,Entrepreneur
504,Yashvi Dash,37,Ahmedabad,Female,Gujarat,1628492.0,PhD,Entrepreneur
654,Saanvi Khare,48,Ahmedabad,Female,Gujarat,1092689.0,MSc,Entrepreneur
1664,Kanav Rana,31,Ahmedabad,Male,Gujarat,1391935.0,M.Tech,Entrepreneur
1812,Nakul Doctor,23,Ahmedabad,Male,Gujarat,957850.0,PhD,Entrepreneur
2533,Shamik Basu,33,Ahmedabad,Female,Gujarat,1283943.0,MBA,Entrepreneur
2799,Amani Samra,41,Ahmedabad,Female,Gujarat,868136.0,M.Tech,Entrepreneur
3629,Tara Chadha,35,Ahmedabad,Male,Gujarat,1788840.0,MBA,Entrepreneur
4413,Priyansh Sem,30,Ahmedabad,Female,Gujarat,575920.0,B.Com,Entrepreneur
4537,Keya Vig,40,Ahmedabad,Male,Gujarat,1703370.0,MSc,Entrepreneur
4897,Vivaan Atwal,47,Ahmedabad,Female,Gujarat,993799.0,M.Tech,Entrepreneur
6242,Jiya Bala,40,Ahmedabad,Male,Gujarat,1256183.0,M.Tech,Entrepreneur
6361,Heer Lalla,26,Ahmedabad,Female,Gujarat,1401892.0,M.Tech,Entrepreneur
6422,Mannat Mahal,40,Ahmedabad,Female,Gujarat,701548.0,B.Com,Entrepreneur
6597,Piya Loyal,41,Ahmedabad,Male,Gujarat,890892.0,PhD,Entrepreneur
6773,Hiran Bath,43,Ahmedabad,Female,Gujarat,838815.0,M.Tech,Entrepreneur
6823,Ayesha Dara,35,Ahmedabad,Male,Gujarat,757633.0,B.Com,Entrepreneur
8209,Mannat Dua,33,Ahmedabad,Female,Gujarat,1376182.0,MSc,Entrepreneur
9034,Raunak Raja,47,Ahmedabad,Female,Gujarat,1903946.0,PhD,Entrepreneur
9124,Mehul Ram,42,Ahmedabad,Female,Gujarat,1256319.0,MBA,Entrepreneur
9445,Romil Sachdev,18,Ahmedabad,Female,Gujarat,844037.0,PhD,Entrepreneur
9903,Miraya Deshpande,26,Ahmedabad,Female,Gujarat,1830027.0,M.Tech,Entrepreneur
9978,Akarsh Garg,27,Ahmedabad,Male,Gujarat,956287.0,MSc,Entrepreneur
7576,Shray Grewal,20,Ahmedabad,Female,Gujarat,1847235.0,PhD,Entrepreneur
35,Aaina Vohra,29,Bangalore,Female,Karnataka,2485622.0,MSc,Finance Manager
257,Nakul Chauhan,42,Bangalore,Female,Karnataka,2649594.0,PhD,Finance Manager
404,Navya Bhalla,37,Bangalore,Male,Karnataka,485819.0,Diploma,Finance Manager
558,Yakshit Vora,57,Bangalore,Male,Karnataka,2871383.0,M.Tech,Finance Manager
655,Ojas Lal,26,Bangalore,Female,Karnataka,1786572.0,MBA,Finance Manager
928,Urvi Anand,36,Bangalore,Male,Karnataka,1351722.0,PhD,Finance Manager
1078,Yasmin Dass,37,Bangalore,Female,Karnataka,2723504.0,MSc,Finance Manager
1119,Ojas Krishnan,30,Bangalore,Male,Karnataka,1575865.0,MSc,Finance Manager
1210,Vanya Savant,20,Bangalore,Female,Karnataka,644995.0,MCA,Finance Manager
1299,Vardaniya Hora,39,Bangalore,Female,Karnataka,1914228.0,MBA,Finance Manager
1620,Raghav Khanna,26,Bangalore,Female,Karnataka,435850.0,12th Pass,Finance Manager
1925,Bhavin Trivedi,38,Bangalore,Female,Karnataka,2082625.0,PhD,Finance Manager
1969,Indrans Sem,46,Bangalore,Male,Karnataka,872285.0,PhD,Finance Manager
1980,Prisha Sekhon,48,Bangalore,Female,Karnataka,2118280.0,MSc,Finance Manager
2027,Tejas Chad,18,Bangalore,Female,Karnataka,1857145.0,MBA,Finance Manager
2348,Saksham Mahal,50,Bangalore,Male,Karnataka,2059336.0,MSc,Finance Manager
2463,Mahika Deshpande,23,Bangalore,Male,Karnataka,470967.0,12th Pass,Finance Manager
2495,Akarsh Bahri,39,Bangalore,Male,Karnataka,2140891.0,MSc,Finance Manager
2869,Zain Sani,18,Bangalore,Male,Karnataka,2949593.0,MBA,Finance Manager
3111,Pari Kala,27,Bangalore,Male,Karnataka,642184.0,B.Tech,Finance Manager
3130,Raunak Mand,31,Bangalore,Female,Karnataka,303533.0,12th Pass,Finance Manager
3369,Amani Dhillon,39,Bangalore,Female,Karnataka,2811613.0,PhD,Finance Manager
3871,Rasha Kohli,18,Bangalore,Male,Karnataka,309300.0,Diploma,Finance Manager
4935,Dishani Aurora,20,Bangalore,Female,Karnataka,424261.0,Diploma,Finance Manager
5521,Yakshit Gulati,44,Bangalore,Male,Karnataka,511727.0,BBA,Finance Manager
5604,Seher Bedi,25,Bangalore,Female,Karnataka,2210541.0,MSc,Finance Manager
5694,Aayush Sarin,24,Bangalore,Male,Karnataka,1187343.0,MBA,Finance Manager
6430,Shlok Basu,43,Bangalore,Female,Karnataka,2985325.0,MSc,Finance Manager
6836,Nakul Dash,34,Bangalore,Female,Karnataka,1704810.0,MSc,Finance Manager
7110,Ayesha Suri,29,Bangalore,Male,Karnataka,2307986.0,M.Tech,Finance Manager
7187,Inaaya  Dey,44,Bangalore,Male,Karnataka,630899.0,MBA,Finance Manager
7271,Samarth Varkey,23,Bangalore,Male,Karnataka,406517.0,Diploma,Finance Manager
7383,Armaan Gala,36,Bangalore,Female,Karnataka,709926.0,B.Com,Finance Manager
8060,Yasmin Comar,38,Bangalore,Male,Karnataka,2913109.0,PhD,Finance Manager
8145,Renee Rajagopal,34,Bangalore,Female,Karnataka,2458379.0,MSc,Finance Manager
8489,Saksham Keer,50,Bangalore,Female,Karnataka,2876589.0,PhD,Finance Manager
8550,Adira Deol,27,Bangalore,Female,Karnataka,1738831.0,MBA,Finance Manager
8913,Raghav Bose,41,Bangalore,Female,Karnataka,1725470.0,MBA,Finance Manager
8935,Faiyaz Shenoy,18,Bangalore,Female,Karnataka,1253487.0,MSc,Finance Manager
9037,Nitara Khalsa,47,Bangalore,Male,Karnataka,1541239.0,PhD,Finance Manager
9099,Tara Chada,23,Bangalore,Female,Karnataka,1097396.0,PhD,Finance Manager
5020,Faiyaz Gulati,19,Bangalore,Female,Karnataka,1981803.0,PhD,Finance Manager
750,Rohan Edwin,35,Bangalore,Male,Karnataka,393473.0,Diploma,Finance Manager
1144,Shlok Sekhon,35,Bangalore,Male,Karnataka,2376028.0,PhD,Finance Manager
915,Vedika Badal,41,Chennai,Female,Tamil Nadu,576641.0,B.A,Finance Manager
1205,Saira Suresh,55,Chennai,Male,Tamil Nadu,797468.0,MCA,Finance Manager
1245,Tejas De,32,Chennai,Female,Tamil Nadu,1707785.0,M.Tech,Finance Manager
1430,Aniruddh Hegde,36,Chennai,Male,Tamil Nadu,1641579.0,M.Tech,Finance Manager
1528,Arhaan Ravel,34,Chennai,Male,Tamil Nadu,1457158.0,PhD,Finance Manager
2286,Madhav Jaggi,34,Chennai,Male,Tamil Nadu,968270.0,MSc,Finance Manager
2467,Tushar Dhillon,33,Chennai,Male,Tamil Nadu,1348520.0,M.Tech,Finance Manager
2658,Taran Baral,31,Chennai,Female,Tamil Nadu,979082.0,MSc,Finance Manager
2863,Tejas Kurian,51,Chennai,Female,Tamil Nadu,1527518.0,PhD,Finance Manager
3261,Parinaaz Iyengar,38,Chennai,Female,Tamil Nadu,384261.0,12th Pass,Finance Manager
3284,Shaan Bajaj,28,Chennai,Male,Tamil Nadu,793347.0,MCA,Finance Manager
4331,Akarsh Ganguly,22,Chennai,Female,Tamil Nadu,1695892.0,MSc,Finance Manager
5582,Misha Shetty,18,Chennai,Female,Tamil Nadu,1164478.0,PhD,Finance Manager
5664,Riya Doshi,31,Chennai,Female,Tamil Nadu,1927096.0,PhD,Finance Manager
6243,Mamooty Sastry,18,Chennai,Male,Tamil Nadu,734895.0,B.Com,Finance Manager
6882,Ira Datta,39,Chennai,Female,Tamil Nadu,767691.0,MCA,Finance Manager
7191,Anika Kalla,30,Chennai,Female,Tamil Nadu,890546.0,MSc,Finance Manager
7366,Stuvan Vig,29,Chennai,Male,Tamil Nadu,898723.0,PhD,Finance Manager
7846,Kavya Acharya,38,Chennai,Male,Tamil Nadu,1375774.0,PhD,Finance Manager
8575,Taran Kala,42,Chennai,Female,Tamil Nadu,638972.0,B.Com,Finance Manager
9210,Advika Swamy,30,Chennai,Female,Tamil Nadu,652445.0,B.Tech,Finance Manager
9338,Advika Balan,31,Chennai,Female,Tamil Nadu,1317714.0,M.Tech,Finance Manager
9456,Miraan Jayaraman,33,Chennai,Female,Tamil Nadu,1122863.0,M.Tech,Finance Manager
9475,Anahi Karan,36,Chennai,Male,Tamil Nadu,1274848.0,PhD,Finance Manager
9648,Vidur Khatri,38,Chennai,Female,Tamil Nadu,707480.0,BBA,Finance Manager
4958,Sumer Mannan,18,Chennai,Female,Tamil Nadu,1227953.0,M.Tech,Finance Manager
5353,Advika Wali,25,Chennai,Male,Tamil Nadu,1227953.0,PhD,Finance Manager
10,Rhea Gera,33,Delhi,Female,Delhi,1612158.0,MSc,Data Scientist
170,Dhruv Dada,37,Delhi,Female,Delhi,2085581.0,MSc,Data Scientist
313,Shlok Bora,41,Delhi,Female,Delhi,2129207.0,MSc,Data Scientist
806,Alia Thakur,18,Delhi,Female,Delhi,1306032.0,MBA,Data Scientist
931,Kiaan Keer,30,Delhi,Male,Delhi,887585.0,PhD,Data Scientist
1000,Tiya Bhandari,27,Delhi,Female,Delhi,705315.0,MCA,Data Scientist
1001,Jayesh Tak,33,Delhi,Male,Delhi,2395228.0,PhD,Data Scientist
1428,Mamooty Mahal,37,Delhi,Female,Delhi,719229.0,Diploma,Data Scientist
2245,Ishita Ghosh,38,Delhi,Female,Delhi,1303685.0,MSc,Data Scientist
2330,Hansh Chaudhuri,30,Delhi,Male,Delhi,2240805.0,MBA,Data Scientist
3113,Vihaan Dara,42,Delhi,Male,Delhi,1339646.0,M.Tech,Data Scientist
3395,Neelofar Balan,27,Delhi,Male,Delhi,2762709.0,MBA,Data Scientist
3534,Nehmat Bir,56,Delhi,Male,Delhi,313551.0,12th Pass,Data Scientist
3710,Navya Barad,33,Delhi,Female,Delhi,1862362.0,MSc,Data Scientist
3996,Raghav Lala,19,Delhi,Male,Delhi,320814.0,12th Pass,Data Scientist
4666,Piya Venkataraman,55,Delhi,Female,Delhi,2247465.0,M.Tech,Data Scientist
4773,Fateh Rajagopal,35,Delhi,Male,Delhi,1135168.0,PhD,Data Scientist
4981,Rasha Sehgal,33,Delhi,Female,Delhi,712550.0,MCA,Data Scientist
5050,Tejas Uppal,29,Delhi,Female,Delhi,1825284.0,MSc,Data Scientist
5585,Heer Rajagopalan,31,Delhi,Female,Delhi,2099618.0,MBA,Data Scientist
5612,Elakshi Bajwa,39,Delhi,Male,Delhi,1583881.0,PhD,Data Scientist
5945,Ayesha Shan,35,Delhi,Female,Delhi,1561559.0,PhD,Data Scientist
6449,Bhamini Khanna,44,Delhi,Female,Delhi,646708.0,BSc,Data Scientist
6626,Yuvraj  Chawla,46,Delhi,Male,Delhi,2844880.0,M.Tech,Data Scientist
6907,Anya Agate,45,Delhi,Female,Delhi,659365.0,B.A,Data Scientist
7184,Ira Sunder,38,Delhi,Male,Delhi,2749271.0,PhD,Data Scientist
7188,Oorja Gandhi,33,Delhi,Female,Delhi,1564407.0,M.Tech,Data Scientist
7428,Alisha Raju,24,Delhi,Male,Delhi,1381901.0,MBA,Data Scientist
7681,Anvi Bali,19,Delhi,Male,Delhi,1469887.0,PhD,Data Scientist
7819,Trisha Deshpande,18,Delhi,Female,Delhi,1940864.0,MBA,Data Scientist
7875,Dhanush Chaudhry,34,Delhi,Female,Delhi,567251.0,MBA,Data Scientist
7896,Reyansh Sehgal,45,Delhi,Male,Delhi,2692596.0,MSc,Data Scientist
8020,Miraya Chandra,33,Delhi,Female,Delhi,858102.0,MBA,Data Scientist
8522,Inaaya  Mane,29,Delhi,Female,Delhi,1329692.0,MBA,Data Scientist
8857,Indranil Bains,40,Delhi,Male,Delhi,2686512.0,M.Tech,Data Scientist
8928,Parinaaz Srinivas,38,Delhi,Female,Delhi,1276681.0,MBA,Data Scientist
9320,Indrajit Kar,27,Delhi,Female,Delhi,1985917.0,MBA,Data Scientist
9468,Saanvi Bir,44,Delhi,Female,Delhi,2015258.0,MSc,Data Scientist
9485,Seher Lata,41,Delhi,Female,Delhi,2258928.0,M.Tech,Data Scientist
9731,Kashvi Saha,41,Delhi,Male,Delhi,1963330.0,MSc,Data Scientist
9995,Dharmajan Krishnan,23,Delhi,Male,Delhi,1552788.0,PhD,Data Scientist
8104,Priyansh Issac,49,Delhi,Female,Delhi,1332945.0,MBA,Data Scientist
8384,Sara Seth,31,Delhi,Female,Delhi,2914651.0,M.Tech,Data Scientist
9722,Vaibhav Ghose,35,Delhi,Male,Delhi,1488675.0,MBA,Data Scientist
4578,Shamik Handa,35,Delhi,Female,Delhi,1395327.0,M.Tech,Data Scientist
3732,Khushi Sangha,33,Delhi,Male,Delhi,1616378.0,PhD,Data Scientist
306,Lavanya Gole,55,Hyderabad,Male,Telangana,1400330.0,PhD,Finance Manager
644,Reyansh Solanki,33,Hyderabad,Female,Telangana,509068.0,BBA,Finance Manager
793,Emir Dhillon,18,Hyderabad,Male,Telangana,997681.0,MBA,Finance Manager
1298,Vritika Choudhary,38,Hyderabad,Female,Telangana,308444.0,Diploma,Finance Manager
1375,Tara Tak,19,Hyderabad,Male,Telangana,502492.0,MBA,Finance Manager
1893,Khushi Kadakia,42,Hyderabad,Male,Telangana,808500.0,MBA,Finance Manager
2480,Raghav Karnik,40,Hyderabad,Male,Telangana,1409267.0,PhD,Finance Manager
2534,Prisha Bhatia,52,Hyderabad,Female,Telangana,2529331.0,MBA,Finance Manager
2985,Himmat Desai,32,Hyderabad,Female,Telangana,361194.0,Diploma,Finance Manager
3141,Akarsh Aggarwal,27,Hyderabad,Female,Telangana,474725.0,Diploma,Finance Manager
3349,Aaina Apte,48,Hyderabad,Male,Telangana,866247.0,MBA,Finance Manager
3706,Rania Dutta,33,Hyderabad,Male,Telangana,472111.0,12th Pass,Finance Manager
3910,Jayan Bose,49,Hyderabad,Female,Telangana,1383881.0,MBA,Finance Manager
4575,Fateh Sachar,34,Hyderabad,Male,Telangana,1508600.0,M.Tech,Finance Manager
4617,Siya Varghese,38,Hyderabad,Female,Telangana,1910828.0,MSc,Finance Manager
4725,Purab Sandal,38,Hyderabad,Female,Telangana,2974306.0,PhD,Finance Manager
5097,Mohanlal Grover,48,Hyderabad,Male,Telangana,1825236.0,MSc,Finance Manager
5526,Kanav Saha,29,Hyderabad,Male,Telangana,1329149.0,M.Tech,Finance Manager
5689,Ivan Chand,30,Hyderabad,Female,Telangana,577532.0,MCA,Finance Manager
6610,Hansh Bath,41,Hyderabad,Male,Telangana,2034412.0,PhD,Finance Manager
7067,Jivika Ramaswamy,18,Hyderabad,Female,Telangana,1391761.0,MSc,Finance Manager
7966,Khushi Rattan,38,Hyderabad,Male,Telangana,1319774.0,PhD,Finance Manager
8338,Ahana  Arya,41,Hyderabad,Female,Telangana,1810029.0,PhD,Finance Manager
8692,Emir Swamy,37,Hyderabad,Male,Telangana,2191527.0,MBA,Finance Manager
8854,Vedika Sha,25,Hyderabad,Female,Telangana,1855366.0,MBA,Finance Manager
9013,Rania Boase,42,Hyderabad,Male,Telangana,2668041.0,M.Tech,Finance Manager
9378,Stuvan Ahluwalia,21,Hyderabad,Male,Telangana,2828241.0,MBA,Finance Manager
9518,Dhanush Chandran,49,Hyderabad,Male,Telangana,2237120.0,MSc,Finance Manager
696,Neelofar Dewan,49,Hyderabad,Male,Telangana,2529533.0,M.Tech,Finance Manager
4841,Prerak Lalla,35,Hyderabad,Female,Telangana,1119993.0,M.Tech,Finance Manager
5300,Alisha Loyal,35,Hyderabad,Female,Telangana,915702.0,PhD,Finance Manager
2009,Anay Brar,41,Jaipur,Female,Rajasthan,942330.0,PhD,Software Engineer
2548,Hridaan Mahal,28,Jaipur,Male,Rajasthan,683747.0,B.Com,Software Engineer
2564,Mishti Rajan,55,Jaipur,Male,Rajasthan,762539.0,BBA,Software Engineer
3773,Rasha Grewal,28,Jaipur,Male,Rajasthan,447779.0,12th Pass,Software Engineer
6863,Gatik Kapoor,24,Jaipur,Female,Rajasthan,319867.0,12th Pass,Software Engineer
7175,Inaaya  Vohra,23,Jaipur,Male,Rajasthan,352381.0,Diploma,Software Engineer
7488,Neysa Wali,36,Jaipur,Male,Rajasthan,1135320.0,MSc,Software Engineer
7508,Shanaya Gola,37,Jaipur,Female,Rajasthan,510669.0,B.Com,Software Engineer
7662,Chirag Ramachandran,42,Jaipur,Male,Rajasthan,1003297.0,M.Tech,Software Engineer
7939,Nirvaan Bal,39,Jaipur,Male,Rajasthan,1151498.0,MSc,Software Engineer
8619,Vidur Bhatnagar,30,Jaipur,Female,Rajasthan,312691.0,Diploma,Software Engineer
8779,Indrans Desai,36,Jaipur,Female,Rajasthan,449020.0,12th Pass,Software Engineer
9314,Pranay Chand,45,Jaipur,Female,Rajasthan,722673.0,B.Com,Software Engineer
9735,Shlok Chander,35,Jaipur,Male,Rajasthan,1000076.0,PhD,Software Engineer
3388,Tushar Deo,22,Jaipur,Male,Rajasthan,511541.0,MBA,Software Engineer
5633,Trisha Edwin,35,Jaipur,Female,Rajasthan,437224.0,Diploma,Software Engineer
356,Nehmat Kari,42,Kolkata,Male,West Bengal,1730940.0,MSc,Finance Manager
357,Diya Bhatti,30,Kolkata,Female,West Bengal,1325016.0,PhD,Finance Manager
1909,Damini Dave,48,Kolkata,Female,West Bengal,1092516.0,M.Tech,Finance Manager
2425,Saira Hora,50,Kolkata,Male,West Bengal,1857483.0,M.Tech,Finance Manager
2505,Anvi Kuruvilla,42,Kolkata,Male,West Bengal,1929470.0,PhD,Finance Manager
3836,Kanav Bajaj,22,Kolkata,Male,West Bengal,853453.0,MSc,Finance Manager
4132,Ivana Sodhi,46,Kolkata,Female,West Bengal,744288.0,BBA,Finance Manager
4390,Ojas Rege,25,Kolkata,Male,West Bengal,790626.0,B.Tech,Finance Manager
5136,Eshani Rao,43,Kolkata,Male,West Bengal,554313.0,Diploma,Finance Manager
5746,Nirvi Shah,47,Kolkata,Female,West Bengal,1788524.0,MBA,Finance Manager
5907,Bhamini Ratti,43,Kolkata,Female,West Bengal,791842.0,B.Tech,Finance Manager
6186,Miraya Krishna,35,Kolkata,Male,West Bengal,898243.0,MBA,Finance Manager
6323,Alia Kothari,18,Kolkata,Male,West Bengal,896644.0,MSc,Finance Manager
6503,Dhanuk Shetty,33,Kolkata,Female,West Bengal,1420255.0,PhD,Finance Manager
7391,Gatik Badal,33,Kolkata,Female,West Bengal,537271.0,BBA,Finance Manager
7519,Tanya Koshy,41,Kolkata,Male,West Bengal,909973.0,M.Tech,Finance Manager
8005,Mohanlal Jayaraman,54,Kolkata,Male,West Bengal,1423865.0,PhD,Finance Manager
8510,Urvi Lad,40,Kolkata,Female,West Bengal,1431636.0,M.Tech,Finance Manager
9330,Samiha Sant,35,Kolkata,Female,West Bengal,1294518.0,MBA,Finance Manager
1178,Neelofar Bhatnagar,39,Kolkata,Male,West Bengal,995091.0,PhD,Finance Manager
6351,Myra Sheth,44,Kolkata,Male,West Bengal,1993506.0,MSc,Finance Manager
521,Ritvik Jha,34,Lucknow,Female,Uttar Pradesh,822774.0,M.Tech,Finance Manager
2890,Fateh Lad,20,Lucknow,Female,Uttar Pradesh,985649.0,M.Tech,Finance Manager
3855,Pari Tak,41,Lucknow,Male,Uttar Pradesh,1142042.0,MSc,Finance Manager
5530,Farhan Master,46,Lucknow,Male,Uttar Pradesh,393259.0,Diploma,Finance Manager
9659,Indranil Iyer,26,Lucknow,Female,Uttar Pradesh,700565.0,BBA,Finance Manager
468,Vanya Golla,24,Mumbai,Female,Maharashtra,2704951.0,PhD,Software Engineer
546,Ehsaan Verma,44,Mumbai,Female,Maharashtra,2362418.0,PhD,Software Engineer
869,Seher Seth,33,Mumbai,Male,Maharashtra,1370442.0,PhD,Software Engineer
1036,Riya Din,36,Mumbai,Male,Maharashtra,913124.0,PhD,Software Engineer
1054,Hazel Master,45,Mumbai,Female,Maharashtra,600033.0,B.A,Software Engineer
1444,Arnav Sani,33,Mumbai,Male,Maharashtra,2600488.0,M.Tech,Software Engineer
1648,Jayesh Buch,30,Mumbai,Male,Maharashtra,507506.0,BSc,Software Engineer
2013,Badal Deshpande,21,Mumbai,Male,Maharashtra,698802.0,BBA,Software Engineer
2016,Krish Sanghvi,42,Mumbai,Female,Maharashtra,322107.0,12th Pass,Software Engineer
2049,Kanav Bora,18,Mumbai,Male,Maharashtra,323020.0,Diploma,Software Engineer
2056,Ehsaan Boase,24,Mumbai,Female,Maharashtra,2820979.0,MSc,Software Engineer
2317,Purab Gokhale,35,Mumbai,Female,Maharashtra,1701988.0,MSc,Software Engineer
2374,Dhruv Dara,30,Mumbai,Male,Maharashtra,1798215.0,M.Tech,Software Engineer
2431,Lakshay Kade,36,Mumbai,Female,Maharashtra,1426842.0,M.Tech,Software Engineer
2530,Siya Rege,43,Mumbai,Male,Maharashtra,835126.0,PhD,Software Engineer
2575,Anya Sankar,36,Mumbai,Female,Maharashtra,471060.0,Diploma,Software Engineer
2936,Aniruddh Sura,48,Mumbai,Male,Maharashtra,1732056.0,PhD,Software Engineer
3099,Nishith Bansal,33,Mumbai,Female,Maharashtra,885481.0,MBA,Software Engineer
3188,Vedika Loke,53,Mumbai,Male,Maharashtra,776695.0,MBA,Software Engineer
4038,Abram Sundaram,41,Mumbai,Male,Maharashtra,1070603.0,MBA,Software Engineer
4091,Rasha Vaidya,46,Mumbai,Male,Maharashtra,1721089.0,PhD,Software Engineer
4095,Saksham Choudhry,22,Mumbai,Male,Maharashtra,414147.0,Diploma,Software Engineer
4703,Ehsaan Sura,18,Mumbai,Female,Maharashtra,608388.0,Diploma,Software Engineer
5119,Piya Char,59,Mumbai,Male,Maharashtra,765213.0,BSc,Software Engineer
5376,Sana Borah,37,Mumbai,Female,Maharashtra,1024244.0,MBA,Software Engineer
5755,Dhanush Ganesh,42,Mumbai,Female,Maharashtra,2610864.0,MBA,Software Engineer
6181,Charvi Kata,31,Mumbai,Male,Maharashtra,1656881.0,MBA,Software Engineer
6320,Advik Sandhu,49,Mumbai,Male,Maharashtra,2041206.0,MBA,Software Engineer
6347,Jivika Ramesh,19,Mumbai,Female,Maharashtra,889216.0,PhD,Software Engineer
6571,Ahana  Deo,27,Mumbai,Male,Maharashtra,857131.0,MBA,Software Engineer
6657,Ehsaan Dey,54,Mumbai,Male,Maharashtra,2865613.0,M.Tech,Software Engineer
6697,Bhavin Koshy,32,Mumbai,Male,Maharashtra,1395786.0,MSc,Software Engineer
7141,Taran Vaidya,35,Mumbai,Female,Maharashtra,1190005.0,M.Tech,Software Engineer
7272,Dishani Balasubramanian,39,Mumbai,Female,Maharashtra,2739419.0,MSc,Software Engineer
7293,Chirag Gupta,39,Mumbai,Male,Maharashtra,440485.0,12th Pass,Software Engineer
7305,Navya Khosla,43,Mumbai,Female,Maharashtra,1848435.0,PhD,Software Engineer
7509,Jayesh Kaul,43,Mumbai,Male,Maharashtra,1214920.0,M.Tech,Software Engineer
7716,Madhav Korpal,35,Mumbai,Female,Maharashtra,649796.0,BBA,Software Engineer
7938,Shalv Tailor,21,Mumbai,Male,Maharashtra,948816.0,MSc,Software Engineer
8052,Taran Rajan,30,Mumbai,Male,Maharashtra,2547192.0,PhD,Software Engineer
8324,Piya Sandal,33,Mumbai,Female,Maharashtra,2119735.0,MBA,Software Engineer
8410,Aarna Atwal,42,Mumbai,Male,Maharashtra,766233.0,BBA,Software Engineer
8421,Riaan Vohra,26,Mumbai,Male,Maharashtra,2992999.0,M.Tech,Software Engineer
8791,Manjari Sandhu,36,Mumbai,Male,Maharashtra,691512.0,BSc,Software Engineer
8815,Ritvik Warrior,33,Mumbai,Female,Maharashtra,1785325.0,M.Tech,Software Engineer
8946,Siya Ahluwalia,51,Mumbai,Male,Maharashtra,2377251.0,PhD,Software Engineer
9059,Zara Sidhu,40,Mumbai,Male,Maharashtra,1157779.0,MBA,Software Engineer
9484,Jiya Kumar,48,Mumbai,Male,Maharashtra,1600391.0,MBA,Software Engineer
9587,Seher Acharya,43,Mumbai,Female,Maharashtra,2647167.0,M.Tech,Software Engineer
9613,Himmat Venkatesh,18,Mumbai,Female,Maharashtra,684588.0,B.A,Software Engineer
9810,Arhaan Korpal,18,Mumbai,Female,Maharashtra,2692424.0,M.Tech,Software Engineer
9842,Shalv Upadhyay,45,Mumbai,Female,Maharashtra,2308605.0,MBA,Software Engineer
1418,Myra Sastry,41,Mumbai,Male,Maharashtra,1527754.0,MBA,Software Engineer
2453,Riaan Dass,43,Mumbai,Male,Maharashtra,2398780.0,MBA,Software Engineer
5054,Rati Sunder,36,Mumbai,Male,Maharashtra,2496062.0,PhD,Software Engineer
5720,Manikya Bhargava,19,Mumbai,Male,Maharashtra,1652075.0,MSc,Software Engineer
8423,Kartik Tata,27,Mumbai,Male,Maharashtra,1146788.0,MBA,Software Engineer
5298,Neelofar Sibal,35,Mumbai,Female,Maharashtra,850346.0,MBA,Software Engineer
6600,Aarna Shere,35,Mumbai,Male,Maharashtra,1577541.0,MBA,Software Engineer
7590,Siya Khare,35,Mumbai,Male,Maharashtra,611201.0,B.A,Software Engineer
8469,Jivika Cherian,36,Mumbai,Female,Maharashtra,1611819.0,Diploma,Software Engineer
777,Yakshit Sastry,41,Pune,Female,Maharashtra,627503.0,B.Com,Data Scientist
1007,Tushar Soni,18,Pune,Male,Maharashtra,882141.0,MBA,Data Scientist
1079,Vritika Varma,29,Pune,Male,Maharashtra,1296738.0,MBA,Data Scientist
1977,Rasha Basak,41,Pune,Female,Maharashtra,820405.0,PhD,Data Scientist
4202,Aaina Goda,48,Pune,Male,Maharashtra,1119760.0,MBA,Data Scientist
4225,Azad Cheema,36,Pune,Female,Maharashtra,1198639.0,PhD,Data Scientist
4709,Inaaya  Sheth,27,Pune,Female,Maharashtra,1620180.0,M.Tech,Data Scientist
4975,Neysa D’Alia,18,Pune,Female,Maharashtra,687807.0,B.Com,Data Scientist
4983,Zara Lala,27,Pune,Female,Maharashtra,1488835.0,PhD,Data Scientist
7619,Jiya De,27,Pune,Male,Maharashtra,1615381.0,M.Tech,Data Scientist
10064,Vritika Ray,18,Pune,Male,Maharashtra,1790169.0,M.Tech,Data Scientist
9401,Adira Trivedi,54,Pune,Female,Maharashtra,1236849.0,MBA,Data Scientist
7556,Gokul Agrawal,29,Ahmedabad,Female,Gujarat,740559.0,MBA,Entrepreneur
5902,Anahita Bera,52,Chennai,Male,Tamil Nadu,1981659.0,M.Tech,Finance Manager
139,Hunar Singh,32,Delhi,Male,Delhi,2345627.0,MBA,Data Scientist
5984,Hunar Gara,55,Hyderabad,Female,Telangana,735253.0,MSc,Finance Manager
1673,Arnav Batta,28,Jaipur,Male,Rajasthan,1140975.0,MBA,Software Engineer
2908,Shamik Ramakrishnan,27,Mumbai,Female,Maharashtra,811007.0,MBA,Software Engineer
