recency,frequency,monetary,r_score,f_score,m_score,rfm_score,Segment
38,3,137921.76,4,3,5,435,Loyal Customer
23,1,387.1,5,1,1,511,Potential Loyalist
31,2,90923.06,4,1,4,414,Potential Loyalist
92,3,35825.05,3,3,3,333,Loyal Customer
148,3,1031.94,2,3,1,231,Hibernating
20,2,49077.5,5,1,3,513,Potential Loyalist
8,5,48414.25,5,5,3,553,Loyal Customer
118,4,7059.52,2,4,1,241,Hibernating
3,4,11976.51,5,4,2,542,Loyal Customer
22,3,113388.26999999999,5,3,5,535,Loyal Customer
187,1,397.51,1,1,1,111,At Risk
38,3,148875.75,4,3,5,435,Loyal Customer
61,5,1979.21,3,5,1,351,Loyal Customer
95,3,107540.7,3,3,5,335,Loyal Customer
140,4,139255.53,2,4,5,245,Hibernating
251,2,66806.33,1,1,4,114,At Risk
12,4,56404.43,5,4,3,543,Loyal Customer
275,1,48238.07,1,1,3,113,At Risk
27,3,77028.31,4,3,4,434,Loyal Customer
8,5,104830.63,5,5,5,555,Champion
56,5,144300.29,4,5,5,455,Champion
97,3,4744.99,3,3,1,331,Loyal Customer
65,1,16160.98,3,1,2,312,Hibernating
78,3,1229.03,3,3,1,331,Loyal Customer
88,3,1177.3600000000001,3,3,1,331,Loyal Customer
135,3,1338.52,2,3,1,231,Hibernating
122,1,31203.25,2,1,3,213,At Risk
149,3,92259.68,2,3,4,234,Hibernating
2,5,98964.63,5,5,4,554,Champion
23,1,1614.64,5,1,1,511,Potential Loyalist
253,1,28175.9,1,1,2,112,At Risk
89,1,300.0,3,1,1,311,Hibernating
90,1,619.3,3,1,1,311,Hibernating
68,1,8376.78,3,1,2,312,Hibernating
33,3,59563.21,4,3,4,434,Loyal Customer
20,8,192300.46000000002,5,5,5,555,Champion
29,1,11621.58,4,1,2,412,Potential Loyalist
28,2,50107.63,4,1,3,413,Potential Loyalist
125,4,91766.5,2,4,4,244,Hibernating
273,1,9640.88,1,1,2,112,At Risk
34,4,89382.65,4,4,4,444,Champion
19,2,75380.13,5,1,4,514,Potential Loyalist
6,6,155347.47999999998,5,5,5,555,Champion
69,3,55990.56,3,3,3,333,Loyal Customer
27,3,79965.78,4,3,4,434,Loyal Customer
39,3,76444.36,4,3,4,434,Loyal Customer
111,4,119637.62,2,4,5,245,Hibernating
238,1,3091.89,1,1,1,111,At Risk
65,3,1342.49,3,3,1,331,Loyal Customer
168,5,32908.97,2,5,3,253,Hibernating
2,3,146200.95,5,3,5,535,Loyal Customer
64,1,1697.33,3,1,1,311,Hibernating
33,5,214146.5,4,5,5,455,Champion
47,3,72999.18000000001,4,3,4,434,Loyal Customer
17,5,115946.11,5,5,5,555,Champion
25,2,600.0,5,1,1,511,Potential Loyalist
74,3,1281.09,3,3,1,331,Loyal Customer
25,7,175892.74,5,5,5,555,Champion
47,2,31459.800000000003,4,1,3,413,Potential Loyalist
88,1,3475.18,3,1,1,311,Hibernating
7,2,37112.67,5,1,3,513,Potential Loyalist
61,4,28165.71,3,4,2,342,Loyal Customer
16,2,38323.57,5,1,3,513,Potential Loyalist
29,6,108282.91,4,5,5,455,Champion
22,1,10569.9,5,1,2,512,Potential Loyalist
306,1,300.0,1,1,1,111,At Risk
101,4,58175.74,3,4,3,343,Loyal Customer
101,3,1574.0099999999998,3,3,1,331,Loyal Customer
229,2,8601.01,1,1,2,112,At Risk
1,3,12925.91,5,3,2,532,Loyal Customer
162,1,19647.57,2,1,2,212,At Risk
15,6,228071.76,5,5,5,555,Champion
146,2,57008.33,2,1,3,213,At Risk
100,2,21018.91,3,1,2,312,Hibernating
91,5,145295.18,3,5,5,355,Loyal Customer
277,1,13912.41,1,1,2,112,At Risk
326,1,16573.55,1,1,2,112,At Risk
318,1,39011.2,1,1,3,113,At Risk
46,3,124847.4,4,3,5,435,Loyal Customer
60,6,147624.59,4,5,5,455,Champion
89,3,122939.51999999999,3,3,5,335,Loyal Customer
37,4,40269.759999999995,4,4,3,443,Loyal Customer
35,3,64349.71,4,3,4,434,Loyal Customer
75,3,102541.53,3,3,5,335,Loyal Customer
3,3,5487.860000000001,5,3,1,531,Loyal Customer
320,1,32728.31,1,1,3,113,At Risk
62,6,199568.75,3,5,5,355,Loyal Customer
50,2,70756.46,4,1,4,414,Potential Loyalist
23,7,16045.23,5,5,2,552,Loyal Customer
63,3,95466.84,3,3,4,334,Loyal Customer
116,3,106492.18,2,3,5,235,Hibernating
44,3,14734.09,4,3,2,432,Loyal Customer
209,2,915.28,1,1,1,111,At Risk
46,2,79792.42,4,1,4,414,Potential Loyalist
17,3,20025.03,5,3,2,532,Loyal Customer
34,3,11357.9,4,3,2,432,Loyal Customer
51,4,57952.1,4,4,3,443,Loyal Customer
43,1,16513.08,4,1,2,412,Potential Loyalist
248,2,26759.68,1,1,2,112,At Risk
19,1,29753.2,5,1,2,512,Potential Loyalist
322,2,61697.69,1,1,4,114,At Risk
83,1,11729.84,3,1,2,312,Hibernating
202,2,826.34,1,1,1,111,At Risk
44,4,85414.20000000001,4,4,4,444,Champion
338,2,66443.79,1,1,4,114,At Risk
208,4,120038.20999999999,1,4,5,145,Hibernating
193,4,141211.15,1,4,5,145,Hibernating
64,1,24461.89,3,1,2,312,Hibernating
48,6,38513.619999999995,4,5,3,453,Loyal Customer
153,2,19836.98,2,1,2,212,At Risk
110,2,45690.67,2,1,3,213,At Risk
65,3,44744.22,3,3,3,333,Loyal Customer
39,6,137789.49,4,5,5,455,Champion
156,4,90304.6,2,4,4,244,Hibernating
13,3,141608.22,5,3,5,535,Loyal Customer
215,4,1548.35,1,4,1,141,Hibernating
39,2,67550.04000000001,4,1,4,414,Potential Loyalist
89,2,71168.91,3,1,4,314,Hibernating
59,4,34797.88,4,4,3,443,Loyal Customer
3,4,1392.63,5,4,1,541,Loyal Customer
29,3,16085.47,4,3,2,432,Loyal Customer
155,3,110916.54000000001,2,3,5,235,Hibernating
4,4,128940.88,5,4,5,545,Champion
145,2,52794.700000000004,2,1,3,213,At Risk
30,6,113257.8,4,5,5,455,Champion
350,1,9105.52,1,1,2,112,At Risk
167,3,86869.25,2,3,4,234,Hibernating
22,7,2957.25,5,5,1,551,Loyal Customer
102,5,124385.19,3,5,5,355,Loyal Customer
126,3,112243.59,2,3,5,235,Hibernating
155,3,90854.16,2,3,4,234,Hibernating
43,6,22236.46,4,5,2,452,Loyal Customer
247,1,33136.48,1,1,3,113,At Risk
2,2,42039.54,5,1,3,513,Potential Loyalist
5,3,149174.94,5,3,5,535,Loyal Customer
122,3,31248.79,2,3,3,233,Hibernating
23,3,31977.17,5,3,3,533,Loyal Customer
104,3,114168.51,3,3,5,335,Loyal Customer
66,4,112147.65,3,4,5,345,Loyal Customer
8,3,119920.29000000001,5,3,5,535,Loyal Customer
10,6,2787.7400000000002,5,5,1,551,Loyal Customer
2,2,71785.68,5,1,4,514,Potential Loyalist
16,5,90680.28,5,5,4,554,Champion
263,3,109924.43,1,3,5,135,Hibernating
28,3,91545.21,4,3,4,434,Loyal Customer
59,3,125574.66,4,3,5,435,Loyal Customer
13,3,114719.19,5,3,5,535,Loyal Customer
33,5,36168.43,4,5,3,453,Loyal Customer
10,5,102979.81,5,5,5,555,Champion
107,4,105248.61,2,4,5,245,Hibernating
26,4,130558.79000000001,5,4,5,545,Champion
227,3,28585.980000000003,1,3,2,132,Hibernating
92,8,3468.58,3,5,1,351,Loyal Customer
47,6,59105.380000000005,4,5,3,453,Loyal Customer
17,2,42095.409999999996,5,1,3,513,Potential Loyalist
111,5,53530.47,2,5,3,253,Hibernating
50,5,93271.73999999999,4,5,4,454,Champion
313,1,11194.59,1,1,2,112,At Risk
9,4,111578.95999999999,5,4,5,545,Champion
46,3,129068.40000000001,4,3,5,435,Loyal Customer
285,1,709.86,1,1,1,111,At Risk
46,4,7660.389999999999,4,4,2,442,Loyal Customer
329,1,300.0,1,1,1,111,At Risk
98,2,8898.56,3,1,2,312,Hibernating
212,2,602.2,1,1,1,111,At Risk
354,1,30208.7,1,1,2,112,At Risk
157,1,300.0,2,1,1,211,At Risk
267,1,5287.36,1,1,1,111,At Risk
30,3,72259.93,4,3,4,434,Loyal Customer
20,3,146973.24,5,3,5,535,Loyal Customer
108,2,24533.980000000003,2,1,2,212,At Risk
15,1,4196.47,5,1,1,511,Potential Loyalist
131,3,91767.15,2,3,4,234,Hibernating
62,2,12069.36,3,1,2,312,Hibernating
130,5,36900.770000000004,2,5,3,253,Hibernating
145,3,21508.3,2,3,2,232,Hibernating
25,3,60520.82,5,3,4,534,Loyal Customer
30,3,92679.73999999999,4,3,4,434,Loyal Customer
298,2,25908.26,1,1,2,112,At Risk
33,6,81568.78,4,5,4,454,Champion
22,5,153598.16999999998,5,5,5,555,Champion
21,3,6544.04,5,3,1,531,Loyal Customer
150,3,18965.339999999997,2,3,2,232,Hibernating
51,1,15570.77,4,1,2,412,Potential Loyalist
24,5,2325.25,5,5,1,551,Loyal Customer
133,5,174603.79,2,5,5,255,Hibernating
56,3,30403.3,4,3,2,432,Loyal Customer
21,5,119496.03,5,5,5,555,Champion
8,4,132625.78,5,4,5,545,Champion
108,4,12967.25,2,4,2,242,Hibernating
28,7,206228.83000000002,4,5,5,455,Champion
261,1,527.55,1,1,1,111,At Risk
6,1,300.0,5,1,1,511,Potential Loyalist
131,2,75950.24,2,1,4,214,At Risk
117,2,80370.26,2,1,4,214,At Risk
87,2,62056.07,3,1,4,314,Hibernating
270,2,45534.03,1,1,3,113,At Risk
141,3,1513.0500000000002,2,3,1,231,Hibernating
27,4,51204.14,4,4,3,443,Loyal Customer
30,3,126531.66,4,3,5,435,Loyal Customer
231,2,17183.829999999998,1,1,2,112,At Risk
88,3,62844.75,3,3,4,334,Loyal Customer
59,3,91864.79000000001,4,3,4,434,Loyal Customer
26,3,1090.87,5,3,1,531,Loyal Customer
175,3,111543.18,2,3,5,235,Hibernating
42,2,72527.0,4,1,4,414,Potential Loyalist
38,4,28492.73,4,4,2,442,Loyal Customer
47,7,215646.87,4,5,5,455,Champion
132,3,52428.78,2,3,3,233,Hibernating
112,4,92312.94,2,4,4,244,Hibernating
10,3,10727.460000000001,5,3,2,532,Loyal Customer
90,6,13794.61,3,5,2,352,Loyal Customer
91,3,1546.23,3,3,1,331,Loyal Customer
75,3,79266.23999999999,3,3,4,334,Loyal Customer
279,1,41467.73,1,1,3,113,At Risk
120,6,232160.07,2,5,5,255,Hibernating
102,2,28276.38,3,1,2,312,Hibernating
307,1,3534.03,1,1,1,111,At Risk
103,3,59610.63,3,3,4,334,Loyal Customer
48,3,79218.20000000001,4,3,4,434,Loyal Customer
102,3,909.37,3,3,1,331,Loyal Customer
35,4,108808.0,4,4,5,445,Champion
152,3,10615.34,2,3,2,232,Hibernating
161,2,39751.35,2,1,3,213,At Risk
193,1,7548.52,1,1,2,112,At Risk
21,4,98844.75,5,4,4,544,Champion
78,4,160539.46000000002,3,4,5,345,Loyal Customer
88,6,195685.4,3,5,5,355,Loyal Customer
25,6,175299.36,5,5,5,555,Champion
176,3,124801.84,2,3,5,235,Hibernating
113,3,76695.29,2,3,4,234,Hibernating
11,1,16043.29,5,1,2,512,Potential Loyalist
160,2,44894.399999999994,2,1,3,213,At Risk
50,3,1137.02,4,3,1,431,Loyal Customer
116,2,44438.259999999995,2,1,3,213,At Risk
93,2,35316.43,3,1,3,313,Hibernating
147,1,42949.68,2,1,3,213,At Risk
107,3,40182.73,2,3,3,233,Hibernating
170,3,95915.62,2,3,4,234,Hibernating
196,1,300.0,1,1,1,111,At Risk
120,3,1326.81,2,3,1,231,Hibernating
12,6,119763.67000000001,5,5,5,555,Champion
35,5,158757.76,4,5,5,455,Champion
168,2,10543.869999999999,2,1,2,212,At Risk
57,3,19886.07,4,3,2,432,Loyal Customer
26,3,101313.27,5,3,5,535,Loyal Customer
86,4,42099.36,3,4,3,343,Loyal Customer
96,3,35748.380000000005,3,3,3,333,Loyal Customer
16,3,44338.11,5,3,3,533,Loyal Customer
7,8,38012.49,5,5,3,553,Loyal Customer
36,3,144573.63,4,3,5,435,Loyal Customer
296,2,42158.08,1,1,3,113,At Risk
52,2,643.55,4,1,1,411,Potential Loyalist
139,1,15610.26,2,1,2,212,At Risk
26,6,158746.57,5,5,5,555,Champion
81,3,43689.21,3,3,3,333,Loyal Customer
25,4,122194.37999999999,5,4,5,545,Champion
75,2,50113.97,3,1,3,313,Hibernating
25,1,3483.17,5,1,1,511,Potential Loyalist
124,2,877.54,2,1,1,211,At Risk
32,3,147828.78,4,3,5,435,Loyal Customer
5,2,33101.76,5,1,3,513,Potential Loyalist
142,3,30018.15,2,3,2,232,Hibernating
242,2,40699.130000000005,1,1,3,113,At Risk
52,3,79967.67,4,3,4,434,Loyal Customer
107,1,1150.33,2,1,1,211,At Risk
300,1,350.11,1,1,1,111,At Risk
72,7,107492.41,3,5,5,355,Loyal Customer
89,1,22551.27,3,1,2,312,Hibernating
246,3,58213.2,1,3,3,133,Hibernating
168,2,30434.46,2,1,2,212,At Risk
203,2,712.39,1,1,1,111,At Risk
19,4,13085.1,5,4,2,542,Loyal Customer
21,4,113641.44,5,4,5,545,Champion
140,2,15901.3,2,1,2,212,At Risk
26,4,112322.23999999999,5,4,5,545,Champion
22,2,58003.58,5,1,3,513,Potential Loyalist
82,3,79097.86,3,3,4,334,Loyal Customer
99,2,71016.45,3,1,4,314,Hibernating
158,8,236234.8,2,5,5,255,Hibernating
179,1,41190.63,1,1,3,113,At Risk
8,3,79046.74,5,3,4,534,Loyal Customer
225,3,108836.07,1,3,5,135,Hibernating
3,7,253237.0,5,5,5,555,Champion
312,1,7452.87,1,1,2,112,At Risk
199,3,58614.41,1,3,3,133,Hibernating
249,2,33743.72,1,1,3,113,At Risk
8,3,121577.05,5,3,5,535,Loyal Customer
143,2,905.61,2,1,1,211,At Risk
127,1,24210.74,2,1,2,212,At Risk
59,2,51906.0,4,1,3,413,Potential Loyalist
17,3,147131.94,5,3,5,535,Loyal Customer
137,4,101684.39,2,4,5,245,Hibernating
267,2,23473.3,1,1,2,112,At Risk
81,3,95929.47,3,3,4,334,Loyal Customer
20,4,183640.1,5,4,5,545,Champion
23,5,28784.75,5,5,2,552,Loyal Customer
35,3,91023.97,4,3,4,434,Loyal Customer
47,1,46576.52,4,1,3,413,Potential Loyalist
204,3,1184.49,1,3,1,131,Hibernating
55,4,152566.17,4,4,5,445,Champion
43,6,125371.14,4,5,5,455,Champion
87,4,163024.69,3,4,5,345,Loyal Customer
12,2,20386.07,5,1,2,512,Potential Loyalist
113,2,57947.0,2,1,3,213,At Risk
31,4,117269.36,4,4,5,445,Champion
251,4,141067.75,1,4,5,145,Hibernating
59,2,41940.34,4,1,3,413,Potential Loyalist
274,2,46648.59,1,1,3,113,At Risk
27,5,1815.37,4,5,1,451,Loyal Customer
52,2,4633.49,4,1,1,411,Potential Loyalist
84,6,37655.27,3,5,3,353,Loyal Customer
60,1,9683.02,4,1,2,412,Potential Loyalist
147,2,20525.47,2,1,2,212,At Risk
72,3,75650.51,3,3,4,334,Loyal Customer
142,5,142054.05,2,5,5,255,Hibernating
75,4,94555.47,3,4,4,344,Loyal Customer
35,2,64537.03999999999,4,1,4,414,Potential Loyalist
20,3,85007.75,5,3,4,534,Loyal Customer
8,8,193121.01,5,5,5,555,Champion
117,2,28746.15,2,1,2,212,At Risk
12,3,145003.98,5,3,5,535,Loyal Customer
164,3,1644.88,2,3,1,231,Hibernating
112,4,1449.97,2,4,1,241,Hibernating
18,3,83589.41,5,3,4,534,Loyal Customer
92,3,89363.76000000001,3,3,4,334,Loyal Customer
135,3,105614.75,2,3,5,235,Hibernating
9,6,252748.44,5,5,5,555,Champion
85,4,10301.14,3,4,2,342,Loyal Customer
70,6,171365.28,3,5,5,355,Loyal Customer
34,4,39787.63,4,4,3,443,Loyal Customer
155,1,38529.84,2,1,3,213,At Risk
39,5,13137.11,4,5,2,452,Loyal Customer
26,1,3582.4,5,1,1,511,Potential Loyalist
295,1,46162.15,1,1,3,113,At Risk
6,5,2153.4700000000003,5,5,1,551,Loyal Customer
77,5,106479.51999999999,3,5,5,355,Loyal Customer
116,2,64030.450000000004,2,1,4,214,At Risk
9,2,78140.59,5,1,4,514,Potential Loyalist
218,2,63836.95,1,1,4,114,At Risk
62,3,137447.01,3,3,5,335,Loyal Customer
168,1,459.74,2,1,1,211,At Risk
24,3,79754.97,5,3,4,534,Loyal Customer
17,3,145293.0,5,3,5,535,Loyal Customer
5,2,683.31,5,1,1,511,Potential Loyalist
147,2,50819.880000000005,2,1,3,213,At Risk
112,2,19005.46,2,1,2,212,At Risk
319,1,35399.77,1,1,3,113,At Risk
202,4,156663.37,1,4,5,145,Hibernating
149,4,107961.51000000001,2,4,5,245,Hibernating
215,3,49872.81,1,3,3,133,Hibernating
23,5,2235.66,5,5,1,551,Loyal Customer
38,5,39727.66,4,5,3,453,Loyal Customer
120,1,44414.0,2,1,3,213,At Risk
72,2,52397.89,3,1,3,313,Hibernating
85,3,106572.95999999999,3,3,5,335,Loyal Customer
70,3,145285.05,3,3,5,335,Loyal Customer
179,1,7952.27,1,1,2,112,At Risk
111,3,75674.01000000001,2,3,4,234,Hibernating
44,7,68405.0,4,5,4,454,Champion
57,3,29737.54,4,3,2,432,Loyal Customer
171,4,153667.45,2,4,5,245,Hibernating
285,2,59662.5,1,1,4,114,At Risk
98,3,68329.07,3,3,4,334,Loyal Customer
251,1,4025.16,1,1,1,111,At Risk
77,5,1560.29,3,5,1,351,Loyal Customer
25,3,32700.870000000003,5,3,3,533,Loyal Customer
25,6,15012.38,5,5,2,552,Loyal Customer
147,4,18463.47,2,4,2,242,Hibernating
1,2,1032.93,5,1,1,511,Potential Loyalist
21,4,1868.77,5,4,1,541,Loyal Customer
40,2,52701.41,4,1,3,413,Potential Loyalist
42,9,4859.99,4,5,1,451,Loyal Customer
4,9,184170.09,5,5,5,555,Champion
126,1,5691.84,2,1,1,211,At Risk
69,2,3958.22,3,1,1,311,Hibernating
57,5,53365.01,4,5,3,453,Loyal Customer
31,2,72790.94,4,1,4,414,Potential Loyalist
180,2,20137.32,1,1,2,112,At Risk
113,2,30746.43,2,1,2,212,At Risk
291,2,32377.0,1,1,3,113,At Risk
183,2,61407.76,1,1,4,114,At Risk
111,2,12673.18,2,1,2,212,At Risk
30,3,142065.51,4,3,5,435,Loyal Customer
10,4,82309.72,5,4,4,544,Champion
48,2,3839.8199999999997,4,1,1,411,Potential Loyalist
101,1,13877.38,3,1,2,312,Hibernating
113,3,53051.19,2,3,3,233,Hibernating
22,3,120142.0,5,3,5,535,Loyal Customer
149,3,29312.36,2,3,2,232,Hibernating
273,1,35956.1,1,1,3,113,At Risk
95,3,74649.29,3,3,4,334,Loyal Customer
182,2,76438.35,1,1,4,114,At Risk
115,3,1716.42,2,3,1,231,Hibernating
94,4,57378.59,3,4,3,343,Loyal Customer
41,4,98997.82,4,4,4,444,Champion
216,2,8823.95,1,1,2,112,At Risk
228,1,12641.6,1,1,2,112,At Risk
196,3,1874.28,1,3,1,131,Hibernating
140,4,126043.51000000001,2,4,5,245,Hibernating
11,3,79244.4,5,3,4,534,Loyal Customer
111,3,1907.91,2,3,1,231,Hibernating
30,1,2557.0,4,1,1,411,Potential Loyalist
133,4,36902.7,2,4,3,243,Hibernating
320,1,22429.75,1,1,2,112,At Risk
236,2,3993.7799999999997,1,1,1,111,At Risk
232,1,14578.61,1,1,2,112,At Risk
119,3,92335.3,2,3,4,234,Hibernating
238,3,1118.58,1,3,1,131,Hibernating
31,5,113326.67,4,5,5,455,Champion
4,3,83556.73,5,3,4,534,Loyal Customer
32,5,60970.88,4,5,4,454,Champion
9,2,9398.48,5,1,2,512,Potential Loyalist
105,5,2408.22,2,5,1,251,Hibernating
74,3,64644.44,3,3,4,334,Loyal Customer
68,5,77663.62,3,5,4,354,Loyal Customer
17,6,200320.65,5,5,5,555,Champion
239,1,5473.1,1,1,1,111,At Risk
190,1,300.0,1,1,1,111,At Risk
30,4,81396.22,4,4,4,444,Champion
100,1,509.54,3,1,1,311,Hibernating
3,4,1579.67,5,4,1,541,Loyal Customer
61,3,88550.76000000001,3,3,4,334,Loyal Customer
60,4,140123.83000000002,4,4,5,445,Champion
61,4,115290.41999999998,3,4,5,345,Loyal Customer
213,1,28660.08,1,1,2,112,At Risk
136,3,58009.63,2,3,3,233,Hibernating
56,2,62313.46,4,1,4,414,Potential Loyalist
223,1,2113.58,1,1,1,111,At Risk
55,3,113825.09999999999,4,3,5,435,Loyal Customer
13,4,1724.92,5,4,1,541,Loyal Customer
302,1,14699.19,1,1,2,112,At Risk
102,1,47001.36,3,1,3,313,Hibernating
63,6,142175.06,3,5,5,355,Loyal Customer
103,3,70722.72,3,3,4,334,Loyal Customer
28,4,1513.03,4,4,1,441,Loyal Customer
151,2,2458.14,2,1,1,211,At Risk
68,5,1831.3600000000001,3,5,1,351,Loyal Customer
37,5,150325.18,4,5,5,455,Champion
10,2,8534.58,5,1,2,512,Potential Loyalist
175,2,78420.66,2,1,4,214,At Risk
46,3,40978.34,4,3,3,433,Loyal Customer
253,2,57003.850000000006,1,1,3,113,At Risk
173,2,60847.28,2,1,4,214,At Risk
57,4,52007.92,4,4,3,443,Loyal Customer
111,2,18907.309999999998,2,1,2,212,At Risk
40,2,5811.53,4,1,1,411,Potential Loyalist
103,2,16238.109999999999,3,1,2,312,Hibernating
66,4,118201.35,3,4,5,345,Loyal Customer
14,4,110780.19,5,4,5,545,Champion
84,2,96678.07999999999,3,1,4,314,Hibernating
57,6,159041.27000000002,4,5,5,455,Champion
90,5,13400.84,3,5,2,352,Loyal Customer
19,3,145914.12,5,3,5,535,Loyal Customer
96,3,80227.75,3,3,4,334,Loyal Customer
125,2,71984.63,2,1,4,214,At Risk
41,6,95428.15,4,5,4,454,Champion
124,1,29987.63,2,1,2,212,At Risk
3,4,76023.75,5,4,4,544,Champion
51,2,63839.33,4,1,4,414,Potential Loyalist
78,5,126605.13,3,5,5,355,Loyal Customer
7,3,19414.370000000003,5,3,2,532,Loyal Customer
64,5,94321.2,3,5,4,354,Loyal Customer
54,2,76429.48000000001,4,1,4,414,Potential Loyalist
303,1,28622.94,1,1,2,112,At Risk
71,5,2553.74,3,5,1,351,Loyal Customer
69,1,7323.47,3,1,2,312,Hibernating
22,6,66283.53,5,5,4,554,Champion
153,3,21202.31,2,3,2,232,Hibernating
64,3,72808.70000000001,3,3,4,334,Loyal Customer
227,2,35579.259999999995,1,1,3,113,At Risk
54,2,46181.56,4,1,3,413,Potential Loyalist
4,4,53509.4,5,4,3,543,Loyal Customer
28,1,33747.75,4,1,3,413,Potential Loyalist
25,3,37419.899999999994,5,3,3,533,Loyal Customer
11,4,46375.28,5,4,3,543,Loyal Customer
57,3,128850.0,4,3,5,435,Loyal Customer
69,5,1870.79,3,5,1,351,Loyal Customer
73,1,9579.6,3,1,2,312,Hibernating
20,3,6976.78,5,3,1,531,Loyal Customer
39,1,325.97,4,1,1,411,Potential Loyalist
163,2,14538.300000000001,2,1,2,212,At Risk
42,4,55853.530000000006,4,4,3,443,Loyal Customer
156,1,28687.29,2,1,2,212,At Risk
173,1,3699.71,2,1,1,211,At Risk
18,6,2761.25,5,5,1,551,Loyal Customer
14,4,106305.35999999999,5,4,5,545,Champion
210,2,74992.61,1,1,4,114,At Risk
177,1,21890.05,2,1,2,212,At Risk
4,2,54895.9,5,1,3,513,Potential Loyalist
357,1,43893.88,1,1,3,113,At Risk
88,1,15810.95,3,1,2,312,Hibernating
205,2,50213.14,1,1,3,113,At Risk
61,4,30378.69,3,4,2,342,Loyal Customer
58,3,50342.12,4,3,3,433,Loyal Customer
24,2,40798.17,5,1,3,513,Potential Loyalist
11,1,4772.11,5,1,1,511,Potential Loyalist
100,7,197011.82,3,5,5,355,Loyal Customer
192,2,44862.69,1,1,3,113,At Risk
191,1,8789.93,1,1,2,112,At Risk
305,2,17361.34,1,1,2,112,At Risk
53,3,14242.77,4,3,2,432,Loyal Customer
108,5,2128.64,2,5,1,251,Hibernating
3,3,149531.58000000002,5,3,5,535,Loyal Customer
199,2,80560.69,1,1,4,114,At Risk
31,5,1976.71,4,5,1,451,Loyal Customer
175,4,95534.13,2,4,4,244,Hibernating
159,2,60252.020000000004,2,1,4,214,At Risk
134,3,85137.6,2,3,4,234,Hibernating
124,1,5647.16,2,1,1,211,At Risk
22,3,91057.91,5,3,4,534,Loyal Customer
224,2,16748.55,1,1,2,112,At Risk
350,1,3471.15,1,1,1,111,At Risk
78,3,85258.3,3,3,4,334,Loyal Customer
17,2,14609.460000000001,5,1,2,512,Potential Loyalist
44,1,5161.88,4,1,1,411,Potential Loyalist
66,2,80273.76000000001,3,1,4,314,Hibernating
36,3,119182.43,4,3,5,435,Loyal Customer
25,5,159461.68,5,5,5,555,Champion
251,1,39083.26,1,1,3,113,At Risk
23,5,2658.1000000000004,5,5,1,551,Loyal Customer
116,2,6106.51,2,1,1,211,At Risk
109,5,169198.46000000002,2,5,5,255,Hibernating
335,2,46296.53,1,1,3,113,At Risk
125,2,799.0699999999999,2,1,1,211,At Risk
45,4,122027.74,4,4,5,445,Champion
44,2,748.58,4,1,1,411,Potential Loyalist
17,4,116632.59,5,4,5,545,Champion
5,1,24815.84,5,1,2,512,Potential Loyalist
11,5,117577.36000000002,5,5,5,555,Champion
94,2,55995.95,3,1,3,313,Hibernating
360,1,10947.72,1,1,2,112,At Risk
163,2,600.0,2,1,1,211,At Risk
260,2,7462.75,1,1,2,112,At Risk
159,4,55547.22,2,4,3,243,Hibernating
13,4,127495.54000000001,5,4,5,545,Champion
83,1,2456.54,3,1,1,311,Hibernating
227,2,20755.059999999998,1,1,2,112,At Risk
29,6,154853.78999999998,4,5,5,455,Champion
172,5,122293.28,2,5,5,255,Hibernating
169,4,85438.16,2,4,4,244,Hibernating
66,4,38866.65,3,4,3,343,Loyal Customer
100,3,93970.95999999999,3,3,4,334,Loyal Customer
125,2,63744.630000000005,2,1,4,214,At Risk
153,3,1259.76,2,3,1,231,Hibernating
71,3,112361.15000000001,3,3,5,335,Loyal Customer
17,5,95532.57,5,5,4,554,Champion
322,2,661.19,1,1,1,111,At Risk
195,4,28879.809999999998,1,4,2,142,Hibernating
7,3,55157.38,5,3,3,533,Loyal Customer
12,3,5705.23,5,3,1,531,Loyal Customer
345,1,45029.99,1,1,3,113,At Risk
21,2,12109.259999999998,5,1,2,512,Potential Loyalist
9,3,22714.2,5,3,2,532,Loyal Customer
154,4,96113.38,2,4,4,244,Hibernating
6,4,1853.31,5,4,1,541,Loyal Customer
43,6,152879.33000000002,4,5,5,455,Champion
9,5,190667.66999999998,5,5,5,555,Champion
73,4,144391.02,3,4,5,345,Loyal Customer
9,2,98031.74,5,1,4,514,Potential Loyalist
99,2,50199.0,3,1,3,313,Hibernating
44,3,78030.22,4,3,4,434,Loyal Customer
123,2,45032.64,2,1,3,213,At Risk
136,4,140283.42,2,4,5,245,Hibernating
76,4,58360.45,3,4,3,343,Loyal Customer
11,4,30788.79,5,4,2,542,Loyal Customer
7,3,75970.6,5,3,4,534,Loyal Customer
174,4,86758.40999999999,2,4,4,244,Hibernating
156,2,48033.93000000001,2,1,3,213,At Risk
46,7,19657.94,4,5,2,452,Loyal Customer
138,3,63920.16,2,3,4,234,Hibernating
72,4,30964.489999999998,3,4,2,342,Loyal Customer
20,7,192499.95,5,5,5,555,Champion
83,2,48874.72,3,1,3,313,Hibernating
99,2,77652.45999999999,3,1,4,314,Hibernating
360,1,2969.32,1,1,1,111,At Risk
170,4,147253.03,2,4,5,245,Hibernating
16,3,85622.94,5,3,4,534,Loyal Customer
16,2,799.6800000000001,5,1,1,511,Potential Loyalist
145,2,6520.240000000001,2,1,1,211,At Risk
137,2,753.56,2,1,1,211,At Risk
6,2,71944.78,5,1,4,514,Potential Loyalist
233,1,3509.64,1,1,1,111,At Risk
185,1,45172.39,1,1,3,113,At Risk
59,3,145166.49,4,3,5,435,Loyal Customer
147,2,75979.41,2,1,4,214,At Risk
51,2,8419.75,4,1,2,412,Potential Loyalist
180,2,22147.769999999997,1,1,2,112,At Risk
116,3,53869.54,2,3,3,233,Hibernating
34,2,19295.010000000002,4,1,2,412,Potential Loyalist
171,3,1772.0700000000002,2,3,1,231,Hibernating
97,3,1069.63,3,3,1,331,Loyal Customer
54,6,126123.16,4,5,5,455,Champion
8,3,26477.41,5,3,2,532,Loyal Customer
2,3,139969.05,5,3,5,535,Loyal Customer
136,3,1352.3,2,3,1,231,Hibernating
42,2,74692.74,4,1,4,414,Potential Loyalist
157,6,153919.9,2,5,5,255,Hibernating
80,2,84889.76000000001,3,1,4,314,Hibernating
245,1,938.73,1,1,1,111,At Risk
146,1,44397.97,2,1,3,213,At Risk
51,3,26747.340000000004,4,3,2,432,Loyal Customer
85,4,90280.32,3,4,4,344,Loyal Customer
41,3,123044.54999999999,4,3,5,435,Loyal Customer
33,5,1976.9,4,5,1,451,Loyal Customer
96,3,109527.98000000001,3,3,5,335,Loyal Customer
66,4,14390.63,3,4,2,342,Loyal Customer
234,1,24389.82,1,1,2,112,At Risk
208,1,41751.56,1,1,3,113,At Risk
29,3,71818.48999999999,4,3,4,434,Loyal Customer
274,2,7158.29,1,1,1,111,At Risk
32,8,312065.49,4,5,5,455,Champion
15,5,94451.75,5,5,4,554,Champion
42,3,112987.95000000001,4,3,5,435,Loyal Customer
163,5,115077.4,2,5,5,255,Hibernating
50,5,123425.11,4,5,5,455,Champion
15,3,107315.28,5,3,5,535,Loyal Customer
63,4,124462.51000000001,3,4,5,345,Loyal Customer
4,3,135083.46,5,3,5,535,Loyal Customer
11,6,175954.22,5,5,5,555,Champion
46,4,86352.95,4,4,4,444,Champion
132,2,46863.189999999995,2,1,3,213,At Risk
288,1,564.26,1,1,1,111,At Risk
183,3,985.72,1,3,1,131,Hibernating
94,2,607.3299999999999,3,1,1,311,Hibernating
67,3,137478.24,3,3,5,335,Loyal Customer
40,1,34388.72,4,1,3,413,Potential Loyalist
283,2,47341.77,1,1,3,113,At Risk
34,3,72962.93,4,3,4,434,Loyal Customer
51,4,119737.68,4,4,5,445,Champion
283,1,2026.24,1,1,1,111,At Risk
19,2,1122.74,5,1,1,511,Potential Loyalist
208,3,1913.3999999999999,1,3,1,131,Hibernating
38,7,2793.87,4,5,1,451,Loyal Customer
149,1,40490.42,2,1,3,213,At Risk
219,2,9195.22,1,1,2,112,At Risk
203,3,27969.4,1,3,2,132,Hibernating
100,1,3543.2,3,1,1,311,Hibernating
33,4,113571.26000000001,4,4,5,445,Champion
189,1,47519.8,1,1,3,113,At Risk
15,4,95299.05,5,4,4,544,Champion
64,3,149984.31,3,3,5,335,Loyal Customer
339,1,13011.99,1,1,2,112,At Risk
30,2,33712.759999999995,4,1,3,413,Potential Loyalist
55,3,146819.49,4,3,5,435,Loyal Customer
121,1,2806.41,2,1,1,211,At Risk
228,2,70046.13,1,1,4,114,At Risk
62,4,110772.34,3,4,5,345,Loyal Customer
87,5,1627.29,3,5,1,351,Loyal Customer
84,6,37897.33,3,5,3,353,Loyal Customer
33,4,2341.34,4,4,1,441,Loyal Customer
12,3,43918.05,5,3,3,533,Loyal Customer
211,3,1715.8899999999999,1,3,1,131,Hibernating
251,1,37956.8,1,1,3,113,At Risk
57,3,26612.28,4,3,2,432,Loyal Customer
43,2,45418.979999999996,4,1,3,413,Potential Loyalist
37,9,255745.72,4,5,5,455,Champion
298,1,15999.99,1,1,2,112,At Risk
7,1,13799.56,5,1,2,512,Potential Loyalist
327,2,735.31,1,1,1,111,At Risk
31,3,146376.33000000002,4,3,5,435,Loyal Customer
110,3,104540.88,2,3,5,235,Hibernating
29,4,30148.09,4,4,2,442,Loyal Customer
221,1,31209.07,1,1,3,113,At Risk
116,2,33636.520000000004,2,1,3,213,At Risk
88,5,17303.48,3,5,2,352,Loyal Customer
139,2,47910.17,2,1,3,213,At Risk
97,4,87243.91,3,4,4,344,Loyal Customer
54,2,37979.729999999996,4,1,3,413,Potential Loyalist
212,2,11761.27,1,1,2,112,At Risk
76,3,74801.95999999999,3,3,4,334,Loyal Customer
65,3,1110.94,3,3,1,331,Loyal Customer
202,5,113804.71,1,5,5,155,Hibernating
64,2,12909.96,3,1,2,312,Hibernating
78,4,1842.37,3,4,1,341,Loyal Customer
95,3,986.8799999999999,3,3,1,331,Loyal Customer
144,1,21561.75,2,1,2,212,At Risk
232,1,49615.24,1,1,3,113,At Risk
172,1,7085.06,2,1,1,211,At Risk
67,2,86803.73,3,1,4,314,Hibernating
16,4,1701.3600000000001,5,4,1,541,Loyal Customer
64,3,39827.479999999996,3,3,3,333,Loyal Customer
86,6,1828.66,3,5,1,351,Loyal Customer
144,4,177790.69,2,4,5,245,Hibernating
140,1,36124.82,2,1,3,213,At Risk
32,3,47323.54,4,3,3,433,Loyal Customer
336,1,33985.11,1,1,3,113,At Risk
294,2,65781.14,1,1,4,114,At Risk
46,3,57105.36,4,3,3,433,Loyal Customer
75,6,89260.55,3,5,4,354,Loyal Customer
62,3,85829.97,3,3,4,334,Loyal Customer
70,2,39606.16,3,1,3,313,Hibernating
266,5,118707.07,1,5,5,155,Hibernating
144,3,47489.89,2,3,3,233,Hibernating
34,7,196091.49,4,5,5,455,Champion
31,3,14185.189999999999,4,3,2,432,Loyal Customer
109,3,64337.29,2,3,4,234,Hibernating
144,3,7489.5599999999995,2,3,2,232,Hibernating
124,4,12950.42,2,4,2,242,Hibernating
239,2,765.3399999999999,1,1,1,111,At Risk
50,2,38219.87,4,1,3,413,Potential Loyalist
253,1,2207.0,1,1,1,111,At Risk
77,3,86542.03,3,3,4,334,Loyal Customer
96,3,76858.56,3,3,4,334,Loyal Customer
343,1,15506.88,1,1,2,112,At Risk
116,2,8088.48,2,1,2,212,At Risk
4,3,135419.7,5,3,5,535,Loyal Customer
103,1,40784.67,3,1,3,313,Hibernating
93,2,600.0,3,1,1,311,Hibernating
53,4,96802.36,4,4,4,444,Champion
232,2,93453.83,1,1,4,114,At Risk
18,5,2602.6099999999997,5,5,1,551,Loyal Customer
74,3,93770.51000000001,3,3,4,334,Loyal Customer
258,1,5452.01,1,1,1,111,At Risk
5,3,105094.79000000001,5,3,5,535,Loyal Customer
362,1,1321.73,1,1,1,111,At Risk
112,6,188964.02,2,5,5,255,Hibernating
60,7,62546.94,4,5,4,454,Champion
215,3,88733.33,1,3,4,134,Hibernating
43,3,10516.880000000001,4,3,2,432,Loyal Customer
282,2,75609.01000000001,1,1,4,114,At Risk
31,4,98784.48999999999,4,4,4,444,Champion
31,2,25418.4,4,1,2,412,Potential Loyalist
213,1,21117.34,1,1,2,112,At Risk
101,4,95898.79999999999,3,4,4,344,Loyal Customer
64,3,9405.71,3,3,2,332,Loyal Customer
359,1,36695.74,1,1,3,113,At Risk
22,2,9757.560000000001,5,1,2,512,Potential Loyalist
6,4,136620.92,5,4,5,545,Champion
99,3,2249.82,3,3,1,331,Loyal Customer
172,5,40474.53,2,5,3,253,Hibernating
26,2,19746.92,5,1,2,512,Potential Loyalist
71,3,111575.14,3,3,5,335,Loyal Customer
109,3,1116.3899999999999,2,3,1,231,Hibernating
354,1,392.86,1,1,1,111,At Risk
37,1,435.97,4,1,1,411,Potential Loyalist
42,4,1200.0,4,4,1,441,Loyal Customer
212,2,55231.16,1,1,3,113,At Risk
197,2,806.1800000000001,1,1,1,111,At Risk
34,3,13213.86,4,3,2,432,Loyal Customer
4,7,256881.56,5,5,5,555,Champion
54,4,74584.01000000001,4,4,4,444,Champion
143,4,49837.700000000004,2,4,3,243,Hibernating
4,4,11482.400000000001,5,4,2,542,Loyal Customer
106,3,1548.33,2,3,1,231,Hibernating
33,4,129654.65,4,4,5,445,Champion
292,2,64116.44,1,1,4,114,At Risk
49,1,863.74,4,1,1,411,Potential Loyalist
196,2,75767.45000000001,1,1,4,114,At Risk
8,6,116812.75,5,5,5,555,Champion
35,3,34613.19,4,3,3,433,Loyal Customer
1,3,89139.32,5,3,4,534,Loyal Customer
67,4,136036.37,3,4,5,345,Loyal Customer
90,4,81088.68,3,4,4,344,Loyal Customer
79,3,39013.46,3,3,3,333,Loyal Customer
48,4,116274.63999999998,4,4,5,445,Champion
19,5,141793.66,5,5,5,555,Champion
68,6,144446.83000000002,3,5,5,355,Loyal Customer
188,1,26846.88,1,1,2,112,At Risk
95,5,13399.279999999999,3,5,2,352,Loyal Customer
144,2,59283.9,2,1,3,213,At Risk
276,2,39884.46,1,1,3,113,At Risk
48,4,1406.38,4,4,1,441,Loyal Customer
31,4,106281.17,4,4,5,445,Champion
135,4,1693.03,2,4,1,241,Hibernating
245,1,27956.17,1,1,2,112,At Risk
15,2,2762.51,5,1,1,511,Potential Loyalist
44,3,105942.81999999999,4,3,5,435,Loyal Customer
162,2,45442.33,2,1,3,213,At Risk
168,2,656.77,2,1,1,211,At Risk
72,2,52062.06,3,1,3,313,Hibernating
82,4,1504.23,3,4,1,341,Loyal Customer
23,3,120646.31,5,3,5,535,Loyal Customer
166,2,76388.43,2,1,4,214,At Risk
105,1,446.48,2,1,1,211,At Risk
30,2,10710.76,4,1,2,412,Potential Loyalist
67,6,144355.69,3,5,5,355,Loyal Customer
35,4,63018.28,4,4,4,444,Champion
69,1,574.08,3,1,1,311,Hibernating
113,1,3462.08,2,1,1,211,At Risk
205,1,531.14,1,1,1,111,At Risk
91,2,45663.520000000004,3,1,3,313,Hibernating
33,5,117843.63,4,5,5,455,Champion
45,6,131383.84,4,5,5,455,Champion
327,1,46145.42,1,1,3,113,At Risk
180,2,30676.83,1,1,2,112,At Risk
2,3,59399.66,5,3,3,533,Loyal Customer
46,2,71377.45999999999,4,1,4,414,Potential Loyalist
344,1,10182.32,1,1,2,112,At Risk
22,2,840.09,5,1,1,511,Potential Loyalist
193,1,11903.71,1,1,2,112,At Risk
76,2,41760.22,3,1,3,313,Hibernating
73,3,80385.33,3,3,4,334,Loyal Customer
54,3,52382.130000000005,4,3,3,433,Loyal Customer
8,3,97345.16,5,3,4,534,Loyal Customer
29,3,145429.59,4,3,5,435,Loyal Customer
18,7,2795.14,5,5,1,551,Loyal Customer
28,4,17122.82,4,4,2,442,Loyal Customer
39,6,17768.95,4,5,2,452,Loyal Customer
71,4,84857.93,3,4,4,344,Loyal Customer
106,3,46011.08,2,3,3,233,Hibernating
79,3,1134.52,3,3,1,331,Loyal Customer
35,3,140844.84,4,3,5,435,Loyal Customer
140,2,45402.57,2,1,3,213,At Risk
101,4,14873.41,3,4,2,342,Loyal Customer
76,2,63257.14,3,1,4,314,Hibernating
4,5,106342.89,5,5,5,555,Champion
7,6,55618.32,5,5,3,553,Loyal Customer
18,3,1145.37,5,3,1,531,Loyal Customer
89,2,41034.97,3,1,3,313,Hibernating
160,3,82147.74,2,3,4,234,Hibernating
60,4,90244.33,4,4,4,444,Champion
37,3,98703.38,4,3,4,434,Loyal Customer
112,5,97933.31999999999,2,5,4,254,Hibernating
28,3,139194.54,4,3,5,435,Loyal Customer
5,4,131952.21000000002,5,4,5,545,Champion
76,1,44690.63,3,1,3,313,Hibernating
4,3,112876.76999999999,5,3,5,535,Loyal Customer
148,3,1350.72,2,3,1,231,Hibernating
52,4,73364.67,4,4,4,444,Champion
6,3,142366.47,5,3,5,535,Loyal Customer
54,3,9126.630000000001,4,3,2,432,Loyal Customer
52,2,38898.6,4,1,3,413,Potential Loyalist
37,4,35175.82,4,4,3,443,Loyal Customer
134,4,128704.15,2,4,5,245,Hibernating
174,3,12706.58,2,3,2,232,Hibernating
38,5,130902.75,4,5,5,455,Champion
46,2,83373.78,4,1,4,414,Potential Loyalist
92,4,106259.54000000001,3,4,5,345,Loyal Customer
7,9,269210.14,5,5,5,555,Champion
103,3,48946.05,3,3,3,333,Loyal Customer
53,4,72553.57999999999,4,4,4,444,Champion
17,5,103604.02,5,5,5,555,Champion
31,10,290013.27,4,5,5,455,Champion
105,2,81836.81,2,1,4,214,At Risk
21,3,1296.15,5,3,1,531,Loyal Customer
358,1,4704.21,1,1,1,111,At Risk
5,6,145163.09999999998,5,5,5,555,Champion
354,1,19204.69,1,1,2,112,At Risk
46,2,600.0,4,1,1,411,Potential Loyalist
110,5,60930.380000000005,2,5,4,254,Hibernating
85,3,24429.31,3,3,2,332,Loyal Customer
318,1,1090.0,1,1,1,111,At Risk
4,3,14505.51,5,3,2,532,Loyal Customer
9,3,140299.86000000002,5,3,5,535,Loyal Customer
120,4,130353.94,2,4,5,245,Hibernating
82,5,167734.44,3,5,5,355,Loyal Customer
85,3,83811.62000000001,3,3,4,334,Loyal Customer
23,3,91677.14,5,3,4,534,Loyal Customer
57,1,29408.21,4,1,2,412,Potential Loyalist
10,3,133667.01,5,3,5,535,Loyal Customer
179,1,300.0,1,1,1,111,At Risk
107,3,1305.49,2,3,1,231,Hibernating
275,1,12944.96,1,1,2,112,At Risk
128,2,62903.82,2,1,4,214,At Risk
224,2,36067.38,1,1,3,113,At Risk
180,2,33037.67,1,1,3,113,At Risk
67,3,1480.3000000000002,3,3,1,331,Loyal Customer
34,5,1919.19,4,5,1,451,Loyal Customer
22,8,99852.81999999999,5,5,4,554,Champion
237,2,50692.4,1,1,3,113,At Risk
295,2,86427.59,1,1,4,114,At Risk
16,2,47867.42,5,1,3,513,Potential Loyalist
60,2,24592.97,4,1,2,412,Potential Loyalist
135,3,1192.33,2,3,1,231,Hibernating
26,3,104738.07,5,3,5,535,Loyal Customer
147,4,76221.41,2,4,4,244,Hibernating
174,2,36075.630000000005,2,1,3,213,At Risk
231,3,52506.16,1,3,3,133,Hibernating
1,4,30546.88,5,4,2,542,Loyal Customer
94,4,121718.26999999999,3,4,5,345,Loyal Customer
49,3,69459.64,4,3,4,434,Loyal Customer
24,3,142206.87,5,3,5,535,Loyal Customer
20,4,110332.45000000001,5,4,5,545,Champion
178,3,109588.66,2,3,5,235,Hibernating
63,5,104272.16,3,5,5,355,Loyal Customer
72,3,102268.83,3,3,5,335,Loyal Customer
105,3,2166.81,2,3,1,231,Hibernating
50,3,1581.3400000000001,4,3,1,431,Loyal Customer
2,2,73014.1,5,1,4,514,Potential Loyalist
18,3,19118.1,5,3,2,532,Loyal Customer
121,3,94080.63,2,3,4,234,Hibernating
44,4,30584.059999999998,4,4,2,442,Loyal Customer
220,2,53161.21,1,1,3,113,At Risk
3,2,86746.09,5,1,4,514,Potential Loyalist
88,2,32566.57,3,1,3,313,Hibernating
291,4,75871.95999999999,1,4,4,144,Hibernating
142,1,1242.89,2,1,1,211,At Risk
143,2,13838.439999999999,2,1,2,212,At Risk
152,2,845.33,2,1,1,211,At Risk
324,1,16914.17,1,1,2,112,At Risk
51,5,169033.56,4,5,5,455,Champion
29,6,2151.51,4,5,1,451,Loyal Customer
110,2,67722.77,2,1,4,214,At Risk
94,5,206969.03,3,5,5,355,Loyal Customer
299,2,57476.39,1,1,3,113,At Risk
37,3,23464.82,4,3,2,432,Loyal Customer
27,3,3788.87,4,3,1,431,Loyal Customer
108,3,29000.57,2,3,2,232,Hibernating
161,3,24708.18,2,3,2,232,Hibernating
105,3,107441.52,2,3,5,235,Hibernating
14,1,33358.96,5,1,3,513,Potential Loyalist
89,1,300.0,3,1,1,311,Hibernating
79,2,1283.78,3,1,1,311,Hibernating
23,1,1969.11,5,1,1,511,Potential Loyalist
227,2,56341.79,1,1,3,113,At Risk
44,2,600.0,4,1,1,411,Potential Loyalist
140,1,9974.74,2,1,2,212,At Risk
71,2,51118.520000000004,3,1,3,313,Hibernating
315,1,15164.95,1,1,2,112,At Risk
58,2,745.05,4,1,1,411,Potential Loyalist
250,1,10036.9,1,1,2,112,At Risk
63,1,28909.05,3,1,2,312,Hibernating
293,1,19739.32,1,1,2,112,At Risk
15,2,83392.81,5,1,4,514,Potential Loyalist
178,1,3976.6,2,1,1,211,At Risk
199,4,1917.37,1,4,1,141,Hibernating
234,4,1368.17,1,4,1,141,Hibernating
12,8,169770.1,5,5,5,555,Champion
34,4,18711.75,4,4,2,442,Loyal Customer
195,1,300.0,1,1,1,111,At Risk
332,1,300.0,1,1,1,111,At Risk
101,1,19235.56,3,1,2,312,Hibernating
156,1,300.0,2,1,1,211,At Risk
326,1,347.39,1,1,1,111,At Risk
125,1,20459.66,2,1,2,212,At Risk
22,3,27522.870000000003,5,3,2,532,Loyal Customer
211,2,4199.25,1,1,1,111,At Risk
62,3,99623.49,3,3,4,334,Loyal Customer
179,2,73815.5,1,1,4,114,At Risk
28,8,162023.21,4,5,5,455,Champion
158,1,36978.12,2,1,3,213,At Risk
7,5,2487.12,5,5,1,551,Loyal Customer
197,2,39928.3,1,1,3,113,At Risk
2,3,12707.43,5,3,2,532,Loyal Customer
44,3,70498.48,4,3,4,434,Loyal Customer
26,2,33073.65,5,1,3,513,Potential Loyalist
58,5,27437.98,4,5,2,452,Loyal Customer
110,1,26443.41,2,1,2,212,At Risk
281,2,16042.65,1,1,2,112,At Risk
11,3,133482.3,5,3,5,535,Loyal Customer
235,2,16214.03,1,1,2,112,At Risk
209,2,40404.12,1,1,3,113,At Risk
149,6,54979.43,2,5,3,253,Hibernating
77,6,169993.63,3,5,5,355,Loyal Customer
153,1,22413.57,2,1,2,212,At Risk
358,1,14912.86,1,1,2,112,At Risk
128,3,1232.88,2,3,1,231,Hibernating
60,4,1368.93,4,4,1,441,Loyal Customer
85,4,78726.73,3,4,4,344,Loyal Customer
92,1,2453.55,3,1,1,311,Hibernating
11,3,30887.72,5,3,2,532,Loyal Customer
36,2,32651.03,4,1,3,413,Potential Loyalist
6,9,3642.85,5,5,1,551,Loyal Customer
338,1,5692.81,1,1,1,111,At Risk
176,4,1588.57,2,4,1,241,Hibernating
62,2,37964.62,3,1,3,313,Hibernating
122,2,73147.05,2,1,4,214,At Risk
23,6,54612.22,5,5,3,553,Loyal Customer
40,3,44481.659999999996,4,3,3,433,Loyal Customer
94,5,1674.58,3,5,1,351,Loyal Customer
39,3,41265.96,4,3,3,433,Loyal Customer
27,2,728.74,4,1,1,411,Potential Loyalist
28,3,59083.61,4,3,3,433,Loyal Customer
107,2,838.89,2,1,1,211,At Risk
86,2,753.39,3,1,1,311,Hibernating
101,4,132781.57,3,4,5,345,Loyal Customer
30,3,26965.02,4,3,2,432,Loyal Customer
347,1,14329.99,1,1,2,112,At Risk
5,4,1243.05,5,4,1,541,Loyal Customer
271,4,43480.67,1,4,3,143,Hibernating
61,4,164050.47,3,4,5,345,Loyal Customer
127,3,98799.45999999999,2,3,4,234,Hibernating
145,2,871.36,2,1,1,211,At Risk
154,4,24576.54,2,4,2,242,Hibernating
68,6,201126.72,3,5,5,355,Loyal Customer
79,7,22828.0,3,5,2,352,Loyal Customer
47,1,4498.78,4,1,1,411,Potential Loyalist
105,3,81552.37000000001,2,3,4,234,Hibernating
351,1,1694.97,1,1,1,111,At Risk
15,3,146502.45,5,3,5,535,Loyal Customer
86,6,144749.64,3,5,5,355,Loyal Customer
41,3,20871.04,4,3,2,432,Loyal Customer
50,2,90753.35999999999,4,1,4,414,Potential Loyalist
28,5,79957.79000000001,4,5,4,454,Champion
2,3,147360.3,5,3,5,535,Loyal Customer
41,5,110534.7,4,5,5,455,Champion
59,2,8332.27,4,1,2,412,Potential Loyalist
76,3,96837.44,3,3,4,334,Loyal Customer
253,3,1412.02,1,3,1,131,Hibernating
6,4,77329.43,5,4,4,544,Champion
78,5,160016.23,3,5,5,355,Loyal Customer
5,3,46396.130000000005,5,3,3,533,Loyal Customer
33,2,84527.57,4,1,4,414,Potential Loyalist
56,3,133606.16999999998,4,3,5,435,Loyal Customer
2,3,135131.46,5,3,5,535,Loyal Customer
173,3,94916.06,2,3,4,234,Hibernating
75,3,2557.31,3,3,1,331,Loyal Customer
28,2,5203.6,4,1,1,411,Potential Loyalist
174,4,12090.07,2,4,2,242,Hibernating
73,5,36069.86,3,5,3,353,Loyal Customer
4,6,143975.84,5,5,5,555,Champion
108,1,13320.41,2,1,2,212,At Risk
136,2,8401.76,2,1,2,212,At Risk
65,4,114524.09,3,4,5,345,Loyal Customer
255,1,40079.85,1,1,3,113,At Risk
27,4,100121.45,4,4,4,444,Champion
10,6,73040.43,5,5,4,554,Champion
188,3,103728.13,1,3,5,135,Hibernating
93,2,25665.08,3,1,2,312,Hibernating
41,3,1451.1399999999999,4,3,1,431,Loyal Customer
70,3,88764.0,3,3,4,334,Loyal Customer
96,2,70771.82,3,1,4,314,Hibernating
225,3,61248.479999999996,1,3,4,134,Hibernating
102,7,183840.95,3,5,5,355,Loyal Customer
241,1,46657.7,1,1,3,113,At Risk
88,2,35540.0,3,1,3,313,Hibernating
10,4,64193.68000000001,5,4,4,544,Champion
264,2,30570.75,1,1,2,112,At Risk
227,3,1683.5,1,3,1,131,Hibernating
173,6,67739.73,2,5,4,254,Hibernating
278,2,61924.17999999999,1,1,4,114,At Risk
22,3,115038.36000000002,5,3,5,535,Loyal Customer
20,3,44627.25,5,3,3,533,Loyal Customer
14,2,25939.0,5,1,2,512,Potential Loyalist
5,7,219534.18,5,5,5,555,Champion
45,3,73687.91,4,3,4,434,Loyal Customer
152,2,51068.86,2,1,3,213,At Risk
74,4,75966.43,3,4,4,344,Loyal Customer
97,3,49809.770000000004,3,3,3,333,Loyal Customer
256,1,7780.82,1,1,2,112,At Risk
16,4,96430.44,5,4,4,544,Champion
1,2,48886.63,5,1,3,513,Potential Loyalist
215,2,69313.48,1,1,4,114,At Risk
84,3,141932.73,3,3,5,335,Loyal Customer
105,1,9334.91,2,1,2,212,At Risk
11,3,22483.01,5,3,2,532,Loyal Customer
185,2,51841.65,1,1,3,113,At Risk
2,5,72329.25,5,5,4,554,Champion
223,1,31961.87,1,1,3,113,At Risk
170,2,82381.16,2,1,4,214,At Risk
64,3,142952.76,3,3,5,335,Loyal Customer
56,5,116275.02,4,5,5,455,Champion
90,5,112148.56,3,5,5,355,Loyal Customer
16,7,74458.88,5,5,4,554,Champion
44,3,149496.38999999998,4,3,5,435,Loyal Customer
81,3,149387.07,3,3,5,335,Loyal Customer
58,1,26803.9,4,1,2,412,Potential Loyalist
3,4,5560.63,5,4,1,541,Loyal Customer
39,2,42215.07,4,1,3,413,Potential Loyalist
85,5,133737.71000000002,3,5,5,355,Loyal Customer
18,4,31269.08,5,4,3,543,Loyal Customer
56,2,7048.150000000001,4,1,1,411,Potential Loyalist
94,7,286270.44,3,5,5,355,Loyal Customer
16,3,56715.060000000005,5,3,3,533,Loyal Customer
18,2,2478.1000000000004,5,1,1,511,Potential Loyalist
48,3,75377.93,4,3,4,434,Loyal Customer
2,4,1688.76,5,4,1,541,Loyal Customer
229,2,49823.65,1,1,3,113,At Risk
18,2,9258.34,5,1,2,512,Potential Loyalist
172,3,1049.02,2,3,1,231,Hibernating
151,1,41549.75,2,1,3,213,At Risk
16,2,75595.67,5,1,4,514,Potential Loyalist
35,3,83336.99,4,3,4,434,Loyal Customer
2,7,2976.8199999999997,5,5,1,551,Loyal Customer
61,1,32446.12,3,1,3,313,Hibernating
239,1,2013.27,1,1,1,111,At Risk
14,3,64243.79,5,3,4,534,Loyal Customer
164,1,1357.65,2,1,1,211,At Risk
190,1,11592.62,1,1,2,112,At Risk
110,4,136353.77,2,4,5,245,Hibernating
21,4,83908.5,5,4,4,544,Champion
46,2,52693.380000000005,4,1,3,413,Potential Loyalist
296,4,146914.16999999998,1,4,5,145,Hibernating
93,3,1624.9499999999998,3,3,1,331,Loyal Customer
19,6,2526.08,5,5,1,551,Loyal Customer
74,2,35771.86,3,1,3,313,Hibernating
205,1,13020.85,1,1,2,112,At Risk
33,3,135724.26,4,3,5,435,Loyal Customer
296,1,300.0,1,1,1,111,At Risk
224,2,50575.479999999996,1,1,3,113,At Risk
3,1,2792.02,5,1,1,511,Potential Loyalist
189,1,300.0,1,1,1,111,At Risk
23,3,955.9,5,3,1,531,Loyal Customer
76,3,103322.51,3,3,5,335,Loyal Customer
96,6,148029.41999999998,3,5,5,355,Loyal Customer
25,3,89384.76999999999,5,3,4,534,Loyal Customer
194,1,300.0,1,1,1,111,At Risk
128,2,36078.33,2,1,3,213,At Risk
126,2,17425.699999999997,2,1,2,212,At Risk
83,3,102846.45000000001,3,3,5,335,Loyal Customer
46,4,2117.33,4,4,1,441,Loyal Customer
322,1,7316.58,1,1,2,112,At Risk
22,2,91377.70999999999,5,1,4,514,Potential Loyalist
293,2,54449.49,1,1,3,113,At Risk
24,3,1141.84,5,3,1,531,Loyal Customer
169,3,45665.49,2,3,3,233,Hibernating
77,2,57220.07,3,1,3,313,Hibernating
99,2,16369.83,3,1,2,312,Hibernating
174,1,43556.31,2,1,3,213,At Risk
2,5,141746.27000000002,5,5,5,555,Champion
141,4,119949.54000000001,2,4,5,245,Hibernating
270,1,18654.35,1,1,2,112,At Risk
257,2,89223.31,1,1,4,114,At Risk
67,2,22973.85,3,1,2,312,Hibernating
73,4,86127.5,3,4,4,344,Loyal Customer
60,3,59608.41,4,3,4,434,Loyal Customer
131,2,52412.97,2,1,3,213,At Risk
137,3,9780.46,2,3,2,232,Hibernating
30,2,893.83,4,1,1,411,Potential Loyalist
276,3,33756.16,1,3,3,133,Hibernating
223,1,4593.39,1,1,1,111,At Risk
83,1,43068.46,3,1,3,313,Hibernating
102,3,86346.09,3,3,4,334,Loyal Customer
209,1,9307.61,1,1,2,112,At Risk
57,2,38320.9,4,1,3,413,Potential Loyalist
15,4,1723.72,5,4,1,541,Loyal Customer
12,4,115173.05,5,4,5,545,Champion
60,4,27567.1,4,4,2,442,Loyal Customer
265,1,2234.06,1,1,1,111,At Risk
58,2,23753.879999999997,4,1,2,412,Potential Loyalist
15,2,66319.0,5,1,4,514,Potential Loyalist
9,3,131844.3,5,3,5,535,Loyal Customer
50,4,139506.03,4,4,5,445,Champion
124,2,36433.24,2,1,3,213,At Risk
94,3,61572.67999999999,3,3,4,334,Loyal Customer
182,2,60897.299999999996,1,1,4,114,At Risk
12,3,144775.2,5,3,5,535,Loyal Customer
74,5,52891.58,3,5,3,353,Loyal Customer
152,2,600.0,2,1,1,211,At Risk
6,5,95853.22,5,5,4,554,Champion
244,3,79013.23,1,3,4,134,Hibernating
104,2,19343.97,3,1,2,312,Hibernating
70,3,85982.76999999999,3,3,4,334,Loyal Customer
22,4,69699.54,5,4,4,544,Champion
219,2,72062.38,1,1,4,114,At Risk
83,4,130293.36,3,4,5,345,Loyal Customer
87,4,89817.84,3,4,4,344,Loyal Customer
19,5,81824.82,5,5,4,554,Champion
237,5,9413.98,1,5,2,152,Hibernating
116,1,5092.34,2,1,1,211,At Risk
192,1,43933.93,1,1,3,113,At Risk
148,2,54168.020000000004,2,1,3,213,At Risk
113,3,30614.9,2,3,2,232,Hibernating
65,3,109761.95000000001,3,3,5,335,Loyal Customer
298,1,49140.34,1,1,3,113,At Risk
167,2,61613.880000000005,2,1,4,214,At Risk
3,3,95250.32,5,3,4,534,Loyal Customer
79,6,186459.14,3,5,5,355,Loyal Customer
46,2,54056.58,4,1,3,413,Potential Loyalist
81,1,40886.21,3,1,3,313,Hibernating
36,2,51172.24,4,1,3,413,Potential Loyalist
167,1,300.0,2,1,1,211,At Risk
125,3,1189.69,2,3,1,231,Hibernating
221,3,82611.45999999999,1,3,4,134,Hibernating
119,4,106833.12000000001,2,4,5,245,Hibernating
56,3,122106.78,4,3,5,435,Loyal Customer
28,5,129599.84,4,5,5,455,Champion
13,3,51687.1,5,3,3,533,Loyal Customer
112,4,1345.45,2,4,1,241,Hibernating
2,5,149173.8,5,5,5,555,Champion
214,3,89604.73000000001,1,3,4,134,Hibernating
57,1,1613.52,4,1,1,411,Potential Loyalist
300,1,24728.89,1,1,2,112,At Risk
23,2,11698.710000000001,5,1,2,512,Potential Loyalist
157,3,59455.48,2,3,4,234,Hibernating
316,1,3950.43,1,1,1,111,At Risk
73,5,77150.67,3,5,4,354,Loyal Customer
112,2,28954.04,2,1,2,212,At Risk
176,2,7802.66,2,2,2,222,At Risk
90,3,23323.05,3,3,2,332,Loyal Customer
75,2,788.78,3,2,1,321,Hibernating
23,4,173863.24,5,4,5,545,Champion
99,3,52178.93,3,3,3,333,Loyal Customer
140,3,82482.89,2,3,4,234,Hibernating
134,6,145794.7,2,5,5,255,Hibernating
217,1,39917.81,1,1,3,113,At Risk
57,2,10486.99,4,2,2,422,Potential Loyalist
310,1,1294.06,1,1,1,111,At Risk
21,6,120339.73,5,5,5,555,Champion
53,3,58212.340000000004,4,3,3,433,Loyal Customer
140,2,600.0,2,2,1,221,At Risk
1,3,142591.59,5,3,5,535,Loyal Customer
195,2,984.94,1,2,1,121,At Risk
63,1,300.0,3,1,1,311,Hibernating
25,6,56135.54,5,5,3,553,Loyal Customer
158,3,4989.42,2,3,1,231,Hibernating
99,1,7644.99,3,1,2,312,Hibernating
83,4,137628.77,3,4,5,345,Loyal Customer
90,2,21876.050000000003,3,2,2,322,Hibernating
192,4,31668.05,1,4,3,143,Hibernating
15,6,250162.65,5,5,5,555,Champion
83,4,38097.36,3,4,3,343,Loyal Customer
147,3,10978.04,2,3,2,232,Hibernating
73,3,1381.47,3,3,1,331,Loyal Customer
26,3,123193.26000000001,5,3,5,535,Loyal Customer
5,5,133596.97,5,5,5,555,Champion
162,2,48628.55,2,2,3,223,At Risk
332,2,41175.19,1,2,3,123,At Risk
137,4,89634.84,2,4,4,244,Hibernating
185,2,28717.68,1,2,2,122,At Risk
284,2,50634.72,1,2,3,123,At Risk
9,8,187248.81,5,5,5,555,Champion
151,1,45295.84,2,1,3,213,At Risk
75,5,180121.22999999998,3,5,5,355,Loyal Customer
68,6,163174.93,3,5,5,355,Loyal Customer
63,5,149283.78,3,5,5,355,Loyal Customer
9,3,138962.34,5,3,5,535,Loyal Customer
144,1,6118.3,2,1,1,211,At Risk
86,4,104992.4,3,4,5,345,Loyal Customer
50,3,16313.48,4,3,2,432,Loyal Customer
28,2,828.73,4,2,1,421,Potential Loyalist
221,3,53111.68,1,3,3,133,Hibernating
19,4,136193.12,5,4,5,545,Champion
27,4,106891.05,4,4,5,445,Champion
10,8,153244.93,5,5,5,555,Champion
39,3,93812.61,4,3,4,434,Loyal Customer
8,2,59026.729999999996,5,2,3,523,Potential Loyalist
249,1,582.38,1,1,1,111,At Risk
16,2,807.78,5,2,1,521,Potential Loyalist
95,5,33244.37,3,5,3,353,Loyal Customer
128,3,112438.57,2,3,5,235,Hibernating
243,2,83699.42,1,2,4,124,At Risk
126,4,84514.6,2,4,4,244,Hibernating
222,2,54586.67,1,2,3,123,At Risk
32,3,19411.510000000002,4,3,2,432,Loyal Customer
46,2,53357.420000000006,4,2,3,423,Potential Loyalist
13,3,14821.77,5,3,2,532,Loyal Customer
63,5,1500.0,3,5,1,351,Loyal Customer
207,3,82417.3,1,3,4,134,Hibernating
33,2,58541.59,4,2,3,423,Potential Loyalist
160,2,80110.04999999999,2,2,4,224,At Risk
184,3,2281.3500000000004,1,3,1,131,Hibernating
149,2,63487.46,2,2,4,224,At Risk
127,2,641.51,2,2,1,221,At Risk
155,5,140617.71000000002,2,5,5,255,Hibernating
127,4,100463.44,2,4,4,244,Hibernating
53,4,99953.59999999999,4,4,4,444,Champion
98,1,2734.79,3,1,1,311,Hibernating
41,4,90922.45,4,4,4,444,Champion
106,3,28665.8,2,3,2,232,Hibernating
193,3,1840.1999999999998,1,3,1,131,Hibernating
164,2,85028.85,2,2,4,224,At Risk
16,5,12389.55,5,5,2,552,Loyal Customer
283,1,4149.4,1,1,1,111,At Risk
251,3,77552.96,1,3,4,134,Hibernating
158,1,5450.92,2,1,1,211,At Risk
67,5,85811.41,3,5,4,354,Loyal Customer
179,2,47215.05,1,2,3,123,At Risk
112,8,231927.07,2,5,5,255,Hibernating
95,2,63541.090000000004,3,2,4,324,Hibernating
190,2,69118.73,1,2,4,124,At Risk
319,1,21497.21,1,1,2,112,At Risk
119,3,84548.70000000001,2,3,4,234,Hibernating
155,3,73158.3,2,3,4,234,Hibernating
9,3,108176.95,5,3,5,535,Loyal Customer
57,4,149719.58000000002,4,4,5,445,Champion
38,2,48889.68,4,2,3,423,Potential Loyalist
341,1,28023.21,1,1,2,112,At Risk
77,1,6214.6,3,1,1,311,Hibernating
27,7,56529.57,4,5,3,453,Loyal Customer
25,2,72164.32,5,2,4,524,Potential Loyalist
61,4,135568.29,3,4,5,345,Loyal Customer
10,3,143942.37,5,3,5,535,Loyal Customer
354,1,300.0,1,1,1,111,At Risk
18,5,90899.37,5,5,4,554,Champion
8,3,8019.62,5,3,2,532,Loyal Customer
106,4,1680.04,2,4,1,241,Hibernating
155,2,6712.71,2,2,1,221,At Risk
69,1,25140.32,3,1,2,312,Hibernating
42,5,112222.61,4,5,5,455,Champion
166,6,14549.27,2,5,2,252,Hibernating
32,1,6743.55,4,1,1,411,Potential Loyalist
143,4,21076.93,2,4,2,242,Hibernating
85,2,56037.130000000005,3,2,3,323,Hibernating
82,3,85493.94,3,3,4,334,Loyal Customer
137,2,72191.72,2,2,4,224,At Risk
75,1,1486.93,3,1,1,311,Hibernating
318,1,25282.99,1,1,2,112,At Risk
31,3,75506.54000000001,4,3,4,434,Loyal Customer
338,1,8043.08,1,1,2,112,At Risk
13,1,2960.99,5,1,1,511,Potential Loyalist
81,3,66550.61,3,3,4,334,Loyal Customer
164,5,167545.32,2,5,5,255,Hibernating
34,3,82337.54,4,3,4,434,Loyal Customer
162,2,37451.17999999999,2,2,3,223,At Risk
169,3,21694.19,2,3,2,232,Hibernating
62,3,83800.4,3,3,4,334,Loyal Customer
6,3,56673.509999999995,5,3,3,533,Loyal Customer
46,4,44732.51,4,4,3,443,Loyal Customer
241,1,5627.42,1,1,1,111,At Risk
30,2,54305.04,4,2,3,423,Potential Loyalist
32,5,1997.9,4,5,1,451,Loyal Customer
102,4,126840.31,3,4,5,345,Loyal Customer
356,1,18830.79,1,1,2,112,At Risk
119,2,671.04,2,2,1,221,At Risk
175,4,64061.29,2,4,4,244,Hibernating
161,3,66306.13,2,3,4,234,Hibernating
295,2,75482.49,1,2,4,124,At Risk
54,3,59650.56,4,3,4,434,Loyal Customer
66,3,140262.27,3,3,5,335,Loyal Customer
43,3,80551.98000000001,4,3,4,434,Loyal Customer
65,3,17383.22,3,3,2,332,Loyal Customer
51,1,34053.02,4,1,3,413,Potential Loyalist
46,5,32435.31,4,5,3,453,Loyal Customer
125,1,7655.99,2,1,2,212,At Risk
3,5,38233.67,5,5,3,553,Loyal Customer
208,2,22944.269999999997,1,2,2,122,At Risk
159,2,10025.060000000001,2,2,2,222,At Risk
82,5,81248.11,3,5,4,354,Loyal Customer
166,1,3586.39,2,1,1,211,At Risk
225,3,6890.2,1,3,1,131,Hibernating
229,1,6234.74,1,1,1,111,At Risk
73,3,8383.46,3,3,2,332,Loyal Customer
1,3,35050.8,5,3,3,533,Loyal Customer
18,5,131901.33,5,5,5,555,Champion
19,2,38046.46,5,2,3,523,Potential Loyalist
79,3,13728.78,3,3,2,332,Loyal Customer
205,2,7016.53,1,2,1,121,At Risk
339,1,40133.31,1,1,3,113,At Risk
24,3,23857.33,5,3,2,532,Loyal Customer
177,3,4194.26,2,3,1,231,Hibernating
14,4,138247.44,5,4,5,545,Champion
57,3,1105.85,4,3,1,431,Loyal Customer
271,2,926.31,1,2,1,121,At Risk
82,4,131340.27,3,4,5,345,Loyal Customer
235,2,24688.68,1,2,2,122,At Risk
25,3,75148.53,5,3,4,534,Loyal Customer
96,3,84954.72,3,3,4,334,Loyal Customer
15,3,142690.98,5,3,5,535,Loyal Customer
36,2,47633.03,4,2,3,423,Potential Loyalist
38,2,12562.08,4,2,2,422,Potential Loyalist
44,3,6431.96,4,3,1,431,Loyal Customer
338,1,4203.73,1,1,1,111,At Risk
9,3,10523.099999999999,5,3,2,532,Loyal Customer
70,4,1476.48,3,4,1,341,Loyal Customer
82,3,55426.100000000006,3,3,3,333,Loyal Customer
115,4,116638.8,2,4,5,245,Hibernating
112,1,47848.96,2,1,3,213,At Risk
157,2,14476.04,2,2,2,222,At Risk
271,2,19313.37,1,2,2,122,At Risk
70,3,56185.17,3,3,3,333,Loyal Customer
82,3,148009.02,3,3,5,335,Loyal Customer
96,6,186987.2,3,5,5,355,Loyal Customer
12,3,6799.82,5,3,1,531,Loyal Customer
94,7,224683.43,3,5,5,355,Loyal Customer
179,3,101510.0,1,3,5,135,Hibernating
2,3,135063.27,5,3,5,535,Loyal Customer
44,4,86551.35,4,4,4,444,Champion
56,3,61084.52,4,3,4,434,Loyal Customer
130,2,3570.62,2,2,1,221,At Risk
289,2,38767.19,1,2,3,123,At Risk
65,2,3115.3,3,2,1,321,Hibernating
349,1,518.24,1,1,1,111,At Risk
45,3,109532.16,4,3,5,435,Loyal Customer
145,2,1144.74,2,2,1,221,At Risk
9,3,44000.37,5,3,3,533,Loyal Customer
109,2,998.72,2,2,1,221,At Risk
7,5,120852.51,5,5,5,555,Champion
320,1,9881.89,1,1,2,112,At Risk
214,3,900.0,1,3,1,131,Hibernating
21,3,60181.07,5,3,4,534,Loyal Customer
29,2,7444.9400000000005,4,2,2,422,Potential Loyalist
225,2,28158.69,1,2,2,122,At Risk
66,2,37311.82,3,2,3,323,Hibernating
4,5,132672.07,5,5,5,555,Champion
57,4,135033.61000000002,4,4,5,445,Champion
351,1,16718.29,1,1,2,112,At Risk
158,4,87276.93000000001,2,4,4,244,Hibernating
202,1,19250.31,1,1,2,112,At Risk
93,1,12715.19,3,1,2,312,Hibernating
17,1,41546.45,5,1,3,513,Potential Loyalist
130,4,1917.4,2,4,1,241,Hibernating
99,5,43153.06,3,5,3,353,Loyal Customer
281,1,12338.72,1,1,2,112,At Risk
52,3,120510.26000000001,4,3,5,435,Loyal Customer
125,2,58517.97,2,2,3,223,At Risk
79,3,149818.83000000002,3,3,5,335,Loyal Customer
118,3,13942.43,2,3,2,232,Hibernating
41,2,30388.96,4,2,2,422,Potential Loyalist
16,3,15645.560000000001,5,3,2,532,Loyal Customer
5,3,16866.96,5,3,2,532,Loyal Customer
225,4,35085.68,1,4,3,143,Hibernating
3,3,96494.37,5,3,4,534,Loyal Customer
126,4,42387.59,2,4,3,243,Hibernating
144,2,22374.86,2,2,2,222,At Risk
55,3,91175.41,4,3,4,434,Loyal Customer
186,4,82915.7,1,4,4,144,Hibernating
36,2,46893.670000000006,4,2,3,423,Potential Loyalist
61,5,89256.99,3,5,4,354,Loyal Customer
43,2,14920.82,4,2,2,422,Potential Loyalist
43,5,27570.72,4,5,2,452,Loyal Customer
5,4,69937.82,5,4,4,544,Champion
36,6,224479.47,4,5,5,455,Champion
139,1,21728.66,2,1,2,212,At Risk
9,2,25114.21,5,2,2,522,Potential Loyalist
21,5,32451.4,5,5,3,553,Loyal Customer
84,2,49408.0,3,2,3,323,Hibernating
76,2,972.68,3,2,1,321,Hibernating
103,3,96210.62,3,3,4,334,Loyal Customer
59,3,114920.22,4,3,5,435,Loyal Customer
151,4,150325.18,2,4,5,245,Hibernating
84,2,20406.47,3,2,2,322,Hibernating
249,1,4757.03,1,1,1,111,At Risk
164,2,83152.57,2,2,4,224,At Risk
72,2,24066.36,3,2,2,322,Hibernating
1,5,94922.07999999999,5,5,4,554,Champion
257,1,28458.22,1,1,2,112,At Risk
35,4,87857.3,4,4,4,444,Champion
94,4,1402.58,3,4,1,341,Loyal Customer
98,1,30830.28,3,1,2,312,Hibernating
5,4,135776.78,5,4,5,545,Champion
181,2,42702.53999999999,1,2,3,123,At Risk
78,5,120340.1,3,5,5,355,Loyal Customer
51,6,140670.9,4,5,5,455,Champion
226,2,37124.34,1,2,3,123,At Risk
7,4,1861.61,5,4,1,541,Loyal Customer
88,2,29332.379999999997,3,2,2,322,Hibernating
315,1,42247.41,1,1,3,113,At Risk
283,1,36578.43,1,1,3,113,At Risk
252,2,92197.12,1,2,4,124,At Risk
215,2,20000.91,1,2,2,122,At Risk
63,6,50194.07,3,5,3,353,Loyal Customer
80,6,86009.57,3,5,4,354,Loyal Customer
254,1,11476.78,1,1,2,112,At Risk
197,3,1183.28,1,3,1,131,Hibernating
17,8,181505.09,5,5,5,555,Champion
70,5,164066.13,3,5,5,355,Loyal Customer
94,2,26365.46,3,2,2,322,Hibernating
224,2,756.73,1,2,1,121,At Risk
224,2,978.79,1,2,1,121,At Risk
4,4,151795.23,5,4,5,545,Champion
52,5,121835.38,4,5,5,455,Champion
6,3,10481.77,5,3,2,532,Loyal Customer
10,3,19563.84,5,3,2,532,Loyal Customer
112,1,742.24,2,1,1,211,At Risk
99,4,1627.08,3,4,1,341,Loyal Customer
217,1,43876.65,1,1,3,113,At Risk
257,1,440.69,1,1,1,111,At Risk
137,4,9919.48,2,4,2,242,Hibernating
51,4,119237.29,4,4,5,445,Champion
17,4,100704.55,5,4,4,544,Champion
111,3,49878.56999999999,2,3,3,233,Hibernating
48,3,6842.99,4,3,1,431,Loyal Customer
79,3,75376.74,3,3,4,334,Loyal Customer
45,4,67471.18,4,4,4,444,Champion
6,6,14345.75,5,5,2,552,Loyal Customer
261,1,44074.62,1,1,3,113,At Risk
28,3,119196.17,4,3,5,435,Loyal Customer
162,3,91818.0,2,3,4,234,Hibernating
119,4,103338.58,2,4,5,245,Hibernating
10,3,101846.86,5,3,5,535,Loyal Customer
79,2,5053.360000000001,3,2,1,321,Hibernating
49,3,134372.49,4,3,5,435,Loyal Customer
36,3,118368.81,4,3,5,435,Loyal Customer
19,3,49833.18,5,3,3,533,Loyal Customer
160,2,53938.240000000005,2,2,3,223,At Risk
15,7,163148.89,5,5,5,555,Champion
251,1,12127.27,1,1,2,112,At Risk
28,2,20249.0,4,2,2,422,Potential Loyalist
56,3,124602.81,4,3,5,435,Loyal Customer
78,6,49383.15,3,5,3,353,Loyal Customer
17,3,33334.5,5,3,3,533,Loyal Customer
326,1,612.59,1,1,1,111,At Risk
53,3,20158.3,4,3,2,432,Loyal Customer
46,5,119017.12000000001,4,5,5,455,Champion
20,4,129881.73,5,4,5,545,Champion
141,3,55663.69,2,3,3,233,Hibernating
92,5,212280.12,3,5,5,355,Loyal Customer
171,4,72610.08,2,4,4,244,Hibernating
306,1,418.36,1,1,1,111,At Risk
11,3,33900.92,5,3,3,533,Loyal Customer
64,3,79918.28,3,3,4,334,Loyal Customer
41,5,123253.02,4,5,5,455,Champion
95,7,20951.579999999998,3,5,2,352,Loyal Customer
24,3,78013.1,5,3,4,534,Loyal Customer
165,3,110236.81,2,3,5,235,Hibernating
19,3,74846.18,5,3,4,534,Loyal Customer
111,1,920.62,2,1,1,211,At Risk
239,1,27043.74,1,1,2,112,At Risk
160,3,93854.66,2,3,4,234,Hibernating
48,4,64608.39,4,4,4,444,Champion
121,3,84892.95,2,3,4,234,Hibernating
92,2,3627.1400000000003,3,2,1,321,Hibernating
72,4,1435.77,3,4,1,341,Loyal Customer
3,3,21332.5,5,3,2,532,Loyal Customer
43,3,146424.51,4,3,5,435,Loyal Customer
183,1,10567.17,1,1,2,112,At Risk
192,3,1113.92,1,3,1,131,Hibernating
189,1,300.0,1,1,1,111,At Risk
190,1,1735.08,1,1,1,111,At Risk
185,3,79479.64,1,3,4,134,Hibernating
194,2,52399.26,1,2,3,123,At Risk
66,4,85079.62,3,4,4,344,Loyal Customer
72,2,56597.65,3,2,3,323,Hibernating
212,1,24592.94,1,1,2,112,At Risk
223,3,60192.95,1,3,4,134,Hibernating
138,1,5092.25,2,1,1,211,At Risk
25,4,82412.07,5,4,4,544,Champion
160,3,1631.04,2,3,1,231,Hibernating
170,2,73784.15,2,2,4,224,At Risk
74,2,822.29,3,2,1,321,Hibernating
213,4,55277.51,1,4,3,143,Hibernating
356,1,42724.11,1,1,3,113,At Risk
59,3,61983.55,4,3,4,434,Loyal Customer
315,1,345.95,1,1,1,111,At Risk
231,1,35013.38,1,1,3,113,At Risk
333,1,5488.47,1,1,1,111,At Risk
13,5,121913.3,5,5,5,555,Champion
61,3,136746.78,3,3,5,335,Loyal Customer
70,3,37313.49,3,3,3,333,Loyal Customer
26,3,1079.02,5,3,1,531,Loyal Customer
29,3,7755.27,4,3,2,432,Loyal Customer
42,3,72150.17,4,3,4,434,Loyal Customer
93,2,61203.42,3,2,4,324,Hibernating
103,3,76826.29999999999,3,3,4,334,Loyal Customer
150,2,4439.54,2,2,1,221,At Risk
193,4,83188.04000000001,1,4,4,144,Hibernating
73,3,131588.97,3,3,5,335,Loyal Customer
22,4,131793.96,5,4,5,545,Champion
10,6,58174.75,5,5,3,553,Loyal Customer
96,5,11372.93,3,5,2,352,Loyal Customer
54,3,80398.87,4,3,4,434,Loyal Customer
26,6,171120.29,5,5,5,555,Champion
64,4,136444.01,3,4,5,345,Loyal Customer
25,4,136868.81,5,4,5,545,Champion
27,2,75157.9,4,2,4,424,Potential Loyalist
198,1,352.68,1,1,1,111,At Risk
161,1,43614.75,2,1,3,213,At Risk
53,2,43064.950000000004,4,2,3,423,Potential Loyalist
168,1,23661.53,2,1,2,212,At Risk
23,5,96609.09,5,5,4,554,Champion
108,4,116932.11,2,4,5,245,Hibernating
168,2,52109.93,2,2,3,223,At Risk
158,3,84268.83,2,3,4,234,Hibernating
84,1,6949.53,3,1,1,311,Hibernating
228,3,104933.39,1,3,5,135,Hibernating
37,3,17513.28,4,3,2,432,Loyal Customer
60,5,154144.02000000002,4,5,5,455,Champion
43,6,13606.55,4,5,2,452,Loyal Customer
48,2,757.5899999999999,4,2,1,421,Potential Loyalist
16,5,87483.51,5,5,4,554,Champion
39,3,50138.06,4,3,3,433,Loyal Customer
82,4,101712.3,3,4,5,345,Loyal Customer
143,2,60524.02,2,2,4,224,At Risk
103,1,19332.13,3,1,2,312,Hibernating
193,4,163166.84,1,4,5,145,Hibernating
201,2,58091.67,1,2,3,123,At Risk
213,1,300.0,1,1,1,111,At Risk
64,5,2028.99,3,5,1,351,Loyal Customer
25,3,59340.08,5,3,3,533,Loyal Customer
162,4,81089.77,2,4,4,244,Hibernating
31,3,1361.22,4,3,1,431,Loyal Customer
27,4,38177.93,4,4,3,443,Loyal Customer
45,3,88900.43000000001,4,3,4,434,Loyal Customer
92,6,189211.52000000002,3,5,5,355,Loyal Customer
94,1,9739.8,3,1,2,312,Hibernating
79,4,71240.20999999999,3,4,4,344,Loyal Customer
247,1,7278.36,1,1,2,112,At Risk
51,3,105808.34999999999,4,3,5,435,Loyal Customer
25,3,47652.619999999995,5,3,3,533,Loyal Customer
19,3,148736.97,5,3,5,535,Loyal Customer
101,2,5001.65,3,2,1,321,Hibernating
136,3,96833.35,2,3,4,234,Hibernating
21,6,167327.41,5,5,5,555,Champion
186,3,89732.68,1,3,4,134,Hibernating
29,2,17426.6,4,2,2,422,Potential Loyalist
86,3,132078.45,3,3,5,335,Loyal Customer
80,3,58622.18,3,3,3,333,Loyal Customer
251,2,29836.61,1,2,2,122,At Risk
46,2,9879.01,4,2,2,422,Potential Loyalist
10,3,140918.34,5,3,5,535,Loyal Customer
56,5,95917.73,4,5,4,454,Champion
68,2,44669.39,3,2,3,323,Hibernating
39,4,101158.68,4,4,5,445,Champion
147,6,129444.41,2,5,5,255,Hibernating
60,4,112263.76,4,4,5,445,Champion
22,3,125661.09,5,3,5,535,Loyal Customer
218,1,13683.2,1,1,2,112,At Risk
64,5,77521.99,3,5,4,354,Loyal Customer
112,2,94433.3,2,2,4,224,At Risk
36,4,31588.93,4,4,3,443,Loyal Customer
39,1,8653.72,4,1,2,412,Potential Loyalist
65,4,10982.01,3,4,2,342,Loyal Customer
75,3,123158.39,3,3,5,335,Loyal Customer
194,3,104766.31,1,3,5,135,Hibernating
20,1,30353.41,5,1,2,512,Potential Loyalist
269,3,1193.49,1,3,1,131,Hibernating
78,4,93403.96,3,4,4,344,Loyal Customer
108,2,83459.17,2,2,4,224,At Risk
37,4,109324.28,4,4,5,445,Champion
53,4,56708.39,4,4,3,443,Loyal Customer
51,5,197793.81,4,5,5,455,Champion
224,2,47996.15,1,2,3,123,At Risk
89,2,72328.12,3,2,4,324,Hibernating
146,2,23984.14,2,2,2,222,At Risk
26,2,5614.63,5,2,1,521,Potential Loyalist
105,3,8957.05,2,3,2,232,Hibernating
46,3,89884.39,4,3,4,434,Loyal Customer
57,2,27207.79,4,2,2,422,Potential Loyalist
85,3,74173.74,3,3,4,334,Loyal Customer
3,4,118009.69,5,4,5,545,Champion
122,2,30991.760000000002,2,2,2,222,At Risk
161,2,35284.46,2,2,3,223,At Risk
69,4,1649.03,3,4,1,341,Loyal Customer
124,6,159146.57,2,5,5,255,Hibernating
270,2,65917.73,1,2,4,124,At Risk
83,1,40184.12,3,1,3,313,Hibernating
73,5,149762.11,3,5,5,355,Loyal Customer
122,3,1473.06,2,3,1,231,Hibernating
58,4,119147.84,4,4,5,445,Champion
76,3,85088.25,3,3,4,334,Loyal Customer
26,3,1104.39,5,3,1,531,Loyal Customer
67,4,166501.75,3,4,5,345,Loyal Customer
178,3,7302.639999999999,2,3,2,232,Hibernating
198,2,72433.23,1,2,4,124,At Risk
252,1,38569.88,1,1,3,113,At Risk
317,1,8435.57,1,1,2,112,At Risk
47,1,310.12,4,1,1,411,Potential Loyalist
31,5,9013.0,4,5,2,452,Loyal Customer
113,1,300.0,2,1,1,211,At Risk
131,1,22126.58,2,1,2,212,At Risk
90,2,22948.03,3,2,2,322,Hibernating
27,3,92652.8,4,3,4,434,Loyal Customer
313,3,17529.52,1,3,2,132,Hibernating
29,4,1916.75,4,4,1,441,Loyal Customer
33,3,48655.14,4,3,3,433,Loyal Customer
9,2,79260.34999999999,5,2,4,524,Potential Loyalist
55,4,120489.43,4,4,5,445,Champion
49,4,89535.82,4,4,4,444,Champion
173,1,22097.68,2,1,2,212,At Risk
10,3,1113.21,5,3,1,531,Loyal Customer
274,3,86588.33,1,3,4,134,Hibernating
20,6,48318.340000000004,5,5,3,553,Loyal Customer
33,5,149596.13999999998,4,5,5,455,Champion
9,2,65637.56,5,2,4,524,Potential Loyalist
56,3,131603.43,4,3,5,435,Loyal Customer
6,4,24109.82,5,4,2,542,Loyal Customer
71,5,37554.39,3,5,3,353,Loyal Customer
260,1,4226.75,1,1,1,111,At Risk
101,2,71785.04000000001,3,2,4,324,Hibernating
32,2,12610.04,4,2,2,422,Potential Loyalist
62,3,20465.28,3,3,2,332,Loyal Customer
92,6,96482.89,3,5,4,354,Loyal Customer
141,4,34190.619999999995,2,4,3,243,Hibernating
8,2,80373.85,5,2,4,524,Potential Loyalist
45,3,76374.8,4,3,4,434,Loyal Customer
149,1,18264.25,2,1,2,212,At Risk
237,1,300.0,1,1,1,111,At Risk
74,5,154304.57,3,5,5,355,Loyal Customer
237,3,58310.82,1,3,3,133,Hibernating
10,4,1624.08,5,4,1,541,Loyal Customer
49,4,82486.26000000001,4,4,4,444,Champion
140,2,76977.13,2,2,4,224,At Risk
3,3,140258.16,5,3,5,535,Loyal Customer
69,2,632.96,3,2,1,321,Hibernating
186,1,4794.7,1,1,1,111,At Risk
71,4,112987.82,3,4,5,345,Loyal Customer
108,3,89997.76000000001,2,3,4,234,Hibernating
37,3,50630.31,4,3,3,433,Loyal Customer
74,5,1784.83,3,5,1,351,Loyal Customer
137,1,3706.7,2,1,1,211,At Risk
320,3,60068.18,1,3,4,134,Hibernating
24,3,42665.98,5,3,3,533,Loyal Customer
55,5,17159.62,4,5,2,452,Loyal Customer
116,3,26026.809999999998,2,3,2,232,Hibernating
35,3,86238.49,4,3,4,434,Loyal Customer
136,2,21032.879999999997,2,2,2,222,At Risk
282,1,19132.57,1,1,2,112,At Risk
135,1,27921.0,2,1,2,212,At Risk
12,3,83839.48,5,3,4,534,Loyal Customer
206,2,28486.1,1,2,2,122,At Risk
142,1,6048.04,2,1,1,211,At Risk
243,2,36120.520000000004,1,2,3,123,At Risk
43,5,142189.77000000002,4,5,5,455,Champion
56,2,33552.479999999996,4,2,3,423,Potential Loyalist
7,5,109006.47,5,5,5,555,Champion
202,2,757.5899999999999,1,2,1,121,At Risk
144,2,19868.9,2,2,2,222,At Risk
67,5,57835.63,3,5,3,353,Loyal Customer
310,1,1591.54,1,1,1,111,At Risk
266,2,1022.28,1,2,1,121,At Risk
13,3,20760.02,5,3,2,532,Loyal Customer
20,3,69409.52,5,3,4,534,Loyal Customer
18,5,124095.36,5,5,5,555,Champion
45,3,143905.2,4,3,5,435,Loyal Customer
335,1,30407.71,1,1,2,112,At Risk
274,3,21537.36,1,3,2,132,Hibernating
24,2,54088.92999999999,5,2,3,523,Potential Loyalist
43,7,2698.88,4,5,1,451,Loyal Customer
301,2,20298.98,1,2,2,122,At Risk
17,3,130490.04000000001,5,3,5,535,Loyal Customer
112,4,96059.35,2,4,4,244,Hibernating
166,4,48150.18,2,4,3,243,Hibernating
2,3,149069.58000000002,5,3,5,535,Loyal Customer
202,2,739.5,1,2,1,121,At Risk
37,3,77513.07,4,3,4,434,Loyal Customer
120,2,56488.97,2,2,3,223,At Risk
94,5,179452.55,3,5,5,355,Loyal Customer
101,6,167879.68,3,5,5,355,Loyal Customer
83,2,35066.76,3,2,3,323,Hibernating
109,3,50898.69,2,3,3,233,Hibernating
54,2,45497.86,4,2,3,423,Potential Loyalist
281,4,49983.19,1,4,3,143,Hibernating
258,3,56074.19,1,3,3,133,Hibernating
223,2,77870.57999999999,1,2,4,124,At Risk
109,4,108678.75,2,4,5,245,Hibernating
94,4,115044.57,3,4,5,345,Loyal Customer
37,5,51999.55,4,5,3,453,Loyal Customer
6,2,6427.41,5,2,1,521,Potential Loyalist
230,1,25693.43,1,1,2,112,At Risk
61,2,18560.55,3,2,2,322,Hibernating
84,5,15056.630000000001,3,5,2,352,Loyal Customer
23,2,2442.6499999999996,5,2,1,521,Potential Loyalist
77,3,91758.18,3,3,4,334,Loyal Customer
7,3,1198.18,5,3,1,531,Loyal Customer
177,5,3033.61,2,5,1,251,Hibernating
211,3,61192.45,1,3,4,134,Hibernating
110,3,63204.2,2,3,4,234,Hibernating
70,2,67446.02,3,2,4,324,Hibernating
15,3,130439.37,5,3,5,535,Loyal Customer
121,3,71135.35,2,3,4,234,Hibernating
86,2,676.6,3,2,1,321,Hibernating
54,3,103369.72,4,3,5,435,Loyal Customer
31,4,130629.28,4,4,5,445,Champion
230,1,4522.58,1,1,1,111,At Risk
46,3,9679.27,4,3,2,432,Loyal Customer
184,2,608.8,1,2,1,121,At Risk
56,5,1849.44,4,5,1,451,Loyal Customer
75,3,87778.01,3,3,4,334,Loyal Customer
235,1,8842.85,1,1,2,112,At Risk
54,4,117865.82,4,4,5,445,Champion
4,3,20804.83,5,3,2,532,Loyal Customer
191,3,1175.69,1,3,1,131,Hibernating
93,4,33541.09,3,4,3,343,Loyal Customer
223,1,300.0,1,1,1,111,At Risk
35,1,27825.87,4,1,2,412,Potential Loyalist
23,5,149534.55,5,5,5,555,Champion
155,3,50811.79,2,3,3,233,Hibernating
46,1,25514.25,4,1,2,412,Potential Loyalist
18,3,70612.41,5,3,4,534,Loyal Customer
78,5,1918.12,3,5,1,351,Loyal Customer
256,1,445.44,1,1,1,111,At Risk
48,3,85271.25,4,3,4,434,Loyal Customer
50,4,106295.16,4,4,5,445,Champion
308,1,9142.83,1,1,2,112,At Risk
13,3,1360.67,5,3,1,531,Loyal Customer
76,3,73953.58,3,3,4,334,Loyal Customer
111,3,72280.36,2,3,4,234,Hibernating
127,2,77311.73999999999,2,2,4,224,At Risk
129,2,5543.9400000000005,2,2,1,221,At Risk
10,4,108144.52,5,4,5,545,Champion
92,4,85776.82,3,4,4,344,Loyal Customer
5,4,99988.95999999999,5,4,4,544,Champion
20,4,44594.46,5,4,3,543,Loyal Customer
33,4,64216.44,4,4,4,444,Champion
97,6,163953.39,3,5,5,355,Loyal Customer
4,4,147087.25,5,4,5,545,Champion
13,4,146608.13,5,4,5,545,Champion
147,2,40250.23,2,2,3,223,At Risk
86,1,4526.85,3,1,1,311,Hibernating
141,2,791.15,2,2,1,221,At Risk
293,1,48526.45,1,1,3,113,At Risk
84,3,31321.89,3,3,3,333,Loyal Customer
346,1,25228.67,1,1,2,112,At Risk
31,2,784.49,4,2,1,421,Potential Loyalist
109,1,17803.86,2,1,2,212,At Risk
187,2,38777.71,1,2,3,123,At Risk
33,3,139526.63999999998,4,3,5,435,Loyal Customer
56,2,40914.34,4,2,3,423,Potential Loyalist
105,3,2020.3200000000002,2,3,1,231,Hibernating
40,3,132352.13999999998,4,3,5,435,Loyal Customer
122,3,8003.49,2,3,2,232,Hibernating
66,3,86012.99,3,3,4,334,Loyal Customer
112,1,19403.46,2,1,2,212,At Risk
11,2,49281.12,5,2,3,523,Potential Loyalist
117,3,71094.69,2,3,4,234,Hibernating
6,5,88725.35,5,5,4,554,Champion
239,1,5526.06,1,1,1,111,At Risk
24,4,68099.5,5,4,4,544,Champion
212,1,4050.39,1,1,1,111,At Risk
29,3,15094.12,4,3,2,432,Loyal Customer
22,2,44152.4,5,2,3,523,Potential Loyalist
172,4,1408.1,2,4,1,241,Hibernating
203,2,27782.72,1,2,2,122,At Risk
208,1,7242.02,1,1,2,112,At Risk
142,1,300.0,2,1,1,211,At Risk
193,3,50292.99,1,3,3,133,Hibernating
39,3,84447.12,4,3,4,434,Loyal Customer
98,2,49159.68,3,2,3,323,Hibernating
20,4,107568.03,5,4,5,545,Champion
24,3,42852.0,5,3,3,533,Loyal Customer
20,4,86320.26,5,4,4,544,Champion
69,3,27931.7,3,3,2,332,Loyal Customer
32,2,47062.020000000004,4,2,3,423,Potential Loyalist
98,4,22662.870000000003,3,4,2,342,Loyal Customer
84,1,20457.28,3,1,2,312,Hibernating
40,5,2009.53,4,5,1,451,Loyal Customer
112,2,25257.36,2,2,2,222,At Risk
19,2,83168.14,5,2,4,524,Potential Loyalist
336,3,7475.92,1,3,2,132,Hibernating
4,3,88661.42,5,3,4,534,Loyal Customer
126,3,1724.37,2,3,1,231,Hibernating
71,4,100510.25,3,4,4,344,Loyal Customer
25,1,27218.05,5,1,2,512,Potential Loyalist
34,3,43430.13,4,3,3,433,Loyal Customer
181,1,21257.02,1,1,2,112,At Risk
82,1,1660.91,3,1,1,311,Hibernating
116,2,819.3,2,2,1,221,At Risk
66,4,1682.73,3,4,1,341,Loyal Customer
198,2,7225.0,1,2,2,122,At Risk
240,1,45995.21,1,1,3,113,At Risk
203,2,19138.61,1,2,2,122,At Risk
132,5,150850.01,2,5,5,255,Hibernating
43,4,39779.62,4,4,3,443,Loyal Customer
66,2,19931.120000000003,3,2,2,322,Hibernating
27,3,134568.66,4,3,5,435,Loyal Customer
22,2,49339.08,5,2,3,523,Potential Loyalist
27,3,83745.17,4,3,4,434,Loyal Customer
257,3,25470.98,1,3,2,132,Hibernating
14,3,52518.54,5,3,3,533,Loyal Customer
174,3,919.75,2,3,1,231,Hibernating
5,2,16956.6,5,2,2,522,Potential Loyalist
182,4,13011.77,1,4,2,142,Hibernating
66,2,47248.14,3,2,3,323,Hibernating
29,4,69108.66,4,4,4,444,Champion
47,3,1358.7399999999998,4,3,1,431,Loyal Customer
341,1,26882.96,1,1,2,112,At Risk
220,1,2055.78,1,1,1,111,At Risk
295,2,763.53,1,2,1,121,At Risk
158,2,843.22,2,2,1,221,At Risk
96,6,181390.59999999998,3,5,5,355,Loyal Customer
29,4,154610.66,4,4,5,445,Champion
100,3,60953.12,3,3,4,334,Loyal Customer
45,4,116965.06,4,4,5,445,Champion
3,2,740.88,5,2,1,521,Potential Loyalist
85,1,30405.89,3,1,2,312,Hibernating
207,1,779.37,1,1,1,111,At Risk
287,1,300.0,1,1,1,111,At Risk
92,4,65267.33,3,4,4,344,Loyal Customer
162,2,5337.4400000000005,2,2,1,221,At Risk
172,3,122509.61,2,3,5,235,Hibernating
60,3,20321.019999999997,4,3,2,432,Loyal Customer
286,1,38592.06,1,1,3,113,At Risk
34,3,72893.67,4,3,4,434,Loyal Customer
48,4,1547.83,4,4,1,441,Loyal Customer
43,2,4251.23,4,2,1,421,Potential Loyalist
118,3,110455.6,2,3,5,235,Hibernating
58,1,300.0,4,1,1,411,Potential Loyalist
72,4,1933.73,3,4,1,341,Loyal Customer
254,3,1733.5100000000002,1,3,1,131,Hibernating
188,2,18009.239999999998,1,2,2,122,At Risk
83,2,35934.84,3,2,3,323,Hibernating
36,5,53320.51,4,5,3,453,Loyal Customer
123,4,143123.18,2,4,5,245,Hibernating
188,2,41837.47,1,2,3,123,At Risk
14,2,35853.46,5,2,3,523,Potential Loyalist
40,3,60398.57,4,3,4,434,Loyal Customer
6,6,2550.08,5,5,1,551,Loyal Customer
150,2,61845.31,2,2,4,224,At Risk
44,3,72421.33,4,3,4,434,Loyal Customer
54,2,23650.21,4,2,2,422,Potential Loyalist
69,4,82973.43,3,4,4,344,Loyal Customer
88,3,128594.19,3,3,5,335,Loyal Customer
215,3,62036.04,1,3,4,134,Hibernating
238,2,83830.01999999999,1,2,4,124,At Risk
10,5,144700.18,5,5,5,555,Champion
83,5,130548.55000000002,3,5,5,355,Loyal Customer
136,4,124968.9,2,4,5,245,Hibernating
56,4,66910.12,4,4,4,444,Champion
46,2,6157.389999999999,4,2,1,421,Potential Loyalist
118,2,50103.71,2,2,3,223,At Risk
41,4,73427.07,4,4,4,444,Champion
357,1,40099.54,1,1,3,113,At Risk
56,6,91974.1,4,5,4,454,Champion
24,4,110635.17,5,4,5,545,Champion
99,5,179253.95,3,5,5,355,Loyal Customer
87,1,28100.18,3,1,2,312,Hibernating
162,4,38381.39,2,4,3,243,Hibernating
60,1,456.75,4,1,1,411,Potential Loyalist
208,1,46044.59,1,1,3,113,At Risk
160,3,66126.84,2,3,4,234,Hibernating
51,2,66610.81,4,2,4,424,Potential Loyalist
182,1,5764.44,1,1,1,111,At Risk
50,4,133255.03,4,4,5,445,Champion
18,3,88199.76999999999,5,3,4,534,Loyal Customer
58,1,21518.5,4,1,2,412,Potential Loyalist
139,4,127944.29,2,4,5,245,Hibernating
171,2,1049.21,2,2,1,221,At Risk
256,2,16516.629999999997,1,2,2,122,At Risk
57,2,56118.31,4,2,3,423,Potential Loyalist
98,2,46805.880000000005,3,2,3,323,Hibernating
233,2,69010.03,1,2,4,124,At Risk
151,1,300.0,2,1,1,211,At Risk
297,1,16101.53,1,1,2,112,At Risk
54,3,58011.46000000001,4,3,3,433,Loyal Customer
106,2,38896.340000000004,2,2,3,223,At Risk
135,3,1939.8000000000002,2,3,1,231,Hibernating
348,1,47624.87,1,1,3,113,At Risk
7,3,130451.79000000001,5,3,5,535,Loyal Customer
60,2,48902.39,4,2,3,423,Potential Loyalist
76,2,38327.2,3,2,3,323,Hibernating
45,4,102089.8,4,4,5,445,Champion
26,4,9022.2,5,4,2,542,Loyal Customer
120,3,98611.33,2,3,4,234,Hibernating
128,3,89812.26,2,3,4,234,Hibernating
21,3,81181.11,5,3,4,534,Loyal Customer
183,3,62907.83,1,3,4,134,Hibernating
10,2,5827.67,5,2,1,521,Potential Loyalist
125,3,1054.0500000000002,2,3,1,231,Hibernating
199,2,9798.33,1,2,2,122,At Risk
37,6,188748.64,4,5,5,455,Champion
328,1,1933.43,1,1,1,111,At Risk
27,3,147755.79,4,3,5,435,Loyal Customer
126,3,14604.439999999999,2,3,2,232,Hibernating
2,3,130487.63999999998,5,3,5,535,Loyal Customer
156,6,174370.86000000002,2,5,5,255,Hibernating
269,1,2068.67,1,1,1,111,At Risk
56,5,115529.51000000001,4,5,5,455,Champion
66,4,107811.8,3,4,5,345,Loyal Customer
107,4,136556.32,2,4,5,245,Hibernating
99,3,49448.06,3,3,3,333,Loyal Customer
35,6,38895.619999999995,4,5,3,453,Loyal Customer
53,2,60386.61,4,2,4,424,Potential Loyalist
287,1,19830.8,1,1,2,112,At Risk
49,3,148282.59,4,3,5,435,Loyal Customer
68,3,28658.79,3,3,2,332,Loyal Customer
16,3,116462.13,5,3,5,535,Loyal Customer
22,4,32230.260000000002,5,4,3,543,Loyal Customer
131,4,29858.2,2,4,2,242,Hibernating
76,3,133764.69,3,3,5,335,Loyal Customer
8,2,1048.79,5,2,1,521,Potential Loyalist
66,2,814.4,3,2,1,321,Hibernating
114,3,44041.65,2,3,3,233,Hibernating
99,3,113442.76,3,3,5,335,Loyal Customer
352,2,24287.660000000003,1,2,2,122,At Risk
117,3,22524.05,2,3,2,232,Hibernating
1,3,108341.86,5,3,5,535,Loyal Customer
35,1,15781.06,4,1,2,412,Potential Loyalist
55,2,52908.200000000004,4,2,3,423,Potential Loyalist
21,5,2547.2,5,5,1,551,Loyal Customer
117,4,76479.61,2,4,4,244,Hibernating
26,3,10244.41,5,3,2,532,Loyal Customer
85,6,138420.57,3,5,5,355,Loyal Customer
126,1,17699.09,2,1,2,212,At Risk
33,6,39422.53,4,5,3,453,Loyal Customer
135,1,300.0,2,1,1,211,At Risk
92,4,106905.31,3,4,5,345,Loyal Customer
29,2,52839.37,4,2,3,423,Potential Loyalist
17,5,9722.43,5,5,2,552,Loyal Customer
3,4,106394.87,5,4,5,545,Champion
266,2,88701.22,1,2,4,124,At Risk
234,1,11138.97,1,1,2,112,At Risk
345,1,1385.05,1,1,1,111,At Risk
186,1,38744.82,1,1,3,113,At Risk
95,3,101537.44,3,3,5,335,Loyal Customer
12,3,41887.409999999996,5,3,3,533,Loyal Customer
10,3,111541.11000000002,5,3,5,535,Loyal Customer
355,1,1369.15,1,1,1,111,At Risk
15,2,39375.8,5,2,3,523,Potential Loyalist
4,3,1555.3899999999999,5,3,1,531,Loyal Customer
94,1,2656.12,3,1,1,311,Hibernating
190,2,66227.34,1,2,4,124,At Risk
19,5,179640.12,5,5,5,555,Champion
22,3,134915.88,5,3,5,535,Loyal Customer
184,2,32929.53,1,2,3,123,At Risk
111,3,22021.350000000002,2,3,2,232,Hibernating
109,3,1303.8899999999999,2,3,1,231,Hibernating
131,3,29200.19,2,3,2,232,Hibernating
20,4,138803.24,5,4,5,545,Champion
49,3,32236.32,4,3,3,433,Loyal Customer
264,3,63553.25,1,3,4,134,Hibernating
295,2,16167.220000000001,1,2,2,122,At Risk
26,5,117130.68,5,5,5,555,Champion
209,2,600.0,1,2,1,121,At Risk
305,3,62871.32,1,3,4,134,Hibernating
94,3,106879.82,3,3,5,335,Loyal Customer
145,2,79133.1,2,2,4,224,At Risk
67,2,51647.89,3,2,3,323,Hibernating
49,2,748.02,4,2,1,421,Potential Loyalist
169,2,56821.100000000006,2,2,3,223,At Risk
50,3,149764.77,4,3,5,435,Loyal Customer
15,3,118731.0,5,3,5,535,Loyal Customer
2,3,1394.3899999999999,5,3,1,531,Loyal Customer
1,2,31937.28,5,2,3,523,Potential Loyalist
10,2,59792.49,5,2,4,524,Potential Loyalist
167,1,3807.81,2,1,1,211,At Risk
217,2,884.24,1,2,1,121,At Risk
101,3,21850.93,3,3,2,332,Loyal Customer
20,3,99542.89000000001,5,3,4,534,Loyal Customer
143,2,867.26,2,2,1,221,At Risk
24,4,7035.67,5,4,1,541,Loyal Customer
17,3,140151.12,5,3,5,535,Loyal Customer
30,3,51075.93,4,3,3,433,Loyal Customer
41,4,1494.57,4,4,1,441,Loyal Customer
64,2,20664.29,3,2,2,322,Hibernating
42,1,34274.54,4,1,3,413,Potential Loyalist
196,2,49438.77,1,2,3,123,At Risk
127,1,41186.23,2,1,3,213,At Risk
73,2,3195.13,3,2,1,321,Hibernating
326,2,48898.75,1,2,3,123,At Risk
53,7,120446.20999999999,4,5,5,455,Champion
21,3,44137.33,5,3,3,533,Loyal Customer
35,2,37181.04,4,2,3,423,Potential Loyalist
215,2,19564.27,1,2,2,122,At Risk
105,3,2342.52,2,3,1,231,Hibernating
73,6,16360.52,3,5,2,352,Loyal Customer
38,5,1980.49,4,5,1,451,Loyal Customer
10,5,54164.93,5,5,3,553,Loyal Customer
90,4,1555.08,3,4,1,341,Loyal Customer
118,3,2159.88,2,3,1,231,Hibernating
61,3,28483.98,3,3,2,332,Loyal Customer
8,3,148284.3,5,3,5,535,Loyal Customer
54,2,747.02,4,2,1,421,Potential Loyalist
39,5,1812.84,4,5,1,451,Loyal Customer
2,4,84837.23999999999,5,4,4,544,Champion
29,3,114030.53,4,3,5,435,Loyal Customer
47,2,48178.82,4,2,3,423,Potential Loyalist
178,3,21921.239999999998,2,3,2,232,Hibernating
47,4,127666.06,4,4,5,445,Champion
204,1,300.0,1,1,1,111,At Risk
48,3,95899.51000000001,4,3,4,434,Loyal Customer
14,3,126001.44,5,3,5,535,Loyal Customer
22,1,27578.75,5,1,2,512,Potential Loyalist
31,4,14529.310000000001,4,4,2,442,Loyal Customer
35,4,1203.63,4,4,1,441,Loyal Customer
28,3,100485.69,4,3,4,434,Loyal Customer
86,2,15223.21,3,2,2,322,Hibernating
127,3,74217.95999999999,2,3,4,234,Hibernating
110,7,230621.66,2,5,5,255,Hibernating
86,2,73968.36,3,2,4,324,Hibernating
15,5,131937.86,5,5,5,555,Champion
104,3,17282.0,3,3,2,332,Loyal Customer
94,4,37865.08,3,4,3,343,Loyal Customer
172,1,16834.44,2,1,2,212,At Risk
142,1,5605.45,2,1,1,211,At Risk
72,1,5258.83,3,1,1,311,Hibernating
114,4,123055.63,2,4,5,245,Hibernating
201,4,2106.31,1,4,1,141,Hibernating
41,5,147502.34,4,5,5,455,Champion
43,2,59657.270000000004,4,2,4,424,Potential Loyalist
74,3,131159.49,3,3,5,335,Loyal Customer
239,1,527.42,1,1,1,111,At Risk
10,3,146938.86000000002,5,3,5,535,Loyal Customer
56,1,535.26,4,1,1,411,Potential Loyalist
102,5,87230.70999999999,3,5,4,354,Loyal Customer
13,4,1418.78,5,4,1,541,Loyal Customer
75,3,84569.28,3,3,4,334,Loyal Customer
182,3,84902.69,1,3,4,134,Hibernating
21,2,14793.08,5,2,2,522,Potential Loyalist
172,4,115012.82,2,4,5,245,Hibernating
57,2,54269.06,4,2,3,423,Potential Loyalist
243,2,17749.93,1,2,2,122,At Risk
57,3,1140.81,4,3,1,431,Loyal Customer
202,3,93841.29999999999,1,3,4,134,Hibernating
138,1,20414.69,2,1,2,212,At Risk
31,3,114254.84,4,3,5,435,Loyal Customer
61,2,911.51,3,2,1,321,Hibernating
84,1,19499.09,3,1,2,312,Hibernating
41,5,1618.08,4,5,1,451,Loyal Customer
185,3,22051.38,1,3,2,132,Hibernating
226,2,18906.690000000002,1,2,2,122,At Risk
83,3,97380.61,3,3,4,334,Loyal Customer
49,3,149736.78,4,3,5,435,Loyal Customer
97,4,126747.98999999999,3,4,5,345,Loyal Customer
96,3,1275.09,3,3,1,331,Loyal Customer
133,3,68329.16,2,3,4,234,Hibernating
166,3,13894.289999999999,2,3,2,232,Hibernating
336,1,6100.86,1,1,1,111,At Risk
54,2,43124.479999999996,4,2,3,423,Potential Loyalist
22,5,139681.98,5,5,5,555,Champion
160,2,32353.4,2,2,3,223,At Risk
257,1,28391.2,1,1,2,112,At Risk
27,5,185525.24,4,5,5,455,Champion
39,4,1878.8899999999999,4,4,1,441,Loyal Customer
249,2,62612.350000000006,1,2,4,124,At Risk
6,4,1221.21,5,4,1,541,Loyal Customer
121,2,42623.85,2,2,3,223,At Risk
326,1,49751.84,1,1,3,113,At Risk
28,2,63375.71,4,2,4,424,Potential Loyalist
231,3,79067.05,1,3,4,134,Hibernating
39,4,55728.29,4,4,3,443,Loyal Customer
3,7,34097.98,5,5,3,553,Loyal Customer
332,1,23559.92,1,1,2,112,At Risk
13,3,82610.48,5,3,4,534,Loyal Customer
80,4,90522.20999999999,3,4,4,344,Loyal Customer
51,2,13644.560000000001,4,2,2,422,Potential Loyalist
8,5,159371.92,5,5,5,555,Champion
99,2,98831.68,3,2,4,324,Hibernating
195,2,23305.449999999997,1,2,2,122,At Risk
62,2,60238.68,3,2,4,324,Hibernating
64,3,20084.199999999997,3,3,2,332,Loyal Customer
162,3,1512.6399999999999,2,3,1,231,Hibernating
50,3,1429.52,4,3,1,431,Loyal Customer
58,2,10053.96,4,2,2,422,Potential Loyalist
22,2,67834.13,5,2,4,524,Potential Loyalist
103,2,600.0,3,2,1,321,Hibernating
49,3,92913.98999999999,4,3,4,434,Loyal Customer
249,2,19428.69,1,2,2,122,At Risk
18,2,37786.2,5,2,3,523,Potential Loyalist
18,3,114902.03,5,3,5,535,Loyal Customer
33,3,43604.46,4,3,3,433,Loyal Customer
23,2,787.21,5,2,1,521,Potential Loyalist
257,2,27285.2,1,2,2,122,At Risk
310,1,38576.56,1,1,3,113,At Risk
257,1,35528.95,1,1,3,113,At Risk
42,3,44493.479999999996,4,3,3,433,Loyal Customer
257,3,47012.86,1,3,3,133,Hibernating
19,5,2041.0,5,5,1,551,Loyal Customer
17,5,45122.89,5,5,3,553,Loyal Customer
73,2,23631.53,3,2,2,322,Hibernating
192,1,42388.89,1,1,3,113,At Risk
88,1,10512.94,3,1,2,312,Hibernating
27,6,159750.78,4,5,5,455,Champion
346,1,6887.06,1,1,1,111,At Risk
100,1,10188.69,3,1,2,312,Hibernating
8,3,30019.4,5,3,2,532,Loyal Customer
21,4,1404.46,5,4,1,541,Loyal Customer
18,3,16714.96,5,3,2,532,Loyal Customer
297,1,28346.58,1,1,2,112,At Risk
81,4,110374.13,3,4,5,345,Loyal Customer
24,1,6922.56,5,1,1,511,Potential Loyalist
273,2,59297.06,1,2,3,123,At Risk
135,4,82478.86,2,4,4,244,Hibernating
120,3,82333.70999999999,2,3,4,234,Hibernating
32,7,49926.16,4,5,3,453,Loyal Customer
32,2,13532.75,4,2,2,422,Potential Loyalist
6,2,17751.01,5,2,2,522,Potential Loyalist
283,2,59153.509999999995,1,2,3,123,At Risk
65,3,142982.55,3,3,5,335,Loyal Customer
87,5,114134.66,3,5,5,355,Loyal Customer
26,2,44573.62,5,2,3,523,Potential Loyalist
30,1,25395.87,4,1,2,412,Potential Loyalist
52,3,92846.34999999999,4,3,4,434,Loyal Customer
23,3,147538.53,5,3,5,535,Loyal Customer
8,3,66836.74,5,3,4,534,Loyal Customer
17,3,1537.95,5,3,1,531,Loyal Customer
201,1,39422.79,1,1,3,113,At Risk
21,3,97768.09,5,3,4,534,Loyal Customer
117,2,91850.43,2,2,4,224,At Risk
4,6,58543.51,5,5,3,553,Loyal Customer
35,3,141665.40000000002,4,3,5,435,Loyal Customer
9,4,28220.42,5,4,2,542,Loyal Customer
118,2,46784.53,2,2,3,223,At Risk
183,2,68826.61,1,2,4,124,At Risk
60,3,79030.53,4,3,4,434,Loyal Customer
63,3,130168.70999999999,3,3,5,335,Loyal Customer
47,2,18799.66,4,2,2,422,Potential Loyalist
247,3,5922.24,1,3,1,131,Hibernating
78,4,158666.96000000002,3,4,5,345,Loyal Customer
163,1,9629.02,2,1,2,212,At Risk
94,5,16847.19,3,5,2,352,Loyal Customer
20,3,1134.31,5,3,1,531,Loyal Customer
96,4,9404.93,3,4,2,342,Loyal Customer
53,5,35852.83,4,5,3,453,Loyal Customer
14,4,107118.28,5,4,5,545,Champion
199,3,53190.89,1,3,3,133,Hibernating
204,1,20925.08,1,1,2,112,At Risk
202,2,94826.48000000001,1,2,4,124,At Risk
8,3,147190.56,5,3,5,535,Loyal Customer
164,2,616.19,2,2,1,221,At Risk
14,3,134419.77,5,3,5,535,Loyal Customer
24,6,2431.79,5,5,1,551,Loyal Customer
67,5,13687.66,3,5,2,352,Loyal Customer
25,2,58912.74,5,2,3,523,Potential Loyalist
74,2,15527.259999999998,3,2,2,322,Hibernating
109,4,31066.36,2,4,2,242,Hibernating
3,3,74962.12,5,3,4,534,Loyal Customer
356,1,2004.02,1,1,1,111,At Risk
102,2,58738.08,3,2,3,323,Hibernating
290,1,418.18,1,1,1,111,At Risk
25,3,10710.45,5,3,2,532,Loyal Customer
42,3,139910.7,4,3,5,435,Loyal Customer
267,1,599.98,1,1,1,111,At Risk
118,2,31105.75,2,2,2,222,At Risk
50,2,67597.75,4,2,4,424,Potential Loyalist
16,8,68557.26000000001,5,5,4,554,Champion
57,2,50347.03,4,2,3,423,Potential Loyalist
177,2,4040.84,2,2,1,221,At Risk
16,4,70676.37,5,4,4,544,Champion
54,4,112184.24,4,4,5,445,Champion
117,4,12173.96,2,4,2,242,Hibernating
90,1,49685.86,3,1,3,313,Hibernating
221,2,44808.95,1,2,3,123,At Risk
22,3,121822.32,5,3,5,535,Loyal Customer
9,4,112757.62,5,4,5,545,Champion
280,2,52696.76,1,2,3,123,At Risk
111,2,600.0,2,2,1,221,At Risk
124,2,12251.56,2,2,2,222,At Risk
230,1,300.0,1,1,1,111,At Risk
101,3,121746.32,3,3,5,335,Loyal Customer
187,3,25201.87,1,3,2,132,Hibernating
56,2,70330.44,4,2,4,424,Potential Loyalist
196,3,106942.07,1,3,5,135,Hibernating
25,5,137955.29,5,5,5,555,Champion
14,3,102722.93,5,3,5,535,Loyal Customer
65,4,105523.85,3,4,5,345,Loyal Customer
67,7,214089.13,3,5,5,355,Loyal Customer
48,3,36820.08,4,3,3,433,Loyal Customer
42,3,64552.780000000006,4,3,4,434,Loyal Customer
115,4,1953.35,2,4,1,241,Hibernating
3,1,14166.08,5,1,2,512,Potential Loyalist
71,3,32799.82,3,3,3,333,Loyal Customer
15,3,80979.56,5,3,4,534,Loyal Customer
13,3,144832.16999999998,5,3,5,535,Loyal Customer
92,4,75164.51000000001,3,4,4,344,Loyal Customer
96,1,300.0,3,1,1,311,Hibernating
196,2,22255.29,1,2,2,122,At Risk
28,3,148114.83000000002,4,3,5,435,Loyal Customer
64,2,97132.5,3,2,4,324,Hibernating
8,4,156218.68,5,4,5,545,Champion
92,5,107939.03,3,5,5,355,Loyal Customer
11,3,129800.88,5,3,5,535,Loyal Customer
39,3,74774.76,4,3,4,434,Loyal Customer
103,4,121486.34000000001,3,4,5,345,Loyal Customer
35,6,126920.84000000001,4,5,5,455,Champion
77,3,88748.64,3,3,4,334,Loyal Customer
16,5,116423.04000000001,5,5,5,555,Champion
1,5,139842.17,5,5,5,555,Champion
95,4,119397.23999999999,3,4,5,345,Loyal Customer
169,2,59110.39,2,2,3,223,At Risk
8,3,63028.92999999999,5,3,4,534,Loyal Customer
295,2,68701.02,1,2,4,124,At Risk
97,2,32495.51,3,2,3,323,Hibernating
52,3,13484.16,4,3,2,432,Loyal Customer
97,2,51909.91,3,2,3,323,Hibernating
110,3,78557.7,2,3,4,234,Hibernating
52,4,7251.68,4,4,2,442,Loyal Customer
76,3,12831.99,3,3,2,332,Loyal Customer
49,3,1581.05,4,3,1,431,Loyal Customer
206,1,703.94,1,1,1,111,At Risk
38,5,27330.92,4,5,2,452,Loyal Customer
48,4,169641.58000000002,4,4,5,445,Champion
87,4,95733.09999999999,3,4,4,344,Loyal Customer
61,3,90342.69,3,3,4,334,Loyal Customer
13,2,72328.27,5,2,4,524,Potential Loyalist
32,6,83132.52,4,5,4,454,Champion
113,2,47157.469999999994,2,2,3,223,At Risk
10,2,27974.620000000003,5,2,2,522,Potential Loyalist
192,2,36801.39,1,2,3,123,At Risk
25,4,1523.45,5,4,1,541,Loyal Customer
305,1,43620.13,1,1,3,113,At Risk
227,1,32821.24,1,1,3,113,At Risk
9,2,62620.55,5,2,4,524,Potential Loyalist
22,6,60278.59,5,5,4,554,Champion
141,3,85196.13,2,3,4,234,Hibernating
126,5,117200.67,2,5,5,255,Hibernating
110,3,1765.23,2,3,1,231,Hibernating
13,3,27456.2,5,3,2,532,Loyal Customer
248,2,74788.0,1,2,4,124,At Risk
22,6,19288.57,5,5,2,552,Loyal Customer
150,2,49792.57,2,2,3,223,At Risk
27,3,77457.21,4,3,4,434,Loyal Customer
11,4,109342.85,5,4,5,545,Champion
32,3,149244.3,4,3,5,435,Loyal Customer
43,6,238683.44,4,5,5,455,Champion
38,4,20514.48,4,4,2,442,Loyal Customer
45,1,28871.49,4,1,2,412,Potential Loyalist
64,5,214217.87,3,5,5,355,Loyal Customer
92,4,1890.4099999999999,3,4,1,341,Loyal Customer
205,2,36477.9,1,2,3,123,At Risk
4,4,97907.20000000001,5,4,4,544,Champion
108,4,1453.9,2,4,1,241,Hibernating
344,1,32025.9,1,1,3,113,At Risk
259,4,116560.61,1,4,5,145,Hibernating
21,1,9925.27,5,1,2,512,Potential Loyalist
17,2,33169.43,5,2,3,523,Potential Loyalist
28,3,32823.72,4,3,3,433,Loyal Customer
66,4,16041.13,3,4,2,342,Loyal Customer
124,2,73240.38,2,2,4,224,At Risk
354,1,7073.27,1,1,1,111,At Risk
48,5,58390.55,4,5,3,453,Loyal Customer
59,5,81085.70999999999,4,5,4,454,Champion
193,2,59886.899999999994,1,2,4,124,At Risk
272,2,93337.9,1,2,4,124,At Risk
66,2,845.87,3,2,1,321,Hibernating
5,3,1660.17,5,3,1,531,Loyal Customer
126,2,69988.79999999999,2,2,4,224,At Risk
48,2,72285.59,4,2,4,424,Potential Loyalist
138,3,63047.630000000005,2,3,4,234,Hibernating
68,3,98665.65,3,3,4,334,Loyal Customer
141,7,18682.13,2,5,2,252,Hibernating
17,6,43393.990000000005,5,5,3,553,Loyal Customer
100,3,116744.41,3,3,5,335,Loyal Customer
257,4,77673.9,1,4,4,144,Hibernating
212,1,1518.94,1,1,1,111,At Risk
151,2,6904.780000000001,2,2,1,221,At Risk
70,2,78600.83,3,2,4,324,Hibernating
124,3,1962.21,2,3,1,231,Hibernating
291,2,80095.97,1,2,4,124,At Risk
4,3,6664.550000000001,5,3,1,531,Loyal Customer
46,5,191529.88,4,5,5,455,Champion
25,6,101249.95999999999,5,5,5,555,Champion
88,2,18514.72,3,2,2,322,Hibernating
55,8,2674.74,4,5,1,451,Loyal Customer
110,5,170918.91,2,5,5,255,Hibernating
152,2,17533.14,2,2,2,222,At Risk
17,3,34358.2,5,3,3,533,Loyal Customer
26,2,50333.76,5,2,3,523,Potential Loyalist
5,7,140105.5,5,5,5,555,Champion
326,1,3945.56,1,1,1,111,At Risk
28,3,113059.68,4,3,5,435,Loyal Customer
250,1,22827.78,1,1,2,112,At Risk
145,3,92773.46,2,3,4,234,Hibernating
78,5,30679.29,3,5,2,352,Loyal Customer
72,4,89816.32,3,4,4,344,Loyal Customer
207,2,68723.03,1,2,4,124,At Risk
103,7,187947.97,3,5,5,355,Loyal Customer
114,1,3562.26,2,1,1,211,At Risk
40,4,10056.74,4,4,2,442,Loyal Customer
4,3,28178.89,5,3,2,532,Loyal Customer
8,3,57596.06,5,3,3,533,Loyal Customer
8,3,137596.29,5,3,5,535,Loyal Customer
18,7,68966.09,5,5,4,554,Champion
89,3,117843.38,3,3,5,335,Loyal Customer
153,4,13920.029999999999,2,4,2,242,Hibernating
277,1,2964.69,1,1,1,111,At Risk
114,4,1430.3,2,4,1,241,Hibernating
127,3,1599.6000000000001,2,3,1,231,Hibernating
317,1,8527.73,1,1,2,112,At Risk
181,1,26953.17,1,1,2,112,At Risk
173,3,77503.7,2,3,4,234,Hibernating
12,2,917.82,5,2,1,521,Potential Loyalist
27,4,1969.23,4,4,1,441,Loyal Customer
216,3,1058.42,1,3,1,131,Hibernating
89,3,1533.8700000000001,3,3,1,331,Loyal Customer
279,2,812.12,1,2,1,121,At Risk
325,1,48721.98,1,1,3,113,At Risk
49,2,43288.1,4,2,3,423,Potential Loyalist
83,2,84173.76999999999,3,2,4,324,Hibernating
111,3,81864.03,2,3,4,234,Hibernating
45,2,19328.22,4,2,2,422,Potential Loyalist
13,2,13571.21,5,2,2,522,Potential Loyalist
143,2,6395.53,2,2,1,221,At Risk
173,3,86628.3,2,3,4,234,Hibernating
99,2,26448.15,3,2,2,322,Hibernating
36,3,69272.33,4,3,4,434,Loyal Customer
81,3,99967.62,3,3,4,334,Loyal Customer
89,3,1111.2,3,3,1,331,Loyal Customer
46,3,64941.840000000004,4,3,4,434,Loyal Customer
141,3,19594.69,2,3,2,232,Hibernating
183,1,49443.42,1,1,3,113,At Risk
109,8,197941.93,2,5,5,255,Hibernating
221,1,15211.1,1,1,2,112,At Risk
63,3,51127.41,3,3,3,333,Loyal Customer
98,3,1394.44,3,3,1,331,Loyal Customer
151,3,1952.19,2,3,1,231,Hibernating
169,1,13831.18,2,1,2,212,At Risk
196,1,12097.41,1,1,2,112,At Risk
35,3,1225.1,4,3,1,431,Loyal Customer
31,3,92760.68,4,3,4,434,Loyal Customer
180,2,600.0,1,2,1,121,At Risk
189,1,7603.23,1,1,2,112,At Risk
216,1,30342.87,1,1,2,112,At Risk
147,3,1792.23,2,3,1,231,Hibernating
46,2,7034.33,4,2,1,421,Potential Loyalist
17,3,36720.81,5,3,3,533,Loyal Customer
185,2,17619.86,1,2,2,122,At Risk
226,2,3888.37,1,2,1,121,At Risk
30,3,1397.88,4,3,1,431,Loyal Customer
228,3,24997.6,1,3,2,132,Hibernating
24,6,2686.52,5,5,1,551,Loyal Customer
50,5,11159.08,4,5,2,452,Loyal Customer
337,1,640.45,1,1,1,111,At Risk
44,3,57063.88,4,3,3,433,Loyal Customer
47,2,39022.82,4,2,3,423,Potential Loyalist
121,4,34437.56,2,4,3,243,Hibernating
125,5,229623.85,2,5,5,255,Hibernating
199,1,42151.54,1,1,3,113,At Risk
131,2,35625.119999999995,2,2,3,223,At Risk
190,2,26067.17,1,2,2,122,At Risk
295,1,31687.19,1,1,3,113,At Risk
42,3,16638.32,4,3,2,432,Loyal Customer
239,1,16115.22,1,1,2,112,At Risk
239,1,27943.54,1,1,2,112,At Risk
56,8,200724.03,4,5,5,455,Champion
156,2,751.11,2,2,1,221,At Risk
97,3,84564.17,3,3,4,334,Loyal Customer
15,3,1130.63,5,3,1,531,Loyal Customer
34,4,80487.95,4,4,4,444,Champion
143,3,102467.29000000001,2,3,5,235,Hibernating
61,5,38304.27,3,5,3,353,Loyal Customer
32,2,834.52,4,2,1,421,Potential Loyalist
121,3,33062.21,2,3,3,233,Hibernating
116,5,12197.02,2,5,2,252,Hibernating
45,1,300.0,4,1,1,411,Potential Loyalist
11,1,16693.12,5,1,2,512,Potential Loyalist
55,3,64908.83,4,3,4,434,Loyal Customer
362,1,505.24,1,1,1,111,At Risk
16,4,118532.62,5,4,5,545,Champion
19,3,101432.31999999999,5,3,5,535,Loyal Customer
6,6,2991.79,5,5,1,551,Loyal Customer
162,5,111369.78,2,5,5,255,Hibernating
92,5,168866.53,3,5,5,355,Loyal Customer
30,3,18091.38,4,3,2,432,Loyal Customer
277,2,13936.670000000002,1,2,2,122,At Risk
23,2,68270.97,5,2,4,524,Potential Loyalist
92,2,4977.39,3,2,1,321,Hibernating
37,3,110394.20000000001,4,3,5,435,Loyal Customer
306,2,1177.25,1,2,1,121,At Risk
142,3,110798.25,2,3,5,235,Hibernating
349,1,2168.27,1,1,1,111,At Risk
70,2,21219.18,3,2,2,322,Hibernating
60,3,24433.1,4,3,2,432,Loyal Customer
111,2,24686.85,2,2,2,222,At Risk
41,2,4990.37,4,2,1,421,Potential Loyalist
52,2,36416.72,4,2,3,423,Potential Loyalist
41,2,735.29,4,2,1,421,Potential Loyalist
5,4,105305.95,5,4,5,545,Champion
166,2,52831.47,2,2,3,223,At Risk
35,3,1110.97,4,3,1,431,Loyal Customer
270,1,12111.48,1,1,2,112,At Risk
235,3,93798.26000000001,1,3,4,134,Hibernating
24,4,77555.43,5,4,4,544,Champion
56,3,65453.18,4,3,4,434,Loyal Customer
236,2,55589.95,1,2,3,123,At Risk
147,2,11878.66,2,2,2,222,At Risk
18,3,78534.66,5,3,4,534,Loyal Customer
85,1,27898.31,3,1,2,312,Hibernating
87,3,17289.31,3,3,2,332,Loyal Customer
178,2,616.53,2,2,1,221,At Risk
10,3,101534.81,5,3,5,535,Loyal Customer
60,2,13628.16,4,2,2,422,Potential Loyalist
104,2,47747.17,3,2,3,323,Hibernating
30,3,69254.26,4,3,4,434,Loyal Customer
111,4,1647.32,2,4,1,241,Hibernating
45,3,33181.2,4,3,3,433,Loyal Customer
57,3,102727.62,4,3,5,435,Loyal Customer
21,1,11011.86,5,1,2,512,Potential Loyalist
67,2,71554.77,3,2,4,324,Hibernating
31,3,69362.51,4,3,4,434,Loyal Customer
281,1,27615.19,1,1,2,112,At Risk
156,2,719.1,2,2,1,221,At Risk
200,3,1124.99,1,3,1,131,Hibernating
81,3,69955.01000000001,3,3,4,334,Loyal Customer
158,3,29334.37,2,3,2,232,Hibernating
46,4,23413.6,4,4,2,442,Loyal Customer
64,2,44771.740000000005,3,2,3,323,Hibernating
55,4,36900.51,4,4,3,443,Loyal Customer
59,4,1415.94,4,4,1,441,Loyal Customer
46,1,42516.23,4,1,3,413,Potential Loyalist
22,3,133696.8,5,3,5,535,Loyal Customer
55,4,57667.61,4,4,3,443,Loyal Customer
170,2,62778.57,2,2,4,224,At Risk
207,2,38295.92,1,2,3,123,At Risk
264,1,505.02,1,1,1,111,At Risk
142,6,127490.65,2,5,5,255,Hibernating
125,3,25987.68,2,3,2,232,Hibernating
292,2,40546.33,1,2,3,123,At Risk
76,5,122609.95999999999,3,5,5,355,Loyal Customer
65,5,76740.6,3,5,4,354,Loyal Customer
147,2,10256.28,2,2,2,222,At Risk
5,1,37477.26,5,1,3,513,Potential Loyalist
217,1,45264.34,1,1,3,113,At Risk
37,2,58697.29,4,2,3,423,Potential Loyalist
16,5,1500.0,5,5,1,551,Loyal Customer
107,2,73797.83,2,2,4,224,At Risk
123,4,144761.52,2,4,5,245,Hibernating
128,3,54285.25,2,3,3,233,Hibernating
72,3,8749.48,3,3,2,332,Loyal Customer
151,1,7251.68,2,1,2,212,At Risk
25,4,135031.38,5,4,5,545,Champion
10,3,136810.53,5,3,5,535,Loyal Customer
106,3,1094.97,2,3,1,231,Hibernating
17,5,107631.94,5,5,5,555,Champion
181,1,666.52,1,1,1,111,At Risk
14,3,56249.79,5,3,3,533,Loyal Customer
302,1,12886.89,1,1,2,112,At Risk
353,1,14510.4,1,1,2,112,At Risk
26,3,12375.39,5,3,2,532,Loyal Customer
244,1,350.38,1,1,1,111,At Risk
71,3,79238.08,3,3,4,334,Loyal Customer
24,4,74464.94,5,4,4,544,Champion
36,5,123832.06,4,5,5,455,Champion
145,3,89433.44,2,3,4,234,Hibernating
19,3,137027.58000000002,5,3,5,535,Loyal Customer
335,1,561.04,1,1,1,111,At Risk
41,4,130079.22,4,4,5,445,Champion
47,3,99462.17,4,3,4,434,Loyal Customer
72,4,124443.3,3,4,5,345,Loyal Customer
36,6,27289.95,4,5,2,452,Loyal Customer
202,1,32326.58,1,1,3,113,At Risk
105,4,1328.42,2,4,1,241,Hibernating
118,4,107929.95,2,4,5,245,Hibernating
36,4,96501.59,4,4,4,444,Champion
18,4,78218.11,5,4,4,544,Champion
132,1,6538.33,2,1,1,211,At Risk
234,4,136035.05,1,4,5,145,Hibernating
96,2,787.0,3,2,1,321,Hibernating
313,1,34282.39,1,1,3,113,At Risk
67,2,1069.44,3,2,1,321,Hibernating
96,4,87477.72,3,4,4,344,Loyal Customer
340,1,29018.32,1,1,2,112,At Risk
283,2,88871.79999999999,1,2,4,124,At Risk
219,2,12455.560000000001,1,2,2,122,At Risk
70,5,2008.01,3,5,1,351,Loyal Customer
278,1,23291.01,1,1,2,112,At Risk
167,2,43806.3,2,2,3,223,At Risk
10,6,137460.64,5,5,5,555,Champion
120,2,16392.11,2,2,2,222,At Risk
229,2,69577.15,1,2,4,124,At Risk
9,3,1049.53,5,3,1,531,Loyal Customer
51,3,136275.59999999998,4,3,5,435,Loyal Customer
19,8,238727.38,5,5,5,555,Champion
30,3,53194.380000000005,4,3,3,433,Loyal Customer
96,4,97142.48,3,4,4,344,Loyal Customer
198,2,12618.56,1,2,2,122,At Risk
49,4,120468.41,4,4,5,445,Champion
11,2,6595.82,5,2,1,521,Potential Loyalist
80,5,131417.35,3,5,5,355,Loyal Customer
164,3,7863.52,2,3,2,232,Hibernating
6,5,2275.85,5,5,1,551,Loyal Customer
122,2,76978.88,2,2,4,224,At Risk
287,1,2619.35,1,1,1,111,At Risk
69,3,43857.270000000004,3,3,3,333,Loyal Customer
23,4,125749.94,5,4,5,545,Champion
62,1,3216.75,3,1,1,311,Hibernating
260,4,69306.73,1,4,4,144,Hibernating
16,6,52211.87,5,5,3,553,Loyal Customer
4,5,112159.68000000001,5,5,5,555,Champion
29,7,140529.97999999998,4,5,5,455,Champion
100,5,113596.87,3,5,5,355,Loyal Customer
42,4,49786.15,4,4,3,443,Loyal Customer
43,1,13001.74,4,1,2,412,Potential Loyalist
203,3,27235.08,1,3,2,132,Hibernating
91,4,14364.42,3,4,2,342,Loyal Customer
60,3,67041.48,4,3,4,434,Loyal Customer
98,1,24960.43,3,1,2,312,Hibernating
19,2,18688.190000000002,5,2,2,522,Potential Loyalist
72,2,600.0,3,2,1,321,Hibernating
364,1,405.78,1,1,1,111,At Risk
46,4,20427.47,4,4,2,442,Loyal Customer
12,5,73803.51,5,5,4,554,Champion
202,5,150827.21,1,5,5,155,Hibernating
88,3,23324.300000000003,3,3,2,332,Loyal Customer
66,7,97112.78,3,5,4,354,Loyal Customer
116,2,9505.28,2,2,2,222,At Risk
111,2,7534.33,2,2,2,222,At Risk
135,3,1294.6100000000001,2,3,1,231,Hibernating
77,4,73693.41,3,4,4,344,Loyal Customer
170,2,59797.21,2,2,4,224,At Risk
33,2,74420.06,4,2,4,424,Potential Loyalist
216,2,600.0,1,2,1,121,At Risk
141,1,31520.16,2,1,3,213,At Risk
40,3,26602.18,4,3,2,432,Loyal Customer
17,4,15813.18,5,4,2,542,Loyal Customer
108,3,56617.28,2,3,3,233,Hibernating
300,1,4777.23,1,1,1,111,At Risk
213,2,62702.43000000001,1,2,4,124,At Risk
16,3,52074.32000000001,5,3,3,533,Loyal Customer
8,2,43286.66,5,2,3,523,Potential Loyalist
163,3,98954.76000000001,2,3,4,234,Hibernating
8,4,94286.95,5,4,4,544,Champion
192,1,35401.68,1,1,3,113,At Risk
363,1,31700.41,1,1,3,113,At Risk
118,3,1119.19,2,3,1,231,Hibernating
169,2,50542.01,2,2,3,223,At Risk
115,2,16090.96,2,2,2,222,At Risk
71,3,57395.9,3,3,3,333,Loyal Customer
240,2,80059.84,1,2,4,124,At Risk
287,1,44004.04,1,1,3,113,At Risk
249,1,1708.21,1,1,1,111,At Risk
328,1,27635.17,1,1,2,112,At Risk
100,3,97993.19,3,3,4,334,Loyal Customer
47,1,416.44,4,1,1,411,Potential Loyalist
236,1,30133.41,1,1,2,112,At Risk
24,3,99248.3,5,3,4,534,Loyal Customer
68,8,3231.75,3,5,1,351,Loyal Customer
94,2,18435.260000000002,3,2,2,322,Hibernating
87,1,5319.03,3,1,1,311,Hibernating
138,3,11963.42,2,3,2,232,Hibernating
46,3,142822.53,4,3,5,435,Loyal Customer
86,3,133718.61000000002,3,3,5,335,Loyal Customer
258,1,43984.99,1,1,3,113,At Risk
31,2,13611.77,4,2,2,422,Potential Loyalist
84,6,2485.84,3,5,1,351,Loyal Customer
108,4,95062.63,2,4,4,244,Hibernating
57,2,16312.07,4,2,2,422,Potential Loyalist
167,2,2524.0299999999997,2,2,1,221,At Risk
149,1,44291.03,2,1,3,213,At Risk
12,6,157824.41999999998,5,5,5,555,Champion
1,3,26809.83,5,3,2,532,Loyal Customer
4,4,114686.75,5,4,5,545,Champion
6,3,20148.64,5,3,2,532,Loyal Customer
18,1,45112.87,5,1,3,513,Potential Loyalist
170,2,42263.29,2,2,3,223,At Risk
180,4,1581.57,1,4,1,141,Hibernating
187,2,14469.060000000001,1,2,2,122,At Risk
9,3,122813.97,5,3,5,535,Loyal Customer
49,3,44736.69,4,3,3,433,Loyal Customer
225,2,46963.67,1,2,3,123,At Risk
54,3,7456.29,4,3,2,432,Loyal Customer
103,1,45348.86,3,1,3,313,Hibernating
22,4,95090.31,5,4,4,544,Champion
224,3,97613.66,1,3,4,134,Hibernating
56,3,63267.33,4,3,4,434,Loyal Customer
71,3,89823.12,3,3,4,334,Loyal Customer
17,2,92324.47,5,2,4,524,Potential Loyalist
189,3,104840.0,1,3,5,135,Hibernating
81,4,120286.17,3,4,5,345,Loyal Customer
183,2,9238.13,1,2,2,122,At Risk
114,5,93447.95,2,5,4,254,Hibernating
30,6,126320.83,4,5,5,455,Champion
22,3,12927.36,5,3,2,532,Loyal Customer
29,3,92214.23000000001,4,3,4,434,Loyal Customer
294,1,10220.14,1,1,2,112,At Risk
32,2,34040.490000000005,4,2,3,423,Potential Loyalist
167,2,73136.42,2,2,4,224,At Risk
22,2,1054.8200000000002,5,2,1,521,Potential Loyalist
329,1,27848.43,1,1,2,112,At Risk
85,4,1629.04,3,4,1,341,Loyal Customer
128,2,8812.18,2,2,2,222,At Risk
16,3,53229.22,5,3,3,533,Loyal Customer
69,1,6190.58,3,1,1,311,Hibernating
143,4,103817.04000000001,2,4,5,245,Hibernating
175,2,72931.77,2,2,4,224,At Risk
151,2,5673.03,2,2,1,221,At Risk
176,4,2314.92,2,4,1,241,Hibernating
275,1,1911.34,1,1,1,111,At Risk
18,1,32109.73,5,1,3,513,Potential Loyalist
3,4,12105.970000000001,5,4,2,542,Loyal Customer
32,2,836.1,4,2,1,421,Potential Loyalist
127,1,13752.41,2,1,2,212,At Risk
134,3,2118.8999999999996,2,3,1,231,Hibernating
76,2,7199.139999999999,3,2,2,322,Hibernating
36,4,122352.4,4,4,5,445,Champion
53,2,757.69,4,2,1,421,Potential Loyalist
132,4,31897.32,2,4,3,243,Hibernating
355,1,16950.88,1,1,2,112,At Risk
95,3,2005.83,3,3,1,331,Loyal Customer
76,4,1608.2,3,4,1,341,Loyal Customer
34,2,66932.39,4,2,4,424,Potential Loyalist
129,2,5804.4,2,2,1,221,At Risk
38,5,111372.82,4,5,5,455,Champion
100,3,23061.510000000002,3,3,2,332,Loyal Customer
210,1,23541.94,1,1,2,112,At Risk
106,5,23973.29,2,5,2,252,Hibernating
38,3,12973.52,4,3,2,432,Loyal Customer
124,2,58023.96,2,2,3,223,At Risk
119,2,71809.25,2,2,4,224,At Risk
39,4,1824.23,4,4,1,441,Loyal Customer
19,4,86655.28,5,4,4,544,Champion
36,3,47656.869999999995,4,3,3,433,Loyal Customer
174,3,7479.299999999999,2,3,2,232,Hibernating
331,1,36600.14,1,1,3,113,At Risk
302,3,103587.31000000001,1,3,5,135,Hibernating
138,3,27082.730000000003,2,3,2,232,Hibernating
55,4,75164.72,4,4,4,444,Champion
53,3,83421.79,4,3,4,434,Loyal Customer
126,3,115472.81,2,3,5,235,Hibernating
9,5,111657.26,5,5,5,555,Champion
260,1,30508.8,1,1,2,112,At Risk
48,5,103217.62,4,5,5,455,Champion
262,1,25038.38,1,1,2,112,At Risk
182,2,5159.95,1,2,1,121,At Risk
87,4,68247.13,3,4,4,344,Loyal Customer
77,3,126434.88,3,3,5,335,Loyal Customer
1,6,134469.31,5,5,5,555,Champion
130,3,94107.08,2,3,4,234,Hibernating
189,1,13673.84,1,1,2,112,At Risk
36,6,135828.05000000002,4,5,5,455,Champion
48,2,67674.98999999999,4,2,4,424,Potential Loyalist
220,2,35491.39,1,2,3,123,At Risk
83,4,109205.87,3,4,5,345,Loyal Customer
43,5,161746.14,4,5,5,455,Champion
83,5,87178.89,3,5,4,354,Loyal Customer
250,3,12742.78,1,3,2,132,Hibernating
96,3,95005.43,3,3,4,334,Loyal Customer
148,5,9952.960000000001,2,5,2,252,Hibernating
221,2,39721.88,1,2,3,123,At Risk
40,2,20135.91,4,2,2,422,Potential Loyalist
26,3,132821.31,5,3,5,535,Loyal Customer
92,3,89300.75,3,3,4,334,Loyal Customer
211,2,600.0,1,2,1,121,At Risk
3,4,137732.83000000002,5,4,5,545,Champion
63,1,300.0,3,1,1,311,Hibernating
29,3,35716.68,4,3,3,433,Loyal Customer
70,2,819.02,3,2,1,321,Hibernating
5,5,107385.41,5,5,5,555,Champion
28,2,28233.22,4,2,2,422,Potential Loyalist
104,2,32021.14,3,2,3,323,Hibernating
6,5,38278.3,5,5,3,553,Loyal Customer
96,4,11375.869999999999,3,4,2,342,Loyal Customer
141,4,70353.51000000001,2,4,4,244,Hibernating
78,3,39761.67,3,3,3,333,Loyal Customer
167,4,80313.9,2,4,4,244,Hibernating
224,2,65657.19,1,2,4,124,At Risk
43,5,142492.78,4,5,5,455,Champion
143,2,26574.989999999998,2,2,2,222,At Risk
172,6,185176.15,2,5,5,255,Hibernating
123,3,121544.68,2,3,5,235,Hibernating
17,6,171660.41,5,5,5,555,Champion
14,8,3034.1,5,5,1,551,Loyal Customer
194,2,62905.4,1,2,4,124,At Risk
79,1,41960.42,3,1,3,313,Hibernating
180,5,174366.93,1,5,5,155,Hibernating
300,1,300.0,1,1,1,111,At Risk
74,4,107177.29,3,4,5,345,Loyal Customer
19,3,134001.48,5,3,5,535,Loyal Customer
341,1,36602.96,1,1,3,113,At Risk
10,2,984.56,5,2,1,521,Potential Loyalist
167,4,40591.9,2,4,3,243,Hibernating
199,1,14324.41,1,1,2,112,At Risk
261,2,600.0,1,2,1,121,At Risk
128,3,1467.78,2,3,1,231,Hibernating
201,1,1634.1,1,1,1,111,At Risk
24,6,2159.4700000000003,5,5,1,551,Loyal Customer
21,4,75136.88,5,4,4,544,Champion
27,4,101318.29,4,4,5,445,Champion
21,5,120677.82,5,5,5,555,Champion
300,1,39573.52,1,1,3,113,At Risk
108,5,137925.76,2,5,5,255,Hibernating
141,5,1698.3,2,5,1,251,Hibernating
138,4,54213.729999999996,2,4,3,243,Hibernating
32,2,42915.97,4,2,3,423,Potential Loyalist
110,2,45201.25,2,2,3,223,At Risk
113,4,147917.51,2,4,5,245,Hibernating
256,5,85497.27,1,5,4,154,Hibernating
97,2,46402.52,3,2,3,323,Hibernating
121,3,62718.85,2,3,4,234,Hibernating
156,3,98739.45000000001,2,3,4,234,Hibernating
75,1,35877.81,3,1,3,313,Hibernating
91,4,1527.06,3,4,1,341,Loyal Customer
39,4,1318.53,4,4,1,441,Loyal Customer
357,1,11724.23,1,1,2,112,At Risk
350,1,9476.84,1,1,2,112,At Risk
79,5,1824.81,3,5,1,351,Loyal Customer
84,2,17463.23,3,2,2,322,Hibernating
342,1,45541.65,1,1,3,113,At Risk
188,1,37617.59,1,1,3,113,At Risk
24,3,90139.99,5,3,4,534,Loyal Customer
97,5,164580.8,3,5,5,355,Loyal Customer
32,4,12365.77,4,4,2,442,Loyal Customer
67,3,42038.31,3,3,3,333,Loyal Customer
24,3,25828.940000000002,5,3,2,532,Loyal Customer
106,1,39785.97,2,1,3,213,At Risk
19,5,172871.38,5,5,5,555,Champion
23,4,1649.0700000000002,5,4,1,541,Loyal Customer
34,3,76540.3,4,3,4,434,Loyal Customer
23,4,117037.82999999999,5,4,5,545,Champion
85,1,423.93,3,1,1,311,Hibernating
102,1,29128.73,3,1,2,312,Hibernating
353,1,19405.98,1,1,2,112,At Risk
102,1,1380.05,3,1,1,311,Hibernating
56,1,39734.1,4,1,3,413,Potential Loyalist
284,2,22632.370000000003,1,2,2,122,At Risk
339,1,10191.78,1,1,2,112,At Risk
97,2,62566.06,3,2,4,324,Hibernating
31,6,75240.42,4,5,4,454,Champion
83,3,10479.880000000001,3,3,2,332,Loyal Customer
189,4,100685.18,1,4,4,144,Hibernating
314,2,98856.12,1,2,4,124,At Risk
164,4,158275.69,2,4,5,245,Hibernating
103,3,1892.79,3,3,1,331,Loyal Customer
106,3,1407.07,2,3,1,231,Hibernating
48,3,18747.95,4,3,2,432,Loyal Customer
13,4,33773.899999999994,5,4,3,543,Loyal Customer
148,3,121820.74,2,3,5,235,Hibernating
160,3,65696.25,2,3,4,234,Hibernating
30,3,40169.159999999996,4,3,3,433,Loyal Customer
266,1,920.37,1,1,1,111,At Risk
13,2,25940.940000000002,5,2,2,522,Potential Loyalist
110,3,84005.95,2,3,4,234,Hibernating
47,3,78778.04000000001,4,3,4,434,Loyal Customer
18,2,1090.8400000000001,5,2,1,521,Potential Loyalist
127,2,15647.02,2,2,2,222,At Risk
5,5,116584.5,5,5,5,555,Champion
161,3,963.3499999999999,2,3,1,231,Hibernating
253,3,123514.68,1,3,5,135,Hibernating
35,1,30731.28,4,1,2,412,Potential Loyalist
19,3,43734.659999999996,5,3,3,533,Loyal Customer
4,4,106909.93,5,4,5,545,Champion
129,2,605.53,2,2,1,221,At Risk
99,4,92929.79000000001,3,4,4,344,Loyal Customer
90,3,1931.37,3,3,1,331,Loyal Customer
193,1,3222.45,1,1,1,111,At Risk
149,2,637.5899999999999,2,2,1,221,At Risk
119,2,60651.86,2,2,4,224,At Risk
17,6,2373.08,5,5,1,551,Loyal Customer
55,1,30209.48,4,1,2,412,Potential Loyalist
96,3,54636.130000000005,3,3,3,333,Loyal Customer
69,3,78920.23000000001,3,3,4,334,Loyal Customer
315,1,326.59,1,1,1,111,At Risk
1,3,23760.11,5,3,2,532,Loyal Customer
117,3,65272.38,2,3,4,234,Hibernating
127,7,55848.66,2,5,3,253,Hibernating
12,5,178290.66,5,5,5,555,Champion
316,1,37275.87,1,1,3,113,At Risk
14,2,24086.67,5,2,2,522,Potential Loyalist
103,3,102467.33,3,3,5,335,Loyal Customer
258,2,48231.85,1,2,3,123,At Risk
32,2,10714.8,4,2,2,422,Potential Loyalist
6,5,132552.59,5,5,5,555,Champion
46,6,179562.46,4,5,5,455,Champion
363,2,858.7,1,2,1,121,At Risk
127,5,112840.64,2,5,5,255,Hibernating
66,2,51391.96000000001,3,2,3,323,Hibernating
12,4,121420.57,5,4,5,545,Champion
126,2,33776.02,2,2,3,223,At Risk
14,5,9606.369999999999,5,5,2,552,Loyal Customer
93,2,57779.33,3,2,3,323,Hibernating
74,4,111509.88,3,4,5,345,Loyal Customer
69,2,77237.56,3,2,4,324,Hibernating
21,4,46681.88,5,4,3,543,Loyal Customer
208,3,96590.51,1,3,4,134,Hibernating
225,1,10187.93,1,1,2,112,At Risk
110,3,61064.229999999996,2,3,4,234,Hibernating
172,2,24644.129999999997,2,2,2,222,At Risk
122,4,1693.6,2,4,1,241,Hibernating
67,6,108850.01000000001,3,5,5,355,Loyal Customer
137,2,63670.229999999996,2,2,4,224,At Risk
79,1,46465.55,3,1,3,313,Hibernating
30,2,714.66,4,2,1,421,Potential Loyalist
278,2,18259.96,1,2,2,122,At Risk
74,2,43700.18,3,2,3,323,Hibernating
111,4,1624.0900000000001,2,4,1,241,Hibernating
84,3,1151.21,3,3,1,331,Loyal Customer
55,2,18935.489999999998,4,2,2,422,Potential Loyalist
5,8,52037.11,5,5,3,553,Loyal Customer
132,3,98552.84,2,3,4,234,Hibernating
299,1,1517.33,1,1,1,111,At Risk
199,1,31315.28,1,1,3,113,At Risk
248,2,21321.29,1,2,2,122,At Risk
212,3,1418.31,1,3,1,131,Hibernating
20,2,15848.7,5,2,2,522,Potential Loyalist
149,2,76354.82,2,2,4,224,At Risk
37,4,82055.9,4,4,4,444,Champion
57,5,2031.73,4,5,1,451,Loyal Customer
82,1,3163.12,3,1,1,311,Hibernating
133,2,792.25,2,2,1,221,At Risk
154,3,90247.34,2,3,4,234,Hibernating
16,6,167802.25,5,5,5,555,Champion
248,2,666.1800000000001,1,2,1,121,At Risk
25,7,234411.01,5,5,5,555,Champion
25,4,152964.33000000002,5,4,5,545,Champion
5,3,113322.8,5,3,5,535,Loyal Customer
182,3,1103.33,1,3,1,131,Hibernating
24,3,57730.35,5,3,3,533,Loyal Customer
139,5,119685.31,2,5,5,255,Hibernating
42,5,125287.01000000001,4,5,5,455,Champion
9,2,92869.3,5,2,4,524,Potential Loyalist
53,4,121123.64,4,4,5,445,Champion
5,1,650.83,5,1,1,511,Potential Loyalist
34,5,139287.96,4,5,5,455,Champion
33,4,94549.35,4,4,4,444,Champion
46,3,87668.01000000001,4,3,4,434,Loyal Customer
7,3,14501.04,5,3,2,532,Loyal Customer
281,1,37087.0,1,1,3,113,At Risk
120,4,1411.42,2,4,1,241,Hibernating
104,2,18789.95,3,2,2,322,Hibernating
97,1,26140.55,3,1,2,312,Hibernating
199,2,3584.99,1,2,1,121,At Risk
150,1,8210.56,2,1,2,212,At Risk
91,2,66109.16,3,2,4,324,Hibernating
104,3,2125.6499999999996,3,3,1,331,Loyal Customer
18,6,129843.70999999999,5,5,5,555,Champion
150,2,39604.020000000004,2,2,3,223,At Risk
20,6,167777.71,5,5,5,555,Champion
154,5,165029.24,2,5,5,255,Hibernating
15,7,17753.48,5,5,2,552,Loyal Customer
30,5,50056.44,4,5,3,453,Loyal Customer
18,3,30130.4,5,3,2,532,Loyal Customer
15,3,48108.47,5,3,3,533,Loyal Customer
30,1,46614.02,4,1,3,413,Potential Loyalist
115,3,62323.14,2,3,4,234,Hibernating
106,1,300.0,2,1,1,211,At Risk
27,3,11858.64,4,3,2,432,Loyal Customer
55,3,38264.909999999996,4,3,3,433,Loyal Customer
27,3,68251.45999999999,4,3,4,434,Loyal Customer
133,3,33294.45,2,3,3,233,Hibernating
66,5,114037.13,3,5,5,355,Loyal Customer
7,3,1338.53,5,3,1,531,Loyal Customer
35,5,170402.16999999998,4,5,5,455,Champion
245,3,72296.1,1,3,4,134,Hibernating
4,5,142717.66,5,5,5,555,Champion
20,5,2895.3999999999996,5,5,1,551,Loyal Customer
184,1,13909.63,1,1,2,112,At Risk
179,1,44274.78,1,1,3,113,At Risk
38,2,20320.96,4,2,2,422,Potential Loyalist
150,2,31654.23,2,2,3,223,At Risk
68,5,133810.16,3,5,5,355,Loyal Customer
68,3,72608.19,3,3,4,334,Loyal Customer
228,3,76180.52,1,3,4,134,Hibernating
299,2,68553.31,1,2,4,124,At Risk
81,3,99365.20999999999,3,3,4,334,Loyal Customer
28,5,137152.62,4,5,5,455,Champion
68,1,16621.33,3,1,2,312,Hibernating
43,1,33958.42,4,1,3,413,Potential Loyalist
62,2,34751.6,3,2,3,323,Hibernating
101,3,88465.65,3,3,4,334,Loyal Customer
197,2,15670.380000000001,1,2,2,122,At Risk
178,2,43262.3,2,2,3,223,At Risk
172,2,26279.699999999997,2,2,2,222,At Risk
363,1,26682.55,1,1,2,112,At Risk
110,3,98680.36,2,3,4,234,Hibernating
166,3,56846.149999999994,2,3,3,233,Hibernating
6,5,111393.65,5,5,5,555,Champion
44,3,17253.2,4,3,2,432,Loyal Customer
182,2,44184.76,1,2,3,123,At Risk
10,5,145251.57,5,5,5,555,Champion
160,2,7881.97,2,2,2,222,At Risk
64,2,61110.2,3,2,4,324,Hibernating
88,3,53426.33,3,3,3,333,Loyal Customer
178,3,32736.4,2,3,3,233,Hibernating
249,1,6621.01,1,1,1,111,At Risk
41,2,15547.39,4,2,2,422,Potential Loyalist
105,2,87129.33,2,2,4,224,At Risk
25,3,149646.99,5,3,5,535,Loyal Customer
71,3,37829.93,3,3,3,333,Loyal Customer
102,2,18435.41,3,2,2,322,Hibernating
273,2,43726.649999999994,1,2,3,123,At Risk
15,2,673.14,5,2,1,521,Potential Loyalist
262,1,4709.05,1,1,1,111,At Risk
344,2,31503.11,1,2,3,123,At Risk
53,2,49608.29,4,2,3,423,Potential Loyalist
143,1,37359.66,2,1,3,213,At Risk
115,2,82106.64,2,2,4,224,At Risk
314,2,58153.479999999996,1,2,3,123,At Risk
98,2,62075.72,3,2,4,324,Hibernating
86,3,85553.85,3,3,4,334,Loyal Customer
79,2,29892.61,3,2,2,322,Hibernating
65,6,30485.05,3,5,2,352,Loyal Customer
56,4,11564.449999999999,4,4,2,442,Loyal Customer
167,2,16211.83,2,2,2,222,At Risk
117,3,7703.299999999999,2,3,2,232,Hibernating
175,2,23478.23,2,2,2,222,At Risk
49,4,89210.55,4,4,4,444,Champion
131,2,67032.56,2,2,4,224,At Risk
20,6,21103.91,5,5,2,552,Loyal Customer
57,2,4224.1,4,2,1,421,Potential Loyalist
280,1,15173.82,1,1,2,112,At Risk
111,4,110457.94999999998,2,4,5,245,Hibernating
51,3,97679.37,4,3,4,434,Loyal Customer
182,3,71788.65,1,3,4,134,Hibernating
154,2,7562.58,2,2,2,222,At Risk
57,3,121237.92000000001,4,3,5,435,Loyal Customer
66,3,61234.79,3,3,4,334,Loyal Customer
95,5,1895.77,3,5,1,351,Loyal Customer
75,2,53138.8,3,2,3,323,Hibernating
51,2,51846.51,4,2,3,423,Potential Loyalist
244,3,94583.01000000001,1,3,4,134,Hibernating
6,5,146681.88,5,5,5,555,Champion
40,3,43706.46,4,3,3,433,Loyal Customer
153,2,71549.01,2,2,4,224,At Risk
243,1,35036.96,1,1,3,113,At Risk
47,2,79768.85,4,2,4,424,Potential Loyalist
314,2,7540.860000000001,1,2,2,122,At Risk
20,6,229403.4,5,5,5,555,Champion
89,4,2382.26,3,4,1,341,Loyal Customer
65,1,40409.01,3,1,3,313,Hibernating
148,2,6915.57,2,2,1,221,At Risk
290,1,5619.44,1,1,1,111,At Risk
265,2,57769.31,1,2,3,123,At Risk
4,3,68936.57,5,3,4,534,Loyal Customer
147,3,114401.51000000001,2,3,5,235,Hibernating
96,4,99806.79,3,4,4,344,Loyal Customer
17,3,7641.73,5,3,2,532,Loyal Customer
96,3,71511.64,3,3,4,334,Loyal Customer
56,5,168095.89,4,5,5,455,Champion
25,1,27349.58,5,1,2,512,Potential Loyalist
307,1,28664.31,1,1,2,112,At Risk
135,2,66350.48000000001,2,2,4,224,At Risk
12,3,135034.34999999998,5,3,5,535,Loyal Customer
68,5,140339.28,3,5,5,355,Loyal Customer
266,1,25303.34,1,1,2,112,At Risk
355,1,37181.84,1,1,3,113,At Risk
106,3,87515.44,2,3,4,234,Hibernating
33,4,114482.72,4,4,5,445,Champion
292,1,505.28,1,1,1,111,At Risk
164,2,916.23,2,2,1,221,At Risk
26,3,998.03,5,3,1,531,Loyal Customer
136,2,48730.63,2,2,3,223,At Risk
14,3,57280.590000000004,5,3,3,533,Loyal Customer
174,2,12337.99,2,2,2,222,At Risk
125,3,1110.4,2,3,1,231,Hibernating
78,6,2377.55,3,5,1,351,Loyal Customer
126,2,926.06,2,2,1,221,At Risk
65,2,81200.10999999999,3,2,4,324,Hibernating
251,1,2843.49,1,1,1,111,At Risk
320,1,41802.75,1,1,3,113,At Risk
137,3,99762.48,2,3,4,234,Hibernating
130,3,62401.979999999996,2,3,4,234,Hibernating
332,1,9926.26,1,1,2,112,At Risk
14,2,89109.9,5,2,4,524,Potential Loyalist
73,2,53661.06,3,2,3,323,Hibernating
6,3,37166.47,5,3,3,533,Loyal Customer
68,5,125211.64,3,5,5,355,Loyal Customer
194,2,1695.4899999999998,1,2,1,121,At Risk
143,3,76081.94,2,3,4,234,Hibernating
243,1,10753.82,1,1,2,112,At Risk
328,1,12681.23,1,1,2,112,At Risk
312,2,46556.04,1,2,3,123,At Risk
25,5,172913.78,5,5,5,555,Champion
41,2,5788.86,4,2,1,421,Potential Loyalist
204,2,51173.41,1,2,3,123,At Risk
345,1,614.76,1,1,1,111,At Risk
85,2,61782.16,3,2,4,324,Hibernating
61,5,106508.34,3,5,5,355,Loyal Customer
119,1,9571.37,2,1,2,212,At Risk
224,3,87889.88999999998,1,3,4,134,Hibernating
73,3,127613.58,3,3,5,335,Loyal Customer
22,3,128600.07,5,3,5,535,Loyal Customer
115,3,74225.48999999999,2,3,4,234,Hibernating
90,2,41296.93,3,2,3,323,Hibernating
89,2,813.54,3,2,1,321,Hibernating
25,3,101761.5,5,3,5,535,Loyal Customer
146,2,1415.8400000000001,2,2,1,221,At Risk
127,4,11137.130000000001,2,4,2,242,Hibernating
9,6,206211.06,5,5,5,555,Champion
339,1,6959.28,1,1,1,111,At Risk
69,3,129892.98000000001,3,3,5,335,Loyal Customer
13,3,959.5699999999999,5,3,1,531,Loyal Customer
5,2,56321.16,5,2,3,523,Potential Loyalist
20,3,110249.17000000001,5,3,5,535,Loyal Customer
104,3,7639.26,3,3,2,332,Loyal Customer
324,1,46978.73,1,1,3,113,At Risk
10,4,1494.49,5,4,1,541,Loyal Customer
144,3,1000.51,2,3,1,231,Hibernating
359,1,1510.26,1,1,1,111,At Risk
50,3,108084.41,4,3,5,435,Loyal Customer
162,2,20490.86,2,2,2,222,At Risk
42,3,38617.56,4,3,3,433,Loyal Customer
105,3,78638.45,2,3,4,234,Hibernating
21,5,170137.75,5,5,5,555,Champion
9,2,58726.59,5,2,3,523,Potential Loyalist
164,4,44381.09,2,4,3,243,Hibernating
35,5,122066.85,4,5,5,455,Champion
278,1,30671.48,1,1,2,112,At Risk
55,2,10351.8,4,2,2,422,Potential Loyalist
331,1,36404.34,1,1,3,113,At Risk
224,2,6955.0199999999995,1,2,1,121,At Risk
38,3,51706.27,4,3,3,433,Loyal Customer
117,2,600.0,2,2,1,221,At Risk
137,1,2483.09,2,1,1,211,At Risk
29,4,109329.28,4,4,5,445,Champion
5,3,34102.08,5,3,3,533,Loyal Customer
325,3,79232.79,1,3,4,134,Hibernating
261,2,3173.2,1,2,1,121,At Risk
98,4,138651.69,3,4,5,345,Loyal Customer
248,1,11851.63,1,1,2,112,At Risk
99,5,78529.43,3,5,4,354,Loyal Customer
52,1,11128.51,4,1,2,412,Potential Loyalist
232,2,1160.3400000000001,1,2,1,121,At Risk
48,5,170946.66999999998,4,5,5,455,Champion
50,2,24392.14,4,2,2,422,Potential Loyalist
100,2,18368.15,3,2,2,322,Hibernating
154,1,42562.14,2,1,3,213,At Risk
16,3,1051.94,5,3,1,531,Loyal Customer
205,2,1045.0500000000002,1,2,1,121,At Risk
158,3,86771.45999999999,2,3,4,234,Hibernating
108,3,1795.44,2,3,1,231,Hibernating
83,3,37530.59,3,3,3,333,Loyal Customer
49,2,1214.4099999999999,4,2,1,421,Potential Loyalist
26,2,66057.66,5,2,4,524,Potential Loyalist
270,1,311.36,1,1,1,111,At Risk
19,5,110275.66,5,5,5,555,Champion
23,3,23573.22,5,3,2,532,Loyal Customer
149,3,40764.22,2,3,3,233,Hibernating
16,5,93119.61,5,5,4,554,Champion
146,3,132835.86,2,3,5,235,Hibernating
116,3,33675.81,2,3,3,233,Hibernating
225,1,32943.98,1,1,3,113,At Risk
47,3,77745.48000000001,4,3,4,434,Loyal Customer
152,2,46281.76,2,2,3,223,At Risk
61,4,1641.5,3,4,1,341,Loyal Customer
66,4,102585.87,3,4,5,345,Loyal Customer
157,3,51754.46,2,3,3,233,Hibernating
81,1,41347.75,3,1,3,313,Hibernating
148,3,22924.31,2,3,2,232,Hibernating
19,3,117114.16,5,3,5,535,Loyal Customer
101,1,46292.99,3,1,3,313,Hibernating
59,4,2111.96,4,4,1,441,Loyal Customer
141,1,10790.89,2,1,2,212,At Risk
270,1,5086.43,1,1,1,111,At Risk
314,2,47968.979999999996,1,2,3,123,At Risk
211,1,370.64,1,1,1,111,At Risk
119,3,1745.34,2,3,1,231,Hibernating
140,3,94312.08,2,3,4,234,Hibernating
6,1,2215.09,5,1,1,511,Potential Loyalist
177,1,40581.59,2,1,3,213,At Risk
189,2,6708.1,1,2,1,121,At Risk
12,5,150493.91999999998,5,5,5,555,Champion
50,6,2862.73,4,5,1,451,Loyal Customer
13,4,35381.41,5,4,3,543,Loyal Customer
68,1,12631.99,3,1,2,312,Hibernating
226,2,71067.19,1,2,4,124,At Risk
20,3,1483.3600000000001,5,3,1,531,Loyal Customer
29,2,24306.57,4,2,2,422,Potential Loyalist
105,3,1669.7400000000002,2,3,1,231,Hibernating
42,4,1200.0,4,4,1,441,Loyal Customer
17,3,40494.899999999994,5,3,3,533,Loyal Customer
41,6,157651.47999999998,4,5,5,455,Champion
59,1,2786.47,4,1,1,411,Potential Loyalist
91,3,23006.79,3,3,2,332,Loyal Customer
132,1,3600.67,2,1,1,211,At Risk
81,5,1767.92,3,5,1,351,Loyal Customer
27,2,64949.229999999996,4,2,4,424,Potential Loyalist
10,3,27906.72,5,3,2,532,Loyal Customer
23,5,135635.08000000002,5,5,5,555,Champion
21,3,25697.21,5,3,2,532,Loyal Customer
11,3,145608.84,5,3,5,535,Loyal Customer
5,3,42354.479999999996,5,3,3,533,Loyal Customer
9,1,36037.31,5,1,3,513,Potential Loyalist
37,5,14710.789999999999,4,5,2,452,Loyal Customer
103,1,47763.79,3,1,3,313,Hibernating
295,1,15203.19,1,1,2,112,At Risk
29,3,58334.8,4,3,3,433,Loyal Customer
74,3,1486.74,3,3,1,331,Loyal Customer
9,3,90653.37,5,3,4,534,Loyal Customer
290,1,25434.52,1,1,2,112,At Risk
184,4,89152.09,1,4,4,144,Hibernating
89,2,50212.16,3,2,3,323,Hibernating
144,2,3283.84,2,2,1,221,At Risk
62,4,124683.41,3,4,5,345,Loyal Customer
4,4,1549.51,5,4,1,541,Loyal Customer
230,2,15174.77,1,2,2,122,At Risk
251,1,48260.47,1,1,3,113,At Risk
142,4,105576.64,2,4,5,245,Hibernating
42,2,34421.16,4,2,3,423,Potential Loyalist
216,3,19072.32,1,3,2,132,Hibernating
2,3,138221.94,5,3,5,535,Loyal Customer
20,3,81126.66,5,3,4,534,Loyal Customer
31,2,53365.56,4,2,3,423,Potential Loyalist
306,1,29380.05,1,1,2,112,At Risk
36,2,77137.97,4,2,4,424,Potential Loyalist
34,3,74593.25,4,3,4,434,Loyal Customer
5,3,22523.940000000002,5,3,2,532,Loyal Customer
81,2,24382.84,3,2,2,322,Hibernating
160,2,24157.199999999997,2,2,2,222,At Risk
35,3,25818.11,4,3,2,432,Loyal Customer
173,4,132662.66,2,4,5,245,Hibernating
162,2,80656.04999999999,2,2,4,224,At Risk
23,5,97445.9,5,5,4,554,Champion
233,1,49518.75,1,1,3,113,At Risk
51,1,11477.35,4,1,2,412,Potential Loyalist
140,3,1262.04,2,3,1,231,Hibernating
92,6,2045.81,3,5,1,351,Loyal Customer
58,4,115482.87,4,4,5,445,Champion
203,2,68193.11,1,2,4,124,At Risk
61,4,72268.11,3,4,4,344,Loyal Customer
34,3,38438.14,4,3,3,433,Loyal Customer
70,2,70237.99,3,2,4,324,Hibernating
132,2,23784.300000000003,2,2,2,222,At Risk
278,1,9341.01,1,1,2,112,At Risk
112,1,48773.01,2,1,3,213,At Risk
72,1,31325.07,3,1,3,313,Hibernating
91,5,179570.5,3,5,5,355,Loyal Customer
350,2,7526.030000000001,1,2,2,122,At Risk
37,3,59996.04000000001,4,3,4,434,Loyal Customer
29,6,187113.69,4,5,5,455,Champion
46,2,19884.940000000002,4,2,2,422,Potential Loyalist
2,3,93778.31,5,3,4,534,Loyal Customer
16,3,145118.01,5,3,5,535,Loyal Customer
6,3,1520.69,5,3,1,531,Loyal Customer
203,2,846.3,1,2,1,121,At Risk
26,4,73362.94,5,4,4,544,Champion
33,2,84576.62,4,2,4,424,Potential Loyalist
26,4,125997.95999999999,5,4,5,545,Champion
46,3,50721.76,4,3,3,433,Loyal Customer
181,5,158242.06,1,5,5,155,Hibernating
101,2,74173.61,3,2,4,324,Hibernating
23,3,38114.61,5,3,3,533,Loyal Customer
14,4,19969.730000000003,5,4,2,542,Loyal Customer
248,1,49299.19,1,1,3,113,At Risk
52,3,61512.340000000004,4,3,4,434,Loyal Customer
46,3,148321.95,4,3,5,435,Loyal Customer
33,3,149924.07,4,3,5,435,Loyal Customer
60,4,1900.78,4,4,1,441,Loyal Customer
148,3,76769.51999999999,2,3,4,234,Hibernating
19,4,1613.63,5,4,1,541,Loyal Customer
16,2,51142.56,5,2,3,523,Potential Loyalist
45,4,112149.40000000001,4,4,5,445,Champion
67,3,67286.56,3,3,4,334,Loyal Customer
23,3,97053.83,5,3,4,534,Loyal Customer
197,4,1469.19,1,4,1,141,Hibernating
146,3,112560.26000000001,2,3,5,235,Hibernating
251,2,51633.86,1,2,3,123,At Risk
18,5,26974.760000000002,5,5,2,552,Loyal Customer
188,1,11900.67,1,1,2,112,At Risk
37,4,90957.0,4,4,4,444,Champion
118,2,77352.62,2,2,4,224,At Risk
25,3,53881.36,5,3,3,533,Loyal Customer
136,3,970.1,2,3,1,231,Hibernating
18,4,2103.14,5,4,1,541,Loyal Customer
129,3,77246.81,2,3,4,234,Hibernating
105,3,24154.739999999998,2,3,2,232,Hibernating
25,2,898.48,5,2,1,521,Potential Loyalist
74,5,151278.91,3,5,5,355,Loyal Customer
169,2,54980.39,2,2,3,223,At Risk
345,1,9647.58,1,1,2,112,At Risk
357,1,19334.34,1,1,2,112,At Risk
21,3,61359.04,5,3,4,534,Loyal Customer
331,1,444.2,1,1,1,111,At Risk
144,2,773.6800000000001,2,2,1,221,At Risk
120,6,200995.64,2,5,5,255,Hibernating
118,4,105635.29,2,4,5,245,Hibernating
9,2,40386.409999999996,5,2,3,523,Potential Loyalist
30,4,89144.90999999999,4,4,4,444,Champion
150,1,3480.46,2,1,1,211,At Risk
30,3,57491.7,4,3,3,433,Loyal Customer
366,1,33142.58,1,1,3,113,At Risk
40,1,39721.43,4,1,3,413,Potential Loyalist
59,7,193109.39,4,5,5,455,Champion
223,3,85124.36,1,3,4,134,Hibernating
83,3,80553.64,3,3,4,334,Loyal Customer
130,1,7185.67,2,1,2,212,At Risk
54,4,64573.38,4,4,4,444,Champion
24,3,20433.07,5,3,2,532,Loyal Customer
47,3,31607.059999999998,4,3,3,433,Loyal Customer
85,3,127462.65000000001,3,3,5,335,Loyal Customer
242,2,33776.11,1,2,3,123,At Risk
158,1,6245.02,2,1,1,211,At Risk
221,1,46785.45,1,1,3,113,At Risk
62,1,31221.71,3,1,3,313,Hibernating
33,2,33604.86,4,2,3,423,Potential Loyalist
56,2,81943.45999999999,4,2,4,424,Potential Loyalist
163,2,49410.32000000001,2,2,3,223,At Risk
220,2,38080.5,1,2,3,123,At Risk
284,1,4542.38,1,1,1,111,At Risk
32,3,77572.91,4,3,4,434,Loyal Customer
99,3,56860.21,3,3,3,333,Loyal Customer
1,7,42111.96,5,5,3,553,Loyal Customer
268,1,4408.26,1,1,1,111,At Risk
93,2,7225.99,3,2,2,322,Hibernating
22,4,44931.15,5,4,3,543,Loyal Customer
6,3,40155.33,5,3,3,533,Loyal Customer
40,1,8971.87,4,1,2,412,Potential Loyalist
82,3,71275.17000000001,3,3,4,334,Loyal Customer
5,2,40907.280000000006,5,2,3,523,Potential Loyalist
6,3,114408.90000000001,5,3,5,535,Loyal Customer
5,7,165788.64,5,5,5,555,Champion
15,3,1095.32,5,3,1,531,Loyal Customer
3,3,81394.76,5,3,4,534,Loyal Customer
23,4,1745.4,5,4,1,541,Loyal Customer
16,3,27020.94,5,3,2,532,Loyal Customer
16,2,789.8199999999999,5,2,1,521,Potential Loyalist
49,3,141388.53,4,3,5,435,Loyal Customer
322,1,6569.12,1,1,1,111,At Risk
217,3,61487.15,1,3,4,134,Hibernating
118,4,52593.85,2,4,3,243,Hibernating
14,7,73329.32,5,5,4,554,Champion
121,6,47833.259999999995,2,5,3,253,Hibernating
357,1,23426.22,1,1,2,112,At Risk
320,2,61841.37,1,2,4,124,At Risk
33,2,807.72,4,2,1,421,Potential Loyalist
43,3,28647.3,4,3,2,432,Loyal Customer
44,6,125231.87000000001,4,5,5,455,Champion
148,4,68020.94,2,4,4,244,Hibernating
128,2,63126.06,2,2,4,224,At Risk
352,1,33225.62,1,1,3,113,At Risk
76,2,648.87,3,2,1,321,Hibernating
57,2,805.51,4,2,1,421,Potential Loyalist
206,2,86024.54000000001,1,2,4,124,At Risk
144,2,76083.18000000001,2,2,4,224,At Risk
87,3,112106.87,3,3,5,335,Loyal Customer
15,2,690.98,5,2,1,521,Potential Loyalist
205,4,1588.81,1,4,1,141,Hibernating
99,3,1212.76,3,3,1,331,Loyal Customer
212,1,47931.58,1,1,3,113,At Risk
19,5,113920.94,5,5,5,555,Champion
22,2,39564.28,5,2,3,523,Potential Loyalist
82,3,106343.87,3,3,5,335,Loyal Customer
176,1,19176.85,2,1,2,212,At Risk
84,1,18145.72,3,1,2,312,Hibernating
204,1,45527.55,1,1,3,113,At Risk
225,1,4276.91,1,1,1,111,At Risk
94,5,142376.58,3,5,5,355,Loyal Customer
45,5,153573.06,4,5,5,455,Champion
4,3,142879.23,5,3,5,535,Loyal Customer
21,4,58706.03,5,4,3,543,Loyal Customer
238,3,82839.35,1,3,4,134,Hibernating
31,4,148509.06,4,4,5,445,Champion
26,4,73199.71,5,4,4,544,Champion
61,5,52254.18,3,5,3,353,Loyal Customer
30,5,16972.48,4,5,2,452,Loyal Customer
11,3,18506.29,5,3,2,532,Loyal Customer
16,4,116803.59,5,4,5,545,Champion
28,2,19447.02,4,2,2,422,Potential Loyalist
242,2,52724.17,1,2,3,123,At Risk
16,4,22998.510000000002,5,4,2,542,Loyal Customer
9,3,90196.65,5,3,4,534,Loyal Customer
110,4,127848.84,2,4,5,245,Hibernating
13,3,23266.91,5,3,2,532,Loyal Customer
114,2,48665.95,2,2,3,223,At Risk
38,3,145664.40000000002,4,3,5,435,Loyal Customer
11,5,136663.27,5,5,5,555,Champion
19,6,145406.15,5,5,5,555,Champion
270,4,21683.92,1,4,2,142,Hibernating
171,1,40735.54,2,1,3,213,At Risk
25,3,84639.51,5,3,4,534,Loyal Customer
131,4,1537.99,2,4,1,241,Hibernating
203,2,28917.45,1,2,2,122,At Risk
234,1,26572.86,1,1,2,112,At Risk
312,1,44539.83,1,1,3,113,At Risk
59,6,28631.44,4,5,2,452,Loyal Customer
2,3,93809.23999999999,5,3,4,534,Loyal Customer
59,2,59546.630000000005,4,2,4,424,Potential Loyalist
86,2,17649.27,3,2,2,322,Hibernating
13,5,48737.659999999996,5,5,3,553,Loyal Customer
296,2,85920.42000000001,1,2,4,124,At Risk
242,1,11837.25,1,1,2,112,At Risk
23,4,11349.94,5,4,2,542,Loyal Customer
101,2,707.79,3,2,1,321,Hibernating
86,1,38488.7,3,1,3,313,Hibernating
9,3,8317.22,5,3,2,532,Loyal Customer
268,2,54618.19,1,2,3,123,At Risk
46,3,24456.739999999998,4,3,2,432,Loyal Customer
89,2,58959.18,3,2,3,323,Hibernating
224,2,68360.65,1,2,4,124,At Risk
89,4,1485.45,3,4,1,341,Loyal Customer
47,4,96006.17,4,4,4,444,Champion
68,5,128053.29000000001,3,5,5,355,Loyal Customer
154,3,63592.92,2,3,4,234,Hibernating
88,3,100087.98000000001,3,3,4,334,Loyal Customer
66,3,29140.96,3,3,2,332,Loyal Customer
22,2,877.1400000000001,5,2,1,521,Potential Loyalist
13,4,95133.09,5,4,4,544,Champion
82,2,76434.3,3,2,4,324,Hibernating
53,3,44916.72,4,3,3,433,Loyal Customer
126,4,124334.40000000001,2,4,5,245,Hibernating
181,1,380.44,1,1,1,111,At Risk
33,3,76175.75,4,3,4,434,Loyal Customer
63,8,170818.74,3,5,5,355,Loyal Customer
213,2,64768.55,1,2,4,124,At Risk
53,3,57169.75,4,3,3,433,Loyal Customer
224,1,35121.25,1,1,3,113,At Risk
31,3,86498.34,4,3,4,434,Loyal Customer
222,2,42237.29,1,2,3,123,At Risk
31,2,79627.16,4,2,4,424,Potential Loyalist
71,2,71144.25,3,2,4,324,Hibernating
82,1,14069.97,3,1,2,312,Hibernating
21,3,1138.01,5,3,1,531,Loyal Customer
102,5,1997.6599999999999,3,5,1,351,Loyal Customer
51,2,36313.08,4,2,3,423,Potential Loyalist
52,4,72300.63,4,4,4,444,Champion
209,4,96932.23999999999,1,4,4,144,Hibernating
5,3,73601.01,5,3,4,534,Loyal Customer
20,3,38610.840000000004,5,3,3,533,Loyal Customer
111,3,70836.84,2,3,4,234,Hibernating
21,4,96778.45999999999,5,4,4,544,Champion
133,1,27053.26,2,1,2,212,At Risk
18,3,26024.55,5,3,2,532,Loyal Customer
86,3,79324.16,3,3,4,334,Loyal Customer
11,2,51636.8,5,2,3,523,Potential Loyalist
84,3,16638.19,3,3,2,332,Loyal Customer
113,2,756.04,2,2,1,221,At Risk
231,2,7869.83,1,2,2,122,At Risk
226,3,68467.16,1,3,4,134,Hibernating
34,6,133497.57,4,5,5,455,Champion
99,3,75868.36,3,3,4,334,Loyal Customer
130,3,73750.09,2,3,4,234,Hibernating
98,3,38012.25,3,3,3,333,Loyal Customer
32,4,71068.70000000001,4,4,4,444,Champion
9,1,17359.43,5,1,2,512,Potential Loyalist
350,1,49043.26,1,1,3,113,At Risk
237,2,66326.24,1,2,4,124,At Risk
65,2,8131.14,3,2,2,322,Hibernating
236,2,51669.71000000001,1,2,3,123,At Risk
14,4,106583.82999999999,5,4,5,545,Champion
131,3,23251.43,2,3,2,232,Hibernating
83,2,16815.29,3,2,2,322,Hibernating
255,1,42489.34,1,1,3,113,At Risk
3,2,600.0,5,2,1,521,Potential Loyalist
99,3,1356.02,3,3,1,331,Loyal Customer
82,6,2185.46,3,5,1,351,Loyal Customer
95,4,52739.149999999994,3,4,3,343,Loyal Customer
27,3,105876.43,4,3,5,435,Loyal Customer
325,2,47212.9,1,2,3,123,At Risk
37,3,1195.19,4,3,1,431,Loyal Customer
37,1,43956.2,4,1,3,413,Potential Loyalist
340,2,39435.79,1,2,3,123,At Risk
53,3,52901.87,4,3,3,433,Loyal Customer
83,4,2432.29,3,4,1,341,Loyal Customer
30,4,102007.01999999999,4,4,5,445,Champion
216,3,57184.43,1,3,3,133,Hibernating
168,3,57952.729999999996,2,3,3,233,Hibernating
197,6,50411.95,1,5,3,153,Hibernating
76,1,33735.35,3,1,3,313,Hibernating
131,1,3949.77,2,1,1,211,At Risk
165,5,1729.83,2,5,1,251,Hibernating
124,2,765.64,2,2,1,221,At Risk
146,2,42320.659999999996,2,2,3,223,At Risk
1,4,93618.96,5,4,4,544,Champion
87,1,435.8,3,1,1,311,Hibernating
151,3,65647.18999999999,2,3,4,234,Hibernating
41,4,1860.25,4,4,1,441,Loyal Customer
140,5,100805.93000000001,2,5,4,254,Hibernating
171,2,30852.7,2,2,2,222,At Risk
213,2,48105.26,1,2,3,123,At Risk
114,4,1716.76,2,4,1,241,Hibernating
118,3,108568.22,2,3,5,235,Hibernating
19,3,78533.06999999999,5,3,4,534,Loyal Customer
45,3,143980.53,4,3,5,435,Loyal Customer
247,2,53044.89,1,2,3,123,At Risk
119,4,98427.11,2,4,4,244,Hibernating
4,5,130984.78,5,5,5,555,Champion
112,2,41745.85,2,2,3,223,At Risk
52,4,99954.1,4,4,4,444,Champion
217,1,41174.5,1,1,3,113,At Risk
205,4,142895.78,1,4,5,145,Hibernating
351,1,25327.18,1,1,2,112,At Risk
124,2,46915.89,2,2,3,223,At Risk
36,3,56282.77,4,3,3,433,Loyal Customer
142,1,5083.82,2,1,1,211,At Risk
105,4,37994.67,2,4,3,243,Hibernating
8,3,24438.809999999998,5,3,2,532,Loyal Customer
29,4,123047.57999999999,4,4,5,445,Champion
175,3,55897.909999999996,2,3,3,233,Hibernating
257,1,32147.15,1,1,3,113,At Risk
74,5,49700.83,3,5,3,353,Loyal Customer
23,2,66549.04,5,2,4,524,Potential Loyalist
273,2,26363.41,1,2,2,122,At Risk
116,2,62004.03,2,2,4,224,At Risk
174,3,29205.199999999997,2,3,2,232,Hibernating
28,4,1636.94,4,4,1,441,Loyal Customer
25,3,132365.09999999998,5,3,5,535,Loyal Customer
9,2,42146.53,5,2,3,523,Potential Loyalist
30,6,2405.38,4,5,1,451,Loyal Customer
207,2,4508.55,1,2,1,121,At Risk
90,2,78847.01,3,2,4,324,Hibernating
110,2,917.3499999999999,2,2,1,221,At Risk
3,7,237552.89,5,5,5,555,Champion
350,1,32576.72,1,1,3,113,At Risk
53,3,7641.16,4,3,2,432,Loyal Customer
49,5,13137.33,4,5,2,452,Loyal Customer
41,5,165179.7,4,5,5,455,Champion
346,2,18420.65,1,2,2,122,At Risk
2,4,76752.05,5,4,4,544,Champion
166,2,11564.04,2,2,2,222,At Risk
4,3,126915.08,5,3,5,535,Loyal Customer
151,1,37788.87,2,1,3,213,At Risk
118,2,11748.29,2,2,2,222,At Risk
259,3,73257.47,1,3,4,134,Hibernating
80,3,995.4,3,3,1,331,Loyal Customer
19,1,18465.41,5,1,2,512,Potential Loyalist
9,4,112245.98000000001,5,4,5,545,Champion
4,4,144614.9,5,4,5,545,Champion
65,3,96855.03,3,3,4,334,Loyal Customer
89,2,56986.76,3,2,3,323,Hibernating
100,3,98370.08,3,3,4,334,Loyal Customer
86,5,17353.7,3,5,2,352,Loyal Customer
57,5,102551.26000000001,4,5,5,455,Champion
236,1,16995.04,1,1,2,112,At Risk
72,1,3603.35,3,1,1,311,Hibernating
211,3,28635.63,1,3,2,132,Hibernating
2,3,142112.46,5,3,5,535,Loyal Customer
100,3,1543.5700000000002,3,3,1,331,Loyal Customer
27,5,186937.9,4,5,5,455,Champion
40,3,86677.2,4,3,4,434,Loyal Customer
24,1,10415.89,5,1,2,512,Potential Loyalist
13,3,138315.59999999998,5,3,5,535,Loyal Customer
21,3,107943.93,5,3,5,535,Loyal Customer
28,2,56629.25,4,2,3,423,Potential Loyalist
120,2,66491.48,2,2,4,224,At Risk
17,4,102750.44,5,4,5,545,Champion
65,4,158648.0,3,4,5,345,Loyal Customer
19,2,58086.979999999996,5,2,3,523,Potential Loyalist
171,3,2122.7400000000002,2,3,1,231,Hibernating
359,1,7426.13,1,1,2,112,At Risk
74,4,102713.26,3,4,5,345,Loyal Customer
20,5,157436.47,5,5,5,555,Champion
17,6,73904.1,5,5,4,554,Champion
1,6,147172.12,5,5,5,555,Champion
97,4,149166.99,3,4,5,345,Loyal Customer
78,4,126026.94,3,4,5,345,Loyal Customer
118,1,23446.37,2,1,2,212,At Risk
70,3,30214.07,3,3,2,332,Loyal Customer
5,3,1071.23,5,3,1,531,Loyal Customer
129,2,69600.85,2,2,4,224,At Risk
19,3,142894.16999999998,5,3,5,535,Loyal Customer
337,1,4276.47,1,1,1,111,At Risk
126,3,2017.59,2,3,1,231,Hibernating
277,5,2397.16,1,5,1,151,Hibernating
61,4,5722.3,3,4,1,341,Loyal Customer
69,2,19534.48,3,2,2,322,Hibernating
34,2,626.14,4,2,1,421,Potential Loyalist
362,1,5072.87,1,1,1,111,At Risk
54,3,115595.7,4,3,5,435,Loyal Customer
231,1,29494.85,1,1,2,112,At Risk
77,4,111518.56,3,4,5,345,Loyal Customer
36,3,121680.95999999999,4,3,5,435,Loyal Customer
49,3,39318.45,4,3,3,433,Loyal Customer
90,1,1058.8,3,1,1,311,Hibernating
307,1,21220.51,1,1,2,112,At Risk
205,2,600.0,1,2,1,121,At Risk
41,6,153907.51,4,5,5,455,Champion
27,3,129707.51999999999,4,3,5,435,Loyal Customer
66,3,14730.689999999999,3,3,2,332,Loyal Customer
22,4,1575.32,5,4,1,541,Loyal Customer
28,2,57301.19,4,2,3,423,Potential Loyalist
37,2,50194.09,4,2,3,423,Potential Loyalist
85,4,5794.53,3,4,1,341,Loyal Customer
60,3,103563.32999999999,4,3,5,435,Loyal Customer
157,2,6955.639999999999,2,2,1,221,At Risk
102,4,117117.83,3,4,5,345,Loyal Customer
196,3,55436.649999999994,1,3,3,133,Hibernating
87,3,1066.67,3,3,1,331,Loyal Customer
363,1,40454.8,1,1,3,113,At Risk
87,1,40518.44,3,1,3,313,Hibernating
71,2,72301.42,3,2,4,324,Hibernating
27,3,132241.53,4,3,5,435,Loyal Customer
88,3,22617.96,3,3,2,332,Loyal Customer
53,5,35987.76,4,5,3,453,Loyal Customer
23,3,80179.20999999999,5,3,4,534,Loyal Customer
2,4,20087.27,5,4,2,542,Loyal Customer
25,3,123781.54000000001,5,3,5,535,Loyal Customer
37,3,26649.170000000002,4,3,2,432,Loyal Customer
294,2,42936.369999999995,1,2,3,123,At Risk
26,5,2051.95,5,5,1,551,Loyal Customer
57,7,20312.829999999998,4,5,2,452,Loyal Customer
99,1,300.0,3,1,1,311,Hibernating
36,2,27700.870000000003,4,2,2,422,Potential Loyalist
160,4,28264.260000000002,2,4,2,242,Hibernating
33,3,29293.83,4,3,2,432,Loyal Customer
21,4,65859.86,5,4,4,544,Champion
135,2,38202.09,2,2,3,223,At Risk
44,4,60594.39000000001,4,4,4,444,Champion
71,2,1144.8400000000001,3,2,1,321,Hibernating
52,2,19967.08,4,2,2,422,Potential Loyalist
59,5,139930.02,4,5,5,455,Champion
118,3,91677.11,2,3,4,234,Hibernating
166,4,100028.62,2,4,4,244,Hibernating
179,3,79192.58,1,3,4,134,Hibernating
39,3,149945.76,4,3,5,435,Loyal Customer
18,6,2624.09,5,5,1,551,Loyal Customer
14,2,6185.76,5,2,1,521,Potential Loyalist
130,1,32189.99,2,1,3,213,At Risk
192,2,73718.94,1,2,4,124,At Risk
330,1,4933.43,1,1,1,111,At Risk
21,2,40858.520000000004,5,2,3,523,Potential Loyalist
153,3,951.8299999999999,2,3,1,231,Hibernating
102,5,108275.09,3,5,5,355,Loyal Customer
24,4,72454.51,5,4,4,544,Champion
22,3,11239.380000000001,5,3,2,532,Loyal Customer
356,1,48525.72,1,1,3,113,At Risk
145,1,40378.16,2,1,3,213,At Risk
107,4,7061.5,2,4,1,241,Hibernating
56,3,106782.76000000001,4,3,5,435,Loyal Customer
29,4,34606.96,4,4,3,443,Loyal Customer
74,1,31009.12,3,1,2,312,Hibernating
106,1,45148.57,2,1,3,213,At Risk
13,3,138387.66,5,3,5,535,Loyal Customer
109,2,24916.35,2,2,2,222,At Risk
188,2,61180.08,1,2,4,124,At Risk
5,4,101626.34,5,4,5,545,Champion
41,7,178437.53,4,5,5,455,Champion
66,4,119051.32,3,4,5,345,Loyal Customer
34,3,143772.33000000002,4,3,5,435,Loyal Customer
310,1,2339.55,1,1,1,111,At Risk
43,3,77643.16,4,3,4,434,Loyal Customer
14,5,124926.70000000001,5,5,5,555,Champion
119,3,999.7,2,3,1,231,Hibernating
17,3,30188.36,5,3,2,532,Loyal Customer
274,1,489.97,1,1,1,111,At Risk
104,3,92485.02,3,3,4,334,Loyal Customer
125,5,2149.02,2,5,1,251,Hibernating
35,3,101327.70999999999,4,3,5,435,Loyal Customer
131,5,75228.03,2,5,4,254,Hibernating
301,1,375.69,1,1,1,111,At Risk
74,4,151962.7,3,4,5,345,Loyal Customer
182,1,49164.41,1,1,3,113,At Risk
36,4,2139.0699999999997,4,4,1,441,Loyal Customer
97,5,157388.14,3,5,5,355,Loyal Customer
9,3,31179.899999999998,5,3,2,532,Loyal Customer
322,1,35821.41,1,1,3,113,At Risk
59,4,23307.94,4,4,2,442,Loyal Customer
95,4,127788.9,3,4,5,345,Loyal Customer
124,2,34352.93,2,2,3,223,At Risk
2,3,149750.16,5,3,5,535,Loyal Customer
313,1,7278.06,1,1,2,112,At Risk
60,1,14627.93,4,1,2,412,Potential Loyalist
276,2,632.73,1,2,1,121,At Risk
14,4,2008.3899999999999,5,4,1,541,Loyal Customer
47,3,93024.1,4,3,4,434,Loyal Customer
43,3,92183.82,4,3,4,434,Loyal Customer
33,4,101143.19,4,4,5,445,Champion
52,2,12298.9,4,2,2,422,Potential Loyalist
16,2,61123.270000000004,5,2,4,524,Potential Loyalist
90,3,59989.700000000004,3,3,4,334,Loyal Customer
111,4,16470.88,2,4,2,242,Hibernating
159,1,16481.39,2,1,2,212,At Risk
136,4,73572.63,2,4,4,244,Hibernating
5,3,36367.369999999995,5,3,3,533,Loyal Customer
175,4,96971.0,2,4,4,244,Hibernating
105,6,199635.72,2,5,5,255,Hibernating
180,2,60336.42,1,2,4,124,At Risk
296,2,82710.64,1,2,4,124,At Risk
94,3,103266.93,3,3,5,335,Loyal Customer
170,2,14659.3,2,2,2,222,At Risk
14,3,24877.64,5,3,2,532,Loyal Customer
84,4,67569.82,3,4,4,344,Loyal Customer
218,3,60837.97,1,3,4,134,Hibernating
167,4,89322.0,2,4,4,244,Hibernating
21,2,75275.24,5,2,4,524,Potential Loyalist
106,2,48437.3,2,2,3,223,At Risk
9,3,126434.43,5,3,5,535,Loyal Customer
275,2,38101.1,1,2,3,123,At Risk
41,4,68296.51999999999,4,4,4,444,Champion
37,4,1782.2,4,4,1,441,Loyal Customer
73,3,126570.29999999999,3,3,5,335,Loyal Customer
101,4,80678.56,3,4,4,344,Loyal Customer
312,2,639.61,1,2,1,121,At Risk
157,3,107016.28,2,3,5,235,Hibernating
248,4,37702.42,1,4,3,143,Hibernating
190,4,97654.03,1,4,4,144,Hibernating
98,3,117372.88999999998,3,3,5,335,Loyal Customer
128,1,4649.72,2,1,1,211,At Risk
66,3,90224.17,3,3,4,334,Loyal Customer
43,2,749.8,4,2,1,421,Potential Loyalist
16,4,91286.15000000001,5,4,4,544,Champion
107,2,57252.08,2,2,3,223,At Risk
99,3,100677.81999999999,3,3,4,334,Loyal Customer
51,2,53240.479999999996,4,2,3,423,Potential Loyalist
240,2,20061.38,1,2,2,122,At Risk
15,4,76358.18000000001,5,4,4,544,Champion
110,1,25019.58,2,1,2,212,At Risk
168,3,35829.79,2,3,3,233,Hibernating
29,4,114828.16,4,4,5,445,Champion
172,4,1425.56,2,4,1,241,Hibernating
110,3,57795.5,2,3,3,233,Hibernating
77,3,124724.01,3,3,5,335,Loyal Customer
95,2,13282.41,3,2,2,322,Hibernating
223,1,22643.03,1,1,2,112,At Risk
122,2,710.26,2,2,1,221,At Risk
98,3,1820.58,3,3,1,331,Loyal Customer
117,4,24728.9,2,4,2,242,Hibernating
7,5,138099.55,5,5,5,555,Champion
32,2,8208.01,4,2,2,422,Potential Loyalist
109,1,44139.65,2,1,3,213,At Risk
74,2,36886.1,3,2,3,323,Hibernating
82,3,116579.39,3,3,5,335,Loyal Customer
126,1,12671.13,2,1,2,212,At Risk
10,4,1442.04,5,4,1,541,Loyal Customer
39,5,119701.4,4,5,5,455,Champion
26,4,72568.45999999999,5,4,4,544,Champion
10,6,154865.03,5,5,5,555,Champion
59,4,106948.11,4,4,5,445,Champion
351,1,10819.17,1,1,2,112,At Risk
41,4,36363.3,4,4,3,443,Loyal Customer
42,2,21166.829999999998,4,2,2,422,Potential Loyalist
16,2,47773.270000000004,5,2,3,523,Potential Loyalist
246,2,33577.19,1,2,3,123,At Risk
108,4,118316.34,2,4,5,245,Hibernating
281,1,38778.7,1,1,3,113,At Risk
36,2,15761.800000000001,4,2,2,422,Potential Loyalist
27,6,2998.31,4,5,1,451,Loyal Customer
278,1,5336.47,1,1,1,111,At Risk
89,3,64831.100000000006,3,3,4,334,Loyal Customer
5,2,61004.479999999996,5,2,4,524,Potential Loyalist
13,3,49289.12,5,3,3,533,Loyal Customer
14,6,15266.92,5,5,2,552,Loyal Customer
81,1,17273.19,3,1,2,312,Hibernating
49,3,135212.95,4,3,5,435,Loyal Customer
332,2,75556.35,1,2,4,124,At Risk
51,3,80349.25,4,3,4,434,Loyal Customer
221,5,36698.91,1,5,3,153,Hibernating
44,2,28568.0,4,2,2,422,Potential Loyalist
10,3,115426.41,5,3,5,535,Loyal Customer
56,2,61218.509999999995,4,2,4,424,Potential Loyalist
119,2,46898.340000000004,2,2,3,223,At Risk
74,4,19168.08,3,4,2,342,Loyal Customer
303,1,20728.76,1,1,2,112,At Risk
182,1,4345.36,1,1,1,111,At Risk
47,3,4395.13,4,3,1,431,Loyal Customer
13,6,3331.98,5,5,1,551,Loyal Customer
182,3,1309.59,1,3,1,131,Hibernating
157,3,1513.68,2,3,1,231,Hibernating
26,7,53734.77,5,5,3,553,Loyal Customer
43,6,38582.65,4,5,3,453,Loyal Customer
7,1,410.93,5,1,1,511,Potential Loyalist
43,3,34500.36,4,3,3,433,Loyal Customer
84,3,8004.53,3,3,2,332,Loyal Customer
328,3,118270.18,1,3,5,135,Hibernating
176,3,97649.38,2,3,4,234,Hibernating
132,2,10114.21,2,2,2,222,At Risk
154,2,3852.11,2,2,1,221,At Risk
175,1,8222.88,2,1,2,212,At Risk
72,6,145381.43,3,5,5,355,Loyal Customer
22,3,94230.79000000001,5,3,4,534,Loyal Customer
45,3,1071.27,4,3,1,431,Loyal Customer
25,3,52538.54,5,3,3,533,Loyal Customer
193,2,56341.33,1,2,3,123,At Risk
29,4,69501.53,4,4,4,444,Champion
133,3,86975.48,2,3,4,234,Hibernating
151,4,74836.84,2,4,4,244,Hibernating
80,6,110980.77,3,5,5,355,Loyal Customer
148,1,411.98,2,1,1,211,At Risk
67,1,30515.85,3,1,2,312,Hibernating
136,5,86594.27,2,5,4,254,Hibernating
71,2,878.1400000000001,3,2,1,321,Hibernating
63,3,90595.21,3,3,4,334,Loyal Customer
44,3,79414.57,4,3,4,434,Loyal Customer
7,4,9886.029999999999,5,4,2,542,Loyal Customer
117,4,12595.5,2,4,2,242,Hibernating
162,2,43800.8,2,2,3,223,At Risk
61,2,49388.58,3,2,3,323,Hibernating
97,3,72076.88,3,3,4,334,Loyal Customer
69,2,37321.380000000005,3,2,3,323,Hibernating
123,2,20740.809999999998,2,2,2,222,At Risk
57,4,35144.770000000004,4,4,3,443,Loyal Customer
168,4,7705.8099999999995,2,4,2,242,Hibernating
254,1,300.0,1,1,1,111,At Risk
59,3,80731.71,4,3,4,434,Loyal Customer
88,3,108316.28,3,3,5,335,Loyal Customer
128,4,156290.95,2,4,5,245,Hibernating
39,4,97214.61,4,4,4,444,Champion
50,2,36422.93,4,2,3,423,Potential Loyalist
281,1,14078.78,1,1,2,112,At Risk
151,3,108520.97,2,3,5,235,Hibernating
198,1,3157.66,1,1,1,111,At Risk
78,3,6245.0,3,3,1,331,Loyal Customer
96,4,107152.09,3,4,5,345,Loyal Customer
54,2,51735.74,4,2,3,423,Potential Loyalist
93,3,54408.59,3,3,3,333,Loyal Customer
200,1,5596.69,1,1,1,111,At Risk
102,3,5767.17,3,3,1,331,Loyal Customer
2,4,8710.06,5,4,2,542,Loyal Customer
248,4,87447.99,1,4,4,144,Hibernating
182,2,40958.49,1,2,3,123,At Risk
27,3,55107.59,4,3,3,433,Loyal Customer
42,6,35058.89,4,5,3,453,Loyal Customer
2,3,91810.48000000001,5,3,4,534,Loyal Customer
29,3,44079.03,4,3,3,433,Loyal Customer
279,2,61664.7,1,2,4,124,At Risk
314,1,413.12,1,1,1,111,At Risk
219,2,55106.32,1,2,3,123,At Risk
74,4,1329.94,3,4,1,341,Loyal Customer
129,4,48351.18,2,4,3,243,Hibernating
70,5,1866.5500000000002,3,5,1,351,Loyal Customer
39,4,78560.61,4,4,4,444,Champion
59,4,131927.3,4,4,5,445,Champion
11,1,18989.69,5,1,2,512,Potential Loyalist
58,4,87474.37,4,4,4,444,Champion
25,4,1703.1399999999999,5,4,1,541,Loyal Customer
214,2,1021.26,1,2,1,121,At Risk
36,5,138580.28,4,5,5,455,Champion
41,6,126782.19,4,5,5,455,Champion
145,5,41744.44,2,5,3,253,Hibernating
123,1,662.41,2,1,1,211,At Risk
142,2,96434.45000000001,2,2,4,224,At Risk
50,2,46944.2,4,2,3,423,Potential Loyalist
89,5,2197.15,3,5,1,351,Loyal Customer
30,4,1479.95,4,4,1,441,Loyal Customer
152,2,55180.66,2,2,3,223,At Risk
245,1,3459.29,1,1,1,111,At Risk
62,4,1551.52,3,4,1,341,Loyal Customer
47,2,49569.520000000004,4,2,3,423,Potential Loyalist
19,2,1434.25,5,2,1,521,Potential Loyalist
20,3,88028.44,5,3,4,534,Loyal Customer
262,2,75760.79999999999,1,2,4,124,At Risk
307,1,16767.02,1,1,2,112,At Risk
88,2,46613.229999999996,3,2,3,323,Hibernating
42,3,39260.28,4,3,3,433,Loyal Customer
45,3,83976.14,4,3,4,434,Loyal Customer
155,3,9005.029999999999,2,3,2,232,Hibernating
70,7,196127.74000000002,3,5,5,355,Loyal Customer
62,3,912.99,3,3,1,331,Loyal Customer
66,7,130047.87,3,5,5,355,Loyal Customer
3,3,44374.68,5,3,3,533,Loyal Customer
81,4,1377.27,3,4,1,341,Loyal Customer
74,2,72254.48000000001,3,2,4,324,Hibernating
16,3,114683.28,5,3,5,535,Loyal Customer
186,2,13939.95,1,2,2,122,At Risk
48,3,69032.03,4,3,4,434,Loyal Customer
160,2,860.96,2,2,1,221,At Risk
149,5,147983.64,2,5,5,255,Hibernating
105,1,7995.52,2,1,2,212,At Risk
268,1,300.54,1,1,1,111,At Risk
240,1,7652.11,1,1,2,112,At Risk
186,3,55583.19,1,3,3,133,Hibernating
16,5,142551.96,5,5,5,555,Champion
23,3,1100.97,5,3,1,531,Loyal Customer
133,2,836.01,2,2,1,221,At Risk
29,7,109858.59,4,5,5,455,Champion
8,6,42835.08,5,5,3,553,Loyal Customer
13,4,31784.65,5,4,3,543,Loyal Customer
100,1,2512.53,3,1,1,311,Hibernating
22,4,41654.75,5,4,3,543,Loyal Customer
29,2,51710.380000000005,4,2,3,423,Potential Loyalist
102,7,56269.89,3,5,3,353,Loyal Customer
275,1,2563.18,1,1,1,111,At Risk
24,1,4082.92,5,1,1,511,Potential Loyalist
83,4,34281.049999999996,3,4,3,343,Loyal Customer
112,3,62382.92,2,3,4,234,Hibernating
6,4,1446.6100000000001,5,4,1,541,Loyal Customer
132,1,300.0,2,1,1,211,At Risk
167,3,39715.55,2,3,3,233,Hibernating
10,1,4931.83,5,1,1,511,Potential Loyalist
150,2,53078.229999999996,2,2,3,223,At Risk
74,3,92607.23,3,3,4,334,Loyal Customer
44,3,56546.09,4,3,3,433,Loyal Customer
28,3,70765.34,4,3,4,434,Loyal Customer
22,2,44804.479999999996,5,2,3,523,Potential Loyalist
39,2,66155.01000000001,4,2,4,424,Potential Loyalist
81,3,88307.21,3,3,4,334,Loyal Customer
2,1,2741.47,5,1,1,511,Potential Loyalist
191,2,20156.86,1,2,2,122,At Risk
165,2,87409.76000000001,2,2,4,224,At Risk
66,7,2538.92,3,5,1,351,Loyal Customer
108,2,75076.59,2,2,4,224,At Risk
7,3,1372.8300000000002,5,3,1,531,Loyal Customer
55,6,45314.09,4,5,3,453,Loyal Customer
155,3,1293.74,2,3,1,231,Hibernating
83,9,69444.99,3,5,4,354,Loyal Customer
116,2,74722.91,2,2,4,224,At Risk
131,3,108936.34,2,3,5,235,Hibernating
16,3,67897.98000000001,5,3,4,534,Loyal Customer
84,2,69346.12,3,2,4,324,Hibernating
11,4,71322.97,5,4,4,544,Champion
97,2,1204.8,3,2,1,321,Hibernating
14,7,123905.51,5,5,5,555,Champion
61,2,56631.240000000005,3,2,3,323,Hibernating
169,4,7312.17,2,4,2,242,Hibernating
61,3,93027.98,3,3,4,334,Loyal Customer
148,1,46929.88,2,1,3,213,At Risk
64,4,41490.93,3,4,3,343,Loyal Customer
93,4,52049.73,3,4,3,343,Loyal Customer
182,2,7193.959999999999,1,2,2,122,At Risk
127,4,14454.810000000001,2,4,2,242,Hibernating
134,3,17519.33,2,3,2,232,Hibernating
62,3,1307.35,3,3,1,331,Loyal Customer
26,4,135089.93,5,4,5,545,Champion
76,2,13453.310000000001,3,2,2,322,Hibernating
20,4,81706.75,5,4,4,544,Champion
87,2,41794.83,3,2,3,323,Hibernating
186,1,3025.94,1,1,1,111,At Risk
24,2,981.62,5,2,1,521,Potential Loyalist
134,2,84448.54,2,2,4,224,At Risk
68,3,90827.66,3,3,4,334,Loyal Customer
3,5,134404.52,5,5,5,555,Champion
49,3,1150.95,4,3,1,431,Loyal Customer
97,2,22705.879999999997,3,2,2,322,Hibernating
71,5,47830.36,3,5,3,353,Loyal Customer
248,2,14859.130000000001,1,2,2,122,At Risk
11,5,7493.71,5,5,2,552,Loyal Customer
2,5,36459.509999999995,5,5,3,553,Loyal Customer
56,3,51852.479999999996,4,3,3,433,Loyal Customer
31,8,256044.0,4,5,5,455,Champion
265,2,67877.92,1,2,4,124,At Risk
58,1,5890.66,4,1,1,411,Potential Loyalist
4,4,45212.380000000005,5,4,3,543,Loyal Customer
276,2,35469.73,1,2,3,123,At Risk
184,2,17349.17,1,2,2,122,At Risk
3,4,100119.67,5,4,4,544,Champion
111,3,69344.66,2,3,4,234,Hibernating
70,4,9613.8,3,4,2,342,Loyal Customer
177,2,80909.34,2,2,4,224,At Risk
312,1,39932.46,1,1,3,113,At Risk
162,2,60017.89,2,2,4,224,At Risk
25,3,140766.45,5,3,5,535,Loyal Customer
111,4,123114.46,2,4,5,245,Hibernating
124,2,15989.019999999999,2,2,2,222,At Risk
94,2,71275.32999999999,3,2,4,324,Hibernating
34,3,983.88,4,3,1,431,Loyal Customer
124,5,96862.95,2,5,4,254,Hibernating
50,5,41582.68,4,5,3,453,Loyal Customer
68,3,1502.2,3,3,1,331,Loyal Customer
23,3,96304.67,5,3,4,534,Loyal Customer
304,1,43422.64,1,1,3,113,At Risk
117,2,6591.74,2,2,1,221,At Risk
2,5,126708.39,5,5,5,555,Champion
319,1,8074.88,1,1,2,112,At Risk
102,6,155576.65,3,5,5,355,Loyal Customer
89,2,1032.65,3,2,1,321,Hibernating
48,3,122347.70999999999,4,3,5,435,Loyal Customer
19,3,6389.82,5,3,1,531,Loyal Customer
27,2,922.09,4,2,1,421,Potential Loyalist
77,2,96657.8,3,2,4,324,Hibernating
70,5,38230.09,3,5,3,353,Loyal Customer
170,4,125686.75,2,4,5,245,Hibernating
82,4,94340.7,3,4,4,344,Loyal Customer
2,3,42395.01,5,3,3,533,Loyal Customer
9,3,1134.06,5,3,1,531,Loyal Customer
9,1,9204.1,5,1,2,512,Potential Loyalist
162,2,20416.879999999997,2,2,2,222,At Risk
88,4,54430.740000000005,3,4,3,343,Loyal Customer
136,4,94765.87,2,4,4,244,Hibernating
111,3,24513.36,2,3,2,232,Hibernating
51,1,7004.11,4,1,1,411,Potential Loyalist
66,3,105937.6,3,3,5,335,Loyal Customer
74,3,127314.42,3,3,5,335,Loyal Customer
26,3,146213.37,5,3,5,535,Loyal Customer
92,3,91927.15,3,3,4,334,Loyal Customer
134,1,21233.16,2,1,2,212,At Risk
235,4,121761.45000000001,1,4,5,145,Hibernating
63,3,7625.839999999999,3,3,2,332,Loyal Customer
102,5,183967.8,3,5,5,355,Loyal Customer
59,2,72511.81,4,2,4,424,Potential Loyalist
63,1,493.49,3,1,1,311,Hibernating
76,4,132871.85,3,4,5,345,Loyal Customer
41,5,79693.65,4,5,4,454,Champion
93,3,90506.38,3,3,4,334,Loyal Customer
91,4,98632.64,3,4,4,344,Loyal Customer
25,1,49210.93,5,1,3,513,Potential Loyalist
90,1,17346.17,3,1,2,312,Hibernating
86,6,194358.03,3,5,5,355,Loyal Customer
21,8,185811.91,5,5,5,555,Champion
54,3,1137.8,4,3,1,431,Loyal Customer
10,3,65290.83,5,3,4,534,Loyal Customer
187,2,47532.69,1,2,3,123,At Risk
15,3,23270.079999999998,5,3,2,532,Loyal Customer
37,2,54922.380000000005,4,2,3,423,Potential Loyalist
7,5,2027.38,5,5,1,551,Loyal Customer
172,4,99888.04999999999,2,4,4,244,Hibernating
117,3,5122.44,2,3,1,231,Hibernating
38,3,38757.96,4,3,3,433,Loyal Customer
29,3,142385.40000000002,4,3,5,435,Loyal Customer
246,1,10186.48,1,1,2,112,At Risk
242,2,1003.02,1,2,1,121,At Risk
32,2,5430.1,4,2,1,421,Potential Loyalist
96,3,1191.75,3,3,1,331,Loyal Customer
14,3,30867.08,5,3,2,532,Loyal Customer
51,4,1382.15,4,4,1,441,Loyal Customer
71,6,192955.61,3,5,5,355,Loyal Customer
39,2,68833.26000000001,4,2,4,424,Potential Loyalist
21,6,140278.41999999998,5,5,5,555,Champion
174,2,13075.8,2,2,2,222,At Risk
56,3,116490.45,4,3,5,435,Loyal Customer
161,4,92380.6,2,4,4,244,Hibernating
206,1,27347.02,1,1,2,112,At Risk
130,3,114795.20999999999,2,3,5,235,Hibernating
93,3,1419.88,3,3,1,331,Loyal Customer
40,3,50788.56,4,3,3,433,Loyal Customer
8,6,148173.66,5,5,5,555,Champion
164,4,28410.78,2,4,2,242,Hibernating
50,8,294473.39,4,5,5,455,Champion
230,1,32193.02,1,1,3,113,At Risk
18,4,38653.149999999994,5,4,3,543,Loyal Customer
89,2,67587.23000000001,3,2,4,324,Hibernating
68,9,79658.65,3,5,4,354,Loyal Customer
6,4,146030.47999999998,5,4,5,545,Champion
85,2,36722.96,3,2,3,323,Hibernating
59,2,77992.73,4,2,4,424,Potential Loyalist
98,2,55922.2,3,2,3,323,Hibernating
14,3,39174.18,5,3,3,533,Loyal Customer
199,1,300.0,1,1,1,111,At Risk
114,2,13882.829999999998,2,2,2,222,At Risk
102,4,63018.33,3,4,4,344,Loyal Customer
218,1,26197.99,1,1,2,112,At Risk
91,3,56181.61,3,3,3,333,Loyal Customer
58,4,29454.04,4,4,2,442,Loyal Customer
37,3,145203.18,4,3,5,435,Loyal Customer
54,5,82143.08,4,5,4,454,Champion
9,3,1284.5900000000001,5,3,1,531,Loyal Customer
41,3,14154.21,4,3,2,432,Loyal Customer
275,2,38213.31,1,2,3,123,At Risk
237,1,300.0,1,1,1,111,At Risk
328,1,8939.18,1,1,2,112,At Risk
131,2,16277.619999999999,2,2,2,222,At Risk
52,2,18055.469999999998,4,2,2,422,Potential Loyalist
197,1,11823.41,1,1,2,112,At Risk
54,3,17399.1,4,3,2,432,Loyal Customer
60,3,120135.26999999999,4,3,5,435,Loyal Customer
79,3,107678.81999999999,3,3,5,335,Loyal Customer
62,2,25540.28,3,2,2,322,Hibernating
7,1,37554.36,5,1,3,513,Potential Loyalist
71,3,125638.41,3,3,5,335,Loyal Customer
89,5,26532.909999999996,3,5,2,352,Loyal Customer
102,5,125026.44,3,5,5,355,Loyal Customer
87,3,98719.22,3,3,4,334,Loyal Customer
40,3,44723.29,4,3,3,433,Loyal Customer
20,5,162419.48,5,5,5,555,Champion
51,3,51907.509999999995,4,3,3,433,Loyal Customer
275,3,58409.05,1,3,3,133,Hibernating
154,3,2245.02,2,3,1,231,Hibernating
55,3,115874.43,4,3,5,435,Loyal Customer
268,3,100071.83,1,3,4,134,Hibernating
38,4,1283.24,4,4,1,441,Loyal Customer
7,5,121748.35,5,5,5,555,Champion
116,5,174028.36,2,5,5,255,Hibernating
140,2,39482.8,2,2,3,223,At Risk
23,3,16682.72,5,3,2,532,Loyal Customer
108,6,165646.83000000002,2,5,5,255,Hibernating
19,1,27002.51,5,1,2,512,Potential Loyalist
289,2,63309.34,1,2,4,124,At Risk
47,2,13356.56,4,2,2,422,Potential Loyalist
68,3,146367.69,3,3,5,335,Loyal Customer
219,3,1241.95,1,3,1,131,Hibernating
11,6,41420.79,5,5,3,553,Loyal Customer
5,3,32473.72,5,3,3,533,Loyal Customer
95,3,76524.12,3,3,4,334,Loyal Customer
2,4,155820.29,5,4,5,545,Champion
122,1,5540.0,2,1,1,211,At Risk
30,7,3346.56,4,5,1,451,Loyal Customer
144,7,2749.92,2,5,1,251,Hibernating
199,2,726.0,1,2,1,121,At Risk
3,6,191903.44999999998,5,5,5,555,Champion
13,3,36517.68,5,3,3,533,Loyal Customer
263,1,38007.58,1,1,3,113,At Risk
134,2,47250.770000000004,2,2,3,223,At Risk
169,3,1061.03,2,3,1,231,Hibernating
31,1,40529.35,4,1,3,413,Potential Loyalist
10,5,93677.08,5,5,4,554,Champion
17,5,1707.66,5,5,1,551,Loyal Customer
11,9,25904.7,5,5,2,552,Loyal Customer
65,2,65988.38,3,2,4,324,Hibernating
299,2,41004.71,1,2,3,123,At Risk
139,2,51019.8,2,2,3,223,At Risk
134,2,600.0,2,2,1,221,At Risk
12,5,206779.97,5,5,5,555,Champion
307,2,25203.85,1,2,2,122,At Risk
43,2,56026.73,4,2,3,423,Potential Loyalist
24,3,51524.46,5,3,3,533,Loyal Customer
27,1,2910.36,4,1,1,411,Potential Loyalist
45,3,81002.95000000001,4,3,4,434,Loyal Customer
138,3,1126.23,2,3,1,231,Hibernating
154,2,76476.33,2,2,4,224,At Risk
190,2,22678.36,1,2,2,122,At Risk
188,1,300.0,1,1,1,111,At Risk
283,2,88763.51999999999,1,2,4,124,At Risk
246,1,47132.97,1,1,3,113,At Risk
58,3,141954.12,4,3,5,435,Loyal Customer
212,1,517.89,1,1,1,111,At Risk
174,1,708.61,2,1,1,211,At Risk
242,3,1131.71,1,3,1,131,Hibernating
240,1,607.48,1,1,1,111,At Risk
286,2,37579.490000000005,1,2,3,123,At Risk
190,4,152609.55,1,4,5,145,Hibernating
33,5,217200.83000000002,4,5,5,455,Champion
181,3,104287.99,1,3,5,135,Hibernating
281,1,41495.05,1,1,3,113,At Risk
80,4,55113.14000000001,3,4,3,343,Loyal Customer
329,2,23761.39,1,2,2,122,At Risk
79,7,85188.7,3,5,4,354,Loyal Customer
36,2,43491.409999999996,4,2,3,423,Potential Loyalist
74,2,39310.41,3,2,3,323,Hibernating
4,1,46092.5,5,1,3,513,Potential Loyalist
25,3,145154.19,5,3,5,535,Loyal Customer
14,3,19055.52,5,3,2,532,Loyal Customer
59,2,48531.11,4,2,3,423,Potential Loyalist
300,2,75301.71,1,2,4,124,At Risk
14,3,133264.95,5,3,5,535,Loyal Customer
220,2,41882.82,1,2,3,123,At Risk
81,3,96453.19,3,3,4,334,Loyal Customer
69,1,2075.51,3,1,1,311,Hibernating
56,4,35348.380000000005,4,4,3,443,Loyal Customer
4,3,44303.87,5,3,3,533,Loyal Customer
351,1,340.93,1,1,1,111,At Risk
82,2,43543.2,3,2,3,323,Hibernating
94,2,600.0,3,2,1,321,Hibernating
67,5,1889.23,3,5,1,351,Loyal Customer
88,2,74765.28,3,2,4,324,Hibernating
71,4,8054.06,3,4,2,342,Loyal Customer
47,3,54106.990000000005,4,3,3,433,Loyal Customer
347,2,37194.04,1,2,3,123,At Risk
131,1,300.0,2,1,1,211,At Risk
42,4,96021.04000000001,4,4,4,444,Champion
56,1,533.33,4,1,1,411,Potential Loyalist
3,4,111599.29000000001,5,4,5,545,Champion
97,5,179428.13,3,5,5,355,Loyal Customer
67,2,19296.69,3,2,2,322,Hibernating
93,2,892.6800000000001,3,2,1,321,Hibernating
186,4,109941.5,1,4,5,145,Hibernating
2,3,103449.20999999999,5,3,5,535,Loyal Customer
138,4,137650.84,2,4,5,245,Hibernating
364,1,40391.76,1,1,3,113,At Risk
11,5,123078.36,5,5,5,555,Champion
264,2,18627.61,1,2,2,122,At Risk
34,3,142747.77,4,3,5,435,Loyal Customer
175,3,84209.36,2,3,4,234,Hibernating
301,1,11502.41,1,1,2,112,At Risk
104,3,1721.4900000000002,3,3,1,331,Loyal Customer
10,2,38497.56,5,2,3,523,Potential Loyalist
42,3,61926.869999999995,4,3,4,434,Loyal Customer
52,7,216334.9,4,5,5,455,Champion
178,1,28196.89,2,1,2,212,At Risk
28,3,85982.81,4,3,4,434,Loyal Customer
8,6,161252.3,5,5,5,555,Champion
52,2,43164.0,4,2,3,423,Potential Loyalist
3,4,76009.14,5,4,4,544,Champion
51,3,134950.88999999998,4,3,5,435,Loyal Customer
40,2,52442.76,4,2,3,423,Potential Loyalist
258,1,300.0,1,1,1,111,At Risk
215,1,321.62,1,1,1,111,At Risk
53,3,25251.79,4,3,2,432,Loyal Customer
56,3,122520.78,4,3,5,435,Loyal Customer
33,3,17660.71,4,3,2,432,Loyal Customer
39,2,604.44,4,2,1,421,Potential Loyalist
20,3,147693.3,5,3,5,535,Loyal Customer
27,5,36129.69,4,5,3,453,Loyal Customer
176,2,7348.57,2,2,2,222,At Risk
65,3,76142.31,3,3,4,334,Loyal Customer
32,2,42207.84,4,2,3,423,Potential Loyalist
37,4,37049.84,4,4,3,443,Loyal Customer
15,6,127952.86,5,5,5,555,Champion
73,4,85698.33,3,4,4,344,Loyal Customer
65,1,13891.29,3,1,2,312,Hibernating
42,5,13319.099999999999,4,5,2,452,Loyal Customer
167,2,6334.4800000000005,2,2,1,221,At Risk
6,5,167884.12,5,5,5,555,Champion
4,4,95012.12,5,4,4,544,Champion
38,4,1233.82,4,4,1,441,Loyal Customer
75,3,94561.6,3,3,4,334,Loyal Customer
35,3,8775.220000000001,4,3,2,432,Loyal Customer
4,4,151537.4,5,4,5,545,Champion
111,3,3895.68,2,3,1,231,Hibernating
169,1,12957.14,2,1,2,212,At Risk
35,3,983.0699999999999,4,3,1,431,Loyal Customer
14,6,33655.47,5,5,3,553,Loyal Customer
16,3,71425.0,5,3,4,534,Loyal Customer
154,6,147021.47,2,5,5,255,Hibernating
33,4,135010.01,4,4,5,445,Champion
30,7,181805.64,4,5,5,455,Champion
186,1,300.0,1,1,1,111,At Risk
19,4,116185.39,5,4,5,545,Champion
3,3,54932.64,5,3,3,533,Loyal Customer
71,4,128157.01999999999,3,4,5,345,Loyal Customer
9,3,53879.850000000006,5,3,3,533,Loyal Customer
142,1,4174.31,2,1,1,211,At Risk
128,6,181729.79,2,5,5,255,Hibernating
7,2,16598.55,5,2,2,522,Potential Loyalist
84,2,956.07,3,2,1,321,Hibernating
83,4,120046.23,3,4,5,345,Loyal Customer
70,3,1305.1599999999999,3,3,1,331,Loyal Customer
72,3,85200.12,3,3,4,334,Loyal Customer
76,3,141548.91,3,3,5,335,Loyal Customer
172,3,60561.420000000006,2,3,4,234,Hibernating
218,1,31962.44,1,1,3,113,At Risk
160,3,8723.259999999998,2,3,2,232,Hibernating
38,3,90427.2,4,3,4,434,Loyal Customer
23,3,123188.76,5,3,5,535,Loyal Customer
223,2,51425.91,1,2,3,123,At Risk
231,2,58566.770000000004,1,2,3,123,At Risk
31,2,858.9,4,2,1,421,Potential Loyalist
7,3,15677.85,5,3,2,532,Loyal Customer
79,2,20992.16,3,2,2,322,Hibernating
14,7,183926.34,5,5,5,555,Champion
11,4,137607.85,5,4,5,545,Champion
206,2,44519.59,1,2,3,123,At Risk
19,3,16703.3,5,3,2,532,Loyal Customer
196,2,45212.99,1,2,3,123,At Risk
41,4,99708.54000000001,4,4,4,444,Champion
343,2,29248.97,1,2,2,122,At Risk
2,2,39528.7,5,2,3,523,Potential Loyalist
23,2,26864.03,5,2,2,522,Potential Loyalist
76,6,121079.89000000001,3,5,5,355,Loyal Customer
49,6,5256.43,4,5,1,451,Loyal Customer
44,4,38499.35,4,4,3,443,Loyal Customer
164,2,49752.02,2,2,3,223,At Risk
8,3,56483.44,5,3,3,533,Loyal Customer
2,4,102471.04000000001,5,4,5,545,Champion
21,7,137765.18,5,5,5,555,Champion
148,4,89239.84,2,4,4,244,Hibernating
111,1,377.87,2,1,1,211,At Risk
57,2,11228.26,4,2,2,422,Potential Loyalist
81,2,15671.16,3,2,2,322,Hibernating
78,1,540.63,3,1,1,311,Hibernating
25,1,12704.41,5,1,2,512,Potential Loyalist
284,1,15317.77,1,1,2,112,At Risk
124,1,18463.66,2,1,2,212,At Risk
98,3,54389.53,3,3,3,333,Loyal Customer
269,2,742.75,1,2,1,121,At Risk
12,4,82130.61,5,4,4,544,Champion
163,5,107053.27,2,5,5,255,Hibernating
15,5,100448.25,5,5,4,554,Champion
5,4,104417.88999999998,5,4,5,545,Champion
82,3,23562.02,3,3,2,332,Loyal Customer
284,3,48414.82,1,3,3,133,Hibernating
210,2,91398.63,1,2,4,124,At Risk
75,2,4324.59,3,2,1,321,Hibernating
69,4,101188.04000000001,3,4,5,345,Loyal Customer
117,2,25972.35,2,2,2,222,At Risk
22,3,147273.27,5,3,5,535,Loyal Customer
91,6,73058.15,3,5,4,354,Loyal Customer
13,6,133114.41999999998,5,5,5,555,Champion
106,3,12293.27,2,3,2,232,Hibernating
5,3,115955.63999999998,5,3,5,535,Loyal Customer
113,2,57124.69,2,2,3,223,At Risk
134,2,19213.33,2,2,2,222,At Risk
128,1,372.3,2,1,1,211,At Risk
166,3,1303.24,2,3,1,231,Hibernating
109,4,66321.02,2,4,4,244,Hibernating
159,2,75661.69,2,2,4,224,At Risk
8,5,15226.32,5,5,2,552,Loyal Customer
17,3,138067.98,5,3,5,535,Loyal Customer
115,3,80860.97,2,3,4,234,Hibernating
120,2,66741.31,2,2,4,224,At Risk
51,5,1893.5,4,5,1,451,Loyal Customer
6,5,54298.490000000005,5,5,3,553,Loyal Customer
118,3,86452.4,2,3,4,234,Hibernating
56,1,363.5,4,1,1,411,Potential Loyalist
57,4,27801.62,4,4,2,442,Loyal Customer
172,4,144045.79,2,4,5,245,Hibernating
94,2,60561.060000000005,3,2,4,324,Hibernating
216,6,156322.24,1,5,5,155,Hibernating
52,3,88376.82,4,3,4,434,Loyal Customer
25,5,32641.07,5,5,3,553,Loyal Customer
52,3,29796.68,4,3,2,432,Loyal Customer
47,3,1041.07,4,3,1,431,Loyal Customer
31,4,29837.35,4,4,2,442,Loyal Customer
69,3,38766.87,3,3,3,333,Loyal Customer
29,5,130797.76,4,5,5,455,Champion
154,2,13403.5,2,2,2,222,At Risk
78,3,20387.79,3,3,2,332,Loyal Customer
136,4,66346.03,2,4,4,244,Hibernating
203,2,17594.879999999997,1,2,2,122,At Risk
34,5,39133.39,4,5,3,453,Loyal Customer
128,2,7391.67,2,2,2,222,At Risk
301,3,86074.76999999999,1,3,4,134,Hibernating
13,3,5037.389999999999,5,3,1,531,Loyal Customer
123,3,39744.5,2,3,3,233,Hibernating
235,3,68841.28,1,3,4,134,Hibernating
54,4,110675.27,4,4,5,445,Champion
33,7,40168.14,4,5,3,453,Loyal Customer
51,5,112475.4,4,5,5,455,Champion
123,2,16487.600000000002,2,2,2,222,At Risk
322,1,300.0,1,1,1,111,At Risk
35,2,5086.96,4,2,1,421,Potential Loyalist
205,2,797.43,1,2,1,121,At Risk
72,1,25822.97,3,1,2,312,Hibernating
55,4,24312.66,4,4,2,442,Loyal Customer
336,1,30069.58,1,1,2,112,At Risk
356,1,30064.12,1,1,2,112,At Risk
2,5,51245.94,5,5,3,553,Loyal Customer
17,3,75619.32,5,3,4,534,Loyal Customer
220,2,10304.72,1,2,2,122,At Risk
117,1,39962.69,2,1,3,213,At Risk
129,4,14339.24,2,4,2,242,Hibernating
49,4,93382.39,4,4,4,444,Champion
174,1,572.82,2,1,1,211,At Risk
46,2,79112.54000000001,4,2,4,424,Potential Loyalist
25,6,30700.47,5,5,2,552,Loyal Customer
44,2,21783.79,4,2,2,422,Potential Loyalist
175,2,31322.7,2,2,3,223,At Risk
117,3,1067.9,2,3,1,231,Hibernating
167,4,74879.81999999999,2,4,4,244,Hibernating
112,2,33413.46,2,2,3,223,At Risk
15,5,150787.19,5,5,5,555,Champion
156,2,67940.75,2,2,4,224,At Risk
4,2,53636.729999999996,5,2,3,523,Potential Loyalist
88,5,129625.1,3,5,5,355,Loyal Customer
105,2,14867.970000000001,2,2,2,222,At Risk
119,3,1819.04,2,3,1,231,Hibernating
48,1,13199.66,4,1,2,412,Potential Loyalist
17,2,19199.27,5,2,2,522,Potential Loyalist
104,3,27472.129999999997,3,3,2,332,Loyal Customer
32,3,133830.59999999998,4,3,5,435,Loyal Customer
264,3,17016.73,1,3,2,132,Hibernating
42,1,46747.37,4,1,3,413,Potential Loyalist
57,3,67270.63,4,3,4,434,Loyal Customer
75,3,76371.59,3,3,4,334,Loyal Customer
131,4,135631.04,2,4,5,245,Hibernating
96,2,35415.07,3,2,3,323,Hibernating
13,3,77253.39,5,3,4,534,Loyal Customer
30,8,2953.88,4,5,1,451,Loyal Customer
15,1,39453.76,5,1,3,513,Potential Loyalist
44,2,79510.26999999999,4,2,4,424,Potential Loyalist
51,5,96237.8,4,5,4,454,Champion
35,2,54774.119999999995,4,2,3,423,Potential Loyalist
4,3,120603.29999999999,5,3,5,535,Loyal Customer
95,4,132920.48,3,4,5,345,Loyal Customer
100,4,50060.92,3,4,3,343,Loyal Customer
38,4,1597.62,4,4,1,441,Loyal Customer
58,2,45507.259999999995,4,2,3,423,Potential Loyalist
52,4,148285.34,4,4,5,445,Champion
37,4,92645.18,4,4,4,444,Champion
135,3,61177.409999999996,2,3,4,234,Hibernating
5,3,6994.879999999999,5,3,1,531,Loyal Customer
20,2,35075.3,5,2,3,523,Potential Loyalist
73,3,1159.0900000000001,3,3,1,331,Loyal Customer
236,3,95781.06,1,3,4,134,Hibernating
5,6,2513.1,5,5,1,551,Loyal Customer
267,4,106054.43,1,4,5,145,Hibernating
40,5,55493.63,4,5,3,453,Loyal Customer
5,3,146235.51,5,3,5,535,Loyal Customer
21,3,5464.469999999999,5,3,1,531,Loyal Customer
296,2,12029.16,1,2,2,122,At Risk
84,2,57290.100000000006,3,2,3,323,Hibernating
51,3,52865.81,4,3,3,433,Loyal Customer
126,3,990.52,2,3,1,231,Hibernating
284,2,9573.62,1,2,2,122,At Risk
64,3,1211.18,3,3,1,331,Loyal Customer
18,4,1586.23,5,4,1,541,Loyal Customer
344,1,5794.41,1,1,1,111,At Risk
19,4,121415.39,5,4,5,545,Champion
86,2,31293.16,3,2,3,323,Hibernating
44,4,89504.82,4,4,4,444,Champion
88,2,13834.880000000001,3,2,2,322,Hibernating
165,3,52264.19,2,3,3,233,Hibernating
64,2,3886.97,3,2,1,321,Hibernating
62,4,92348.97,3,4,4,344,Loyal Customer
126,2,51129.69,2,2,3,223,At Risk
16,2,11641.64,5,2,2,522,Potential Loyalist
24,3,74350.48,5,3,4,534,Loyal Customer
93,4,41056.1,3,4,3,343,Loyal Customer
9,5,82763.02,5,5,4,554,Champion
147,1,15648.12,2,1,2,212,At Risk
236,1,43365.92,1,1,3,113,At Risk
90,3,58855.14,3,3,3,333,Loyal Customer
47,4,121379.77,4,4,5,445,Champion
53,3,101812.81,4,3,5,435,Loyal Customer
115,3,85052.79000000001,2,3,4,234,Hibernating
3,8,19262.57,5,5,2,552,Loyal Customer
23,6,40874.020000000004,5,5,3,553,Loyal Customer
11,3,128861.70000000001,5,3,5,535,Loyal Customer
15,5,96511.71,5,5,4,554,Champion
35,2,686.1700000000001,4,2,1,421,Potential Loyalist
100,4,1352.76,3,4,1,341,Loyal Customer
339,1,9703.35,1,1,2,112,At Risk
62,3,96141.52,3,3,4,334,Loyal Customer
30,3,146727.36000000002,4,3,5,435,Loyal Customer
34,5,80428.54000000001,4,5,4,454,Champion
28,5,186840.53,4,5,5,455,Champion
104,5,1958.9,3,5,1,351,Loyal Customer
178,4,139234.27,2,4,5,245,Hibernating
164,3,90554.38,2,3,4,234,Hibernating
22,2,25177.4,5,2,2,522,Potential Loyalist
146,3,95993.34,2,3,4,234,Hibernating
53,3,123626.45999999999,4,3,5,435,Loyal Customer
78,3,108736.74,3,3,5,335,Loyal Customer
162,3,30578.44,2,3,2,232,Hibernating
123,3,75904.67,2,3,4,234,Hibernating
43,2,76271.69,4,2,4,424,Potential Loyalist
132,2,4090.37,2,2,1,221,At Risk
72,2,9778.31,3,2,2,322,Hibernating
210,4,111113.84,1,4,5,145,Hibernating
184,2,63500.76,1,2,4,124,At Risk
59,2,32017.559999999998,4,2,3,423,Potential Loyalist
128,2,35050.36,2,2,3,223,At Risk
111,3,58390.07,2,3,3,233,Hibernating
135,1,35863.85,2,1,3,213,At Risk
26,2,8964.85,5,2,2,522,Potential Loyalist
68,1,17239.57,3,1,2,312,Hibernating
21,5,1656.67,5,5,1,551,Loyal Customer
113,4,73243.06999999999,2,4,4,244,Hibernating
167,3,46070.91,2,3,3,233,Hibernating
172,1,9890.17,2,1,2,212,At Risk
135,3,77681.72,2,3,4,234,Hibernating
12,3,78833.17,5,3,4,534,Loyal Customer
1,3,137808.12,5,3,5,535,Loyal Customer
261,3,48923.04,1,3,3,133,Hibernating
95,3,1727.46,3,3,1,331,Loyal Customer
269,1,25029.0,1,1,2,112,At Risk
70,1,41784.85,3,1,3,313,Hibernating
87,4,2262.3900000000003,3,4,1,341,Loyal Customer
223,2,49299.53,1,2,3,123,At Risk
7,3,70048.93,5,3,4,534,Loyal Customer
56,2,69191.56,4,2,4,424,Potential Loyalist
274,2,20761.37,1,2,2,122,At Risk
55,5,1778.38,4,5,1,451,Loyal Customer
193,3,101713.03,1,3,5,135,Hibernating
221,3,73766.88,1,3,4,134,Hibernating
19,5,94098.17,5,5,4,554,Champion
75,5,149441.86,3,5,5,355,Loyal Customer
141,2,3363.17,2,2,1,221,At Risk
91,3,20152.27,3,3,2,332,Loyal Customer
159,4,18358.100000000002,2,4,2,242,Hibernating
160,2,62099.240000000005,2,2,4,224,At Risk
17,3,101641.23000000001,5,3,5,535,Loyal Customer
59,2,48078.26,4,2,3,423,Potential Loyalist
63,6,140710.21,3,5,5,355,Loyal Customer
105,2,11682.869999999999,2,2,2,222,At Risk
134,1,4468.22,2,1,1,211,At Risk
168,3,93098.9,2,3,4,234,Hibernating
94,3,900.0,3,3,1,331,Loyal Customer
94,3,112773.9,3,3,5,335,Loyal Customer
346,2,54758.72,1,2,3,123,At Risk
106,1,13387.53,2,1,2,212,At Risk
87,2,708.86,3,2,1,321,Hibernating
69,3,114073.45999999999,3,3,5,335,Loyal Customer
226,1,19394.64,1,1,2,112,At Risk
51,4,151098.96,4,4,5,445,Champion
6,3,43426.5,5,3,3,533,Loyal Customer
350,1,35470.46,1,1,3,113,At Risk
74,2,36801.71,3,2,3,323,Hibernating
158,1,14612.87,2,1,2,212,At Risk
48,3,1550.7199999999998,4,3,1,431,Loyal Customer
5,4,143530.13,5,4,5,545,Champion
201,1,38171.12,1,1,3,113,At Risk
287,1,41163.6,1,1,3,113,At Risk
318,2,63698.57000000001,1,2,4,124,At Risk
34,3,30018.84,4,3,2,432,Loyal Customer
110,2,57414.81,2,2,3,223,At Risk
79,2,60766.05,3,2,4,324,Hibernating
43,4,101942.61,4,4,5,445,Champion
49,4,107351.09,4,4,5,445,Champion
76,2,59706.56999999999,3,2,4,324,Hibernating
65,2,46670.65,3,2,3,323,Hibernating
82,3,55818.46,3,3,3,333,Loyal Customer
176,1,10572.07,2,1,2,212,At Risk
124,2,903.05,2,2,1,221,At Risk
114,5,130153.45999999999,2,5,5,255,Hibernating
84,3,1583.22,3,3,1,331,Loyal Customer
109,3,77994.12,2,3,4,234,Hibernating
18,3,144699.90000000002,5,3,5,535,Loyal Customer
185,3,1402.78,1,3,1,131,Hibernating
22,5,88195.73999999999,5,5,4,554,Champion
22,4,79989.48,5,4,4,544,Champion
12,3,91504.47,5,3,4,534,Loyal Customer
41,1,13463.66,4,1,2,412,Potential Loyalist
169,2,54583.61,2,2,3,223,At Risk
75,4,19366.35,3,4,2,342,Loyal Customer
150,4,1665.92,2,4,1,241,Hibernating
93,2,6576.33,3,2,1,321,Hibernating
2,3,43493.61,5,3,3,533,Loyal Customer
110,5,195835.34,2,5,5,255,Hibernating
78,4,117374.7,3,4,5,345,Loyal Customer
248,2,1072.43,1,2,1,121,At Risk
264,1,31162.19,1,1,2,112,At Risk
65,3,21602.55,3,3,2,332,Loyal Customer
113,1,350.97,2,1,1,211,At Risk
45,3,78446.23000000001,4,3,4,434,Loyal Customer
115,3,72083.22,2,3,4,234,Hibernating
183,1,814.84,1,1,1,111,At Risk
3,2,5256.639999999999,5,2,1,521,Potential Loyalist
7,3,87744.79000000001,5,3,4,534,Loyal Customer
1,2,30851.21,5,2,2,522,Potential Loyalist
27,4,8496.36,4,4,2,442,Loyal Customer
33,3,68923.01999999999,4,3,4,434,Loyal Customer
59,5,91892.02,4,5,4,454,Champion
258,1,20570.12,1,1,2,112,At Risk
179,1,32231.78,1,1,3,113,At Risk
194,4,93543.68000000001,1,4,4,144,Hibernating
292,1,2224.2,1,1,1,111,At Risk
143,2,59348.07000000001,2,2,3,223,At Risk
161,1,5858.13,2,1,1,211,At Risk
171,5,71243.0,2,5,4,254,Hibernating
4,2,56145.21,5,2,3,523,Potential Loyalist
127,1,21516.99,2,1,2,212,At Risk
145,4,42802.619999999995,2,4,3,243,Hibernating
42,3,5773.55,4,3,1,431,Loyal Customer
192,2,5008.469999999999,1,2,1,121,At Risk
12,5,157843.85,5,5,5,555,Champion
167,2,664.0799999999999,2,2,1,221,At Risk
186,2,600.0,1,2,1,121,At Risk
219,1,1051.4,1,1,1,111,At Risk
113,5,33108.58,2,5,3,253,Hibernating
81,2,21640.23,3,2,2,322,Hibernating
122,4,1585.75,2,4,1,241,Hibernating
54,3,110635.57,4,3,5,435,Loyal Customer
81,1,357.27,3,1,1,311,Hibernating
1,6,156572.43,5,5,5,555,Champion
25,5,29567.41,5,5,2,552,Loyal Customer
29,5,105397.2,4,5,5,455,Champion
149,3,56669.979999999996,2,3,3,233,Hibernating
9,6,2555.2200000000003,5,5,1,551,Loyal Customer
5,2,25192.260000000002,5,2,2,522,Potential Loyalist
117,3,67730.74,2,3,4,234,Hibernating
218,1,29915.72,1,1,2,112,At Risk
42,1,11380.78,4,1,2,412,Potential Loyalist
30,4,28133.9,4,4,2,442,Loyal Customer
68,4,38218.03,3,4,3,343,Loyal Customer
26,4,68094.74,5,4,4,544,Champion
30,3,12346.45,4,3,2,432,Loyal Customer
162,2,45838.3,2,2,3,223,At Risk
137,2,2164.45,2,2,1,221,At Risk
12,3,65140.44,5,3,4,534,Loyal Customer
81,3,19737.3,3,3,2,332,Loyal Customer
129,2,38955.13,2,2,3,223,At Risk
98,2,59008.95,3,2,3,323,Hibernating
247,2,40125.79,1,2,3,123,At Risk
273,1,26746.18,1,1,2,112,At Risk
60,4,108147.73,4,4,5,445,Champion
236,2,64582.56,1,2,4,124,At Risk
243,1,38819.65,1,1,3,113,At Risk
41,4,143502.21,4,4,5,445,Champion
15,3,76200.94,5,3,4,534,Loyal Customer
8,5,111537.67,5,5,5,555,Champion
65,4,1915.45,3,4,1,341,Loyal Customer
94,1,300.0,3,1,1,311,Hibernating
118,4,55211.69,2,4,3,243,Hibernating
202,1,5656.82,1,1,1,111,At Risk
8,1,40688.11,5,1,3,513,Potential Loyalist
293,1,30826.57,1,1,2,112,At Risk
221,3,1202.3700000000001,1,3,1,131,Hibernating
71,4,67272.3,3,4,4,344,Loyal Customer
72,4,93299.29000000001,3,4,4,344,Loyal Customer
148,2,45527.05,2,2,3,223,At Risk
61,3,30738.27,3,3,2,332,Loyal Customer
51,2,46697.229999999996,4,2,3,423,Potential Loyalist
118,1,34730.92,2,1,3,213,At Risk
37,3,1013.55,4,3,1,431,Loyal Customer
216,4,32007.51,1,4,3,143,Hibernating
142,3,1860.99,2,3,1,231,Hibernating
99,3,3443.61,3,3,1,331,Loyal Customer
7,3,137383.23,5,3,5,535,Loyal Customer
27,4,120091.13,4,4,5,445,Champion
50,4,140896.82,4,4,5,445,Champion
108,2,51714.45,2,2,3,223,At Risk
121,5,69508.8,2,5,4,254,Hibernating
10,3,25627.62,5,3,2,532,Loyal Customer
79,1,16476.72,3,1,2,312,Hibernating
288,2,87434.17,1,2,4,124,At Risk
245,1,797.13,1,1,1,111,At Risk
85,2,52045.05,3,2,3,323,Hibernating
216,3,94052.8,1,3,4,134,Hibernating
61,4,1391.41,3,4,1,341,Loyal Customer
16,3,43242.54,5,3,3,533,Loyal Customer
58,3,1180.0900000000001,4,3,1,431,Loyal Customer
170,1,6725.2,2,1,1,211,At Risk
10,3,54670.78,5,3,3,533,Loyal Customer
36,2,15329.35,4,2,2,422,Potential Loyalist
208,3,128955.06,1,3,5,135,Hibernating
55,2,61718.380000000005,4,2,4,424,Potential Loyalist
174,2,24083.46,2,2,2,222,At Risk
38,5,95490.45000000001,4,5,4,454,Champion
159,4,1295.8,2,4,1,241,Hibernating
30,7,17900.42,4,5,2,452,Loyal Customer
59,5,162861.07,4,5,5,455,Champion
52,1,9083.13,4,1,2,412,Potential Loyalist
93,1,34708.57,3,1,3,313,Hibernating
338,1,4405.9,1,1,1,111,At Risk
86,3,28397.61,3,3,2,332,Loyal Customer
218,1,33410.71,1,1,3,113,At Risk
71,3,44473.75,3,3,3,333,Loyal Customer
52,2,78142.18,4,2,4,424,Potential Loyalist
86,1,21598.27,3,1,2,312,Hibernating
7,2,81730.34,5,2,4,524,Potential Loyalist
135,6,2232.6800000000003,2,5,1,251,Hibernating
125,2,12005.3,2,2,2,222,At Risk
139,4,1753.2599999999998,2,4,1,241,Hibernating
77,3,147459.59999999998,3,3,5,335,Loyal Customer
15,2,612.37,5,2,1,521,Potential Loyalist
147,1,13458.59,2,1,2,212,At Risk
174,2,803.79,2,2,1,221,At Risk
44,6,2201.93,4,5,1,451,Loyal Customer
271,1,27824.93,1,1,2,112,At Risk
93,3,1198.27,3,3,1,331,Loyal Customer
285,1,37519.82,1,1,3,113,At Risk
136,3,83394.5,2,3,4,234,Hibernating
217,1,300.0,1,1,1,111,At Risk
67,6,145189.26,3,5,5,355,Loyal Customer
223,2,96373.26,1,2,4,124,At Risk
105,3,63582.95,2,3,4,234,Hibernating
48,3,74912.22,4,3,4,434,Loyal Customer
15,7,81955.44,5,5,4,554,Champion
177,1,3736.42,2,1,1,211,At Risk
8,6,135761.06,5,5,5,555,Champion
36,5,122601.2,4,5,5,455,Champion
363,1,12403.32,1,1,2,112,At Risk
128,3,70355.82,2,3,4,234,Hibernating
124,4,98251.14,2,4,4,244,Hibernating
213,2,705.14,1,2,1,121,At Risk
11,2,50638.049999999996,5,2,3,523,Potential Loyalist
190,1,300.0,1,1,1,111,At Risk
40,6,21396.99,4,5,2,452,Loyal Customer
1,4,6547.5599999999995,5,4,1,541,Loyal Customer
186,4,1987.43,1,4,1,141,Hibernating
58,2,76120.41,4,2,4,424,Potential Loyalist
22,6,143128.85,5,5,5,555,Champion
291,1,1933.32,1,1,1,111,At Risk
176,1,300.0,2,1,1,211,At Risk
134,5,123271.52,2,5,5,255,Hibernating
11,4,2049.29,5,4,1,541,Loyal Customer
45,5,37014.14,4,5,3,453,Loyal Customer
108,2,78976.4,2,2,4,224,At Risk
226,3,81958.81,1,3,4,134,Hibernating
100,5,144320.3,3,5,5,355,Loyal Customer
29,1,300.0,4,1,1,411,Potential Loyalist
143,1,4494.89,2,1,1,211,At Risk
21,5,13091.75,5,5,2,552,Loyal Customer
84,4,88823.07,3,4,4,344,Loyal Customer
41,3,126651.56,4,3,5,435,Loyal Customer
148,3,109233.35,2,3,5,235,Hibernating
141,3,106802.7,2,3,5,235,Hibernating
15,8,245904.2,5,5,5,555,Champion
198,1,24620.17,1,1,2,112,At Risk
120,1,19099.75,2,1,2,212,At Risk
34,4,117012.41,4,4,5,445,Champion
163,1,29998.4,2,1,2,212,At Risk
4,3,1122.03,5,3,1,531,Loyal Customer
64,6,149570.91,3,5,5,355,Loyal Customer
7,6,110584.64,5,5,5,555,Champion
34,3,41793.49,4,3,3,433,Loyal Customer
141,2,86957.98999999999,2,2,4,224,At Risk
329,1,27583.17,1,1,2,112,At Risk
245,2,60812.2,1,2,4,124,At Risk
47,2,31308.870000000003,4,2,3,423,Potential Loyalist
199,4,78827.78,1,4,4,144,Hibernating
69,3,28849.03,3,3,2,332,Loyal Customer
108,3,20793.129999999997,2,3,2,232,Hibernating
123,5,121995.54000000001,2,5,5,255,Hibernating
11,4,96809.88,5,4,4,544,Champion
83,3,22168.84,3,3,2,332,Loyal Customer
290,2,15252.97,1,2,2,122,At Risk
227,1,45392.26,1,1,3,113,At Risk
33,3,1142.92,4,3,1,431,Loyal Customer
124,3,6176.5599999999995,2,3,1,231,Hibernating
89,1,11777.4,3,1,2,312,Hibernating
135,4,83404.94,2,4,4,244,Hibernating
100,4,66119.88,3,4,4,344,Loyal Customer
100,3,93711.51999999999,3,3,4,334,Loyal Customer
74,3,107391.84,3,3,5,335,Loyal Customer
2,7,46671.96,5,5,3,553,Loyal Customer
34,3,96876.82,4,3,4,434,Loyal Customer
195,1,3642.87,1,1,1,111,At Risk
27,4,113372.02,4,4,5,445,Champion
7,2,58403.020000000004,5,2,3,523,Potential Loyalist
181,2,41786.97,1,2,3,123,At Risk
186,3,63744.439999999995,1,3,4,134,Hibernating
93,5,33394.95,3,5,3,353,Loyal Customer
72,2,816.81,3,2,1,321,Hibernating
132,3,66586.87,2,3,4,234,Hibernating
87,5,115574.32,3,5,5,355,Loyal Customer
27,3,44915.340000000004,4,3,3,433,Loyal Customer
38,3,95347.76,4,3,4,434,Loyal Customer
44,4,32006.21,4,4,3,443,Loyal Customer
76,1,12449.88,3,1,2,312,Hibernating
100,1,14135.97,3,1,2,312,Hibernating
54,6,204980.04,4,5,5,455,Champion
87,2,26324.15,3,2,2,322,Hibernating
17,1,5564.95,5,1,1,511,Potential Loyalist
47,4,126242.7,4,4,5,445,Champion
54,2,61308.9,4,2,4,424,Potential Loyalist
45,4,1215.88,4,4,1,441,Loyal Customer
146,2,50633.08,2,2,3,223,At Risk
54,2,30386.36,4,2,2,422,Potential Loyalist
208,2,859.1700000000001,1,2,1,121,At Risk
188,3,67053.29000000001,1,3,4,134,Hibernating
33,2,28013.18,4,2,2,422,Potential Loyalist
29,2,26974.04,4,2,2,422,Potential Loyalist
169,4,21232.75,2,4,2,242,Hibernating
2,5,2717.13,5,5,1,551,Loyal Customer
171,2,781.63,2,2,1,221,At Risk
294,2,66025.35,1,2,4,124,At Risk
8,4,28333.56,5,4,2,542,Loyal Customer
316,3,110002.66,1,3,5,135,Hibernating
28,3,64558.100000000006,4,3,4,434,Loyal Customer
201,1,9924.89,1,1,2,112,At Risk
145,3,99781.2,2,3,4,234,Hibernating
96,2,75373.3,3,2,4,324,Hibernating
245,1,609.61,1,1,1,111,At Risk
68,5,129609.04999999999,3,5,5,355,Loyal Customer
35,7,72528.82,4,5,4,454,Champion
13,2,81319.51000000001,5,2,4,524,Potential Loyalist
17,3,146669.91,5,3,5,535,Loyal Customer
213,6,100019.74,1,5,4,154,Hibernating
14,3,20089.79,5,3,2,532,Loyal Customer
23,3,55242.98,5,3,3,533,Loyal Customer
259,1,4772.91,1,1,1,111,At Risk
208,1,8236.65,1,1,2,112,At Risk
45,2,36678.869999999995,4,2,3,423,Potential Loyalist
149,4,111103.98999999999,2,4,5,245,Hibernating
35,3,17926.49,4,3,2,432,Loyal Customer
116,2,11873.720000000001,2,2,2,222,At Risk
274,1,20110.92,1,1,2,112,At Risk
225,2,56898.17,1,2,3,123,At Risk
144,3,1853.25,2,3,1,231,Hibernating
99,1,45823.2,3,1,3,313,Hibernating
241,2,53236.95,1,2,3,123,At Risk
65,2,888.33,3,2,1,321,Hibernating
125,5,13101.55,2,5,2,252,Hibernating
350,1,12856.37,1,1,2,112,At Risk
136,5,30316.089999999997,2,5,2,252,Hibernating
189,2,46403.05,1,2,3,123,At Risk
10,3,44822.31,5,3,3,533,Loyal Customer
65,3,57382.98,3,3,3,333,Loyal Customer
32,2,6716.469999999999,4,2,1,421,Potential Loyalist
111,3,100493.02,2,3,4,234,Hibernating
133,1,42479.1,2,1,3,213,At Risk
15,2,46896.99,5,2,3,523,Potential Loyalist
97,3,1556.94,3,3,1,331,Loyal Customer
59,5,151990.99,4,5,5,455,Champion
243,2,29353.99,1,2,2,122,At Risk
153,1,43826.19,2,1,3,213,At Risk
54,1,17917.17,4,1,2,412,Potential Loyalist
132,4,114895.18,2,4,5,245,Hibernating
26,5,160746.29,5,5,5,555,Champion
96,5,124579.59999999999,3,5,5,355,Loyal Customer
45,3,24132.56,4,3,2,432,Loyal Customer
51,3,119714.98999999999,4,3,5,435,Loyal Customer
43,2,40446.75,4,2,3,423,Potential Loyalist
19,6,2466.19,5,5,1,551,Loyal Customer
141,2,38569.1,2,2,3,223,At Risk
206,2,29640.1,1,2,2,122,At Risk
57,5,189736.38,4,5,5,455,Champion
2,3,106236.90000000001,5,3,5,535,Loyal Customer
33,2,68625.8,4,2,4,424,Potential Loyalist
56,4,25957.379999999997,4,4,2,442,Loyal Customer
75,2,64094.18,3,2,4,324,Hibernating
83,4,79943.12999999999,3,4,4,344,Loyal Customer
61,1,33051.4,3,1,3,313,Hibernating
179,2,81025.5,1,2,4,124,At Risk
70,5,107493.70999999999,3,5,5,355,Loyal Customer
81,3,93907.37,3,3,4,334,Loyal Customer
23,1,2672.38,5,1,1,511,Potential Loyalist
171,4,58945.47,2,4,3,243,Hibernating
159,1,43986.51,2,1,3,213,At Risk
79,2,58394.03999999999,3,2,3,323,Hibernating
20,1,20724.65,5,1,2,512,Potential Loyalist
97,1,300.0,3,1,1,311,Hibernating
28,3,63777.85,4,3,4,434,Loyal Customer
95,4,1567.25,3,4,1,341,Loyal Customer
117,3,1278.18,2,3,1,231,Hibernating
64,3,139100.73,3,3,5,335,Loyal Customer
109,2,19180.129999999997,2,2,2,222,At Risk
29,4,54116.93,4,4,3,443,Loyal Customer
179,3,66965.9,1,3,4,134,Hibernating
114,5,44439.53,2,5,3,253,Hibernating
47,5,212096.52000000002,4,5,5,455,Champion
59,3,18649.37,4,3,2,432,Loyal Customer
327,1,46795.31,1,1,3,113,At Risk
39,4,21675.31,4,4,2,442,Loyal Customer
64,2,794.11,3,2,1,321,Hibernating
62,4,158899.93,3,4,5,345,Loyal Customer
197,2,80811.41,1,2,4,124,At Risk
78,5,2221.95,3,5,1,351,Loyal Customer
180,1,36901.25,1,1,3,113,At Risk
52,6,166608.68,4,5,5,455,Champion
33,3,108615.32,4,3,5,435,Loyal Customer
58,2,6800.24,4,2,1,421,Potential Loyalist
42,3,44578.28999999999,4,3,3,433,Loyal Customer
124,8,162199.95,2,5,5,255,Hibernating
147,2,789.79,2,2,1,221,At Risk
9,2,15891.4,5,2,2,522,Potential Loyalist
20,2,55800.119999999995,5,2,3,523,Potential Loyalist
109,4,1828.01,2,4,1,241,Hibernating
99,3,85252.16,3,3,4,334,Loyal Customer
103,3,6945.86,3,3,1,331,Loyal Customer
146,2,19097.120000000003,2,2,2,222,At Risk
84,4,89323.63,3,4,4,344,Loyal Customer
62,6,74993.59,3,5,4,354,Loyal Customer
169,3,21668.85,2,3,2,232,Hibernating
20,3,1114.33,5,3,1,531,Loyal Customer
109,4,13492.16,2,4,2,242,Hibernating
174,2,814.11,2,2,1,221,At Risk
40,5,40749.15,4,5,3,453,Loyal Customer
90,4,1547.78,3,4,1,341,Loyal Customer
15,5,104267.86,5,5,5,555,Champion
26,3,74794.11,5,3,4,534,Loyal Customer
92,2,84468.20999999999,3,2,4,324,Hibernating
16,1,8587.88,5,1,2,512,Potential Loyalist
116,4,6520.96,2,4,1,241,Hibernating
75,5,106502.58,3,5,5,355,Loyal Customer
52,4,149197.19,4,4,5,445,Champion
72,3,960.06,3,3,1,331,Loyal Customer
302,1,47370.72,1,1,3,113,At Risk
172,2,38952.600000000006,2,2,3,223,At Risk
76,2,42110.350000000006,3,2,3,323,Hibernating
197,1,13123.46,1,1,2,112,At Risk
167,3,1470.14,2,3,1,231,Hibernating
49,3,109099.8,4,3,5,435,Loyal Customer
144,2,12346.150000000001,2,2,2,222,At Risk
137,3,47107.31,2,3,3,233,Hibernating
15,3,50813.85,5,3,3,533,Loyal Customer
75,3,107559.59,3,3,5,335,Loyal Customer
9,1,10386.18,5,1,2,512,Potential Loyalist
26,4,13383.56,5,4,2,542,Loyal Customer
103,2,16668.64,3,2,2,322,Hibernating
47,3,9861.98,4,3,2,432,Loyal Customer
60,3,1125.0,4,3,1,431,Loyal Customer
93,5,184070.32,3,5,5,355,Loyal Customer
118,3,66032.66,2,3,4,234,Hibernating
228,3,83326.1,1,3,4,134,Hibernating
48,8,52978.200000000004,4,5,3,453,Loyal Customer
309,1,2907.67,1,1,1,111,At Risk
46,1,47857.08,4,1,3,413,Potential Loyalist
153,3,8318.810000000001,2,3,2,232,Hibernating
59,4,1497.69,4,4,1,441,Loyal Customer
114,3,1058.44,2,3,1,231,Hibernating
36,3,111464.43,4,3,5,435,Loyal Customer
204,2,59234.42,1,2,3,123,At Risk
80,2,49639.36,3,2,3,323,Hibernating
223,4,37673.6,1,4,3,143,Hibernating
158,4,1595.6399999999999,2,4,1,241,Hibernating
36,4,175132.2,4,4,5,445,Champion
207,3,81934.28,1,3,4,134,Hibernating
31,2,34044.28,4,2,3,423,Potential Loyalist
118,3,1092.01,2,3,1,231,Hibernating
56,5,134830.82,4,5,5,455,Champion
2,6,192582.34,5,5,5,555,Champion
25,6,70526.07,5,5,4,554,Champion
86,6,184386.88,3,5,5,355,Loyal Customer
49,4,37473.71,4,4,3,443,Loyal Customer
22,3,106096.91,5,3,5,535,Loyal Customer
20,2,12286.08,5,2,2,522,Potential Loyalist
112,1,13483.95,2,1,2,212,At Risk
20,3,76489.25,5,3,4,534,Loyal Customer
130,1,15544.2,2,1,2,212,At Risk
13,4,115105.93,5,4,5,545,Champion
37,3,19757.34,4,3,2,432,Loyal Customer
24,4,1297.85,5,4,1,541,Loyal Customer
218,3,95029.37,1,3,4,134,Hibernating
12,3,40325.13,5,3,3,533,Loyal Customer
57,3,141462.06,4,3,5,435,Loyal Customer
98,1,49531.05,3,1,3,313,Hibernating
204,1,6620.97,1,1,1,111,At Risk
18,5,69874.3,5,5,4,554,Champion
162,2,59332.600000000006,2,2,3,223,At Risk
35,3,1283.8899999999999,4,3,1,431,Loyal Customer
120,6,135018.72999999998,2,5,5,255,Hibernating
212,1,44119.25,1,1,3,113,At Risk
59,1,12906.76,4,1,2,412,Potential Loyalist
162,2,82438.34,2,2,4,224,At Risk
24,4,25297.23,5,4,2,542,Loyal Customer
243,2,985.59,1,2,1,121,At Risk
232,2,44972.399999999994,1,2,3,123,At Risk
3,3,121929.24,5,3,5,535,Loyal Customer
62,4,26979.84,3,4,2,342,Loyal Customer
141,2,45180.689999999995,2,2,3,223,At Risk
131,4,44223.4,2,4,3,243,Hibernating
73,4,55386.55,3,4,3,343,Loyal Customer
2,4,23348.84,5,4,2,542,Loyal Customer
84,2,23067.480000000003,3,2,2,322,Hibernating
48,4,118634.31,4,4,5,445,Champion
156,2,33765.479999999996,2,2,3,223,At Risk
168,4,133851.11,2,4,5,245,Hibernating
83,3,7250.78,3,3,2,332,Loyal Customer
320,1,35601.05,1,1,3,113,At Risk
10,3,1377.4,5,3,1,531,Loyal Customer
218,1,4855.5,1,1,1,111,At Risk
140,2,62541.67,2,2,4,224,At Risk
10,2,58840.91,5,2,3,523,Potential Loyalist
86,4,96891.98000000001,3,4,4,344,Loyal Customer
80,2,1040.34,3,2,1,321,Hibernating
231,2,930.82,1,2,1,121,At Risk
95,2,16845.16,3,2,2,322,Hibernating
185,1,300.0,1,1,1,111,At Risk
128,1,8094.22,2,1,2,212,At Risk
9,3,1064.52,5,3,1,531,Loyal Customer
52,6,190343.77000000002,4,5,5,455,Champion
124,4,111089.13,2,4,5,245,Hibernating
228,4,1380.12,1,4,1,141,Hibernating
5,2,13281.49,5,2,2,522,Potential Loyalist
106,1,17852.4,2,1,2,212,At Risk
21,3,41864.37,5,3,3,533,Loyal Customer
52,2,3707.29,4,2,1,421,Potential Loyalist
84,4,1420.6399999999999,3,4,1,341,Loyal Customer
117,3,82849.20999999999,2,3,4,234,Hibernating
115,4,26053.46,2,4,2,242,Hibernating
16,3,38097.57,5,3,3,533,Loyal Customer
6,6,135404.44,5,5,5,555,Champion
112,5,134425.24,2,5,5,255,Hibernating
35,2,65639.53,4,2,4,424,Potential Loyalist
49,6,240572.8,4,5,5,455,Champion
51,2,13930.97,4,2,2,422,Potential Loyalist
193,1,7403.74,1,1,2,112,At Risk
47,3,71155.56,4,3,4,434,Loyal Customer
347,1,399.94,1,1,1,111,At Risk
26,1,47995.6,5,1,3,513,Potential Loyalist
45,4,22486.87,4,4,2,442,Loyal Customer
75,7,3006.52,3,5,1,351,Loyal Customer
221,2,31394.45,1,2,3,123,At Risk
89,4,154587.09,3,4,5,345,Loyal Customer
178,1,1458.47,2,1,1,211,At Risk
81,3,82639.44,3,3,4,334,Loyal Customer
113,1,23433.48,2,1,2,212,At Risk
24,4,61187.33,5,4,4,544,Champion
301,1,6817.09,1,1,1,111,At Risk
36,3,103075.18000000001,4,3,5,435,Loyal Customer
38,7,151069.19999999998,4,5,5,455,Champion
7,7,185478.55,5,5,5,555,Champion
27,2,75624.87,4,2,4,424,Potential Loyalist
24,1,44673.66,5,1,3,513,Potential Loyalist
240,2,50264.06999999999,1,2,3,123,At Risk
31,3,140526.24,4,3,5,435,Loyal Customer
66,6,181693.19,3,5,5,355,Loyal Customer
7,3,39671.16,5,3,3,533,Loyal Customer
23,3,900.0,5,3,1,531,Loyal Customer
14,5,134295.9,5,5,5,555,Champion
142,2,9289.39,2,2,2,222,At Risk
87,7,142805.46,3,5,5,355,Loyal Customer
2,2,28689.97,5,2,2,522,Potential Loyalist
19,1,47128.9,5,1,3,513,Potential Loyalist
34,6,174055.47999999998,4,5,5,455,Champion
15,1,300.0,5,1,1,511,Potential Loyalist
91,3,1542.21,3,3,1,331,Loyal Customer
138,4,9906.359999999999,2,4,2,242,Hibernating
28,6,160019.81,4,5,5,455,Champion
68,7,14534.79,3,5,2,352,Loyal Customer
361,1,300.0,1,1,1,111,At Risk
274,1,12928.4,1,1,2,112,At Risk
78,4,143076.06,3,4,5,345,Loyal Customer
291,1,28944.39,1,1,2,112,At Risk
23,4,114133.15,5,4,5,545,Champion
78,5,2116.93,3,5,1,351,Loyal Customer
138,7,46682.78,2,5,3,253,Hibernating
124,3,42268.740000000005,2,3,3,233,Hibernating
242,3,73617.97,1,3,4,134,Hibernating
116,1,4830.37,2,1,1,211,At Risk
26,4,117775.06,5,4,5,545,Champion
32,4,132441.1,4,4,5,445,Champion
2,2,68678.70999999999,5,2,4,524,Potential Loyalist
45,3,70058.45000000001,4,3,4,434,Loyal Customer
300,1,3761.38,1,1,1,111,At Risk
13,5,1946.72,5,5,1,551,Loyal Customer
48,6,127027.59999999999,4,5,5,455,Champion
211,1,29081.76,1,1,2,112,At Risk
9,3,64864.61,5,3,4,534,Loyal Customer
57,4,19633.55,4,4,2,442,Loyal Customer
138,3,96959.24,2,3,4,234,Hibernating
55,7,18072.83,4,5,2,452,Loyal Customer
141,4,122001.53,2,4,5,245,Hibernating
302,2,790.36,1,2,1,121,At Risk
112,2,66818.44,2,2,4,224,At Risk
87,2,50300.5,3,2,3,323,Hibernating
58,3,125859.24,4,3,5,435,Loyal Customer
134,2,16498.91,2,2,2,222,At Risk
152,3,54668.61,2,3,3,233,Hibernating
22,1,24244.14,5,1,2,512,Potential Loyalist
74,2,858.91,3,2,1,321,Hibernating
55,2,38216.649999999994,4,2,3,423,Potential Loyalist
129,2,754.94,2,2,1,221,At Risk
84,3,101294.75,3,3,5,335,Loyal Customer
35,7,11668.01,4,5,2,452,Loyal Customer
176,1,4728.44,2,1,1,211,At Risk
120,3,67266.06,2,3,4,234,Hibernating
38,3,149438.37,4,3,5,435,Loyal Customer
50,2,40724.06,4,2,3,423,Potential Loyalist
101,4,41269.68,3,4,3,343,Loyal Customer
196,3,1635.75,1,3,1,131,Hibernating
24,6,127412.62,5,5,5,555,Champion
28,6,119806.86,4,5,5,455,Champion
11,4,1352.53,5,4,1,541,Loyal Customer
38,3,70108.57,4,3,4,434,Loyal Customer
153,1,22435.6,2,1,2,212,At Risk
3,4,83092.83,5,4,4,544,Champion
37,2,36597.47,4,2,3,423,Potential Loyalist
108,3,92637.08,2,3,4,234,Hibernating
70,3,129318.57,3,3,5,335,Loyal Customer
186,2,1071.8600000000001,1,2,1,121,At Risk
160,1,14182.22,2,1,2,212,At Risk
18,1,3928.03,5,1,1,511,Potential Loyalist
37,3,44055.99,4,3,3,433,Loyal Customer
44,2,881.96,4,2,1,421,Potential Loyalist
41,3,147729.99,4,3,5,435,Loyal Customer
181,3,1028.09,1,3,1,131,Hibernating
311,2,56024.67,1,2,3,123,At Risk
351,1,13984.82,1,1,2,112,At Risk
63,1,3641.63,3,1,1,311,Hibernating
66,1,405.52,3,1,1,311,Hibernating
333,1,16334.66,1,1,2,112,At Risk
71,6,153573.61,3,5,5,355,Loyal Customer
47,4,104135.99,4,4,5,445,Champion
104,1,11343.93,3,1,2,312,Hibernating
77,5,123088.37,3,5,5,355,Loyal Customer
71,3,71132.23999999999,3,3,4,334,Loyal Customer
120,1,25061.86,2,1,2,212,At Risk
25,5,133568.39,5,5,5,555,Champion
309,1,40528.78,1,1,3,113,At Risk
258,3,1338.46,1,3,1,131,Hibernating
93,5,192595.3,3,5,5,355,Loyal Customer
30,6,195837.77,4,5,5,455,Champion
66,2,24559.03,3,2,2,322,Hibernating
63,3,22802.199999999997,3,3,2,332,Loyal Customer
104,2,47648.630000000005,3,2,3,323,Hibernating
200,3,78037.51000000001,1,3,4,134,Hibernating
133,4,2217.81,2,4,1,241,Hibernating
128,3,11008.15,2,3,2,232,Hibernating
159,3,50454.520000000004,2,3,3,233,Hibernating
21,2,26596.309999999998,5,2,2,522,Potential Loyalist
306,1,42306.5,1,1,3,113,At Risk
9,2,21065.760000000002,5,2,2,522,Potential Loyalist
71,3,33383.76,3,3,3,333,Loyal Customer
97,2,37578.46000000001,3,2,3,323,Hibernating
94,3,1090.33,3,3,1,331,Loyal Customer
107,3,963.95,2,3,1,231,Hibernating
101,3,10513.64,3,3,2,332,Loyal Customer
131,2,732.65,2,2,1,221,At Risk
1,5,124964.65999999999,5,5,5,555,Champion
118,1,19349.08,2,1,2,212,At Risk
10,2,5247.59,5,2,1,521,Potential Loyalist
46,3,70610.31,4,3,4,434,Loyal Customer
313,2,55454.04,1,2,3,123,At Risk
53,4,1544.6100000000001,4,4,1,441,Loyal Customer
351,2,8700.67,1,2,2,122,At Risk
113,4,70467.1,2,4,4,244,Hibernating
29,2,49742.83,4,2,3,423,Potential Loyalist
200,2,59612.94,1,2,4,124,At Risk
35,6,146245.38,4,5,5,455,Champion
222,3,18143.11,1,3,2,132,Hibernating
175,3,1389.04,2,3,1,231,Hibernating
99,2,26883.8,3,2,2,322,Hibernating
64,2,34087.22,3,2,3,323,Hibernating
203,1,33123.27,1,1,3,113,At Risk
226,1,22050.1,1,1,2,112,At Risk
17,3,73039.08,5,3,4,534,Loyal Customer
2,3,88114.22,5,3,4,534,Loyal Customer
12,3,126688.17,5,3,5,535,Loyal Customer
15,1,41174.87,5,1,3,513,Potential Loyalist
175,2,57746.729999999996,2,2,3,223,At Risk
8,1,44170.57,5,1,3,513,Potential Loyalist
131,1,42981.64,2,1,3,213,At Risk
68,5,125244.14,3,5,5,355,Loyal Customer
306,1,300.0,1,1,1,111,At Risk
199,4,76029.85,1,4,4,144,Hibernating
58,1,25802.89,4,1,2,412,Potential Loyalist
5,5,87526.16,5,5,4,554,Champion
26,3,86512.16,5,3,4,534,Loyal Customer
51,4,1685.2,4,4,1,441,Loyal Customer
51,9,331124.24,4,5,5,455,Champion
3,4,8888.81,5,4,2,542,Loyal Customer
9,1,8186.68,5,1,2,512,Potential Loyalist
9,5,103433.54000000001,5,5,5,555,Champion
84,3,997.37,3,3,1,331,Loyal Customer
54,1,678.24,4,1,1,411,Potential Loyalist
33,5,1948.6,4,5,1,451,Loyal Customer
15,4,35135.079999999994,5,4,3,543,Loyal Customer
330,2,50586.33,1,2,3,123,At Risk
279,1,23972.96,1,1,2,112,At Risk
326,1,3396.43,1,1,1,111,At Risk
61,4,1552.06,3,4,1,341,Loyal Customer
193,3,66267.89,1,3,4,134,Hibernating
92,2,39039.55,3,2,3,323,Hibernating
198,4,125040.09,1,4,5,145,Hibernating
352,1,12523.63,1,1,2,112,At Risk
39,3,94536.48999999999,4,3,4,434,Loyal Customer
294,1,14084.5,1,1,2,112,At Risk
49,3,1424.53,4,3,1,431,Loyal Customer
330,1,11231.77,1,1,2,112,At Risk
181,1,376.45,1,1,1,111,At Risk
28,6,130820.75,4,5,5,455,Champion
83,3,17844.72,3,3,2,332,Loyal Customer
104,2,9409.43,3,2,2,322,Hibernating
42,3,109747.45999999999,4,3,5,435,Loyal Customer
79,2,61462.94,3,2,4,324,Hibernating
339,1,16714.0,1,1,2,112,At Risk
133,5,152583.91,2,5,5,255,Hibernating
237,1,30457.83,1,1,2,112,At Risk
82,2,45365.990000000005,3,2,3,323,Hibernating
70,2,51249.630000000005,3,2,3,323,Hibernating
236,1,26986.05,1,1,2,112,At Risk
85,3,18243.83,3,3,2,332,Loyal Customer
102,3,1166.93,3,3,1,331,Loyal Customer
41,5,2289.38,4,5,1,451,Loyal Customer
68,5,1798.27,3,5,1,351,Loyal Customer
244,3,112146.4,1,3,5,135,Hibernating
224,2,57916.729999999996,1,2,3,123,At Risk
78,1,8055.82,3,1,2,312,Hibernating
31,2,88988.28,4,2,4,424,Potential Loyalist
52,2,21361.89,4,2,2,422,Potential Loyalist
215,3,19219.64,1,3,2,132,Hibernating
80,4,1441.33,3,4,1,341,Loyal Customer
212,1,39856.54,1,1,3,113,At Risk
80,1,3749.19,3,1,1,311,Hibernating
34,3,31819.79,4,3,3,433,Loyal Customer
74,5,138016.95,3,5,5,355,Loyal Customer
27,5,63749.87,4,5,4,454,Champion
8,3,129654.54000000001,5,3,5,535,Loyal Customer
109,3,22833.45,2,3,2,232,Hibernating
38,2,787.2,4,2,1,421,Potential Loyalist
138,3,1339.35,2,3,1,231,Hibernating
42,2,54830.689999999995,4,2,3,423,Potential Loyalist
64,4,23176.03,3,4,2,342,Loyal Customer
9,4,84037.34,5,4,4,544,Champion
242,2,9699.44,1,2,2,122,At Risk
50,3,27278.6,4,3,2,432,Loyal Customer
50,5,108786.93,4,5,5,455,Champion
66,4,9435.18,3,4,2,342,Loyal Customer
137,2,1061.6,2,2,1,221,At Risk
241,1,25186.44,1,1,2,112,At Risk
146,2,600.0,2,2,1,221,At Risk
76,3,59973.39,3,3,4,334,Loyal Customer
111,5,14358.759999999998,2,5,2,252,Hibernating
85,3,67893.34999999999,3,3,4,334,Loyal Customer
241,3,102660.98,1,3,5,135,Hibernating
51,5,47964.7,4,5,3,453,Loyal Customer
58,3,121191.79000000001,4,3,5,435,Loyal Customer
9,2,37836.28,5,2,3,523,Potential Loyalist
53,1,2562.77,4,1,1,411,Potential Loyalist
128,4,122511.37,2,4,5,245,Hibernating
7,1,33324.26,5,1,3,513,Potential Loyalist
218,3,27146.3,1,3,2,132,Hibernating
11,5,140888.75,5,5,5,555,Champion
14,3,148701.45,5,3,5,535,Loyal Customer
17,6,53016.96,5,5,3,553,Loyal Customer
14,2,12382.61,5,2,2,522,Potential Loyalist
145,7,23218.44,2,5,2,252,Hibernating
3,3,132333.59999999998,5,3,5,535,Loyal Customer
156,2,61543.28,2,2,4,224,At Risk
157,5,138684.6,2,5,5,255,Hibernating
12,1,4039.85,5,1,1,511,Potential Loyalist
39,4,132257.03,4,4,5,445,Champion
87,2,76277.65,3,2,4,324,Hibernating
48,3,139084.98,4,3,5,435,Loyal Customer
53,3,76842.14,4,3,4,434,Loyal Customer
104,4,6411.3,3,4,1,341,Loyal Customer
13,2,21395.47,5,2,2,522,Potential Loyalist
39,8,206766.81,4,5,5,455,Champion
71,2,48528.020000000004,3,2,3,323,Hibernating
187,3,1236.87,1,3,1,131,Hibernating
64,3,111865.53,3,3,5,335,Loyal Customer
54,2,76513.74,4,2,4,424,Potential Loyalist
116,1,3097.44,2,1,1,211,At Risk
207,1,34513.14,1,1,3,113,At Risk
102,4,138335.24,3,4,5,345,Loyal Customer
144,2,54007.020000000004,2,2,3,223,At Risk
143,3,69435.95999999999,2,3,4,234,Hibernating
64,5,1671.15,3,5,1,351,Loyal Customer
235,1,48570.59,1,1,3,113,At Risk
90,4,93622.64,3,4,4,344,Loyal Customer
18,4,97634.81,5,4,4,544,Champion
33,3,149680.13999999998,4,3,5,435,Loyal Customer
64,3,92951.23,3,3,4,334,Loyal Customer
90,3,2088.27,3,3,1,331,Loyal Customer
292,1,300.0,1,1,1,111,At Risk
45,3,143826.72,4,3,5,435,Loyal Customer
120,3,1660.17,2,3,1,231,Hibernating
184,1,44733.65,1,1,3,113,At Risk
11,1,20146.05,5,1,2,512,Potential Loyalist
98,4,23757.66,3,4,2,342,Loyal Customer
43,3,140741.55,4,3,5,435,Loyal Customer
242,2,57916.20999999999,1,2,3,123,At Risk
318,1,42625.04,1,1,3,113,At Risk
30,3,19253.38,4,3,2,432,Loyal Customer
79,3,82334.7,3,3,4,334,Loyal Customer
168,4,125576.92,2,4,5,245,Hibernating
181,3,1346.58,1,3,1,131,Hibernating
90,2,14053.17,3,2,2,322,Hibernating
51,3,13911.76,4,3,2,432,Loyal Customer
85,3,115601.26,3,3,5,335,Loyal Customer
143,3,25630.14,2,3,2,232,Hibernating
35,5,112577.73000000001,4,5,5,455,Champion
131,3,85272.43,2,3,4,234,Hibernating
96,4,85571.15,3,4,4,344,Loyal Customer
23,1,2404.25,5,1,1,511,Potential Loyalist
19,2,785.71,5,2,1,521,Potential Loyalist
11,1,5139.27,5,1,1,511,Potential Loyalist
18,3,13762.86,5,3,2,532,Loyal Customer
45,7,2810.81,4,5,1,451,Loyal Customer
101,4,74939.0,3,4,4,344,Loyal Customer
152,3,95014.19,2,3,4,234,Hibernating
250,2,21703.510000000002,1,2,2,122,At Risk
28,6,53704.68,4,5,3,453,Loyal Customer
46,3,34895.090000000004,4,3,3,433,Loyal Customer
35,2,77581.45999999999,4,2,4,424,Potential Loyalist
186,3,111727.57,1,3,5,135,Hibernating
95,3,4915.55,3,3,1,331,Loyal Customer
131,2,17319.989999999998,2,2,2,222,At Risk
276,2,41834.28,1,2,3,123,At Risk
278,2,7037.71,1,2,1,121,At Risk
40,5,126507.71,4,5,5,455,Champion
88,4,57136.0,3,4,3,343,Loyal Customer
64,1,4188.95,3,1,1,311,Hibernating
39,3,92887.06999999999,4,3,4,434,Loyal Customer
188,2,77844.32,1,2,4,124,At Risk
97,3,21934.08,3,3,2,332,Loyal Customer
117,1,326.45,2,1,1,211,At Risk
140,2,14837.74,2,2,2,222,At Risk
202,2,62895.61,1,2,4,124,At Risk
149,3,66899.59,2,3,4,234,Hibernating
150,3,1980.69,2,3,1,231,Hibernating
38,2,41863.700000000004,4,2,3,423,Potential Loyalist
21,5,10648.87,5,5,2,552,Loyal Customer
20,1,45350.94,5,1,3,513,Potential Loyalist
223,1,41742.78,1,1,3,113,At Risk
68,1,6431.4,3,1,1,311,Hibernating
127,3,73968.62,2,3,4,234,Hibernating
51,3,11519.22,4,3,2,432,Loyal Customer
77,3,81778.14,3,3,4,334,Loyal Customer
83,2,62217.850000000006,3,2,4,324,Hibernating
41,2,55811.56,4,2,3,423,Potential Loyalist
189,1,25472.23,1,1,2,112,At Risk
105,3,1547.37,2,3,1,231,Hibernating
56,3,69846.89,4,3,4,434,Loyal Customer
161,2,6106.370000000001,2,2,1,221,At Risk
32,4,26139.300000000003,4,4,2,442,Loyal Customer
36,3,133393.53,4,3,5,435,Loyal Customer
78,4,56581.28,3,4,3,343,Loyal Customer
18,2,600.0,5,2,1,521,Potential Loyalist
165,5,103175.96,2,5,5,255,Hibernating
29,4,41151.69,4,4,3,443,Loyal Customer
208,1,18930.74,1,1,2,112,At Risk
16,4,88688.76000000001,5,4,4,544,Champion
46,3,110412.57,4,3,5,435,Loyal Customer
166,2,21867.84,2,2,2,222,At Risk
84,3,96363.54000000001,3,3,4,334,Loyal Customer
34,4,31541.510000000002,4,4,3,443,Loyal Customer
131,3,2368.17,2,3,1,231,Hibernating
12,7,109035.38,5,5,5,555,Champion
143,4,122242.51000000001,2,4,5,245,Hibernating
4,3,18285.96,5,3,2,532,Loyal Customer
19,3,127397.09999999999,5,3,5,535,Loyal Customer
25,3,57324.33,5,3,3,533,Loyal Customer
53,3,1131.37,4,3,1,431,Loyal Customer
42,3,90839.6,4,3,4,434,Loyal Customer
11,2,5697.75,5,2,1,521,Potential Loyalist
8,5,161783.96,5,5,5,555,Champion
253,1,1904.73,1,1,1,111,At Risk
18,5,114309.4,5,5,5,555,Champion
231,5,118024.25,1,5,5,155,Hibernating
335,1,1159.17,1,1,1,111,At Risk
68,6,150265.93,3,5,5,355,Loyal Customer
348,1,9321.22,1,1,2,112,At Risk
84,5,176190.01,3,5,5,355,Loyal Customer
207,1,43757.83,1,1,3,113,At Risk
44,1,34598.97,4,1,3,413,Potential Loyalist
254,1,3687.87,1,1,1,111,At Risk
23,4,110874.93,5,4,5,545,Champion
2,5,144140.49,5,5,5,555,Champion
68,4,29559.71,3,4,2,342,Loyal Customer
90,1,6783.45,3,1,1,311,Hibernating
28,5,93549.97,4,5,4,454,Champion
104,2,1306.9,3,2,1,321,Hibernating
232,2,78646.53,1,2,4,124,At Risk
310,1,10140.69,1,1,2,112,At Risk
236,1,2556.5,1,1,1,111,At Risk
154,3,48779.22,2,3,3,233,Hibernating
86,4,186097.46,3,4,5,345,Loyal Customer
72,3,42653.58,3,3,3,333,Loyal Customer
105,1,47330.35,2,1,3,213,At Risk
76,5,159160.41,3,5,5,355,Loyal Customer
101,1,3205.12,3,1,1,311,Hibernating
40,1,7492.88,4,1,2,412,Potential Loyalist
78,2,865.6,3,2,1,321,Hibernating
106,1,17246.99,2,1,2,212,At Risk
27,4,106800.14,4,4,5,445,Champion
25,3,69433.06,5,3,4,534,Loyal Customer
262,4,126130.01,1,4,5,145,Hibernating
44,3,117591.33,4,3,5,435,Loyal Customer
34,3,26060.7,4,3,2,432,Loyal Customer
7,3,78731.1,5,3,4,534,Loyal Customer
83,3,5655.3,3,3,1,331,Loyal Customer
110,2,29897.27,2,2,2,222,At Risk
153,2,81663.48000000001,2,2,4,224,At Risk
36,2,75660.73,4,2,4,424,Potential Loyalist
4,3,149344.98,5,3,5,535,Loyal Customer
38,2,10536.1,4,2,2,422,Potential Loyalist
81,4,1676.3600000000001,3,4,1,341,Loyal Customer
96,2,33476.450000000004,3,2,3,323,Hibernating
198,4,71783.01999999999,1,4,4,144,Hibernating
13,5,104200.41,5,5,5,555,Champion
299,2,34249.89,1,2,3,123,At Risk
36,6,92662.18,4,5,4,454,Champion
10,6,126851.15,5,5,5,555,Champion
6,10,138888.36000000002,5,5,5,555,Champion
124,2,6131.540000000001,2,2,1,221,At Risk
99,3,102593.20999999999,3,3,5,335,Loyal Customer
213,4,56556.92,1,4,3,143,Hibernating
89,2,53990.87,3,2,3,323,Hibernating
74,2,64556.94,3,2,4,324,Hibernating
147,2,74865.82,2,2,4,224,At Risk
218,3,2160.63,1,3,1,131,Hibernating
100,3,13344.850000000002,3,3,2,332,Loyal Customer
240,2,76578.0,1,2,4,124,At Risk
83,3,109136.29999999999,3,3,5,335,Loyal Customer
70,3,10744.24,3,3,2,332,Loyal Customer
102,7,32186.92,3,5,3,353,Loyal Customer
11,3,114950.94,5,3,5,535,Loyal Customer
125,1,5703.4,2,1,1,211,At Risk
101,1,2699.58,3,1,1,311,Hibernating
107,5,146938.57,2,5,5,255,Hibernating
116,4,115110.64,2,4,5,245,Hibernating
203,2,696.46,1,2,1,121,At Risk
37,4,125312.92,4,4,5,445,Champion
163,2,60071.4,2,2,4,224,At Risk
6,2,32335.47,5,2,3,523,Potential Loyalist
36,3,147402.96,4,3,5,435,Loyal Customer
2,3,43867.97,5,3,3,533,Loyal Customer
292,1,300.0,1,1,1,111,At Risk
131,3,114732.81,2,3,5,235,Hibernating
46,3,40970.55,4,3,3,433,Loyal Customer
191,5,145571.66999999998,1,5,5,155,Hibernating
97,2,20221.83,3,2,2,322,Hibernating
253,3,69237.86,1,3,4,134,Hibernating
155,3,101078.20000000001,2,3,5,235,Hibernating
340,1,20820.48,1,1,2,112,At Risk
106,4,125206.4,2,4,5,245,Hibernating
75,6,178357.27000000002,3,5,5,355,Loyal Customer
109,2,20452.690000000002,2,2,2,222,At Risk
46,3,105862.86,4,3,5,435,Loyal Customer
15,3,14857.439999999999,5,3,2,532,Loyal Customer
5,3,93141.8,5,3,4,534,Loyal Customer
27,2,38250.21,4,2,3,423,Potential Loyalist
235,2,18694.54,1,2,2,122,At Risk
20,3,107635.79999999999,5,3,5,535,Loyal Customer
21,4,14061.01,5,4,2,542,Loyal Customer
99,6,188194.55,3,5,5,355,Loyal Customer
3,4,109740.93,5,4,5,545,Champion
49,2,61471.68,4,2,4,424,Potential Loyalist
236,2,9613.49,1,2,2,122,At Risk
189,3,91044.31,1,3,4,134,Hibernating
19,2,73867.06,5,2,4,524,Potential Loyalist
86,4,78570.20000000001,3,4,4,344,Loyal Customer
83,4,10319.54,3,4,2,342,Loyal Customer
216,3,67606.92,1,3,4,134,Hibernating
74,3,72531.77,3,3,4,334,Loyal Customer
182,1,3286.41,1,1,1,111,At Risk
14,1,26500.33,5,1,2,512,Potential Loyalist
78,1,16293.1,3,1,2,312,Hibernating
333,1,408.58,1,1,1,111,At Risk
81,4,37173.33,3,4,3,343,Loyal Customer
9,2,22308.760000000002,5,2,2,522,Potential Loyalist
76,5,52329.53,3,5,3,353,Loyal Customer
55,1,22494.87,4,1,2,412,Potential Loyalist
30,2,47454.899999999994,4,2,3,423,Potential Loyalist
60,4,21852.71,4,4,2,442,Loyal Customer
111,3,135873.32,2,3,5,235,Hibernating
250,1,33302.53,1,1,3,113,At Risk
8,6,112845.84,5,5,5,555,Champion
71,2,44541.94,3,2,3,323,Hibernating
22,3,4298.75,5,3,1,531,Loyal Customer
272,2,8648.55,1,2,2,122,At Risk
114,2,64175.72,2,2,4,224,At Risk
57,2,58580.47,4,2,3,423,Potential Loyalist
287,2,946.74,1,2,1,121,At Risk
59,8,50119.56,4,5,3,453,Loyal Customer
239,1,37345.86,1,1,3,113,At Risk
254,2,35828.89,1,2,3,123,At Risk
20,2,88393.51999999999,5,2,4,524,Potential Loyalist
14,2,29731.03,5,2,2,522,Potential Loyalist
38,4,99286.3,4,4,4,444,Champion
115,3,19360.75,2,3,2,232,Hibernating
2,2,40268.549999999996,5,2,3,523,Potential Loyalist
18,5,101489.52,5,5,5,555,Champion
18,3,92830.7,5,3,4,534,Loyal Customer
241,4,114500.75,1,4,5,145,Hibernating
12,2,78607.67,5,2,4,524,Potential Loyalist
28,3,43580.46,4,3,3,433,Loyal Customer
167,1,20589.63,2,1,2,212,At Risk
32,3,113629.08,4,3,5,435,Loyal Customer
120,5,128527.13,2,5,5,255,Hibernating
338,1,7285.86,1,1,2,112,At Risk
127,5,100122.99,2,5,4,254,Hibernating
162,2,22695.780000000002,2,2,2,222,At Risk
73,2,37249.479999999996,3,2,3,323,Hibernating
89,2,725.47,3,2,1,321,Hibernating
155,2,61918.74,2,2,4,224,At Risk
1,6,2188.08,5,5,1,551,Loyal Customer
20,3,125127.72,5,3,5,535,Loyal Customer
176,4,34561.8,2,4,3,243,Hibernating
30,3,69498.16,4,3,4,434,Loyal Customer
16,3,7190.85,5,3,2,532,Loyal Customer
78,3,96913.08000000002,3,3,4,334,Loyal Customer
7,3,29747.309999999998,5,3,2,532,Loyal Customer
73,3,89380.18,3,3,4,334,Loyal Customer
48,2,57415.29,4,2,3,423,Potential Loyalist
125,4,1910.3200000000002,2,4,1,241,Hibernating
25,2,854.6,5,2,1,521,Potential Loyalist
3,3,148476.3,5,3,5,535,Loyal Customer
37,3,32103.800000000003,4,3,3,433,Loyal Customer
79,2,693.62,3,2,1,321,Hibernating
64,5,2282.5299999999997,3,5,1,351,Loyal Customer
114,1,3125.95,2,1,1,211,At Risk
35,2,59646.31,4,2,4,424,Potential Loyalist
45,1,364.89,4,1,1,411,Potential Loyalist
116,3,48609.54,2,3,3,233,Hibernating
29,3,15435.25,4,3,2,432,Loyal Customer
17,5,134466.71,5,5,5,555,Champion
52,6,198773.53,4,5,5,455,Champion
81,3,60743.270000000004,3,3,4,334,Loyal Customer
4,4,143376.42,5,4,5,545,Champion
146,3,1235.3799999999999,2,3,1,231,Hibernating
167,3,58766.85,2,3,3,233,Hibernating
98,2,29424.39,3,2,2,322,Hibernating
10,5,174233.76,5,5,5,555,Champion
283,2,86100.6,1,2,4,124,At Risk
2,4,92076.54000000001,5,4,4,544,Champion
91,3,23184.8,3,3,2,332,Loyal Customer
109,2,31216.18,2,2,3,223,At Risk
84,3,25023.67,3,3,2,332,Loyal Customer
289,1,44161.83,1,1,3,113,At Risk
15,1,45302.33,5,1,3,513,Potential Loyalist
43,3,59065.41,4,3,3,433,Loyal Customer
159,3,88170.95999999999,2,3,4,234,Hibernating
117,4,31584.72,2,4,3,243,Hibernating
13,5,1705.88,5,5,1,551,Loyal Customer
101,5,149803.15,3,5,5,355,Loyal Customer
293,1,3011.72,1,1,1,111,At Risk
62,4,124267.24,3,4,5,345,Loyal Customer
32,4,77142.32,4,4,4,444,Champion
130,2,70331.06,2,2,4,224,At Risk
6,3,24569.88,5,3,2,532,Loyal Customer
16,2,13282.98,5,2,2,522,Potential Loyalist
345,1,656.25,1,1,1,111,At Risk
220,2,6599.74,1,2,1,121,At Risk
184,3,21552.519999999997,1,3,2,132,Hibernating
32,7,212848.35,4,5,5,455,Champion
23,3,102211.48,5,3,5,535,Loyal Customer
26,4,72896.2,5,4,4,544,Champion
23,5,143444.97999999998,5,5,5,555,Champion
123,6,46884.72,2,5,3,253,Hibernating
15,6,151617.85,5,5,5,555,Champion
359,1,35025.02,1,1,3,113,At Risk
4,7,120548.54999999999,5,5,5,555,Champion
52,5,162604.08000000002,4,5,5,455,Champion
9,4,113598.13,5,4,5,545,Champion
31,2,807.06,4,2,1,421,Potential Loyalist
81,1,7925.76,3,1,2,312,Hibernating
33,5,2597.8,4,5,1,451,Loyal Customer
78,2,47921.79,3,2,3,323,Hibernating
113,3,121149.27,2,3,5,235,Hibernating
88,5,97509.38,3,5,4,354,Loyal Customer
15,3,82104.51999999999,5,3,4,534,Loyal Customer
220,2,632.87,1,2,1,121,At Risk
78,4,136277.22,3,4,5,345,Loyal Customer
137,5,99914.95000000001,2,5,4,254,Hibernating
4,3,106767.44,5,3,5,535,Loyal Customer
117,2,74523.25,2,2,4,224,At Risk
91,2,40541.72,3,2,3,323,Hibernating
64,2,70769.02,3,2,4,324,Hibernating
217,3,30370.8,1,3,2,132,Hibernating
12,2,58936.21,5,2,3,523,Potential Loyalist
69,2,63706.34,3,2,4,324,Hibernating
60,2,43086.53,4,2,3,423,Potential Loyalist
318,1,36394.95,1,1,3,113,At Risk
219,2,4625.76,1,2,1,121,At Risk
113,3,112251.73000000001,2,3,5,235,Hibernating
88,2,80252.27,3,2,4,324,Hibernating
53,3,141815.94,4,3,5,435,Loyal Customer
106,1,908.08,2,1,1,211,At Risk
24,9,84812.25,5,5,4,554,Champion
60,3,103918.7,4,3,5,435,Loyal Customer
40,6,107930.48,4,5,5,455,Champion
124,2,69246.70999999999,2,2,4,224,At Risk
174,2,53848.61,2,2,3,223,At Risk
29,5,203239.76,4,5,5,455,Champion
270,1,32278.75,1,1,3,113,At Risk
24,5,142584.02000000002,5,5,5,555,Champion
57,4,105891.59,4,4,5,445,Champion
132,4,138434.09,2,4,5,245,Hibernating
60,3,49531.21,4,3,3,433,Loyal Customer
39,2,22171.68,4,2,2,422,Potential Loyalist
217,2,29079.54,1,2,2,122,At Risk
85,2,15531.32,3,2,2,322,Hibernating
98,4,1771.23,3,4,1,341,Loyal Customer
219,1,4909.31,1,1,1,111,At Risk
41,5,103207.72,4,5,5,455,Champion
35,4,31976.660000000003,4,4,3,443,Loyal Customer
21,5,38767.21,5,5,3,553,Loyal Customer
11,1,12302.78,5,1,2,512,Potential Loyalist
117,4,158637.12,2,4,5,245,Hibernating
96,3,103952.23,3,3,5,335,Loyal Customer
175,1,16105.92,2,1,2,212,At Risk
38,1,19866.73,4,1,2,412,Potential Loyalist
170,6,151818.93,2,5,5,255,Hibernating
77,7,173613.16999999998,3,5,5,355,Loyal Customer
250,1,9525.98,1,1,2,112,At Risk
295,1,49728.87,1,1,3,113,At Risk
42,2,46700.27,4,2,3,423,Potential Loyalist
103,3,68676.31999999999,3,3,4,334,Loyal Customer
86,2,41204.82,3,2,3,323,Hibernating
71,4,1561.15,3,4,1,341,Loyal Customer
4,4,71799.55,5,4,4,544,Champion
65,7,116484.55,3,5,5,355,Loyal Customer
57,1,14318.42,4,1,2,412,Potential Loyalist
78,2,55873.840000000004,3,2,3,323,Hibernating
20,3,20843.600000000002,5,3,2,532,Loyal Customer
56,4,117902.59,4,4,5,445,Champion
197,1,1261.64,1,1,1,111,At Risk
60,6,40297.200000000004,4,5,3,453,Loyal Customer
129,3,57655.66,2,3,3,233,Hibernating
120,2,35436.12,2,2,3,223,At Risk
178,6,125809.42,2,5,5,255,Hibernating
11,3,57994.619999999995,5,3,3,533,Loyal Customer
290,2,4344.42,1,2,1,121,At Risk
165,2,37071.29,2,2,3,223,At Risk
64,2,38511.14,3,2,3,323,Hibernating
42,8,122571.45999999999,4,5,5,455,Champion
194,1,31262.31,1,1,3,113,At Risk
85,5,18712.59,3,5,2,352,Loyal Customer
23,2,33127.09,5,2,3,523,Potential Loyalist
103,1,33799.8,3,1,3,313,Hibernating
25,3,17435.83,5,3,2,532,Loyal Customer
9,5,83357.88,5,5,4,554,Champion
113,1,36471.5,2,1,3,213,At Risk
66,4,132974.8,3,4,5,345,Loyal Customer
70,3,7359.6,3,3,2,332,Loyal Customer
34,4,171463.66999999998,4,4,5,445,Champion
79,1,45997.9,3,1,3,313,Hibernating
106,3,2137.02,2,3,1,231,Hibernating
160,4,138963.52,2,4,5,245,Hibernating
351,1,34635.03,1,1,3,113,At Risk
336,1,22204.56,1,1,2,112,At Risk
90,3,53976.51,3,3,3,333,Loyal Customer
320,1,46731.31,1,1,3,113,At Risk
94,3,1535.58,3,3,1,331,Loyal Customer
234,2,65933.47,1,2,4,124,At Risk
30,4,168156.87,4,4,5,445,Champion
4,3,73674.27,5,3,4,534,Loyal Customer
76,6,144752.44,3,5,5,355,Loyal Customer
23,1,29836.53,5,1,2,512,Potential Loyalist
75,5,1660.88,3,5,1,351,Loyal Customer
206,3,86621.7,1,3,4,134,Hibernating
97,2,37124.4,3,2,3,323,Hibernating
137,6,18179.37,2,5,2,252,Hibernating
55,5,48874.02,4,5,3,453,Loyal Customer
234,1,47126.2,1,1,3,113,At Risk
93,5,40435.92,3,5,3,353,Loyal Customer
5,3,125520.18,5,3,5,535,Loyal Customer
100,3,86416.93,3,3,4,334,Loyal Customer
24,3,118369.13999999998,5,3,5,535,Loyal Customer
30,6,3233.57,4,5,1,451,Loyal Customer
104,4,26699.43,3,4,2,342,Loyal Customer
265,2,996.23,1,2,1,121,At Risk
31,3,66670.75,4,3,4,434,Loyal Customer
14,6,206483.44,5,5,5,555,Champion
215,2,54780.94,1,2,3,123,At Risk
121,2,6028.5199999999995,2,2,1,221,At Risk
141,3,1413.97,2,3,1,231,Hibernating
51,3,46614.42,4,3,3,433,Loyal Customer
54,3,56744.729999999996,4,3,3,433,Loyal Customer
54,3,36405.71,4,3,3,433,Loyal Customer
74,4,83814.97,3,4,4,344,Loyal Customer
107,3,93403.79999999999,2,3,4,234,Hibernating
34,7,144915.97,4,5,5,455,Champion
63,3,120941.09999999999,3,3,5,335,Loyal Customer
266,1,26423.62,1,1,2,112,At Risk
6,2,38109.76,5,2,3,523,Potential Loyalist
318,1,13958.95,1,1,2,112,At Risk
266,1,21285.48,1,1,2,112,At Risk
28,3,111793.25,4,3,5,435,Loyal Customer
142,2,55812.0,2,2,3,223,At Risk
311,2,1585.45,1,2,1,121,At Risk
23,3,57041.14,5,3,3,533,Loyal Customer
3,3,101732.18,5,3,5,535,Loyal Customer
172,2,70025.78,2,2,4,224,At Risk
199,1,34786.06,1,1,3,113,At Risk
157,2,54188.869999999995,2,2,3,223,At Risk
102,3,8986.150000000001,3,3,2,332,Loyal Customer
112,5,19204.22,2,5,2,252,Hibernating
234,2,18429.7,1,2,2,122,At Risk
134,2,82855.63,2,2,4,224,At Risk
93,4,132632.84,3,4,5,345,Loyal Customer
92,1,12542.75,3,1,2,312,Hibernating
28,2,72390.59999999999,4,2,4,424,Potential Loyalist
167,2,983.2,2,2,1,221,At Risk
110,3,1029.28,2,3,1,231,Hibernating
66,2,84822.01000000001,3,2,4,324,Hibernating
158,2,12847.9,2,2,2,222,At Risk
104,4,97191.73999999999,3,4,4,344,Loyal Customer
133,3,132986.84,2,3,5,235,Hibernating
13,5,156282.17,5,5,5,555,Champion
116,2,2192.5,2,2,1,221,At Risk
22,1,37017.73,5,1,3,513,Potential Loyalist
4,5,125969.29000000001,5,5,5,555,Champion
210,3,49056.700000000004,1,3,3,133,Hibernating
29,2,602.46,4,2,1,421,Potential Loyalist
91,6,148610.9,3,5,5,355,Loyal Customer
8,3,13569.630000000001,5,3,2,532,Loyal Customer
357,1,34752.53,1,1,3,113,At Risk
75,3,75592.38,3,3,4,334,Loyal Customer
111,1,1328.72,2,1,1,211,At Risk
92,2,5320.07,3,2,1,321,Hibernating
122,6,17166.03,2,5,2,252,Hibernating
121,4,95576.4,2,4,4,244,Hibernating
28,3,137427.59999999998,4,3,5,435,Loyal Customer
69,2,859.56,3,2,1,321,Hibernating
101,3,1423.71,3,3,1,331,Loyal Customer
249,2,67246.8,1,2,4,124,At Risk
212,2,633.38,1,2,1,121,At Risk
2,4,42996.14,5,4,3,543,Loyal Customer
21,5,1996.21,5,5,1,551,Loyal Customer
135,3,58753.38,2,3,3,233,Hibernating
26,4,123230.5,5,4,5,545,Champion
34,3,135894.90000000002,4,3,5,435,Loyal Customer
41,2,18191.68,4,2,2,422,Potential Loyalist
226,2,62200.31,1,2,4,124,At Risk
251,2,16402.34,1,2,2,122,At Risk
71,6,125052.64,3,5,5,355,Loyal Customer
57,4,158884.56,4,4,5,445,Champion
21,3,130805.16,5,3,5,535,Loyal Customer
54,2,647.55,4,2,1,421,Potential Loyalist
240,3,99074.26,1,3,4,134,Hibernating
72,3,49876.97,3,3,3,333,Loyal Customer
46,3,59362.759999999995,4,3,3,433,Loyal Customer
104,1,33086.05,3,1,3,313,Hibernating
60,5,92193.76,4,5,4,454,Champion
18,3,12170.880000000001,5,3,2,532,Loyal Customer
267,1,7367.02,1,1,2,112,At Risk
127,6,149971.93,2,5,5,255,Hibernating
15,6,108293.96,5,5,5,555,Champion
38,5,149850.69,4,5,5,455,Champion
230,1,9325.13,1,1,2,112,At Risk
308,1,2530.63,1,1,1,111,At Risk
164,1,4074.92,2,1,1,211,At Risk
105,3,60348.87,2,3,4,234,Hibernating
40,3,5692.27,4,3,1,431,Loyal Customer
195,2,16922.71,1,2,2,122,At Risk
53,7,2483.31,4,5,1,451,Loyal Customer
78,3,88482.5,3,3,4,334,Loyal Customer
33,1,12438.63,4,1,2,412,Potential Loyalist
17,3,75537.36,5,3,4,534,Loyal Customer
192,2,58518.649999999994,1,2,3,123,At Risk
232,4,136617.38,1,4,5,145,Hibernating
18,4,1424.84,5,4,1,541,Loyal Customer
289,1,2625.67,1,1,1,111,At Risk
161,3,1122.8700000000001,2,3,1,231,Hibernating
76,3,132724.08000000002,3,3,5,335,Loyal Customer
192,2,4025.9799999999996,1,2,1,121,At Risk
10,3,44649.69,5,3,3,533,Loyal Customer
102,1,5722.08,3,1,1,311,Hibernating
35,4,97336.89,4,4,4,444,Champion
68,4,119209.97,3,4,5,345,Loyal Customer
108,2,23469.800000000003,2,2,2,222,At Risk
82,4,150966.43,3,4,5,345,Loyal Customer
13,4,121403.3,5,4,5,545,Champion
87,3,14700.439999999999,3,3,2,332,Loyal Customer
31,4,93858.09,4,4,4,444,Champion
84,3,148860.0,3,3,5,335,Loyal Customer
228,1,26947.49,1,1,2,112,At Risk
8,4,25858.29,5,4,2,542,Loyal Customer
62,3,61594.4,3,3,4,334,Loyal Customer
225,3,71843.53,1,3,4,134,Hibernating
13,2,77200.75,5,2,4,524,Potential Loyalist
302,1,49371.97,1,1,3,113,At Risk
28,4,77029.59,4,4,4,444,Champion
78,3,18320.03,3,3,2,332,Loyal Customer
80,3,42002.79,3,3,3,333,Loyal Customer
80,3,104911.87,3,3,5,335,Loyal Customer
150,6,171662.2,2,5,5,255,Hibernating
250,1,28561.47,1,1,2,112,At Risk
33,5,161549.62,4,5,5,455,Champion
36,2,10431.32,4,2,2,422,Potential Loyalist
10,2,7414.0,5,2,2,522,Potential Loyalist
158,2,55207.34,2,2,3,223,At Risk
185,1,9914.76,1,1,2,112,At Risk
166,1,31530.98,2,1,3,213,At Risk
112,1,8480.7,2,1,2,212,At Risk
23,2,56511.259999999995,5,2,3,523,Potential Loyalist
73,4,1732.99,3,4,1,341,Loyal Customer
161,2,17613.43,2,2,2,222,At Risk
136,3,1255.54,2,3,1,231,Hibernating
76,3,100379.73,3,3,4,334,Loyal Customer
6,6,2864.85,5,5,1,551,Loyal Customer
152,7,95560.03,2,5,4,254,Hibernating
35,3,43523.78,4,3,3,433,Loyal Customer
293,1,7719.09,1,1,2,112,At Risk
241,2,33523.89,1,2,3,123,At Risk
18,5,92408.48,5,5,4,554,Champion
30,5,174496.65000000002,4,5,5,455,Champion
4,1,41698.07,5,1,3,513,Potential Loyalist
104,3,49566.090000000004,3,3,3,333,Loyal Customer
132,3,66794.15000000001,2,3,4,234,Hibernating
58,4,20431.98,4,4,2,442,Loyal Customer
318,1,300.0,1,1,1,111,At Risk
110,3,24390.59,2,3,2,232,Hibernating
45,3,89896.94,4,3,4,434,Loyal Customer
41,3,90802.26,4,3,4,434,Loyal Customer
107,6,212883.19,2,5,5,255,Hibernating
7,4,126110.67,5,4,5,545,Champion
150,4,1737.0900000000001,2,4,1,241,Hibernating
14,4,1851.76,5,4,1,541,Loyal Customer
9,5,170966.65,5,5,5,555,Champion
235,3,70515.11,1,3,4,134,Hibernating
56,1,1813.32,4,1,1,411,Potential Loyalist
81,5,167802.21,3,5,5,355,Loyal Customer
30,2,43360.53,4,2,3,423,Potential Loyalist
247,2,40598.72,1,2,3,123,At Risk
192,3,47787.33,1,3,3,133,Hibernating
61,3,90982.17,3,3,4,334,Loyal Customer
46,4,1723.6,4,4,1,441,Loyal Customer
177,1,12872.63,2,1,2,212,At Risk
161,1,11864.09,2,1,2,212,At Risk
83,4,133519.61,3,4,5,345,Loyal Customer
61,3,146695.11000000002,3,3,5,335,Loyal Customer
10,8,204204.56,5,5,5,555,Champion
84,3,40200.06,3,3,3,333,Loyal Customer
86,4,23445.399999999998,3,4,2,342,Loyal Customer
244,1,8312.58,1,1,2,112,At Risk
104,2,38882.34,3,2,3,323,Hibernating
17,4,1601.3600000000001,5,4,1,541,Loyal Customer
71,1,5271.98,3,1,1,311,Hibernating
16,3,52775.83,5,3,3,533,Loyal Customer
44,3,34223.63,4,3,3,433,Loyal Customer
283,1,36620.95,1,1,3,113,At Risk
67,1,47770.75,3,1,3,313,Hibernating
64,3,44132.86,3,3,3,333,Loyal Customer
207,2,48993.45,1,2,3,123,At Risk
260,1,12105.93,1,1,2,112,At Risk
51,2,17923.73,4,2,2,422,Potential Loyalist
134,2,75278.75,2,2,4,224,At Risk
194,1,10393.36,1,1,2,112,At Risk
78,6,122428.85,3,5,5,355,Loyal Customer
27,3,89860.07,4,3,4,434,Loyal Customer
14,3,128116.34999999999,5,3,5,535,Loyal Customer
278,2,600.0,1,2,1,121,At Risk
61,3,89786.28,3,3,4,334,Loyal Customer
113,3,9372.189999999999,2,3,2,232,Hibernating
93,2,50515.06,3,2,3,323,Hibernating
39,6,98659.36,4,5,4,454,Champion
86,2,14934.91,3,2,2,322,Hibernating
139,7,2505.47,2,5,1,251,Hibernating
164,1,18337.02,2,1,2,212,At Risk
45,4,103907.35999999999,4,4,5,445,Champion
192,5,59034.42,1,5,3,153,Hibernating
110,5,164894.78000000003,2,5,5,255,Hibernating
87,3,912.1600000000001,3,3,1,331,Loyal Customer
25,3,11840.310000000001,5,3,2,532,Loyal Customer
43,4,72810.88,4,4,4,444,Champion
101,1,23180.92,3,1,2,312,Hibernating
291,1,32078.18,1,1,3,113,At Risk
165,4,41533.770000000004,2,4,3,243,Hibernating
71,3,85357.20999999999,3,3,4,334,Loyal Customer
85,3,908.72,3,3,1,331,Loyal Customer
70,4,68520.69,3,4,4,344,Loyal Customer
265,1,3246.13,1,1,1,111,At Risk
60,3,60721.57000000001,4,3,4,434,Loyal Customer
14,3,37096.24,5,3,3,533,Loyal Customer
31,4,83823.92,4,4,4,444,Champion
3,3,88609.09999999999,5,3,4,534,Loyal Customer
90,6,2704.06,3,5,1,351,Loyal Customer
25,6,99985.81,5,5,4,554,Champion
108,1,12144.22,2,1,2,212,At Risk
66,1,1478.33,3,1,1,311,Hibernating
63,3,12354.66,3,3,2,332,Loyal Customer
240,4,140820.32,1,4,5,145,Hibernating
162,2,52737.74,2,2,3,223,At Risk
156,2,34421.35,2,2,3,223,At Risk
202,1,33866.6,1,1,3,113,At Risk
88,3,141707.34,3,3,5,335,Loyal Customer
62,3,89293.24,3,3,4,334,Loyal Customer
39,4,119168.35,4,4,5,445,Champion
145,3,31547.22,2,3,3,233,Hibernating
188,4,2245.46,1,4,1,141,Hibernating
88,1,49593.56,3,1,3,313,Hibernating
48,2,24581.07,4,2,2,422,Potential Loyalist
263,1,3835.79,1,1,1,111,At Risk
9,2,55610.689999999995,5,2,3,523,Potential Loyalist
50,3,7212.0599999999995,4,3,2,432,Loyal Customer
18,1,5034.71,5,1,1,511,Potential Loyalist
204,3,77253.15,1,3,4,134,Hibernating
9,3,132917.37,5,3,5,535,Loyal Customer
58,5,146739.19999999998,4,5,5,455,Champion
340,1,418.95,1,1,1,111,At Risk
59,7,134119.82,4,5,5,455,Champion
173,4,153258.5,2,4,5,245,Hibernating
10,2,13406.27,5,2,2,522,Potential Loyalist
192,3,52985.31,1,3,3,133,Hibernating
101,2,29523.1,3,2,2,322,Hibernating
81,3,35886.15,3,3,3,333,Loyal Customer
154,5,190675.62,2,5,5,255,Hibernating
201,2,30247.02,1,2,2,122,At Risk
16,5,93173.73999999999,5,5,4,554,Champion
40,4,79962.02,4,4,4,444,Champion
293,1,42889.24,1,1,3,113,At Risk
136,2,95107.95999999999,2,2,4,224,At Risk
359,1,37374.96,1,1,3,113,At Risk
42,3,12579.449999999999,4,3,2,432,Loyal Customer
96,4,108123.5,3,4,5,345,Loyal Customer
284,1,12656.18,1,1,2,112,At Risk
111,1,1057.91,2,1,1,211,At Risk
292,2,15527.080000000002,1,2,2,122,At Risk
32,6,148400.08000000002,4,5,5,455,Champion
114,2,36271.7,2,2,3,223,At Risk
67,2,12118.36,3,2,2,322,Hibernating
102,4,60969.78,3,4,4,344,Loyal Customer
55,6,2055.96,4,5,1,451,Loyal Customer
3,6,196868.46,5,5,5,555,Champion
4,7,167746.21,5,5,5,555,Champion
3,1,16053.8,5,1,2,512,Potential Loyalist
29,7,134546.58000000002,4,5,5,455,Champion
2,4,96800.3,5,4,4,544,Champion
110,2,50341.17,2,2,3,223,At Risk
271,3,54939.850000000006,1,3,3,133,Hibernating
62,1,7131.26,3,1,1,311,Hibernating
161,2,5286.76,2,2,1,221,At Risk
37,2,74298.11,4,2,4,424,Potential Loyalist
25,6,113792.94,5,5,5,555,Champion
61,3,102304.95,3,3,5,335,Loyal Customer
255,2,13348.45,1,2,2,122,At Risk
16,6,85161.9,5,5,4,554,Champion
19,3,140216.97,5,3,5,535,Loyal Customer
118,4,32557.11,2,4,3,243,Hibernating
3,3,93621.41,5,3,4,534,Loyal Customer
30,3,33358.840000000004,4,3,3,433,Loyal Customer
136,2,705.02,2,2,1,221,At Risk
258,2,20478.15,1,2,2,122,At Risk
66,6,189929.84,3,5,5,355,Loyal Customer
64,3,84517.29,3,3,4,334,Loyal Customer
86,3,61052.58,3,3,4,334,Loyal Customer
349,1,32583.05,1,1,3,113,At Risk
192,4,49523.0,1,4,3,143,Hibernating
53,2,3543.55,4,2,1,421,Potential Loyalist
46,4,108187.99,4,4,5,445,Champion
62,2,6003.48,3,2,1,321,Hibernating
33,6,2200.73,4,5,1,451,Loyal Customer
181,2,24295.52,1,2,2,122,At Risk
56,2,14770.310000000001,4,2,2,422,Potential Loyalist
62,2,895.47,3,2,1,321,Hibernating
331,1,28856.51,1,1,2,112,At Risk
75,1,12433.45,3,1,2,312,Hibernating
119,1,19595.05,2,1,2,212,At Risk
68,4,23169.48,3,4,2,342,Loyal Customer
55,2,63225.09,4,2,4,424,Potential Loyalist
69,2,56666.64,3,2,3,323,Hibernating
39,5,1787.6100000000001,4,5,1,451,Loyal Customer
284,2,66460.9,1,2,4,124,At Risk
233,2,88746.78,1,2,4,124,At Risk
10,6,2224.31,5,5,1,551,Loyal Customer
74,4,155326.51,3,4,5,345,Loyal Customer
93,2,18738.15,3,2,2,322,Hibernating
86,3,146783.40000000002,3,3,5,335,Loyal Customer
48,3,136900.59,4,3,5,435,Loyal Customer
30,4,28600.120000000003,4,4,2,442,Loyal Customer
155,2,67039.3,2,2,4,224,At Risk
45,3,99350.87,4,3,4,434,Loyal Customer
22,5,1673.96,5,5,1,551,Loyal Customer
51,1,14152.29,4,1,2,412,Potential Loyalist
69,2,56685.59,3,2,3,323,Hibernating
110,5,201152.22,2,5,5,255,Hibernating
32,5,159931.66,4,5,5,455,Champion
131,3,1289.4,2,3,1,231,Hibernating
39,3,148849.8,4,3,5,435,Loyal Customer
20,4,8603.69,5,4,2,542,Loyal Customer
15,5,127247.01000000001,5,5,5,555,Champion
13,4,93089.68,5,4,4,544,Champion
3,3,112941.53,5,3,5,535,Loyal Customer
345,2,51867.240000000005,1,2,3,123,At Risk
76,4,125748.66,3,4,5,345,Loyal Customer
345,1,24949.31,1,1,2,112,At Risk
147,2,18734.04,2,2,2,222,At Risk
6,3,1130.51,5,3,1,531,Loyal Customer
117,4,138867.41,2,4,5,245,Hibernating
264,2,5910.129999999999,1,2,1,121,At Risk
172,3,28491.550000000003,2,3,2,232,Hibernating
65,4,1585.46,3,4,1,341,Loyal Customer
32,3,101665.77,4,3,5,435,Loyal Customer
76,3,41234.880000000005,3,3,3,333,Loyal Customer
138,3,88845.3,2,3,4,234,Hibernating
200,5,147733.21,1,5,5,155,Hibernating
10,1,9817.57,5,1,2,512,Potential Loyalist
21,1,1417.81,5,1,1,511,Potential Loyalist
210,4,40351.36,1,4,3,143,Hibernating
3,4,97916.51000000001,5,4,4,544,Champion
91,2,54963.58,3,2,3,323,Hibernating
244,2,74089.82,1,2,4,124,At Risk
98,4,144858.61000000002,3,4,5,345,Loyal Customer
6,5,142968.53999999998,5,5,5,555,Champion
80,2,9353.64,3,2,2,322,Hibernating
32,3,134281.26,4,3,5,435,Loyal Customer
14,3,135251.69,5,3,5,535,Loyal Customer
112,3,1337.49,2,3,1,231,Hibernating
31,4,87139.44,4,4,4,444,Champion
7,3,34508.72,5,3,3,533,Loyal Customer
57,3,88696.35,4,3,4,434,Loyal Customer
252,4,116603.91,1,4,5,145,Hibernating
23,1,2624.07,5,1,1,511,Potential Loyalist
76,3,59775.91,3,3,4,334,Loyal Customer
62,1,22252.45,3,1,2,312,Hibernating
8,4,32447.61,5,4,3,543,Loyal Customer
63,3,110011.23000000001,3,3,5,335,Loyal Customer
9,4,67083.18000000001,5,4,4,544,Champion
67,8,3448.28,3,5,1,351,Loyal Customer
10,3,67911.58,5,3,4,534,Loyal Customer
79,2,37563.11,3,2,3,323,Hibernating
36,6,205364.76,4,5,5,455,Champion
6,3,145191.72,5,3,5,535,Loyal Customer
53,2,67972.33,4,2,4,424,Potential Loyalist
301,1,39192.26,1,1,3,113,At Risk
27,6,209951.24,4,5,5,455,Champion
31,4,65814.54000000001,4,4,4,444,Champion
8,1,300.0,5,1,1,511,Potential Loyalist
191,3,46096.1,1,3,3,133,Hibernating
50,5,118622.92,4,5,5,455,Champion
350,1,47358.86,1,1,3,113,At Risk
110,2,731.83,2,2,1,221,At Risk
4,4,15712.1,5,4,2,542,Loyal Customer
26,4,142434.28,5,4,5,545,Champion
11,2,28568.84,5,2,2,522,Potential Loyalist
226,3,81978.58,1,3,4,134,Hibernating
12,1,35754.5,5,1,3,513,Potential Loyalist
33,4,96190.48,4,4,4,444,Champion
52,2,11563.65,4,2,2,422,Potential Loyalist
87,6,178888.25,3,5,5,355,Loyal Customer
80,1,13177.85,3,1,2,312,Hibernating
136,3,61681.87,2,3,4,234,Hibernating
25,2,7128.89,5,2,1,521,Potential Loyalist
23,7,133298.12,5,5,5,555,Champion
42,6,128226.55,4,5,5,455,Champion
86,3,85156.82,3,3,4,334,Loyal Customer
76,3,46133.61,3,3,3,333,Loyal Customer
114,4,84275.5,2,4,4,244,Hibernating
18,1,41373.83,5,1,3,513,Potential Loyalist
272,1,2738.68,1,1,1,111,At Risk
8,4,92356.40000000001,5,4,4,544,Champion
275,2,9622.56,1,2,2,122,At Risk
12,6,65309.16,5,5,4,554,Champion
134,3,70461.17,2,3,4,234,Hibernating
359,1,44637.82,1,1,3,113,At Risk
224,1,16603.41,1,1,2,112,At Risk
92,3,65733.1,3,3,4,334,Loyal Customer
139,3,75478.45999999999,2,3,4,234,Hibernating
294,1,432.08,1,1,1,111,At Risk
155,2,69375.34,2,2,4,224,At Risk
89,5,137063.47,3,5,5,355,Loyal Customer
92,5,33842.34,3,5,3,353,Loyal Customer
131,2,80013.01000000001,2,2,4,224,At Risk
99,4,121982.70999999999,3,4,5,345,Loyal Customer
190,1,14091.61,1,1,2,112,At Risk
128,3,75102.61,2,3,4,234,Hibernating
101,4,1200.0,3,4,1,341,Loyal Customer
134,2,26467.66,2,2,2,222,At Risk
65,2,31928.99,3,2,3,323,Hibernating
7,3,78038.33,5,3,4,534,Loyal Customer
30,3,64538.19,4,3,4,434,Loyal Customer
98,1,1835.5,3,1,1,311,Hibernating
70,1,12804.36,3,1,2,312,Hibernating
180,2,56444.64,1,2,3,123,At Risk
7,4,77005.59,5,4,4,544,Champion
93,3,107504.33,3,3,5,335,Loyal Customer
40,3,51329.56,4,3,3,433,Loyal Customer
5,3,93928.71,5,3,4,534,Loyal Customer
199,4,143492.5,1,4,5,145,Hibernating
8,5,44027.17,5,5,3,553,Loyal Customer
113,4,1321.36,2,4,1,241,Hibernating
120,3,76764.35,2,3,4,234,Hibernating
238,2,14751.7,1,2,2,122,At Risk
37,3,56072.19,4,3,3,433,Loyal Customer
58,1,6959.33,4,1,1,411,Potential Loyalist
110,4,75151.13,2,4,4,244,Hibernating
195,3,50305.0,1,3,3,133,Hibernating
78,3,23944.23,3,3,2,332,Loyal Customer
72,3,115472.15,3,3,5,335,Loyal Customer
101,1,42547.79,3,1,3,313,Hibernating
132,1,47593.06,2,1,3,213,At Risk
178,3,77690.04,2,3,4,234,Hibernating
44,6,2370.67,4,5,1,451,Loyal Customer
63,2,58502.07,3,2,3,323,Hibernating
94,1,455.02,3,1,1,311,Hibernating
253,2,11230.61,1,2,2,122,At Risk
168,1,24910.96,2,1,2,212,At Risk
179,5,16155.210000000001,1,5,2,152,Hibernating
319,1,47982.24,1,1,3,113,At Risk
47,2,19082.39,4,2,2,422,Potential Loyalist
113,1,12640.71,2,1,2,212,At Risk
329,2,8723.85,1,2,2,122,At Risk
267,1,24492.94,1,1,2,112,At Risk
25,3,87533.85,5,3,4,534,Loyal Customer
100,5,129430.56,3,5,5,355,Loyal Customer
168,2,59927.74,2,2,4,224,At Risk
37,5,115342.99,4,5,5,455,Champion
151,5,50688.83,2,5,3,253,Hibernating
8,3,144198.06,5,3,5,535,Loyal Customer
16,4,42522.04,5,4,3,543,Loyal Customer
105,7,7887.73,2,5,2,252,Hibernating
152,4,79123.68,2,4,4,244,Hibernating
58,3,94385.0,4,3,4,434,Loyal Customer
30,4,11471.1,4,4,2,442,Loyal Customer
53,6,135738.15,4,5,5,455,Champion
227,3,53419.24,1,3,3,133,Hibernating
78,3,71040.87,3,3,4,334,Loyal Customer
115,3,76876.58,2,3,4,234,Hibernating
84,2,6073.96,3,2,1,321,Hibernating
288,3,62445.119999999995,1,3,4,134,Hibernating
163,3,86282.4,2,3,4,234,Hibernating
73,5,140845.04,3,5,5,355,Loyal Customer
235,3,1337.84,1,3,1,131,Hibernating
28,5,44164.96,4,5,3,453,Loyal Customer
217,2,58383.9,1,2,3,123,At Risk
71,4,148882.13,3,4,5,345,Loyal Customer
96,3,91084.65000000001,3,3,4,334,Loyal Customer
26,3,58397.37,5,3,3,533,Loyal Customer
58,2,74468.62,4,2,4,424,Potential Loyalist
14,7,190847.37,5,5,5,555,Champion
70,3,14500.760000000002,3,3,2,332,Loyal Customer
88,4,137448.53999999998,3,4,5,345,Loyal Customer
9,3,83644.15,5,3,4,534,Loyal Customer
104,3,95876.9,3,3,4,334,Loyal Customer
6,3,140501.73,5,3,5,535,Loyal Customer
107,2,51235.850000000006,2,2,3,223,At Risk
57,3,1518.27,4,3,1,431,Loyal Customer
146,1,30029.69,2,1,2,212,At Risk
234,2,30251.379999999997,1,2,2,122,At Risk
3,4,1498.31,5,4,1,541,Loyal Customer
267,3,83126.67,1,3,4,134,Hibernating
23,3,115193.79000000001,5,3,5,535,Loyal Customer
165,3,1441.9299999999998,2,3,1,231,Hibernating
26,3,14375.36,5,3,2,532,Loyal Customer
173,2,6667.16,2,2,1,221,At Risk
58,5,141157.9,4,5,5,455,Champion
164,3,68515.48999999999,2,3,4,234,Hibernating
329,2,832.81,1,2,1,121,At Risk
8,8,259211.77,5,5,5,555,Champion
143,4,26306.93,2,4,2,242,Hibernating
3,3,35237.86,5,3,3,533,Loyal Customer
165,1,26974.81,2,1,2,212,At Risk
28,2,86421.25,4,2,4,424,Potential Loyalist
85,3,43329.2,3,3,3,333,Loyal Customer
37,3,139482.93,4,3,5,435,Loyal Customer
203,1,19842.72,1,1,2,112,At Risk
261,1,2723.47,1,1,1,111,At Risk
81,4,84644.23000000001,3,4,4,344,Loyal Customer
178,3,81406.01,2,3,4,234,Hibernating
14,3,112391.68,5,3,5,535,Loyal Customer
244,5,98284.77,1,5,4,154,Hibernating
220,2,49853.28999999999,1,2,3,123,At Risk
40,3,144917.01,4,3,5,435,Loyal Customer
203,1,424.93,1,1,1,111,At Risk
1,3,14255.130000000001,5,3,2,532,Loyal Customer
148,1,8230.22,2,1,2,212,At Risk
182,2,57802.46,1,2,3,123,At Risk
70,2,60160.619999999995,3,2,4,324,Hibernating
31,3,1064.79,4,3,1,431,Loyal Customer
28,2,912.74,4,2,1,421,Potential Loyalist
105,3,43443.2,2,3,3,233,Hibernating
65,1,300.0,3,1,1,311,Hibernating
282,2,62052.850000000006,1,2,4,124,At Risk
31,3,56554.36,4,3,3,433,Loyal Customer
78,2,18105.620000000003,3,2,2,322,Hibernating
30,1,33217.45,4,1,3,413,Potential Loyalist
58,5,113181.05,4,5,5,455,Champion
68,4,85184.24,3,4,4,344,Loyal Customer
263,1,8510.14,1,1,2,112,At Risk
246,1,32060.57,1,1,3,113,At Risk
182,2,66404.32,1,2,4,124,At Risk
66,2,821.31,3,2,1,321,Hibernating
78,3,132848.91,3,3,5,335,Loyal Customer
312,1,551.35,1,1,1,111,At Risk
6,2,7182.860000000001,5,2,2,522,Potential Loyalist
29,7,2965.1400000000003,4,5,1,451,Loyal Customer
241,2,6120.89,1,2,1,121,At Risk
69,3,48403.35,3,3,3,333,Loyal Customer
95,2,87197.29000000001,3,2,4,324,Hibernating
180,3,81226.5,1,3,4,134,Hibernating
77,3,66637.87,3,3,4,334,Loyal Customer
85,3,69835.01,3,3,4,334,Loyal Customer
271,1,43301.31,1,1,3,113,At Risk
108,5,176145.19,2,5,5,255,Hibernating
60,1,2433.6,4,1,1,411,Potential Loyalist
33,1,300.0,4,1,1,411,Potential Loyalist
17,4,63808.049999999996,5,4,4,544,Champion
16,3,66068.97,5,3,4,534,Loyal Customer
56,4,124518.95000000001,4,4,5,445,Champion
54,2,900.88,4,2,1,421,Potential Loyalist
80,4,165510.43,3,4,5,345,Loyal Customer
19,4,111935.88,5,4,5,545,Champion
92,2,47615.600000000006,3,2,3,323,Hibernating
34,5,2465.91,4,5,1,451,Loyal Customer
39,4,1460.45,4,4,1,441,Loyal Customer
97,4,113814.73000000001,3,4,5,345,Loyal Customer
25,4,112147.91,5,4,5,545,Champion
26,3,94387.57999999999,5,3,4,534,Loyal Customer
165,1,16937.58,2,1,2,212,At Risk
19,3,61420.61,5,3,4,534,Loyal Customer
27,2,54804.07,4,2,3,423,Potential Loyalist
89,4,81252.14,3,4,4,344,Loyal Customer
68,4,92269.66,3,4,4,344,Loyal Customer
79,3,1670.6999999999998,3,3,1,331,Loyal Customer
15,2,73406.01999999999,5,2,4,524,Potential Loyalist
9,3,14066.46,5,3,2,532,Loyal Customer
114,3,69021.95999999999,2,3,4,234,Hibernating
53,2,76005.26000000001,4,2,4,424,Potential Loyalist
20,4,26883.75,5,4,2,542,Loyal Customer
158,1,673.24,2,1,1,211,At Risk
236,2,758.0799999999999,1,2,1,121,At Risk
6,6,152378.53,5,5,5,555,Champion
28,2,18396.52,4,2,2,422,Potential Loyalist
183,1,19682.46,1,1,2,112,At Risk
53,3,82013.37,4,3,4,434,Loyal Customer
9,5,18392.379999999997,5,5,2,552,Loyal Customer
72,1,49847.43,3,1,3,313,Hibernating
19,6,189843.72,5,5,5,555,Champion
36,2,55484.399999999994,4,2,3,423,Potential Loyalist
54,3,120112.04999999999,4,3,5,435,Loyal Customer
68,1,426.92,3,1,1,311,Hibernating
6,1,6449.99,5,1,1,511,Potential Loyalist
109,4,57708.71000000001,2,4,3,243,Hibernating
311,1,10502.35,1,1,2,112,At Risk
51,3,115167.09,4,3,5,435,Loyal Customer
115,2,15936.89,2,2,2,222,At Risk
48,2,63827.78,4,2,4,424,Potential Loyalist
231,1,623.29,1,1,1,111,At Risk
113,7,101764.8,2,5,5,255,Hibernating
22,2,76797.93,5,2,4,524,Potential Loyalist
33,6,158625.85,4,5,5,455,Champion
97,1,3215.24,3,1,1,311,Hibernating
170,1,14008.86,2,1,2,212,At Risk
19,6,162662.65,5,5,5,555,Champion
102,4,32772.99,3,4,3,343,Loyal Customer
46,3,23659.269999999997,4,3,2,432,Loyal Customer
20,4,6252.54,5,4,1,541,Loyal Customer
17,8,134089.95,5,5,5,555,Champion
123,5,1794.6,2,5,1,251,Hibernating
80,6,153936.44,3,5,5,355,Loyal Customer
251,2,37038.94,1,2,3,123,At Risk
56,8,214490.3,4,5,5,455,Champion
101,3,1738.9499999999998,3,3,1,331,Loyal Customer
43,5,144406.4,4,5,5,455,Champion
231,1,26840.29,1,1,2,112,At Risk
13,6,134931.78,5,5,5,555,Champion
80,2,48617.84,3,2,3,323,Hibernating
336,1,38068.95,1,1,3,113,At Risk
180,4,122613.25,1,4,5,145,Hibernating
26,3,71921.45999999999,5,3,4,534,Loyal Customer
107,3,1422.3000000000002,2,3,1,231,Hibernating
210,2,600.0,1,2,1,121,At Risk
130,4,112718.34,2,4,5,245,Hibernating
60,6,124246.57,4,5,5,455,Champion
55,4,122720.64,4,4,5,445,Champion
79,4,129357.73,3,4,5,345,Loyal Customer
357,1,6528.42,1,1,1,111,At Risk
140,2,36227.990000000005,2,2,3,223,At Risk
50,2,22958.08,4,2,2,422,Potential Loyalist
31,7,213157.58,4,5,5,455,Champion
37,3,56199.81999999999,4,3,3,433,Loyal Customer
63,4,1833.22,3,4,1,341,Loyal Customer
86,3,27137.55,3,3,2,332,Loyal Customer
15,3,124041.57,5,3,5,535,Loyal Customer
2,2,68368.55,5,2,4,524,Potential Loyalist
1,6,77133.29000000001,5,5,4,554,Champion
22,4,23039.89,5,4,2,542,Loyal Customer
61,2,20328.66,3,2,2,322,Hibernating
9,4,1364.5,5,4,1,541,Loyal Customer
44,5,171467.66999999998,4,5,5,455,Champion
171,1,4236.36,2,1,1,211,At Risk
7,5,2391.66,5,5,1,551,Loyal Customer
265,4,8798.539999999999,1,4,2,142,Hibernating
46,5,81506.9,4,5,4,454,Champion
199,3,1097.1599999999999,1,3,1,131,Hibernating
148,3,83714.90000000001,2,3,4,234,Hibernating
177,3,28876.91,2,3,2,232,Hibernating
65,2,20285.79,3,2,2,322,Hibernating
79,1,11026.27,3,1,2,312,Hibernating
40,2,8485.869999999999,4,2,2,422,Potential Loyalist
7,8,226291.86000000002,5,5,5,555,Champion
24,2,93020.45,5,2,4,524,Potential Loyalist
38,4,28425.43,4,4,2,442,Loyal Customer
97,3,103487.2,3,3,5,335,Loyal Customer
22,4,135530.49,5,4,5,545,Champion
190,4,97616.03,1,4,4,144,Hibernating
15,4,23400.33,5,4,2,542,Loyal Customer
169,2,35233.94,2,2,3,223,At Risk
12,3,83770.52,5,3,4,534,Loyal Customer
187,2,40131.39,1,2,3,123,At Risk
77,3,53308.99,3,3,3,333,Loyal Customer
23,7,147543.11,5,5,5,555,Champion
157,1,353.31,2,1,1,211,At Risk
271,1,4599.46,1,1,1,111,At Risk
326,1,47852.07,1,1,3,113,At Risk
169,4,95993.91,2,4,4,244,Hibernating
12,4,38803.15,5,4,3,543,Loyal Customer
90,3,71752.41,3,3,4,334,Loyal Customer
65,5,107176.36,3,5,5,355,Loyal Customer
122,4,92449.86,2,4,4,244,Hibernating
101,3,61387.95,3,3,4,334,Loyal Customer
33,2,31526.79,4,2,3,423,Potential Loyalist
256,2,55806.65,1,2,3,123,At Risk
164,2,12169.17,2,2,2,222,At Risk
31,3,115143.84,4,3,5,435,Loyal Customer
37,4,107576.84,4,4,5,445,Champion
145,3,1668.4499999999998,2,3,1,231,Hibernating
9,3,13522.170000000002,5,3,2,532,Loyal Customer
247,1,381.91,1,1,1,111,At Risk
161,1,398.12,2,1,1,211,At Risk
200,4,77104.23,1,4,4,144,Hibernating
24,2,32939.53,5,2,3,523,Potential Loyalist
95,4,25223.75,3,4,2,342,Loyal Customer
15,3,88080.53,5,3,4,534,Loyal Customer
3,2,15977.67,5,2,2,522,Potential Loyalist
133,2,68870.05,2,2,4,224,At Risk
15,1,44108.6,5,1,3,513,Potential Loyalist
90,2,16068.75,3,2,2,322,Hibernating
49,3,80055.77,4,3,4,434,Loyal Customer
212,2,1030.02,1,2,1,121,At Risk
159,2,13419.03,2,2,2,222,At Risk
95,2,88478.63,3,2,4,324,Hibernating
7,6,1896.11,5,5,1,551,Loyal Customer
59,2,50294.69,4,2,3,423,Potential Loyalist
183,2,8127.48,1,2,2,122,At Risk
172,5,73137.93,2,5,4,254,Hibernating
52,4,172705.0,4,4,5,445,Champion
242,3,117452.4,1,3,5,135,Hibernating
143,4,2076.42,2,4,1,241,Hibernating
149,2,44785.520000000004,2,2,3,223,At Risk
100,4,90412.7,3,4,4,344,Loyal Customer
29,4,135810.7,4,4,5,445,Champion
105,3,3281.33,2,3,1,231,Hibernating
351,1,15991.7,1,1,2,112,At Risk
8,5,167274.09,5,5,5,555,Champion
141,1,28032.52,2,1,2,212,At Risk
297,1,2413.05,1,1,1,111,At Risk
55,4,11857.59,4,4,2,442,Loyal Customer
61,4,166564.95,3,4,5,345,Loyal Customer
334,1,46831.16,1,1,3,113,At Risk
66,3,103624.55,3,3,5,335,Loyal Customer
2,7,20255.170000000002,5,5,2,552,Loyal Customer
63,4,102737.6,3,4,5,345,Loyal Customer
44,3,139467.15000000002,4,3,5,435,Loyal Customer
133,4,8740.0,2,4,2,242,Hibernating
91,4,128244.53,3,4,5,345,Loyal Customer
18,4,35600.56,5,4,3,543,Loyal Customer
63,3,42184.89,3,3,3,333,Loyal Customer
156,2,9394.900000000001,2,2,2,222,At Risk
184,2,28623.3,1,2,2,122,At Risk
366,1,2636.69,1,1,1,111,At Risk
34,3,27559.66,4,3,2,432,Loyal Customer
82,3,1568.44,3,3,1,331,Loyal Customer
55,2,45485.15,4,2,3,423,Potential Loyalist
51,2,7399.32,4,2,2,422,Potential Loyalist
6,3,124828.87,5,3,5,535,Loyal Customer
89,3,55828.31,3,3,3,333,Loyal Customer
7,4,23606.21,5,4,2,542,Loyal Customer
40,3,35498.2,4,3,3,433,Loyal Customer
124,3,116665.34,2,3,5,235,Hibernating
5,5,14115.12,5,5,2,552,Loyal Customer
164,4,101649.99,2,4,5,245,Hibernating
207,2,37016.08,1,2,3,123,At Risk
109,3,111886.38,2,3,5,235,Hibernating
90,1,11016.64,3,1,2,312,Hibernating
169,1,449.83,2,1,1,211,At Risk
26,1,29355.93,5,1,2,512,Potential Loyalist
9,7,208727.43,5,5,5,555,Champion
135,5,125794.76,2,5,5,255,Hibernating
69,6,47733.45,3,5,3,353,Loyal Customer
120,2,67336.84,2,2,4,224,At Risk
9,3,86263.33,5,3,4,534,Loyal Customer
123,4,1772.5700000000002,2,4,1,241,Hibernating
159,7,187718.77,2,5,5,255,Hibernating
234,4,143517.91,1,4,5,145,Hibernating
42,3,143911.68,4,3,5,435,Loyal Customer
128,3,82987.17,2,3,4,234,Hibernating
50,3,96013.72,4,3,4,434,Loyal Customer
12,2,88690.88,5,2,4,524,Potential Loyalist
131,2,91061.97,2,2,4,224,At Risk
105,4,113516.32999999999,2,4,5,245,Hibernating
112,2,26624.96,2,2,2,222,At Risk
72,2,45301.19,3,2,3,323,Hibernating
114,4,84858.26999999999,2,4,4,244,Hibernating
136,2,40600.12,2,2,3,223,At Risk
146,1,34499.58,2,1,3,213,At Risk
86,3,75156.43,3,3,4,334,Loyal Customer
313,2,648.4200000000001,1,2,1,121,At Risk
231,2,52228.57,1,2,3,123,At Risk
47,3,145411.32,4,3,5,435,Loyal Customer
336,1,35012.64,1,1,3,113,At Risk
224,1,34387.89,1,1,3,113,At Risk
167,2,611.8299999999999,2,2,1,221,At Risk
68,5,42438.47,3,5,3,353,Loyal Customer
36,5,134170.61,4,5,5,455,Champion
117,2,35028.85,2,2,3,223,At Risk
19,3,43873.05,5,3,3,533,Loyal Customer
107,3,66388.12,2,3,4,234,Hibernating
8,1,49131.37,5,1,3,513,Potential Loyalist
72,4,85617.12,3,4,4,344,Loyal Customer
168,3,2057.9700000000003,2,3,1,231,Hibernating
168,3,78175.89,2,3,4,234,Hibernating
40,2,816.28,4,2,1,421,Potential Loyalist
101,2,15749.0,3,2,2,322,Hibernating
216,2,20630.22,1,2,2,122,At Risk
184,1,4639.99,1,1,1,111,At Risk
15,3,8186.26,5,3,2,532,Loyal Customer
23,3,63419.14,5,3,4,534,Loyal Customer
69,3,1499.05,3,3,1,331,Loyal Customer
121,4,143282.28,2,4,5,245,Hibernating
193,2,65133.31,1,2,4,124,At Risk
60,2,55285.21,4,2,3,423,Potential Loyalist
366,1,20710.75,1,1,2,112,At Risk
136,2,35444.700000000004,2,2,3,223,At Risk
57,3,82404.73999999999,4,3,4,434,Loyal Customer
147,1,12174.13,2,1,2,212,At Risk
17,2,22937.66,5,2,2,522,Potential Loyalist
25,5,2359.87,5,5,1,551,Loyal Customer
94,3,1710.33,3,3,1,331,Loyal Customer
175,2,10545.05,2,2,2,222,At Risk
43,1,47318.27,4,1,3,413,Potential Loyalist
24,1,28372.66,5,1,2,512,Potential Loyalist
163,1,22547.45,2,1,2,212,At Risk
102,5,134095.46,3,5,5,355,Loyal Customer
153,1,7341.31,2,1,2,212,At Risk
118,3,73742.23,2,3,4,234,Hibernating
115,2,69267.6,2,2,4,224,At Risk
4,3,85309.76999999999,5,3,4,534,Loyal Customer
201,3,92846.94,1,3,4,134,Hibernating
9,3,114544.4,5,3,5,535,Loyal Customer
8,3,100184.66,5,3,4,534,Loyal Customer
75,3,6669.96,3,3,1,331,Loyal Customer
300,2,825.04,1,2,1,121,At Risk
172,3,99537.84,2,3,4,234,Hibernating
146,3,68997.37,2,4,4,244,Hibernating
314,4,59114.1,1,4,3,143,Hibernating
105,2,600.0,2,2,1,221,At Risk
17,6,116498.22,5,5,5,555,Champion
291,2,81598.58,1,2,4,124,At Risk
92,1,17982.98,3,1,2,312,Hibernating
4,4,90866.47,5,4,4,544,Champion
38,3,81290.92,4,4,4,444,Champion
30,3,42736.17,4,4,3,443,Loyal Customer
37,1,8561.45,4,1,2,412,Potential Loyalist
27,1,324.05,4,1,1,411,Potential Loyalist
81,2,813.57,3,2,1,321,Hibernating
17,2,600.0,5,2,1,521,Potential Loyalist
176,1,14020.06,2,1,2,212,At Risk
318,2,74049.76,1,2,4,124,At Risk
19,4,134650.33,5,4,5,545,Champion
4,3,91851.64,5,4,4,544,Champion
228,4,76398.16,1,4,4,144,Hibernating
218,3,67254.36,1,4,4,144,Hibernating
22,2,28565.25,5,2,2,522,Potential Loyalist
15,3,111510.24,5,4,5,545,Champion
196,4,75392.81,1,4,4,144,Hibernating
99,3,51730.020000000004,3,4,3,343,Loyal Customer
111,5,107487.39,2,5,5,255,Hibernating
85,5,106073.25,3,5,5,355,Loyal Customer
67,4,21950.09,3,4,2,342,Loyal Customer
164,3,57229.53,2,4,3,243,Hibernating
76,3,1205.9099999999999,3,4,1,341,Loyal Customer
60,1,11939.27,4,1,2,412,Potential Loyalist
132,3,7827.08,2,4,2,242,Hibernating
67,1,300.0,3,1,1,311,Hibernating
19,3,111647.45999999999,5,4,5,545,Champion
136,3,1635.54,2,4,1,241,Hibernating
43,3,85896.65,4,4,4,444,Champion
114,2,15733.25,2,2,2,222,At Risk
242,2,60659.67,1,2,4,124,At Risk
68,5,103129.75,3,5,5,355,Loyal Customer
90,3,65072.96,3,4,4,344,Loyal Customer
28,5,10140.72,4,5,2,452,Loyal Customer
30,3,1189.85,4,4,1,441,Loyal Customer
99,5,153372.97,3,5,5,355,Loyal Customer
85,4,82547.84,3,4,4,344,Loyal Customer
152,2,43390.67,2,2,3,223,At Risk
141,2,33155.25,2,2,3,223,At Risk
276,2,4726.01,1,2,1,121,At Risk
79,4,112131.64,3,4,5,345,Loyal Customer
113,3,98660.14,2,4,4,244,Hibernating
110,4,101015.34,2,5,4,254,Hibernating
152,3,81445.59000000001,2,4,4,244,Hibernating
210,3,77273.88,1,4,4,144,Hibernating
192,2,36006.02,1,2,3,123,At Risk
144,4,88477.56,2,5,4,254,Hibernating
62,2,732.73,3,2,1,321,Hibernating
30,3,1346.87,4,4,1,441,Loyal Customer
84,1,24555.41,3,1,2,312,Hibernating
70,4,141753.37,3,5,5,355,Loyal Customer
8,6,146118.24,5,5,5,555,Champion
27,4,53177.48,4,5,3,453,Loyal Customer
71,3,1227.33,3,4,1,341,Loyal Customer
42,2,30803.739999999998,4,2,2,422,Potential Loyalist
77,3,61315.2,3,4,4,344,Loyal Customer
58,4,31049.22,4,5,2,452,Loyal Customer
61,4,60513.82,3,5,4,354,Loyal Customer
301,3,24151.31,1,4,2,142,Hibernating
43,2,94412.37,4,2,4,424,Potential Loyalist
8,2,37676.4,5,2,3,523,Potential Loyalist
90,1,10406.36,3,1,2,312,Hibernating
21,5,2184.0,5,5,1,551,Loyal Customer
82,1,632.33,3,1,1,311,Hibernating
52,5,77310.09,4,5,4,454,Champion
312,1,26483.06,1,1,2,112,At Risk
283,1,33218.02,1,1,3,113,At Risk
216,2,860.96,1,2,1,121,At Risk
45,7,14913.259999999998,4,5,2,452,Loyal Customer
151,3,31190.06,2,4,2,242,Hibernating
2,6,3043.57,5,5,1,551,Loyal Customer
6,3,130886.49,5,4,5,545,Champion
170,2,81461.25,2,2,4,224,At Risk
170,1,11759.98,2,1,2,212,At Risk
123,2,79006.9,2,2,4,224,At Risk
46,6,160595.31,4,5,5,455,Champion
234,1,1796.68,1,1,1,111,At Risk
8,2,18959.16,5,2,2,522,Potential Loyalist
213,4,168027.36,1,5,5,155,Hibernating
228,2,18939.85,1,2,2,122,At Risk
18,8,2663.35,5,5,1,551,Loyal Customer
111,5,112297.38,2,5,5,255,Hibernating
161,3,1175.8400000000001,2,4,1,241,Hibernating
120,3,937.5799999999999,2,4,1,241,Hibernating
23,4,116217.16,5,5,5,555,Champion
279,2,8121.6900000000005,1,2,2,122,At Risk
28,2,79538.69,4,2,4,424,Potential Loyalist
110,2,28085.46,2,2,2,222,At Risk
205,3,141792.54,1,4,5,145,Hibernating
4,3,127806.33,5,4,5,545,Champion
39,4,1577.8600000000001,4,5,1,451,Loyal Customer
65,3,145330.23,3,4,5,345,Loyal Customer
59,2,68213.75,4,2,4,424,Potential Loyalist
194,4,1736.27,1,5,1,151,Hibernating
116,4,104547.09,2,5,5,255,Hibernating
221,2,16819.12,1,2,2,122,At Risk
162,2,22691.379999999997,2,2,2,222,At Risk
126,3,58727.51999999999,2,4,3,243,Hibernating
63,2,45003.69,3,2,3,323,Hibernating
148,3,108902.47,2,4,5,245,Hibernating
170,1,37718.53,2,1,3,213,At Risk
81,7,212658.52000000002,3,5,5,355,Loyal Customer
4,1,10455.69,5,1,2,512,Potential Loyalist
3,4,101772.93000000001,5,5,5,555,Champion
42,2,42660.35,4,2,3,423,Potential Loyalist
102,1,13231.61,3,1,2,312,Hibernating
114,6,146562.82,2,5,5,255,Hibernating
90,3,2212.62,3,4,1,341,Loyal Customer
113,3,25609.01,2,4,2,242,Hibernating
131,1,3817.81,2,1,1,211,At Risk
118,3,87946.69,2,4,4,244,Hibernating
88,2,78328.72,3,2,4,324,Hibernating
17,4,87227.34,5,5,4,554,Champion
125,4,15237.33,2,5,2,252,Hibernating
30,2,55033.520000000004,4,2,3,423,Potential Loyalist
120,4,70074.56,2,5,4,254,Hibernating
181,2,5894.9800000000005,1,2,1,121,At Risk
16,3,142365.33000000002,5,4,5,545,Champion
144,1,19335.98,2,1,2,212,At Risk
51,3,84558.38,4,4,4,444,Champion
32,6,50193.16,4,5,3,453,Loyal Customer
65,5,103304.98,3,5,5,355,Loyal Customer
21,3,29037.46,5,4,2,542,Loyal Customer
21,5,39044.43,5,5,3,553,Loyal Customer
327,1,8689.4,1,1,2,112,At Risk
43,2,39657.630000000005,4,2,3,423,Potential Loyalist
108,1,12179.04,2,1,2,212,At Risk
73,9,84159.02,3,5,4,354,Loyal Customer
36,5,105320.13,4,5,5,455,Champion
118,2,21678.01,2,2,2,222,At Risk
36,2,47258.35,4,2,3,423,Potential Loyalist
31,4,92421.31,4,5,4,454,Champion
12,3,66495.82,5,4,4,544,Champion
74,8,229873.22999999998,3,5,5,355,Loyal Customer
106,3,67350.81,2,4,4,244,Hibernating
108,3,22253.29,2,4,2,242,Hibernating
80,4,79433.17000000001,3,5,4,354,Loyal Customer
66,3,72681.13,3,4,4,344,Loyal Customer
23,4,41187.81,5,5,3,553,Loyal Customer
223,2,76085.64,1,2,4,124,At Risk
144,5,100007.44,2,5,4,254,Hibernating
90,3,88755.63,3,4,4,344,Loyal Customer
38,2,50938.69,4,2,3,423,Potential Loyalist
172,2,46600.52,2,2,3,223,At Risk
177,1,38056.77,2,1,3,213,At Risk
228,1,37094.61,1,1,3,113,At Risk
51,2,6350.68,4,2,1,421,Potential Loyalist
162,2,9888.45,2,2,2,222,At Risk
10,5,147582.43,5,5,5,555,Champion
72,2,24507.97,3,2,2,322,Hibernating
7,5,145520.29,5,5,5,555,Champion
23,3,72989.56,5,4,4,544,Champion
188,3,93137.31,1,4,4,144,Hibernating
2,4,147514.26,5,5,5,555,Champion
314,2,82082.39,1,2,4,124,At Risk
33,3,140520.63,4,4,5,445,Champion
70,2,11556.560000000001,3,2,2,322,Hibernating
58,4,82217.61,4,5,4,454,Champion
10,5,115740.37,5,5,5,555,Champion
323,1,588.3,1,1,1,111,At Risk
20,3,127478.67,5,4,5,545,Champion
29,3,38853.619999999995,4,4,3,443,Loyal Customer
350,1,3319.37,1,1,1,111,At Risk
288,1,1616.42,1,1,1,111,At Risk
135,4,88749.67,2,5,4,254,Hibernating
169,5,112953.77,2,5,5,255,Hibernating
140,2,57610.31,2,2,3,223,At Risk
183,3,30278.21,1,4,2,142,Hibernating
86,4,81652.13,3,5,4,354,Loyal Customer
31,3,43519.2,4,4,3,443,Loyal Customer
122,1,8579.4,2,1,2,212,At Risk
25,2,73966.09,5,2,4,524,Potential Loyalist
45,3,11213.0,4,4,2,442,Loyal Customer
103,1,21705.76,3,1,2,312,Hibernating
82,5,43501.91,3,5,3,353,Loyal Customer
6,3,79298.67,5,4,4,544,Champion
54,3,120280.47,4,4,5,445,Champion
81,2,55016.380000000005,3,2,3,323,Hibernating
54,7,15518.96,4,5,2,452,Loyal Customer
86,4,125938.33,3,5,5,355,Loyal Customer
283,1,11459.0,1,1,2,112,At Risk
108,5,189575.01,2,5,5,255,Hibernating
186,2,51469.060000000005,1,2,3,123,At Risk
32,2,20017.19,4,2,2,422,Potential Loyalist
283,3,95171.76,1,4,4,144,Hibernating
36,3,130880.01,4,4,5,445,Champion
87,2,42161.84,3,2,3,323,Hibernating
103,2,36093.229999999996,3,2,3,323,Hibernating
104,3,41783.72,3,4,3,343,Loyal Customer
103,6,43027.31,3,5,3,353,Loyal Customer
114,4,76677.85,2,5,4,254,Hibernating
200,2,29636.22,1,2,2,122,At Risk
134,6,113996.59,2,5,5,255,Hibernating
81,3,80923.88,3,4,4,344,Loyal Customer
119,3,87548.7,2,4,4,244,Hibernating
44,2,796.88,4,2,1,421,Potential Loyalist
277,1,23459.6,1,1,2,112,At Risk
324,1,3865.5,1,1,1,111,At Risk
67,5,148715.35,3,5,5,355,Loyal Customer
108,3,93407.97,2,4,4,244,Hibernating
165,2,66845.81,2,2,4,224,At Risk
13,3,96995.23000000001,5,4,4,544,Champion
70,4,96946.65,3,5,4,354,Loyal Customer
59,4,11159.63,4,5,2,452,Loyal Customer
313,3,21313.48,1,4,2,142,Hibernating
3,2,37573.25,5,2,3,523,Potential Loyalist
192,1,12894.02,1,1,2,112,At Risk
211,4,1590.31,1,5,1,151,Hibernating
89,3,44612.19,3,4,3,343,Loyal Customer
37,4,96256.36,4,5,4,454,Champion
19,5,29536.4,5,5,2,552,Loyal Customer
113,1,300.0,2,1,1,211,At Risk
208,2,54535.0,1,2,3,123,At Risk
170,3,1082.57,2,4,1,241,Hibernating
74,3,61325.03,3,4,4,344,Loyal Customer
186,2,6085.02,1,2,1,121,At Risk
23,3,1377.81,5,4,1,541,Loyal Customer
145,3,22566.81,2,4,2,242,Hibernating
54,3,1033.33,4,4,1,441,Loyal Customer
13,3,12789.39,5,4,2,542,Loyal Customer
22,3,39324.149999999994,5,4,3,543,Loyal Customer
312,1,39554.27,1,1,3,113,At Risk
71,1,10955.02,3,1,2,312,Hibernating
289,3,1308.47,1,4,1,141,Hibernating
166,2,35591.979999999996,2,2,3,223,At Risk
65,5,148792.46,3,5,5,355,Loyal Customer
34,3,65681.88,4,4,4,444,Champion
48,3,63899.97,4,4,4,444,Champion
150,1,337.78,2,1,1,211,At Risk
141,2,42987.16,2,2,3,223,At Risk
16,1,18372.2,5,1,2,512,Potential Loyalist
8,3,142927.83000000002,5,4,5,545,Champion
72,5,2011.3200000000002,3,5,1,351,Loyal Customer
180,2,762.3299999999999,1,2,1,121,At Risk
116,4,83068.7,2,5,4,254,Hibernating
78,3,1179.23,3,4,1,341,Loyal Customer
161,2,34435.55,2,2,3,223,At Risk
236,2,47932.9,1,2,3,123,At Risk
325,1,19404.08,1,1,2,112,At Risk
214,1,11119.6,1,1,2,112,At Risk
33,2,8000.84,4,2,2,422,Potential Loyalist
50,3,140550.81,4,4,5,445,Champion
50,4,91090.6,4,5,4,454,Champion
97,2,644.19,3,2,1,321,Hibernating
10,3,133033.47,5,4,5,545,Champion
196,2,52830.399999999994,1,2,3,123,At Risk
145,3,82820.35,2,4,4,244,Hibernating
71,4,132479.68,3,5,5,355,Loyal Customer
102,2,792.14,3,2,1,321,Hibernating
239,2,600.0,1,2,1,121,At Risk
136,4,52662.75,2,5,3,253,Hibernating
24,6,87354.79,5,5,4,554,Champion
33,5,75756.58,4,5,4,454,Champion
43,5,50650.899999999994,4,5,3,453,Loyal Customer
74,4,82995.35,3,5,4,354,Loyal Customer
183,2,4026.6499999999996,1,2,1,121,At Risk
83,4,93623.43000000001,3,5,4,354,Loyal Customer
16,3,119452.66,5,4,5,545,Champion
95,2,18093.58,3,2,2,322,Hibernating
13,5,24175.82,5,5,2,552,Loyal Customer
56,4,71756.85,4,5,4,454,Champion
59,2,6228.98,4,2,1,421,Potential Loyalist
40,4,69339.13,4,5,4,454,Champion
24,4,81241.15,5,5,4,554,Champion
151,2,10696.52,2,2,2,222,At Risk
112,2,3278.15,2,2,1,221,At Risk
251,2,600.0,1,2,1,121,At Risk
35,4,38430.82,4,5,3,453,Loyal Customer
10,3,129286.65000000001,5,4,5,545,Champion
36,4,1484.01,4,5,1,451,Loyal Customer
34,1,8377.98,4,1,2,412,Potential Loyalist
240,1,3050.38,1,1,1,111,At Risk
108,3,1879.3500000000001,2,4,1,241,Hibernating
99,3,38392.479999999996,3,4,3,343,Loyal Customer
4,5,2070.69,5,5,1,551,Loyal Customer
66,1,6965.86,3,1,1,311,Hibernating
138,3,5131.79,2,4,1,241,Hibernating
170,2,3219.92,2,2,1,221,At Risk
55,8,175486.15,4,5,5,455,Champion
80,4,32882.37,3,5,3,353,Loyal Customer
39,4,33824.26,4,5,3,453,Loyal Customer
15,5,184586.33,5,5,5,555,Champion
20,5,196505.28,5,5,5,555,Champion
19,3,146106.63,5,4,5,545,Champion
160,3,14373.06,2,4,2,242,Hibernating
143,6,135399.69,2,5,5,255,Hibernating
47,1,4867.66,4,1,1,411,Potential Loyalist
23,5,9567.919999999998,5,5,2,552,Loyal Customer
105,7,50987.59,2,5,3,253,Hibernating
54,4,61331.76,4,5,4,454,Champion
5,2,88131.59,5,2,4,524,Potential Loyalist
44,4,81658.37,4,5,4,454,Champion
47,2,57695.520000000004,4,2,3,423,Potential Loyalist
44,3,32802.62,4,4,3,443,Loyal Customer
108,3,111654.72,2,4,5,245,Hibernating
128,3,1415.75,2,4,1,241,Hibernating
187,3,70985.78,1,4,4,144,Hibernating
225,3,73450.5,1,4,4,144,Hibernating
136,5,27275.74,2,5,2,252,Hibernating
33,4,13297.31,4,5,2,452,Loyal Customer
45,2,58376.020000000004,4,2,3,423,Potential Loyalist
53,2,26016.3,4,2,2,422,Potential Loyalist
201,2,13028.33,1,2,2,122,At Risk
143,3,95203.97,2,4,4,244,Hibernating
188,3,24197.47,1,4,2,142,Hibernating
235,3,104727.41,1,4,5,145,Hibernating
199,3,99468.17,1,4,4,144,Hibernating
258,1,17932.82,1,1,2,112,At Risk
190,1,31423.92,1,1,3,113,At Risk
95,4,56691.04,3,5,3,353,Loyal Customer
318,1,18487.56,1,1,2,112,At Risk
135,3,49023.630000000005,2,4,3,243,Hibernating
66,2,78671.52,3,2,4,324,Hibernating
71,2,14371.630000000001,3,2,2,322,Hibernating
140,1,349.6,2,1,1,211,At Risk
57,3,119215.5,4,4,5,445,Champion
24,2,600.0,5,2,1,521,Potential Loyalist
24,7,112739.87,5,5,5,555,Champion
2,3,2204.37,5,4,1,541,Loyal Customer
313,1,45462.14,1,1,3,113,At Risk
280,1,19360.33,1,1,2,112,At Risk
6,5,1680.22,5,5,1,551,Loyal Customer
20,2,13706.119999999999,5,2,2,522,Potential Loyalist
142,4,36759.52,2,5,3,253,Hibernating
93,3,2148.5099999999998,3,4,1,341,Loyal Customer
2,5,145385.87,5,5,5,555,Champion
36,4,46328.14,4,5,3,453,Loyal Customer
111,1,853.83,2,1,1,211,At Risk
64,3,61130.31,3,4,4,344,Loyal Customer
20,4,1381.48,5,5,1,551,Loyal Customer
39,2,38249.6,4,2,3,423,Potential Loyalist
111,1,43262.75,2,1,3,213,At Risk
45,4,50354.27,4,5,3,453,Loyal Customer
325,1,300.0,1,1,1,111,At Risk
85,3,83240.47,3,4,4,344,Loyal Customer
60,4,29215.85,4,5,2,452,Loyal Customer
51,3,80017.6,4,4,4,444,Champion
240,1,300.0,1,1,1,111,At Risk
29,2,46527.3,4,2,3,423,Potential Loyalist
8,6,138370.21000000002,5,5,5,555,Champion
74,3,140881.23,3,4,5,345,Loyal Customer
47,2,73505.36,4,2,4,424,Potential Loyalist
72,6,132414.8,3,5,5,355,Loyal Customer
209,1,9307.56,1,1,2,112,At Risk
253,1,718.35,1,1,1,111,At Risk
240,2,11155.56,1,2,2,122,At Risk
138,4,131296.49,2,5,5,255,Hibernating
6,3,91236.49,5,4,4,544,Champion
93,3,102393.25,3,4,5,345,Loyal Customer
6,2,67755.32,5,2,4,524,Potential Loyalist
196,2,18097.41,1,2,2,122,At Risk
15,4,79680.56,5,5,4,554,Champion
207,1,1946.48,1,1,1,111,At Risk
48,7,193393.11,4,5,5,455,Champion
5,4,80456.31,5,5,4,554,Champion
10,5,110294.85,5,5,5,555,Champion
38,3,1289.68,4,4,1,441,Loyal Customer
35,3,45982.759999999995,4,4,3,443,Loyal Customer
80,5,1895.8200000000002,3,5,1,351,Loyal Customer
266,1,21152.73,1,1,2,112,At Risk
5,3,42986.01,5,4,3,543,Loyal Customer
116,3,71780.95,2,4,4,244,Hibernating
106,3,114792.51000000001,2,4,5,245,Hibernating
353,2,47530.689999999995,1,2,3,123,At Risk
78,4,35251.23,3,5,3,353,Loyal Customer
98,2,683.78,3,2,1,321,Hibernating
4,3,67709.43,5,4,4,544,Champion
26,4,1526.97,5,5,1,551,Loyal Customer
5,6,147838.91,5,5,5,555,Champion
35,4,127224.0,4,5,5,455,Champion
35,6,2204.62,4,5,1,451,Loyal Customer
44,5,155396.43,4,5,5,455,Champion
4,2,52135.06,5,2,3,523,Potential Loyalist
89,4,73847.85,3,5,4,354,Loyal Customer
159,2,33824.54,2,2,3,223,At Risk
36,3,30836.55,4,4,2,442,Loyal Customer
27,1,41185.11,4,1,3,413,Potential Loyalist
49,2,90896.86,4,2,4,424,Potential Loyalist
3,3,77586.22,5,4,4,544,Champion
198,2,806.87,1,2,1,121,At Risk
164,5,163132.37,2,5,5,255,Hibernating
76,2,65184.09,3,2,4,324,Hibernating
160,2,3910.1099999999997,2,2,1,221,At Risk
45,2,26142.159999999996,4,2,2,422,Potential Loyalist
15,2,18988.79,5,2,2,522,Potential Loyalist
232,2,69518.63,1,2,4,124,At Risk
197,2,830.31,1,2,1,121,At Risk
149,2,83474.01,2,2,4,224,At Risk
137,3,96266.96,2,4,4,244,Hibernating
75,4,13755.18,3,5,2,352,Loyal Customer
107,4,114164.51000000001,2,5,5,255,Hibernating
140,2,41591.15,2,2,3,223,At Risk
3,3,97038.48,5,4,4,544,Champion
268,1,45623.0,1,1,3,113,At Risk
26,2,81947.16,5,2,4,524,Potential Loyalist
121,1,22947.04,2,1,2,212,At Risk
6,4,126112.41,5,5,5,555,Champion
300,1,300.0,1,1,1,111,At Risk
6,3,133633.71,5,4,5,545,Champion
53,2,18348.4,4,2,2,422,Potential Loyalist
38,3,18078.35,4,4,2,442,Loyal Customer
121,5,102867.81,2,5,5,255,Hibernating
105,3,2102.8,2,4,1,241,Hibernating
11,3,140391.59999999998,5,4,5,545,Champion
45,4,15141.91,4,5,2,452,Loyal Customer
1,4,72535.29999999999,5,5,4,554,Champion
87,3,57324.99,3,4,3,343,Loyal Customer
116,4,58900.92,2,5,3,253,Hibernating
81,3,119886.59,3,4,5,345,Loyal Customer
7,3,65918.39,5,4,4,544,Champion
107,2,1056.01,2,2,1,221,At Risk
3,3,43693.2,5,4,3,543,Loyal Customer
22,3,135634.38,5,4,5,545,Champion
42,7,165001.38,4,5,5,455,Champion
122,5,146725.2,2,5,5,255,Hibernating
5,4,111496.62,5,5,5,555,Champion
186,3,89536.47,1,4,4,144,Hibernating
15,4,115418.87,5,5,5,555,Champion
200,5,37192.96,1,5,3,153,Hibernating
65,7,186525.1,3,5,5,355,Loyal Customer
73,2,48564.34,3,2,3,323,Hibernating
217,1,45196.05,1,1,3,113,At Risk
3,4,77612.06,5,5,4,554,Champion
61,3,78847.68,3,4,4,344,Loyal Customer
4,2,78955.70999999999,5,2,4,524,Potential Loyalist
28,3,8610.25,4,4,2,442,Loyal Customer
268,1,8849.9,1,1,2,112,At Risk
16,6,124408.13,5,5,5,555,Champion
228,1,418.4,1,1,1,111,At Risk
30,3,29471.89,4,4,2,442,Loyal Customer
249,2,2296.7,1,2,1,121,At Risk
71,5,34484.9,3,5,3,353,Loyal Customer
22,3,946.2,5,4,1,541,Loyal Customer
53,2,10212.01,4,2,2,422,Potential Loyalist
76,3,89424.28000000001,3,4,4,344,Loyal Customer
83,3,14797.77,3,4,2,342,Loyal Customer
196,1,39975.06,1,1,3,113,At Risk
6,3,98620.47,5,4,4,544,Champion
259,1,17820.77,1,1,2,112,At Risk
30,2,6047.05,4,2,1,421,Potential Loyalist
56,3,75282.05,4,4,4,444,Champion
3,8,230471.04,5,5,5,555,Champion
190,1,12219.06,1,1,2,112,At Risk
234,4,145891.69,1,5,5,155,Hibernating
362,1,48925.54,1,1,3,113,At Risk
221,1,3305.87,1,1,1,111,At Risk
68,2,72751.13,3,2,4,324,Hibernating
13,2,38149.44,5,2,3,523,Potential Loyalist
255,2,24567.59,1,2,2,122,At Risk
166,4,144401.91,2,5,5,255,Hibernating
39,6,198059.55,4,5,5,455,Champion
38,1,38799.16,4,1,3,413,Potential Loyalist
156,2,89645.4,2,2,4,224,At Risk
11,6,201923.53,5,5,5,555,Champion
52,8,188698.21,4,5,5,455,Champion
49,4,31713.08,4,5,3,453,Loyal Customer
122,2,30237.28,2,2,2,222,At Risk
3,2,38550.34,5,2,3,523,Potential Loyalist
32,6,150197.8,4,5,5,455,Champion
44,6,187098.68,4,5,5,455,Champion
293,2,55655.62,1,2,3,123,At Risk
27,5,108411.97,4,5,5,455,Champion
14,3,93673.81,5,4,4,544,Champion
165,3,6052.87,2,4,1,241,Hibernating
3,1,6004.74,5,1,1,511,Potential Loyalist
149,3,47079.009999999995,2,4,3,243,Hibernating
103,3,67538.05,3,4,4,344,Loyal Customer
222,3,46387.259999999995,1,4,3,143,Hibernating
3,3,147386.97,5,4,5,545,Champion
7,3,145754.25,5,4,5,545,Champion
289,1,31609.57,1,1,3,113,At Risk
107,6,182030.57,2,5,5,255,Hibernating
247,4,1792.22,1,5,1,151,Hibernating
166,5,97071.22,2,5,4,254,Hibernating
20,3,139083.66,5,4,5,545,Champion
10,6,15545.23,5,5,2,552,Loyal Customer
4,5,2583.11,5,5,1,551,Loyal Customer
52,3,137548.59,4,4,5,445,Champion
245,3,43384.7,1,4,3,143,Hibernating
105,2,83661.41,2,2,4,224,At Risk
169,3,77547.95999999999,2,4,4,244,Hibernating
48,7,163244.98,4,5,5,455,Champion
5,3,143642.09999999998,5,4,5,545,Champion
103,3,75283.48000000001,3,4,4,344,Loyal Customer
106,3,19282.730000000003,2,4,2,242,Hibernating
92,2,57389.45,3,2,3,323,Hibernating
160,1,10225.64,2,1,2,212,At Risk
185,1,1240.76,1,1,1,111,At Risk
3,2,49297.21,5,2,3,523,Potential Loyalist
103,1,27309.63,3,1,2,312,Hibernating
13,7,2701.49,5,5,1,551,Loyal Customer
4,5,45312.61,5,5,3,553,Loyal Customer
122,2,861.8699999999999,2,2,1,221,At Risk
334,1,5402.16,1,1,1,111,At Risk
230,1,29077.96,1,1,2,112,At Risk
19,3,39227.399999999994,5,4,3,543,Loyal Customer
254,2,49991.5,1,2,3,123,At Risk
51,5,107963.8,4,5,5,455,Champion
147,2,49643.97,2,2,3,223,At Risk
3,3,79307.59,5,4,4,544,Champion
163,3,1223.54,2,4,1,241,Hibernating
3,2,41775.490000000005,5,2,3,523,Potential Loyalist
6,3,30255.9,5,4,2,542,Loyal Customer
71,3,51723.490000000005,3,4,3,343,Loyal Customer
86,6,2405.77,3,5,1,351,Loyal Customer
71,2,29015.300000000003,3,2,2,322,Hibernating
74,3,27849.39,3,4,2,342,Loyal Customer
58,3,85118.64,4,4,4,444,Champion
36,2,71892.03,4,2,4,424,Potential Loyalist
175,2,40437.08,2,2,3,223,At Risk
303,2,20661.36,1,2,2,122,At Risk
4,2,773.44,5,2,1,521,Potential Loyalist
113,3,84002.67,2,4,4,244,Hibernating
7,3,16209.25,5,4,2,542,Loyal Customer
213,4,37836.79,1,5,3,153,Hibernating
13,3,130522.88999999998,5,4,5,545,Champion
25,4,145805.46,5,5,5,555,Champion
123,5,143244.88,2,5,5,255,Hibernating
237,2,94552.11,1,2,4,124,At Risk
233,1,26713.12,1,1,2,112,At Risk
220,3,1017.04,1,4,1,141,Hibernating
206,3,114800.64,1,4,5,145,Hibernating
78,1,28083.97,3,1,2,312,Hibernating
61,6,139855.58,3,5,5,355,Loyal Customer
21,2,44850.67,5,2,3,523,Potential Loyalist
51,3,54463.49,4,4,3,443,Loyal Customer
121,1,326.32,2,1,1,211,At Risk
24,5,39447.07,5,5,3,553,Loyal Customer
168,2,13236.48,2,2,2,222,At Risk
53,3,51350.7,4,4,3,443,Loyal Customer
8,4,93616.15,5,5,4,554,Champion
57,3,11513.18,4,4,2,442,Loyal Customer
194,3,40799.86,1,4,3,143,Hibernating
19,3,40030.08,5,4,3,543,Loyal Customer
121,3,124478.62,2,4,5,245,Hibernating
286,2,685.12,1,2,1,121,At Risk
114,1,36828.47,2,1,3,213,At Risk
36,5,48204.72,4,5,3,453,Loyal Customer
234,3,75327.09,1,4,4,144,Hibernating
131,3,1161.1100000000001,2,4,1,241,Hibernating
122,3,119133.45999999999,2,4,5,245,Hibernating
192,5,36405.979999999996,1,5,3,153,Hibernating
219,2,4664.89,1,2,1,121,At Risk
8,3,148837.23,5,4,5,545,Champion
60,3,64985.33,4,4,4,444,Champion
305,2,79095.43,1,2,4,124,At Risk
81,5,167808.84,3,5,5,355,Loyal Customer
225,1,12449.77,1,1,2,112,At Risk
3,2,20797.960000000003,5,2,2,522,Potential Loyalist
79,4,34411.55,3,5,3,353,Loyal Customer
15,4,22028.56,5,5,2,552,Loyal Customer
186,3,1105.58,1,4,1,141,Hibernating
77,4,129615.94,3,5,5,355,Loyal Customer
207,2,52757.159999999996,1,2,3,123,At Risk
334,1,3023.0,1,1,1,111,At Risk
298,2,15555.2,1,2,2,122,At Risk
123,7,187235.29,2,5,5,255,Hibernating
153,5,44875.09,2,5,3,253,Hibernating
239,2,38049.78,1,2,3,123,At Risk
135,3,1211.5500000000002,2,4,1,241,Hibernating
184,3,15951.92,1,4,2,142,Hibernating
29,3,149799.59999999998,4,4,5,445,Champion
44,2,17685.81,4,2,2,422,Potential Loyalist
14,6,21616.29,5,5,2,552,Loyal Customer
129,1,10162.78,2,1,2,212,At Risk
69,2,6994.59,3,2,1,321,Hibernating
66,2,76527.51000000001,3,2,4,324,Hibernating
78,3,122391.98000000001,3,4,5,345,Loyal Customer
69,2,45123.72,3,2,3,323,Hibernating
101,5,126813.27,3,5,5,355,Loyal Customer
124,3,66229.7,2,4,4,244,Hibernating
7,3,148592.09999999998,5,4,5,545,Champion
42,3,144688.29,4,4,5,445,Champion
125,3,33623.76,2,4,3,243,Hibernating
351,1,311.25,1,1,1,111,At Risk
2,2,79393.95999999999,5,2,4,524,Potential Loyalist
64,5,95925.84999999999,3,5,4,354,Loyal Customer
43,8,191979.03,4,5,5,455,Champion
3,4,8743.560000000001,5,5,2,552,Loyal Customer
139,5,33730.84,2,5,3,253,Hibernating
292,1,37818.07,1,1,3,113,At Risk
12,5,146864.13,5,5,5,555,Champion
259,2,7146.99,1,2,1,121,At Risk
138,3,18564.059999999998,2,4,2,242,Hibernating
118,6,38380.11,2,5,3,253,Hibernating
32,3,86646.04000000001,4,4,4,444,Champion
142,3,54266.94,2,4,3,243,Hibernating
26,6,88555.68999999999,5,5,4,554,Champion
18,2,39539.65,5,2,3,523,Potential Loyalist
2,2,37412.24,5,2,3,523,Potential Loyalist
34,2,629.35,4,2,1,421,Potential Loyalist
15,5,42621.65,5,5,3,553,Loyal Customer
33,4,104700.66,4,5,5,455,Champion
5,5,146009.05,5,5,5,555,Champion
37,4,121910.62,4,5,5,455,Champion
74,3,138159.51,3,4,5,345,Loyal Customer
5,3,5149.5599999999995,5,4,1,541,Loyal Customer
87,2,7961.119999999999,3,2,2,322,Hibernating
3,6,1832.0900000000001,5,5,1,551,Loyal Customer
129,1,41820.64,2,1,3,213,At Risk
27,5,160004.95,4,5,5,455,Champion
57,4,116369.02,4,5,5,455,Champion
199,4,43367.0,1,5,3,153,Hibernating
14,3,143106.63,5,4,5,545,Champion
112,2,9399.630000000001,2,2,2,222,At Risk
19,3,137167.68,5,4,5,545,Champion
59,3,147534.96,4,4,5,445,Champion
41,2,79862.57,4,2,4,424,Potential Loyalist
92,3,108035.67,3,4,5,345,Loyal Customer
73,5,110357.59,3,5,5,355,Loyal Customer
51,5,1591.69,4,5,1,451,Loyal Customer
297,1,24369.25,1,1,2,112,At Risk
36,2,47326.62,4,2,3,423,Potential Loyalist
206,2,39902.14,1,2,3,123,At Risk
64,3,66953.35,3,4,4,344,Loyal Customer
8,3,147225.72,5,4,5,545,Champion
16,3,55491.65,5,4,3,543,Loyal Customer
98,3,108609.48999999999,3,4,5,345,Loyal Customer
152,2,79750.54000000001,2,2,4,224,At Risk
16,3,44648.19,5,4,3,543,Loyal Customer
63,2,83934.65,3,2,4,324,Hibernating
56,3,72635.73000000001,4,4,4,444,Champion
115,1,575.55,2,1,1,211,At Risk
4,2,44190.36,5,2,3,523,Potential Loyalist
229,2,5592.66,1,2,1,121,At Risk
18,5,1813.92,5,5,1,551,Loyal Customer
146,3,1063.63,2,4,1,241,Hibernating
15,4,175535.56,5,5,5,555,Champion
20,2,49803.86,5,2,3,523,Potential Loyalist
14,3,70731.82,5,4,4,544,Champion
340,1,30460.83,1,1,2,112,At Risk
57,3,59785.03,4,4,4,444,Champion
157,3,90966.70999999999,2,4,4,244,Hibernating
114,4,1507.73,2,5,1,251,Hibernating
22,4,94111.41,5,5,4,554,Champion
15,1,19753.27,5,1,2,512,Potential Loyalist
23,4,79120.38,5,5,4,554,Champion
149,3,900.0,2,4,1,241,Hibernating
81,5,79832.79000000001,3,5,4,354,Loyal Customer
157,3,1479.03,2,4,1,241,Hibernating
60,4,10166.66,4,5,2,452,Loyal Customer
39,2,74336.54999999999,4,2,4,424,Potential Loyalist
87,2,7660.32,3,2,2,322,Hibernating
352,1,33734.9,1,1,3,113,At Risk
111,2,46188.96000000001,2,2,3,223,At Risk
66,2,69498.65,3,2,4,324,Hibernating
135,2,47150.39,2,2,3,223,At Risk
240,3,986.33,1,4,1,141,Hibernating
21,2,815.97,5,2,1,521,Potential Loyalist
255,1,15130.49,1,1,2,112,At Risk
29,2,50546.619999999995,4,2,3,423,Potential Loyalist
63,6,149252.76,3,5,5,355,Loyal Customer
220,3,2087.82,1,4,1,141,Hibernating
185,3,98097.1,1,4,4,144,Hibernating
259,2,830.27,1,2,1,121,At Risk
105,3,63241.87,2,4,4,244,Hibernating
242,3,1157.92,1,4,1,141,Hibernating
99,3,1763.46,3,4,1,341,Loyal Customer
42,5,116525.23,4,5,5,455,Champion
139,2,59756.36,2,2,4,224,At Risk
177,2,51545.46,2,2,3,223,At Risk
134,2,43764.47,2,2,3,223,At Risk
21,3,33107.17,5,4,3,543,Loyal Customer
14,4,84282.51,5,5,4,554,Champion
5,3,107453.22,5,4,5,545,Champion
118,4,72292.4,2,5,4,254,Hibernating
24,3,142498.74,5,4,5,545,Champion
101,2,70906.95000000001,3,2,4,324,Hibernating
29,3,44216.04,4,4,3,443,Loyal Customer
97,5,11154.63,3,5,2,352,Loyal Customer
15,3,74345.83,5,4,4,544,Champion
64,2,36933.97,3,2,3,323,Hibernating
60,2,31972.230000000003,4,2,3,423,Potential Loyalist
44,4,5279.629999999999,4,5,1,451,Loyal Customer
122,4,94886.72,2,5,4,254,Hibernating
6,3,148415.04,5,4,5,545,Champion
7,3,145106.66999999998,5,4,5,545,Champion
76,2,52832.54,3,2,3,323,Hibernating
257,1,37531.53,1,1,3,113,At Risk
157,3,3545.33,2,4,1,241,Hibernating
70,3,900.0,3,4,1,341,Loyal Customer
125,2,6717.030000000001,2,2,1,221,At Risk
53,3,79040.56,4,4,4,444,Champion
96,1,6498.07,3,1,1,311,Hibernating
75,5,1806.76,3,5,1,351,Loyal Customer
57,5,32363.69,4,5,3,453,Loyal Customer
257,4,142573.38999999998,1,5,5,155,Hibernating
32,4,22334.3,4,5,2,452,Loyal Customer
1,4,116866.4,5,5,5,555,Champion
93,3,94371.29999999999,3,4,4,344,Loyal Customer
38,3,69681.86,4,4,4,444,Champion
240,1,27191.51,1,1,2,112,At Risk
38,3,146266.02,4,4,5,445,Champion
65,1,11585.35,3,1,2,312,Hibernating
85,6,124846.95,3,5,5,355,Loyal Customer
255,3,28253.600000000002,1,4,2,142,Hibernating
175,3,104947.66,2,4,5,245,Hibernating
15,4,90951.57,5,5,4,554,Champion
152,1,12688.45,2,1,2,212,At Risk
34,3,42255.78,4,4,3,443,Loyal Customer
80,5,95048.20999999999,3,5,4,354,Loyal Customer
44,2,669.55,4,2,1,421,Potential Loyalist
197,3,1773.27,1,4,1,141,Hibernating
147,1,14169.84,2,1,2,212,At Risk
234,4,94484.71,1,5,4,154,Hibernating
66,4,70989.07,3,5,4,354,Loyal Customer
144,2,9198.619999999999,2,2,2,222,At Risk
229,2,724.77,1,2,1,121,At Risk
83,3,29247.690000000002,3,4,2,342,Loyal Customer
55,3,85146.58,4,4,4,444,Champion
195,3,6934.0,1,4,1,141,Hibernating
54,2,742.1600000000001,4,2,1,421,Potential Loyalist
10,2,79453.66,5,2,4,524,Potential Loyalist
35,3,142363.59,4,4,5,445,Champion
162,2,62962.43,2,2,4,224,At Risk
104,3,48372.03,3,4,3,343,Loyal Customer
49,3,52205.07,4,4,3,443,Loyal Customer
11,4,94330.35,5,5,4,554,Champion
16,3,122033.49,5,4,5,545,Champion
279,2,68420.39,1,2,4,124,At Risk
43,3,113184.15,4,4,5,445,Champion
9,3,143791.2,5,4,5,545,Champion
315,2,82204.73999999999,1,2,4,124,At Risk
112,2,20190.11,2,2,2,222,At Risk
89,4,1659.51,3,5,1,351,Loyal Customer
6,4,1200.0,5,5,1,551,Loyal Customer
137,3,999.54,2,4,1,241,Hibernating
168,3,49218.2,2,4,3,243,Hibernating
147,2,28409.59,2,2,2,222,At Risk
136,7,197788.36,2,5,5,255,Hibernating
107,4,157076.83,2,5,5,255,Hibernating
125,2,44234.51,2,2,3,223,At Risk
144,3,16310.75,2,4,2,242,Hibernating
214,1,11734.72,1,1,2,112,At Risk
20,3,126450.12,5,4,5,545,Champion
34,3,30487.579999999998,4,4,2,442,Loyal Customer
56,2,75349.39,4,2,4,424,Potential Loyalist
10,3,97859.12,5,4,4,544,Champion
336,2,64716.16,1,2,4,124,At Risk
10,9,245891.17,5,5,5,555,Champion
172,2,74404.20999999999,2,2,4,224,At Risk
295,2,914.3,1,2,1,121,At Risk
92,3,87411.76000000001,3,4,4,344,Loyal Customer
48,5,45608.14,4,5,3,453,Loyal Customer
12,3,92564.54999999999,5,4,4,544,Champion
198,2,14888.98,1,2,2,122,At Risk
96,4,97246.98999999999,3,5,4,354,Loyal Customer
77,3,40738.17,3,4,3,343,Loyal Customer
339,2,68912.23,1,2,4,124,At Risk
104,4,112041.07999999999,3,5,5,355,Loyal Customer
21,4,33679.92,5,5,3,553,Loyal Customer
118,5,36110.3,2,5,3,253,Hibernating
18,5,2141.96,5,5,1,551,Loyal Customer
203,4,1360.1,1,5,1,151,Hibernating
106,3,60131.240000000005,2,4,4,244,Hibernating
16,4,11193.1,5,5,2,552,Loyal Customer
177,2,33632.159999999996,2,2,3,223,At Risk
53,2,87919.25,4,2,4,424,Potential Loyalist
198,1,40017.87,1,1,3,113,At Risk
338,1,37955.79,1,1,3,113,At Risk
112,3,63737.479999999996,2,4,4,244,Hibernating
174,1,24828.2,2,1,2,212,At Risk
163,2,12421.0,2,2,2,222,At Risk
299,2,53096.23,1,2,3,123,At Risk
27,6,102260.01,4,5,5,455,Champion
122,5,167542.65,2,5,5,255,Hibernating
30,3,76007.39,4,4,4,444,Champion
197,3,58575.2,1,4,3,143,Hibernating
8,2,44271.29,5,2,3,523,Potential Loyalist
12,2,57364.22,5,2,3,523,Potential Loyalist
260,3,105412.93,1,4,5,145,Hibernating
105,4,1371.48,2,5,1,251,Hibernating
158,2,3456.26,2,2,1,221,At Risk
221,2,608.25,1,2,1,121,At Risk
9,3,116576.31,5,4,5,545,Champion
15,8,75800.35,5,5,4,554,Champion
180,1,41564.62,1,1,3,113,At Risk
271,2,70257.92,1,2,4,124,At Risk
140,2,904.75,2,2,1,221,At Risk
194,5,47442.27,1,5,3,153,Hibernating
176,2,55929.96,2,2,3,223,At Risk
153,3,46307.94,2,4,3,243,Hibernating
41,3,6383.02,4,4,1,441,Loyal Customer
52,8,192462.36,4,5,5,455,Champion
15,4,1563.24,5,5,1,551,Loyal Customer
9,3,58235.17,5,4,3,543,Loyal Customer
36,5,105376.81999999999,4,5,5,455,Champion
127,2,12207.16,2,2,2,222,At Risk
161,2,52862.0,2,2,3,223,At Risk
346,1,4335.9,1,1,1,111,At Risk
58,3,73141.03,4,4,4,444,Champion
30,3,77140.34999999999,4,4,4,444,Champion
202,3,90416.66,1,4,4,144,Hibernating
67,2,96989.73000000001,3,2,4,324,Hibernating
36,3,115233.89000000001,4,4,5,445,Champion
76,4,81103.32,3,5,4,354,Loyal Customer
124,1,2490.94,2,1,1,211,At Risk
21,3,138949.32,5,4,5,545,Champion
34,4,103893.2,4,5,5,455,Champion
69,3,64994.68000000001,3,4,4,344,Loyal Customer
303,1,18009.57,1,1,2,112,At Risk
6,4,65391.74,5,5,4,554,Champion
63,3,80947.33,3,4,4,344,Loyal Customer
111,3,900.0,2,4,1,241,Hibernating
37,3,78904.24,4,4,4,444,Champion
85,4,165400.74,3,5,5,355,Loyal Customer
91,1,300.0,3,1,1,311,Hibernating
38,1,28505.17,4,1,2,412,Potential Loyalist
44,4,35767.13,4,5,3,453,Loyal Customer
106,1,24148.38,2,1,2,212,At Risk
23,4,136794.24,5,5,5,555,Champion
4,3,147331.08000000002,5,4,5,545,Champion
287,1,7789.33,1,1,2,112,At Risk
90,6,188926.24,3,5,5,355,Loyal Customer
51,4,73054.59,4,5,4,454,Champion
106,1,31877.4,2,1,3,213,At Risk
6,2,34467.61,5,2,3,523,Potential Loyalist
56,4,114804.66,4,5,5,455,Champion
12,3,146546.82,5,4,5,545,Champion
366,1,13314.47,1,1,2,112,At Risk
36,1,300.0,4,1,1,411,Potential Loyalist
13,2,6041.33,5,2,1,521,Potential Loyalist
22,3,146452.8,5,4,5,545,Champion
178,3,1114.33,2,4,1,241,Hibernating
14,5,55927.73,5,5,3,553,Loyal Customer
9,4,1807.71,5,5,1,551,Loyal Customer
30,6,110945.29999999999,4,5,5,455,Champion
55,3,43871.88,4,4,3,443,Loyal Customer
208,1,2870.77,1,1,1,111,At Risk
9,4,14027.86,5,5,2,552,Loyal Customer
30,1,3002.81,4,1,1,411,Potential Loyalist
174,1,1361.98,2,1,1,211,At Risk
214,1,4414.4,1,1,1,111,At Risk
285,2,61747.1,1,2,4,124,At Risk
173,5,2028.27,2,5,1,251,Hibernating
43,4,1743.36,4,5,1,451,Loyal Customer
64,2,20710.84,3,2,2,322,Hibernating
102,2,890.07,3,2,1,321,Hibernating
5,3,13531.77,5,4,2,542,Loyal Customer
311,1,2327.58,1,1,1,111,At Risk
291,2,47309.130000000005,1,2,3,123,At Risk
20,5,157528.54,5,5,5,555,Champion
215,1,35838.61,1,1,3,113,At Risk
221,4,102653.06,1,5,5,155,Hibernating
70,3,54606.83,3,4,3,343,Loyal Customer
35,1,45305.52,4,1,3,413,Potential Loyalist
110,2,633.8199999999999,2,2,1,221,At Risk
73,2,57048.89,3,2,3,323,Hibernating
197,3,106445.22,1,4,5,145,Hibernating
26,4,2063.19,5,5,1,551,Loyal Customer
84,2,7037.629999999999,3,2,1,321,Hibernating
119,3,1449.9099999999999,2,4,1,241,Hibernating
128,2,14400.900000000001,2,2,2,222,At Risk
212,1,8483.83,1,1,2,112,At Risk
13,6,157864.32,5,5,5,555,Champion
121,3,1876.7400000000002,2,4,1,241,Hibernating
20,6,205936.19,5,5,5,555,Champion
95,3,24708.3,3,4,2,342,Loyal Customer
119,3,50849.689999999995,2,4,3,243,Hibernating
189,1,464.93,1,1,1,111,At Risk
333,1,38264.9,1,1,3,113,At Risk
19,3,100544.01,5,4,4,544,Champion
131,3,112219.51,2,4,5,245,Hibernating
170,1,44787.73,2,1,3,213,At Risk
107,4,143086.34,2,5,5,255,Hibernating
214,3,31718.1,1,4,3,143,Hibernating
2,6,137196.93,5,5,5,555,Champion
61,1,6518.19,3,1,1,311,Hibernating
84,4,10007.92,3,5,2,352,Loyal Customer
358,1,15477.8,1,1,2,112,At Risk
112,3,65945.29,2,4,4,244,Hibernating
27,1,2652.95,4,1,1,411,Potential Loyalist
306,3,66682.18,1,4,4,144,Hibernating
5,4,102885.91,5,5,5,555,Champion
83,5,1802.17,3,5,1,351,Loyal Customer
137,1,528.94,2,1,1,211,At Risk
37,2,8459.92,4,2,2,422,Potential Loyalist
89,3,74045.44,3,4,4,344,Loyal Customer
41,1,8712.08,4,1,2,412,Potential Loyalist
48,3,19299.03,4,4,2,442,Loyal Customer
305,1,20957.83,1,1,2,112,At Risk
22,3,148813.71,5,4,5,545,Champion
15,5,175482.16,5,5,5,555,Champion
44,4,109669.15,4,5,5,455,Champion
20,3,61465.04,5,4,4,544,Champion
75,3,13214.64,3,4,2,342,Loyal Customer
106,4,128266.23000000001,2,5,5,255,Hibernating
200,3,80358.36,1,4,4,144,Hibernating
42,5,50403.95,4,5,3,453,Loyal Customer
237,1,12859.17,1,1,2,112,At Risk
209,1,509.6,1,1,1,111,At Risk
99,4,80082.18000000001,3,5,4,354,Loyal Customer
125,6,158942.69,2,5,5,255,Hibernating
171,2,48509.04,2,2,3,223,At Risk
197,4,1634.6,1,5,1,151,Hibernating
235,1,13414.01,1,1,2,112,At Risk
252,1,46940.35,1,1,3,113,At Risk
93,4,98565.88,3,5,4,354,Loyal Customer
64,6,133786.98,3,5,5,355,Loyal Customer
4,2,16783.83,5,2,2,522,Potential Loyalist
176,2,46821.69,2,2,3,223,At Risk
71,1,29373.23,3,1,2,312,Hibernating
98,3,49036.22,3,4,3,343,Loyal Customer
33,3,49213.049999999996,4,4,3,443,Loyal Customer
20,3,126919.26,5,4,5,545,Champion
7,6,137432.32,5,5,5,555,Champion
97,3,30850.019999999997,3,4,2,342,Loyal Customer
49,5,106962.26,4,5,5,455,Champion
49,2,62665.67,4,2,4,424,Potential Loyalist
62,4,88703.20999999999,3,5,4,354,Loyal Customer
102,4,33139.61,3,5,3,353,Loyal Customer
304,1,30124.55,1,1,2,112,At Risk
62,2,67839.0,3,2,4,324,Hibernating
70,2,51681.22,3,2,3,323,Hibernating
22,3,42485.64,5,4,3,543,Loyal Customer
265,1,29623.97,1,1,2,112,At Risk
40,4,159096.34,4,5,5,455,Champion
277,1,412.67,1,1,1,111,At Risk
164,2,686.12,2,2,1,221,At Risk
7,2,13693.26,5,2,2,522,Potential Loyalist
224,4,103312.24,1,5,5,155,Hibernating
135,2,870.92,2,2,1,221,At Risk
18,4,86213.94,5,5,4,554,Champion
244,2,61550.369999999995,1,2,4,124,At Risk
169,2,23325.12,2,2,2,222,At Risk
38,4,1755.52,4,5,1,451,Loyal Customer
181,2,46592.57000000001,1,2,3,123,At Risk
77,3,147294.63,3,4,5,345,Loyal Customer
14,3,23208.96,5,4,2,542,Loyal Customer
61,6,17000.11,3,5,2,352,Loyal Customer
152,1,603.31,2,1,1,211,At Risk
98,4,1611.43,3,5,1,351,Loyal Customer
74,1,12901.61,3,1,2,312,Hibernating
154,1,12753.57,2,1,2,212,At Risk
218,3,8952.26,1,4,2,142,Hibernating
134,4,116754.33,2,5,5,255,Hibernating
65,3,41585.64,3,4,3,343,Loyal Customer
70,1,7407.04,3,1,2,312,Hibernating
24,3,41363.81,5,4,3,543,Loyal Customer
233,3,90206.4,1,4,4,144,Hibernating
21,4,83978.64,5,5,4,554,Champion
105,5,88642.44,2,5,4,254,Hibernating
69,4,85153.61,3,5,4,354,Loyal Customer
195,5,211141.58000000002,1,5,5,155,Hibernating
263,3,104315.94,1,4,5,145,Hibernating
24,4,75014.26,5,5,4,554,Champion
149,2,91495.69,2,2,4,224,At Risk
276,1,34711.95,1,1,3,113,At Risk
58,6,118464.6,4,5,5,455,Champion
141,1,32695.79,2,1,3,213,At Risk
119,1,300.0,2,1,1,211,At Risk
143,2,74004.04,2,2,4,224,At Risk
33,6,245632.9,4,5,5,455,Champion
101,5,2125.35,3,5,1,351,Loyal Customer
34,6,1934.96,4,5,1,451,Loyal Customer
262,2,15202.68,1,2,2,122,At Risk
7,3,50467.84,5,4,3,543,Loyal Customer
7,2,55439.66,5,2,3,523,Potential Loyalist
31,4,1419.17,4,5,1,451,Loyal Customer
20,3,145547.04,5,4,5,545,Champion
210,2,23175.64,1,2,2,122,At Risk
96,4,91071.16,3,5,4,354,Loyal Customer
42,3,91190.23999999999,4,4,4,444,Champion
37,1,300.0,4,1,1,411,Potential Loyalist
133,2,73563.92,2,2,4,224,At Risk
209,1,24523.05,1,1,2,112,At Risk
252,2,39052.51,1,2,3,123,At Risk
107,1,4252.67,2,1,1,211,At Risk
260,1,300.0,1,1,1,111,At Risk
114,2,2924.72,2,2,1,221,At Risk
91,2,772.25,3,2,1,321,Hibernating
151,3,78098.73,2,4,4,244,Hibernating
62,2,64411.23,3,2,4,324,Hibernating
99,4,86688.04000000001,3,5,4,354,Loyal Customer
91,3,29612.67,3,4,2,342,Loyal Customer
109,3,83977.6,2,4,4,244,Hibernating
152,2,26601.33,2,2,2,222,At Risk
17,4,150294.6,5,5,5,555,Champion
28,4,157314.76,4,5,5,455,Champion
68,6,173928.39,3,5,5,355,Loyal Customer
42,2,72048.73,4,2,4,424,Potential Loyalist
2,3,67921.82,5,4,4,544,Champion
94,2,60550.1,3,2,4,324,Hibernating
88,3,9453.36,3,4,2,342,Loyal Customer
285,1,300.0,1,1,1,111,At Risk
328,1,17056.25,1,1,2,112,At Risk
133,3,70142.43000000001,2,4,4,244,Hibernating
2,2,73499.79000000001,5,2,4,524,Potential Loyalist
14,7,138053.16,5,5,5,555,Champion
87,3,1161.72,3,4,1,341,Loyal Customer
17,6,1976.5,5,5,1,551,Loyal Customer
250,1,10522.34,1,1,2,112,At Risk
60,1,22846.38,4,1,2,412,Potential Loyalist
357,1,35388.97,1,1,3,113,At Risk
11,4,125634.33,5,5,5,555,Champion
210,4,1472.67,1,5,1,151,Hibernating
58,3,1003.48,4,4,1,441,Loyal Customer
3,7,23013.73,5,5,2,552,Loyal Customer
87,7,25093.079999999998,3,5,2,352,Loyal Customer
128,3,113715.1,2,4,5,245,Hibernating
60,2,17980.11,4,2,2,422,Potential Loyalist
16,9,20746.62,5,5,2,552,Loyal Customer
5,6,137232.37,5,5,5,555,Champion
93,3,1065.2,3,4,1,341,Loyal Customer
26,3,1420.52,5,4,1,541,Loyal Customer
66,3,53729.47,3,4,3,343,Loyal Customer
212,3,57030.149999999994,1,4,3,143,Hibernating
25,2,27708.81,5,2,2,522,Potential Loyalist
30,3,1039.84,4,4,1,441,Loyal Customer
22,5,1684.1,5,5,1,551,Loyal Customer
264,2,36474.22,1,2,3,123,At Risk
72,2,27756.54,3,2,2,322,Hibernating
33,5,131020.71,4,5,5,455,Champion
7,4,160701.1,5,5,5,555,Champion
269,1,679.14,1,1,1,111,At Risk
227,2,68428.13,1,2,4,124,At Risk
169,2,52914.61,2,2,3,223,At Risk
87,3,101369.72,3,4,5,345,Loyal Customer
296,1,7686.86,1,1,2,112,At Risk
2,5,53008.05,5,5,3,553,Loyal Customer
293,3,49187.25,1,4,3,143,Hibernating
243,1,32903.14,1,1,3,113,At Risk
75,4,95464.23,3,5,4,354,Loyal Customer
38,2,43107.14,4,2,3,423,Potential Loyalist
89,5,106582.18,3,5,5,355,Loyal Customer
249,2,1100.18,1,2,1,121,At Risk
195,2,84666.33,1,2,4,124,At Risk
265,1,15090.52,1,1,2,112,At Risk
183,1,13443.22,1,1,2,112,At Risk
138,1,16581.95,2,1,2,212,At Risk
125,2,10941.390000000001,2,2,2,222,At Risk
14,4,37213.39,5,5,3,553,Loyal Customer
67,5,44819.57,3,5,3,353,Loyal Customer
43,5,34118.91,4,5,3,453,Loyal Customer
92,2,48812.2,3,2,3,323,Hibernating
37,3,1172.74,4,4,1,441,Loyal Customer
94,2,17095.489999999998,3,2,2,322,Hibernating
73,3,1325.13,3,4,1,341,Loyal Customer
149,3,79026.3,2,4,4,244,Hibernating
302,1,300.0,1,1,1,111,At Risk
49,3,79435.4,4,4,4,444,Champion
11,4,34277.28,5,5,3,553,Loyal Customer
60,2,46764.79,4,2,3,423,Potential Loyalist
143,2,600.0,2,2,1,221,At Risk
20,3,1722.7400000000002,5,4,1,541,Loyal Customer
38,2,773.05,4,2,1,421,Potential Loyalist
224,1,44345.29,1,1,3,113,At Risk
6,3,1108.72,5,4,1,541,Loyal Customer
145,3,2249.16,2,4,1,241,Hibernating
275,1,732.01,1,1,1,111,At Risk
10,6,2870.12,5,5,1,551,Loyal Customer
143,3,85719.94,2,4,4,244,Hibernating
28,3,949.77,4,4,1,441,Loyal Customer
91,1,435.74,3,1,1,311,Hibernating
206,2,20553.36,1,2,2,122,At Risk
90,2,52035.87,3,2,3,323,Hibernating
245,1,356.75,1,1,1,111,At Risk
138,5,91355.34,2,5,4,254,Hibernating
237,2,67670.76000000001,1,2,4,124,At Risk
366,1,10204.55,1,1,2,112,At Risk
138,2,71924.65,2,2,4,224,At Risk
83,5,12413.029999999999,3,5,2,352,Loyal Customer
292,2,72370.85,1,2,4,124,At Risk
339,1,374.37,1,1,1,111,At Risk
55,1,39179.86,4,1,3,413,Potential Loyalist
170,2,52242.95,2,2,3,223,At Risk
108,4,68674.29000000001,2,5,4,254,Hibernating
200,2,69139.9,1,2,4,124,At Risk
12,4,134127.26,5,5,5,555,Champion
94,4,81697.89,3,5,4,354,Loyal Customer
336,3,42916.04,1,4,3,143,Hibernating
177,2,3322.9300000000003,2,2,1,221,At Risk
47,6,123482.51999999999,4,5,5,455,Champion
79,6,2065.08,3,5,1,351,Loyal Customer
13,3,43943.340000000004,5,4,3,543,Loyal Customer
80,3,32939.36,3,4,3,343,Loyal Customer
27,2,57327.57,4,2,3,423,Potential Loyalist
116,4,164169.07,2,5,5,255,Hibernating
178,1,10376.12,2,1,2,212,At Risk
15,3,49374.23,5,4,3,543,Loyal Customer
87,4,37073.24,3,5,3,353,Loyal Customer
36,4,25199.96,4,5,2,452,Loyal Customer
127,1,300.0,2,1,1,211,At Risk
111,1,18061.34,2,1,2,212,At Risk
29,6,2730.83,4,5,1,451,Loyal Customer
39,3,27804.33,4,4,2,442,Loyal Customer
68,1,45809.17,3,1,3,313,Hibernating
292,1,6803.3,1,1,1,111,At Risk
344,1,700.84,1,1,1,111,At Risk
254,1,7326.63,1,1,2,112,At Risk
25,4,137518.8,5,5,5,555,Champion
67,2,18934.739999999998,3,2,2,322,Hibernating
15,4,109251.32999999999,5,5,5,555,Champion
184,2,44092.58,1,2,3,123,At Risk
14,2,71371.53,5,2,4,524,Potential Loyalist
115,2,7422.03,2,2,2,222,At Risk
5,4,186908.36,5,5,5,555,Champion
50,3,145274.94,4,4,5,445,Champion
162,2,23578.2,2,2,2,222,At Risk
59,6,74827.53,4,5,4,454,Champion
183,3,89192.48,1,4,4,144,Hibernating
178,2,60175.51,2,2,4,224,At Risk
80,4,102886.77,3,5,5,355,Loyal Customer
270,1,2172.03,1,1,1,111,At Risk
286,1,3245.42,1,1,1,111,At Risk
19,1,300.0,5,1,1,511,Potential Loyalist
120,2,44262.49,2,2,3,223,At Risk
128,4,1641.07,2,5,1,251,Hibernating
152,3,93227.93000000001,2,4,4,244,Hibernating
297,2,59519.520000000004,1,2,4,124,At Risk
13,2,20960.86,5,2,2,522,Potential Loyalist
168,2,849.4,2,2,1,221,At Risk
6,2,21556.75,5,2,2,522,Potential Loyalist
96,3,68902.22,3,4,4,344,Loyal Customer
5,3,25386.059999999998,5,4,2,542,Loyal Customer
19,4,156893.06,5,5,5,555,Champion
2,3,40164.67,5,4,3,543,Loyal Customer
50,7,49376.65,4,5,3,453,Loyal Customer
106,3,57228.240000000005,2,4,3,243,Hibernating
104,1,17507.31,3,1,2,312,Hibernating
301,2,86436.57,1,2,4,124,At Risk
276,1,14927.18,1,1,2,112,At Risk
83,4,1378.17,3,5,1,351,Loyal Customer
330,3,24153.69,1,4,2,142,Hibernating
51,2,8824.810000000001,4,2,2,422,Potential Loyalist
17,5,128030.73999999999,5,5,5,555,Champion
256,4,108920.44,1,5,5,155,Hibernating
301,1,784.0,1,1,1,111,At Risk
82,3,104964.66,3,4,5,345,Loyal Customer
200,4,40987.61,1,5,3,153,Hibernating
159,3,6106.160000000001,2,4,1,241,Hibernating
39,9,212290.71000000002,4,5,5,455,Champion
90,2,21392.9,3,2,2,322,Hibernating
177,2,8227.52,2,2,2,222,At Risk
37,3,59176.57,4,4,3,443,Loyal Customer
150,2,66432.3,2,2,4,224,At Risk
2,5,23308.21,5,5,2,552,Loyal Customer
25,3,121368.48000000001,5,4,5,545,Champion
57,4,114489.8,4,5,5,455,Champion
101,2,21150.77,3,2,2,322,Hibernating
164,1,47525.59,2,1,3,213,At Risk
53,4,112774.1,4,5,5,455,Champion
15,8,3770.7799999999997,5,5,1,551,Loyal Customer
133,5,2099.83,2,5,1,251,Hibernating
181,1,1736.62,1,1,1,111,At Risk
180,3,41666.159999999996,1,4,3,143,Hibernating
29,4,15312.42,4,5,2,452,Loyal Customer
63,4,99807.21,3,5,4,354,Loyal Customer
54,3,9268.07,4,4,2,442,Loyal Customer
179,1,27299.99,1,1,2,112,At Risk
77,4,138893.77,3,5,5,355,Loyal Customer
159,4,1690.74,2,5,1,251,Hibernating
14,4,102654.85999999999,5,5,5,555,Champion
288,1,20454.2,1,1,2,112,At Risk
151,2,662.35,2,2,1,221,At Risk
287,1,18438.18,1,1,2,112,At Risk
115,2,1191.8600000000001,2,2,1,221,At Risk
191,2,38330.59,1,2,3,123,At Risk
110,4,118999.29000000001,2,5,5,255,Hibernating
261,4,118169.02,1,5,5,155,Hibernating
164,2,64486.619999999995,2,2,4,224,At Risk
174,2,34871.450000000004,2,2,3,223,At Risk
73,2,6279.540000000001,3,2,1,321,Hibernating
237,2,42241.92999999999,1,2,3,123,At Risk
8,3,60416.51,5,4,4,544,Champion
268,1,2620.64,1,1,1,111,At Risk
29,5,129836.23999999999,4,5,5,455,Champion
41,2,6493.21,4,2,1,421,Potential Loyalist
202,2,72612.06,1,2,4,124,At Risk
5,2,36008.78,5,2,3,523,Potential Loyalist
34,2,15431.47,4,2,2,422,Potential Loyalist
110,2,70226.36,2,2,4,224,At Risk
133,3,18321.72,2,4,2,242,Hibernating
273,3,39015.95,1,4,3,143,Hibernating
331,1,3310.22,1,1,1,111,At Risk
164,2,953.1800000000001,2,2,1,221,At Risk
52,3,44850.82,4,4,3,443,Loyal Customer
71,3,28419.23,3,4,2,342,Loyal Customer
95,3,80473.37,3,4,4,344,Loyal Customer
18,3,30646.409999999996,5,4,2,542,Loyal Customer
104,2,22264.980000000003,3,2,2,322,Hibernating
90,3,98294.13,3,4,4,344,Loyal Customer
216,1,47772.97,1,1,3,113,At Risk
80,4,1558.43,3,5,1,351,Loyal Customer
248,2,18716.3,1,2,2,122,At Risk
44,2,55776.89,4,2,3,423,Potential Loyalist
115,2,71920.27,2,2,4,224,At Risk
64,2,18567.75,3,2,2,322,Hibernating
258,2,62244.21,1,2,4,124,At Risk
182,1,35818.9,1,1,3,113,At Risk
74,3,20298.96,3,4,2,342,Loyal Customer
82,6,1984.6,3,5,1,351,Loyal Customer
149,5,152503.65,2,5,5,255,Hibernating
235,3,22286.41,1,4,2,142,Hibernating
67,5,12189.04,3,5,2,352,Loyal Customer
227,2,24600.92,1,2,2,122,At Risk
176,1,33897.41,2,1,3,213,At Risk
121,2,69279.20000000001,2,2,4,224,At Risk
156,1,10877.78,2,1,2,212,At Risk
283,1,19709.81,1,1,2,112,At Risk
111,2,72402.18,2,2,4,224,At Risk
166,3,89361.61,2,4,4,244,Hibernating
75,1,1121.0,3,1,1,311,Hibernating
128,3,1384.1100000000001,2,4,1,241,Hibernating
108,3,84439.02,2,4,4,244,Hibernating
146,3,115116.22,2,4,5,245,Hibernating
51,3,1041.94,4,4,1,441,Loyal Customer
54,2,48742.06,4,2,3,423,Potential Loyalist
237,2,31016.81,1,2,2,122,At Risk
164,2,755.9100000000001,2,2,1,221,At Risk
142,4,84575.86,2,5,4,254,Hibernating
336,2,23058.3,1,2,2,122,At Risk
187,1,4724.36,1,1,1,111,At Risk
315,1,11767.65,1,1,2,112,At Risk
61,1,21168.11,3,1,2,312,Hibernating
9,5,32963.38,5,5,3,553,Loyal Customer
101,3,59019.51,3,4,3,343,Loyal Customer
320,1,40170.59,1,1,3,113,At Risk
131,2,47810.99,2,2,3,223,At Risk
92,8,3706.68,3,5,1,351,Loyal Customer
98,2,63869.39,3,2,4,324,Hibernating
235,2,17099.420000000002,1,2,2,122,At Risk
4,3,14117.550000000001,5,4,2,542,Loyal Customer
102,2,59966.3,3,2,4,324,Hibernating
173,4,133458.58,2,5,5,255,Hibernating
128,3,135643.69,2,4,5,245,Hibernating
2,4,98054.74,5,5,4,554,Champion
20,3,1081.8400000000001,5,4,1,541,Loyal Customer
65,2,9176.11,3,2,2,322,Hibernating
103,3,87023.20999999999,3,4,4,344,Loyal Customer
78,2,600.0,3,2,1,321,Hibernating
86,4,135574.59999999998,3,5,5,355,Loyal Customer
242,1,4875.93,1,1,1,111,At Risk
7,3,26401.08,5,4,2,542,Loyal Customer
62,3,89419.68,3,4,4,344,Loyal Customer
191,1,14640.34,1,1,2,112,At Risk
90,4,101537.45000000001,3,5,5,355,Loyal Customer
53,1,27113.42,4,1,2,412,Potential Loyalist
57,2,26176.39,4,2,2,422,Potential Loyalist
117,2,4247.53,2,2,1,221,At Risk
187,2,82519.36,1,2,4,124,At Risk
132,2,70085.82,2,2,4,224,At Risk
354,1,506.09,1,1,1,111,At Risk
7,3,95338.54,5,4,4,544,Champion
82,4,1237.42,3,5,1,351,Loyal Customer
99,1,49504.59,3,1,3,313,Hibernating
211,2,74946.20999999999,1,2,4,124,At Risk
81,4,33666.509999999995,3,5,3,353,Loyal Customer
139,5,122615.76,2,5,5,255,Hibernating
253,1,16224.96,1,1,2,112,At Risk
8,2,37664.24,5,2,3,523,Potential Loyalist
19,3,122084.94,5,4,5,545,Champion
46,4,129989.41,4,5,5,455,Champion
46,1,29847.38,4,1,2,412,Potential Loyalist
20,6,197492.78,5,5,5,555,Champion
62,5,32459.519999999997,3,5,3,353,Loyal Customer
96,6,145462.36,3,5,5,355,Loyal Customer
2,5,19698.77,5,5,2,552,Loyal Customer
56,3,87685.31999999999,4,4,4,444,Champion
152,3,86512.75,2,4,4,244,Hibernating
10,3,80393.62,5,4,4,544,Champion
57,3,71605.91,4,4,4,444,Champion
73,1,19173.58,3,1,2,312,Hibernating
113,4,84527.43,2,5,4,254,Hibernating
73,3,61668.68,3,4,4,344,Loyal Customer
105,2,5212.64,2,2,1,221,At Risk
157,2,743.56,2,2,1,221,At Risk
234,2,39473.22,1,2,3,123,At Risk
253,2,63797.7,1,2,4,124,At Risk
71,2,19950.690000000002,3,2,2,322,Hibernating
63,5,129588.66,3,5,5,355,Loyal Customer
53,4,1400.24,4,5,1,451,Loyal Customer
19,1,29935.69,5,1,2,512,Potential Loyalist
251,2,831.49,1,2,1,121,At Risk
96,4,74177.11,3,5,4,354,Loyal Customer
155,2,45135.71,2,2,3,223,At Risk
162,2,65632.06999999999,2,2,4,224,At Risk
45,4,135368.94999999998,4,5,5,455,Champion
27,5,35430.72,4,5,3,453,Loyal Customer
257,1,10273.0,1,1,2,112,At Risk
34,4,72447.11,4,5,4,454,Champion
82,3,112460.77,3,4,5,345,Loyal Customer
14,3,29913.29,5,4,2,542,Loyal Customer
75,4,48532.229999999996,3,5,3,353,Loyal Customer
288,1,6479.41,1,1,1,111,At Risk
57,1,17683.74,4,1,2,412,Potential Loyalist
186,3,16600.96,1,4,2,142,Hibernating
94,3,1511.4299999999998,3,4,1,341,Loyal Customer
161,2,10546.85,2,2,2,222,At Risk
92,5,2502.3,3,5,1,351,Loyal Customer
49,3,123813.56,4,4,5,445,Champion
183,3,27831.13,1,4,2,142,Hibernating
52,3,82028.89,4,4,4,444,Champion
62,2,5530.79,3,2,1,321,Hibernating
127,2,79139.52,2,2,4,224,At Risk
142,2,95551.22,2,2,4,224,At Risk
93,2,71096.78,3,2,4,324,Hibernating
38,3,58156.42,4,4,3,443,Loyal Customer
99,3,2116.89,3,4,1,341,Loyal Customer
26,3,97203.09999999999,5,4,4,544,Champion
142,2,51934.380000000005,2,2,3,223,At Risk
158,1,10811.72,2,1,2,212,At Risk
128,3,105720.77,2,4,5,245,Hibernating
132,3,84715.94,2,4,4,244,Hibernating
2,6,54825.56,5,5,3,553,Loyal Customer
50,1,10435.4,4,1,2,412,Potential Loyalist
58,6,230181.58000000002,4,5,5,455,Champion
100,3,47538.689999999995,3,4,3,343,Loyal Customer
181,2,6808.34,1,2,1,121,At Risk
227,3,91598.04999999999,1,4,4,144,Hibernating
75,4,77161.13,3,5,4,354,Loyal Customer
18,3,61977.64,5,4,4,544,Champion
17,2,35962.13,5,2,3,523,Potential Loyalist
20,5,46225.65,5,5,3,553,Loyal Customer
42,6,1800.0,4,5,1,451,Loyal Customer
294,1,735.79,1,1,1,111,At Risk
30,5,2065.51,4,5,1,451,Loyal Customer
159,3,1182.67,2,4,1,241,Hibernating
95,1,38014.9,3,1,3,313,Hibernating
55,4,89893.09,4,5,4,454,Champion
245,1,38828.41,1,1,3,113,At Risk
218,4,1683.07,1,5,1,151,Hibernating
34,4,132189.1,4,5,5,455,Champion
199,3,120048.31999999999,1,4,5,145,Hibernating
138,1,398.57,2,1,1,211,At Risk
77,4,126726.17000000001,3,5,5,355,Loyal Customer
24,5,2626.25,5,5,1,551,Loyal Customer
184,3,41617.17999999999,1,4,3,143,Hibernating
97,4,1683.8000000000002,3,5,1,351,Loyal Customer
255,1,40547.9,1,1,3,113,At Risk
253,1,26286.4,1,1,2,112,At Risk
193,5,124741.44,1,5,5,155,Hibernating
100,2,12590.490000000002,3,2,2,322,Hibernating
163,3,1716.06,2,4,1,241,Hibernating
210,2,13961.27,1,2,2,122,At Risk
16,9,159481.08,5,5,5,555,Champion
47,2,74692.56,4,2,4,424,Potential Loyalist
208,2,54210.64,1,2,3,123,At Risk
19,4,64179.78,5,5,4,554,Champion
103,1,43788.72,3,1,3,313,Hibernating
284,2,2954.75,1,2,1,121,At Risk
12,3,146143.77,5,4,5,545,Champion
144,2,84813.81,2,2,4,224,At Risk
139,1,7212.94,2,1,2,212,At Risk
56,4,12167.619999999999,4,5,2,452,Loyal Customer
27,5,139564.26,4,5,5,455,Champion
109,2,8496.79,2,2,2,222,At Risk
77,5,68080.28,3,5,4,354,Loyal Customer
62,2,600.0,3,2,1,321,Hibernating
26,2,39763.24,5,2,3,523,Potential Loyalist
24,4,79290.0,5,5,4,554,Champion
297,2,15164.46,1,2,2,122,At Risk
70,5,111824.11,3,5,5,355,Loyal Customer
40,4,29231.99,4,5,2,452,Loyal Customer
223,1,27714.82,1,1,2,112,At Risk
304,1,27458.09,1,1,2,112,At Risk
66,4,128089.64,3,5,5,355,Loyal Customer
13,3,1238.95,5,4,1,541,Loyal Customer
18,3,143108.94,5,4,5,545,Champion
105,2,731.8499999999999,2,2,1,221,At Risk
114,2,44489.18,2,2,3,223,At Risk
139,2,775.4,2,2,1,221,At Risk
16,8,84540.31,5,5,4,554,Champion
58,3,5908.87,4,4,1,441,Loyal Customer
152,3,22650.11,2,4,2,242,Hibernating
223,3,81728.64,1,4,4,144,Hibernating
15,5,145582.54,5,5,5,555,Champion
166,1,13261.84,2,1,2,212,At Risk
313,2,81818.62,1,2,4,124,At Risk
169,3,50791.71,2,4,3,243,Hibernating
31,2,1368.3000000000002,4,2,1,421,Potential Loyalist
221,4,125108.11,1,5,5,155,Hibernating
7,3,29211.79,5,4,2,542,Loyal Customer
39,2,28370.23,4,2,2,422,Potential Loyalist
67,5,149796.74,3,5,5,355,Loyal Customer
61,2,69425.28,3,2,4,324,Hibernating
151,4,61858.19,2,5,4,254,Hibernating
11,7,19110.86,5,5,2,552,Loyal Customer
6,4,31979.96,5,5,3,553,Loyal Customer
160,1,300.0,2,1,1,211,At Risk
14,7,167565.41999999998,5,5,5,555,Champion
34,5,163106.1,4,5,5,455,Champion
102,2,57779.81,3,2,3,323,Hibernating
106,2,53913.08,2,2,3,223,At Risk
2,5,128059.29000000001,5,5,5,555,Champion
59,3,86465.35,4,4,4,444,Champion
70,2,55234.06,3,2,3,323,Hibernating
63,3,19915.850000000002,3,4,2,342,Loyal Customer
88,2,670.19,3,2,1,321,Hibernating
163,2,7307.549999999999,2,2,2,222,At Risk
25,5,164688.99,5,5,5,555,Champion
6,2,16437.41,5,2,2,522,Potential Loyalist
94,1,4086.27,3,1,1,311,Hibernating
235,2,781.73,1,2,1,121,At Risk
6,4,1469.31,5,5,1,551,Loyal Customer
58,3,45382.15,4,4,3,443,Loyal Customer
26,2,69773.54000000001,5,2,4,524,Potential Loyalist
183,2,54417.0,1,2,3,123,At Risk
111,3,88450.05,2,4,4,244,Hibernating
230,1,13301.7,1,1,2,112,At Risk
9,2,36677.78,5,2,3,523,Potential Loyalist
267,1,300.0,1,1,1,111,At Risk
148,1,41089.58,2,1,3,213,At Risk
10,4,76018.57,5,5,4,554,Champion
58,1,15797.46,4,1,2,412,Potential Loyalist
111,1,30851.16,2,1,2,212,At Risk
84,4,97978.68,3,5,4,354,Loyal Customer
346,1,1140.99,1,1,1,111,At Risk
74,3,28831.46,3,4,2,342,Loyal Customer
259,1,34612.17,1,1,3,113,At Risk
290,2,26548.84,1,2,2,122,At Risk
108,3,109636.28,2,4,5,245,Hibernating
4,2,93463.82,5,2,4,524,Potential Loyalist
88,1,300.0,3,1,1,311,Hibernating
98,3,1597.53,3,4,1,341,Loyal Customer
64,2,34991.64,3,2,3,323,Hibernating
64,3,48289.85,3,4,3,343,Loyal Customer
98,2,17830.620000000003,3,2,2,322,Hibernating
58,2,656.95,4,2,1,421,Potential Loyalist
10,4,38743.89,5,5,3,553,Loyal Customer
290,1,22739.21,1,1,2,112,At Risk
4,7,164642.78,5,5,5,555,Champion
64,4,95641.26,3,5,4,354,Loyal Customer
80,3,25130.129999999997,3,4,2,342,Loyal Customer
182,3,30264.91,1,4,2,142,Hibernating
94,3,77007.05,3,4,4,344,Loyal Customer
51,8,68977.24,4,5,4,454,Champion
24,3,14058.25,5,4,2,542,Loyal Customer
290,1,7511.74,1,1,2,112,At Risk
5,2,54098.979999999996,5,2,3,523,Potential Loyalist
28,2,10547.05,4,2,2,422,Potential Loyalist
171,2,7524.0599999999995,2,2,2,222,At Risk
49,2,60103.31999999999,4,2,4,424,Potential Loyalist
29,4,127220.06999999999,4,5,5,455,Champion
9,2,68730.66,5,2,4,524,Potential Loyalist
47,3,1236.87,4,4,1,441,Loyal Customer
111,2,37872.71,2,2,3,223,At Risk
144,2,21229.91,2,2,2,222,At Risk
182,2,893.0999999999999,1,2,1,121,At Risk
136,4,87472.26999999999,2,5,4,254,Hibernating
17,2,76313.81,5,2,4,524,Potential Loyalist
22,5,1609.42,5,5,1,551,Loyal Customer
34,5,10344.48,4,5,2,452,Loyal Customer
203,4,103969.31,1,5,5,155,Hibernating
176,4,91980.8,2,5,4,254,Hibernating
137,1,41622.52,2,1,3,213,At Risk
50,6,155920.69999999998,4,5,5,455,Champion
94,2,669.6800000000001,3,2,1,321,Hibernating
62,3,12475.05,3,4,2,342,Loyal Customer
82,1,29555.06,3,1,2,312,Hibernating
349,1,4773.51,1,1,1,111,At Risk
47,1,11550.1,4,1,2,412,Potential Loyalist
200,3,80054.36,1,4,4,144,Hibernating
161,5,62881.94,2,5,4,254,Hibernating
287,2,80128.51,1,2,4,124,At Risk
166,3,1595.26,2,4,1,241,Hibernating
333,2,735.13,1,2,1,121,At Risk
288,2,29462.1,1,2,2,122,At Risk
266,2,48237.14,1,2,3,123,At Risk
14,3,35447.09,5,4,3,543,Loyal Customer
246,2,30877.940000000002,1,2,2,122,At Risk
31,3,108428.22,4,4,5,445,Champion
118,2,31420.15,2,2,3,223,At Risk
39,4,119068.73,4,5,5,455,Champion
124,5,98371.14,2,5,4,254,Hibernating
125,3,93141.95999999999,2,4,4,244,Hibernating
99,3,51979.3,3,4,3,343,Loyal Customer
13,7,19204.760000000002,5,5,2,552,Loyal Customer
275,2,61052.45,1,2,4,124,At Risk
75,2,10107.15,3,2,2,322,Hibernating
83,5,85615.45999999999,3,5,4,354,Loyal Customer
244,3,52433.96,1,4,3,143,Hibernating
240,1,5765.6,1,1,1,111,At Risk
17,2,51051.97,5,2,3,523,Potential Loyalist
61,6,164427.95,3,5,5,355,Loyal Customer
81,5,106378.59,3,5,5,355,Loyal Customer
30,2,90174.85,4,2,4,424,Potential Loyalist
163,3,71213.98999999999,2,4,4,244,Hibernating
18,3,54885.93,5,4,3,543,Loyal Customer
200,1,317.72,1,1,1,111,At Risk
12,6,29082.79,5,5,2,552,Loyal Customer
72,4,1395.96,3,5,1,351,Loyal Customer
163,2,46657.28,2,2,3,223,At Risk
22,5,159735.79,5,5,5,555,Champion
305,2,64191.46000000001,1,2,4,124,At Risk
32,4,106839.32,4,5,5,455,Champion
197,5,57039.34,1,5,3,153,Hibernating
313,1,12762.73,1,1,2,112,At Risk
40,8,175831.47,4,5,5,455,Champion
252,1,23248.13,1,1,2,112,At Risk
103,5,2084.28,3,5,1,351,Loyal Customer
123,3,66989.02,2,4,4,244,Hibernating
21,5,161418.29,5,5,5,555,Champion
97,2,14570.59,3,2,2,322,Hibernating
77,3,82907.52,3,4,4,344,Loyal Customer
116,2,35920.11,2,2,3,223,At Risk
64,2,84529.57,3,2,4,324,Hibernating
55,3,41897.13,4,4,3,443,Loyal Customer
113,2,72888.49,2,2,4,224,At Risk
192,4,80336.11,1,5,4,154,Hibernating
40,3,28319.43,4,4,2,442,Loyal Customer
115,2,48383.35,2,2,3,223,At Risk
98,3,86224.68,3,4,4,344,Loyal Customer
55,3,69159.57999999999,4,4,4,444,Champion
220,1,49604.04,1,1,3,113,At Risk
138,5,105777.31,2,5,5,255,Hibernating
101,3,93761.68,3,4,4,344,Loyal Customer
88,2,47117.71,3,2,3,323,Hibernating
139,3,1197.44,2,4,1,241,Hibernating
34,3,100511.28,4,4,4,444,Champion
13,6,205497.86,5,5,5,555,Champion
240,1,300.0,1,1,1,111,At Risk
23,7,2515.63,5,5,1,551,Loyal Customer
38,2,922.34,4,2,1,421,Potential Loyalist
38,4,9066.210000000001,4,5,2,452,Loyal Customer
172,3,1049.73,2,4,1,241,Hibernating
81,4,140047.41,3,5,5,355,Loyal Customer
113,2,58031.62,2,2,3,223,At Risk
247,1,5799.34,1,1,1,111,At Risk
15,4,108584.5,5,5,5,555,Champion
63,5,92134.77,3,5,4,354,Loyal Customer
57,1,20706.46,4,1,2,412,Potential Loyalist
42,3,76716.56,4,4,4,444,Champion
155,5,1822.0,2,5,1,251,Hibernating
10,1,14798.61,5,1,2,512,Potential Loyalist
2,5,203904.51,5,5,5,555,Champion
32,3,27328.72,4,4,2,442,Loyal Customer
85,3,31030.71,3,4,2,342,Loyal Customer
181,4,162424.05,1,5,5,155,Hibernating
37,4,8526.16,4,5,2,452,Loyal Customer
75,1,44209.68,3,1,3,313,Hibernating
35,3,38146.86,4,4,3,443,Loyal Customer
193,4,27070.8,1,5,2,152,Hibernating
13,5,2271.6400000000003,5,5,1,551,Loyal Customer
39,4,84617.86,4,5,4,454,Champion
295,1,12615.55,1,1,2,112,At Risk
28,3,137467.98,4,4,5,445,Champion
51,4,86773.64,4,5,4,454,Champion
121,1,1665.73,2,1,1,211,At Risk
122,2,16651.23,2,2,2,222,At Risk
66,5,14929.47,3,5,2,352,Loyal Customer
116,1,15405.76,2,1,2,212,At Risk
308,1,31804.63,1,1,3,113,At Risk
95,4,5570.34,3,5,1,351,Loyal Customer
81,2,40671.78,3,2,3,323,Hibernating
3,4,181105.57,5,5,5,555,Champion
149,3,1121.98,2,4,1,241,Hibernating
195,1,49348.77,1,1,3,113,At Risk
18,3,88002.97,5,4,4,544,Champion
137,2,30807.57,2,2,2,222,At Risk
210,1,31776.48,1,1,3,113,At Risk
87,4,78869.95999999999,3,5,4,354,Loyal Customer
36,3,95209.22,4,4,4,444,Champion
263,2,870.37,1,2,1,121,At Risk
74,3,73603.9,3,4,4,344,Loyal Customer
59,2,40260.270000000004,4,2,3,423,Potential Loyalist
61,8,3244.84,3,5,1,351,Loyal Customer
161,2,11755.01,2,2,2,222,At Risk
188,2,40952.03,1,2,3,123,At Risk
217,4,90402.71,1,5,4,154,Hibernating
33,7,139677.64,4,5,5,455,Champion
24,5,2073.2599999999998,5,5,1,551,Loyal Customer
80,6,56092.43,3,5,3,353,Loyal Customer
6,5,127472.36,5,5,5,555,Champion
311,3,91438.37,1,4,4,144,Hibernating
16,6,11694.83,5,5,2,552,Loyal Customer
25,3,122640.18,5,4,5,545,Champion
13,3,77592.09,5,4,4,544,Champion
28,5,166588.44,4,5,5,455,Champion
171,1,3784.42,2,1,1,211,At Risk
27,2,39103.630000000005,4,2,3,423,Potential Loyalist
70,1,48175.84,3,1,3,313,Hibernating
146,2,51929.99,2,2,3,223,At Risk
73,3,1004.28,3,4,1,341,Loyal Customer
265,1,10808.47,1,1,2,112,At Risk
201,2,746.29,1,2,1,121,At Risk
42,4,96415.22,4,5,4,454,Champion
24,4,94685.15,5,5,4,554,Champion
83,2,600.0,3,2,1,321,Hibernating
17,3,85738.02,5,4,4,544,Champion
18,4,133837.24,5,5,5,555,Champion
58,2,50750.28999999999,4,2,3,423,Potential Loyalist
28,3,113419.97,4,4,5,445,Champion
191,2,56341.479999999996,1,2,3,123,At Risk
302,1,12876.92,1,1,2,112,At Risk
40,4,75474.73,4,5,4,454,Champion
44,3,60382.94,4,4,4,444,Champion
162,2,624.44,2,2,1,221,At Risk
171,1,2783.54,2,1,1,211,At Risk
103,2,600.0,3,2,1,321,Hibernating
29,3,62217.86,4,4,4,444,Champion
306,3,66448.01,1,4,4,144,Hibernating
120,3,1454.1,2,4,1,241,Hibernating
78,2,908.99,3,2,1,321,Hibernating
4,4,165523.38,5,5,5,555,Champion
59,4,1272.73,4,5,1,451,Loyal Customer
26,2,38616.09,5,2,3,523,Potential Loyalist
294,3,102986.88,1,4,5,145,Hibernating
18,4,12046.07,5,5,2,552,Loyal Customer
19,1,26119.85,5,1,2,512,Potential Loyalist
149,2,62931.350000000006,2,2,4,224,At Risk
290,1,34811.22,1,1,3,113,At Risk
164,4,66308.63,2,5,4,254,Hibernating
11,2,50333.33,5,2,3,523,Potential Loyalist
283,2,64191.09,1,2,4,124,At Risk
204,1,20319.72,1,1,2,112,At Risk
155,2,61616.51,2,2,4,224,At Risk
206,3,1264.44,1,4,1,141,Hibernating
119,2,49821.16,2,2,3,223,At Risk
28,4,27648.24,4,5,2,452,Loyal Customer
82,1,27458.12,3,1,2,312,Hibernating
223,2,51627.84,1,2,3,123,At Risk
126,2,52506.95,2,2,3,223,At Risk
8,1,44496.46,5,1,3,513,Potential Loyalist
26,3,29402.91,5,4,2,542,Loyal Customer
16,3,122249.67,5,4,5,545,Champion
152,3,1023.6700000000001,2,4,1,241,Hibernating
132,3,49910.55,2,4,3,243,Hibernating
27,4,101150.79000000001,4,5,5,455,Champion
333,1,581.59,1,1,1,111,At Risk
4,4,131713.31,5,5,5,555,Champion
8,3,133662.0,5,4,5,545,Champion
238,3,900.0,1,4,1,141,Hibernating
111,2,728.05,2,2,1,221,At Risk
8,3,77095.68000000001,5,4,4,544,Champion
320,2,1060.37,1,2,1,121,At Risk
5,3,22530.309999999998,5,4,2,542,Loyal Customer
43,3,1106.18,4,4,1,441,Loyal Customer
170,4,137823.01,2,5,5,255,Hibernating
35,4,46677.76,4,5,3,453,Loyal Customer
81,2,40012.990000000005,3,2,3,323,Hibernating
43,3,145388.37,4,4,5,445,Champion
88,3,98761.95,3,4,4,344,Loyal Customer
88,2,6509.29,3,2,1,321,Hibernating
45,2,54849.57000000001,4,2,3,423,Potential Loyalist
28,4,1980.62,4,5,1,451,Loyal Customer
12,3,1184.88,5,4,1,541,Loyal Customer
50,3,70198.47,4,4,4,444,Champion
246,2,36375.11,1,2,3,123,At Risk
130,2,23499.37,2,2,2,222,At Risk
14,2,9793.060000000001,5,2,2,522,Potential Loyalist
96,5,39732.21,3,5,3,353,Loyal Customer
53,3,56968.2,4,4,3,443,Loyal Customer
155,1,7519.5,2,1,2,212,At Risk
46,5,117860.43,4,5,5,455,Champion
57,2,88283.6,4,2,4,424,Potential Loyalist
66,3,88633.82,3,4,4,344,Loyal Customer
55,3,132010.2,4,4,5,445,Champion
131,4,53623.96,2,5,3,253,Hibernating
170,3,73455.76000000001,2,4,4,244,Hibernating
149,3,112395.51,2,4,5,245,Hibernating
85,3,927.7,3,4,1,341,Loyal Customer
163,2,7128.93,2,2,1,221,At Risk
264,2,47034.92,1,2,3,123,At Risk
88,6,20848.76,3,5,2,352,Loyal Customer
244,4,132457.49,1,5,5,155,Hibernating
76,3,66249.6,3,4,4,344,Loyal Customer
20,2,14633.820000000002,5,2,2,522,Potential Loyalist
65,3,82411.43,3,4,4,344,Loyal Customer
127,3,58019.41,2,4,3,243,Hibernating
18,2,5591.72,5,2,1,521,Potential Loyalist
10,3,5318.88,5,4,1,541,Loyal Customer
106,1,31009.81,2,1,2,212,At Risk
8,3,96773.22,5,4,4,544,Champion
128,2,25543.46,2,2,2,222,At Risk
51,4,90675.91,4,5,4,454,Champion
33,4,100390.51999999999,4,5,4,454,Champion
315,1,5017.24,1,1,1,111,At Risk
88,2,600.0,3,2,1,321,Hibernating
31,3,86767.16,4,4,4,444,Champion
83,3,1158.49,3,4,1,341,Loyal Customer
51,3,147910.16999999998,4,4,5,445,Champion
126,2,64588.34,2,2,4,224,At Risk
3,2,978.82,5,2,1,521,Potential Loyalist
142,1,7110.06,2,1,1,211,At Risk
18,4,1852.79,5,5,1,551,Loyal Customer
193,3,58290.55,1,4,3,143,Hibernating
89,1,16516.08,3,1,2,312,Hibernating
54,4,123435.03,4,5,5,455,Champion
52,1,28382.98,4,1,2,412,Potential Loyalist
260,1,8934.07,1,1,2,112,At Risk
250,3,92247.64,1,4,4,144,Hibernating
5,3,41881.56,5,4,3,543,Loyal Customer
43,3,84234.81,4,4,4,444,Champion
83,2,66141.07,3,2,4,324,Hibernating
44,5,142950.48,4,5,5,455,Champion
339,1,26365.46,1,1,2,112,At Risk
27,3,138459.99,4,4,5,445,Champion
132,1,405.71,2,1,1,211,At Risk
88,3,21699.21,3,4,2,342,Loyal Customer
128,5,43016.67,2,5,3,253,Hibernating
124,1,813.19,2,1,1,211,At Risk
28,3,42852.0,4,4,3,443,Loyal Customer
151,1,27633.54,2,1,2,212,At Risk
51,5,1937.19,4,5,1,451,Loyal Customer
266,1,43983.22,1,1,3,113,At Risk
72,6,53856.3,3,5,3,353,Loyal Customer
129,3,14632.23,2,4,2,242,Hibernating
288,1,18952.31,1,1,2,112,At Risk
127,2,18148.92,2,2,2,222,At Risk
90,5,90337.86,3,5,4,354,Loyal Customer
50,2,42720.590000000004,4,2,3,423,Potential Loyalist
202,2,12936.130000000001,1,2,2,122,At Risk
287,2,40805.96,1,2,3,123,At Risk
89,5,139135.93,3,5,5,355,Loyal Customer
56,2,767.04,4,2,1,421,Potential Loyalist
80,7,212000.84,3,5,5,355,Loyal Customer
7,2,62122.28999999999,5,2,4,524,Potential Loyalist
330,1,563.02,1,1,1,111,At Risk
183,5,1818.23,1,5,1,151,Hibernating
15,2,54708.72,5,2,3,523,Potential Loyalist
310,3,30428.56,1,4,2,142,Hibernating
75,4,108048.38,3,5,5,355,Loyal Customer
4,4,117618.1,5,5,5,555,Champion
12,5,158382.9,5,5,5,555,Champion
18,2,26091.66,5,2,2,522,Potential Loyalist
194,1,2631.01,1,1,1,111,At Risk
342,2,84226.55,1,2,4,124,At Risk
52,3,76940.45,4,4,4,444,Champion
192,3,118499.02,1,4,5,145,Hibernating
146,2,66055.48000000001,2,2,4,224,At Risk
144,2,842.93,2,2,1,221,At Risk
144,2,42180.08,2,2,3,223,At Risk
29,5,106430.28000000001,4,5,5,455,Champion
57,3,64556.66,4,4,4,444,Champion
352,1,33839.46,1,1,3,113,At Risk
190,2,600.0,1,2,1,121,At Risk
32,3,138367.23,4,4,5,445,Champion
226,2,24978.98,1,2,2,122,At Risk
166,3,106139.64,2,4,5,245,Hibernating
97,5,2059.33,3,5,1,351,Loyal Customer
309,1,37216.02,1,1,3,113,At Risk
13,3,95682.9,5,4,4,544,Champion
75,2,66433.06,3,2,4,324,Hibernating
201,1,49728.5,1,1,3,113,At Risk
163,4,133707.22999999998,2,5,5,255,Hibernating
15,3,22474.04,5,4,2,542,Loyal Customer
21,2,84981.56,5,2,4,524,Potential Loyalist
126,2,1212.6799999999998,2,2,1,221,At Risk
201,1,36983.72,1,1,3,113,At Risk
175,5,1830.1399999999999,2,5,1,251,Hibernating
182,1,11304.21,1,1,2,112,At Risk
249,1,12796.93,1,1,2,112,At Risk
17,3,42383.46,5,4,3,543,Loyal Customer
3,3,83883.73999999999,5,4,4,544,Champion
249,2,81767.6,1,2,4,124,At Risk
26,5,15607.57,5,5,2,552,Loyal Customer
31,3,1799.47,4,4,1,441,Loyal Customer
11,3,27423.86,5,4,2,542,Loyal Customer
97,2,56674.25,3,2,3,323,Hibernating
182,4,1575.9299999999998,1,5,1,151,Hibernating
47,3,9041.33,4,4,2,442,Loyal Customer
37,3,122870.51999999999,4,4,5,445,Champion
229,3,13078.58,1,4,2,142,Hibernating
220,2,64931.22,1,2,4,124,At Risk
172,2,4390.34,2,2,1,221,At Risk
257,2,61789.5,1,2,4,124,At Risk
66,3,920.59,3,4,1,341,Loyal Customer
28,3,65895.12,4,4,4,444,Champion
63,2,67463.61,3,2,4,324,Hibernating
9,3,84980.93,5,4,4,544,Champion
180,5,1943.3400000000001,1,5,1,151,Hibernating
6,3,76381.10999999999,5,4,4,544,Champion
127,5,38079.88,2,5,3,253,Hibernating
101,2,10174.21,3,2,2,322,Hibernating
18,1,8458.13,5,1,2,512,Potential Loyalist
12,3,104640.05,5,4,5,545,Champion
63,3,149771.66999999998,3,4,5,345,Loyal Customer
33,5,123994.68,4,5,5,455,Champion
214,3,98926.92,1,4,4,144,Hibernating
363,1,20824.73,1,1,2,112,At Risk
76,7,38615.93,3,5,3,353,Loyal Customer
48,1,400.96,4,1,1,411,Potential Loyalist
268,1,717.41,1,1,1,111,At Risk
342,1,4056.29,1,1,1,111,At Risk
108,1,1344.09,2,1,1,211,At Risk
3,3,41182.350000000006,5,4,3,543,Loyal Customer
144,3,26555.010000000002,2,4,2,242,Hibernating
226,2,92114.99,1,2,4,124,At Risk
19,3,12049.07,5,4,2,542,Loyal Customer
243,1,730.68,1,1,1,111,At Risk
37,3,1113.45,4,4,1,441,Loyal Customer
31,2,600.0,4,2,1,421,Potential Loyalist
72,2,900.6500000000001,3,2,1,321,Hibernating
150,2,24313.93,2,2,2,222,At Risk
16,4,104965.57,5,5,5,555,Champion
202,1,28802.95,1,1,2,112,At Risk
159,3,90773.98999999999,2,4,4,244,Hibernating
39,3,52492.41,4,4,3,443,Loyal Customer
43,3,73452.79,4,4,4,444,Champion
98,1,29260.78,3,1,2,312,Hibernating
11,2,6935.41,5,2,1,521,Potential Loyalist
22,3,23951.36,5,4,2,542,Loyal Customer
30,4,117360.68,4,5,5,455,Champion
110,1,31718.62,2,1,3,213,At Risk
57,2,15650.11,4,2,2,422,Potential Loyalist
21,1,46851.68,5,1,3,513,Potential Loyalist
248,2,52503.72,1,2,3,123,At Risk
24,4,100612.28,5,5,4,554,Champion
12,2,45966.25,5,2,3,523,Potential Loyalist
111,2,20186.449999999997,2,2,2,222,At Risk
90,2,1080.44,3,2,1,321,Hibernating
101,4,87378.69,3,5,4,354,Loyal Customer
163,3,105133.2,2,4,5,245,Hibernating
200,2,17543.2,1,2,2,122,At Risk
34,4,91592.62,4,5,4,454,Champion
208,1,372.03,1,1,1,111,At Risk
120,3,69836.68,2,4,4,244,Hibernating
48,3,47032.729999999996,4,4,3,443,Loyal Customer
178,2,51165.91,2,2,3,223,At Risk
112,1,19577.08,2,1,2,212,At Risk
308,1,524.78,1,1,1,111,At Risk
10,5,104222.0,5,5,5,555,Champion
84,3,1477.44,3,4,1,341,Loyal Customer
128,2,4533.68,2,2,1,221,At Risk
37,4,77085.7,4,5,4,454,Champion
213,2,75356.23,1,2,4,124,At Risk
112,4,15621.97,2,5,2,252,Hibernating
186,1,41547.56,1,1,3,113,At Risk
22,3,148694.16,5,4,5,545,Champion
185,2,45904.45,1,2,3,123,At Risk
8,2,62804.4,5,2,4,524,Potential Loyalist
128,3,57031.04,2,4,3,243,Hibernating
94,4,1547.78,3,5,1,351,Loyal Customer
134,5,109505.06999999999,2,5,5,255,Hibernating
4,4,1723.28,5,5,1,551,Loyal Customer
153,2,46353.270000000004,2,2,3,223,At Risk
5,1,39306.63,5,1,3,513,Potential Loyalist
19,3,65576.16,5,4,4,544,Champion
25,5,133679.93,5,5,5,555,Champion
89,5,79703.56,3,5,4,354,Loyal Customer
148,1,300.0,2,1,1,211,At Risk
27,4,36859.14,4,5,3,453,Loyal Customer
51,2,42253.75,4,2,3,423,Potential Loyalist
87,3,98457.33,3,4,4,344,Loyal Customer
57,4,10226.89,4,5,2,452,Loyal Customer
210,2,28763.22,1,2,2,122,At Risk
14,3,54006.53,5,4,3,543,Loyal Customer
50,2,69916.05,4,2,4,424,Potential Loyalist
47,4,50884.99,4,5,3,453,Loyal Customer
222,3,87163.89,1,4,4,144,Hibernating
157,2,1107.85,2,2,1,221,At Risk
85,3,147167.28,3,4,5,345,Loyal Customer
97,3,58591.36,3,4,3,343,Loyal Customer
96,3,120149.72,3,4,5,345,Loyal Customer
116,1,30105.91,2,1,2,212,At Risk
57,3,43698.36,4,4,3,443,Loyal Customer
230,1,3344.42,1,1,1,111,At Risk
159,3,15438.82,2,4,2,242,Hibernating
63,4,133013.32,3,5,5,355,Loyal Customer
61,6,130080.76,3,5,5,355,Loyal Customer
14,5,1977.3600000000001,5,5,1,551,Loyal Customer
300,1,10618.08,1,1,2,112,At Risk
58,5,137512.6,4,5,5,455,Champion
117,1,45089.05,2,1,3,213,At Risk
76,3,9771.900000000001,3,4,2,342,Loyal Customer
76,3,89358.48000000001,3,4,4,344,Loyal Customer
101,2,857.57,3,2,1,321,Hibernating
277,1,9248.62,1,1,2,112,At Risk
209,3,108776.86,1,4,5,145,Hibernating
29,3,73840.0,4,4,4,444,Champion
7,3,55850.869999999995,5,4,3,543,Loyal Customer
212,3,37906.34,1,4,3,143,Hibernating
223,4,1690.2,1,5,1,151,Hibernating
39,4,149292.76,4,5,5,455,Champion
366,1,32272.68,1,1,3,113,At Risk
285,3,103637.4,1,4,5,145,Hibernating
16,8,225413.87,5,5,5,555,Champion
112,2,51048.64,2,2,3,223,At Risk
171,5,179651.36,2,5,5,255,Hibernating
86,5,2248.61,3,5,1,351,Loyal Customer
31,3,35910.81,4,4,3,443,Loyal Customer
66,3,992.47,3,4,1,341,Loyal Customer
79,4,1452.02,3,5,1,351,Loyal Customer
32,7,181579.38,4,5,5,455,Champion
57,2,40203.630000000005,4,2,3,423,Potential Loyalist
29,3,69921.83,4,4,4,444,Champion
14,3,6169.4,5,4,1,541,Loyal Customer
126,2,2826.44,2,2,1,221,At Risk
8,5,149398.06,5,5,5,555,Champion
114,3,1416.26,2,4,1,241,Hibernating
189,1,37999.29,1,1,3,113,At Risk
102,2,4661.64,3,2,1,321,Hibernating
40,3,143601.09,4,4,5,445,Champion
189,2,47975.68,1,2,3,123,At Risk
108,3,15262.46,2,4,2,242,Hibernating
57,3,1714.2399999999998,4,4,1,441,Loyal Customer
148,2,68343.37,2,2,4,224,At Risk
20,3,90749.11,5,4,4,544,Champion
78,2,694.64,3,2,1,321,Hibernating
64,3,20344.33,3,4,2,342,Loyal Customer
85,6,187296.96000000002,3,5,5,355,Loyal Customer
103,1,8814.94,3,1,2,312,Hibernating
122,1,35727.29,2,1,3,213,At Risk
5,5,97364.68000000001,5,5,4,554,Champion
50,3,67953.07,4,4,4,444,Champion
202,1,7914.19,1,1,2,112,At Risk
14,4,1343.83,5,5,1,551,Loyal Customer
68,5,132870.98,3,5,5,355,Loyal Customer
19,5,132675.93,5,5,5,555,Champion
46,3,109264.38,4,4,5,445,Champion
15,3,144867.33000000002,5,4,5,545,Champion
229,3,47477.42,1,4,3,143,Hibernating
24,2,58855.69,5,2,3,523,Potential Loyalist
48,4,153950.84,4,5,5,455,Champion
178,2,865.45,2,2,1,221,At Risk
3,6,143785.8,5,5,5,555,Champion
95,3,28450.260000000002,3,4,2,342,Loyal Customer
258,2,8377.26,1,2,2,122,At Risk
15,3,149656.65000000002,5,4,5,545,Champion
198,2,50517.020000000004,1,2,3,123,At Risk
271,1,34024.33,1,1,3,113,At Risk
25,3,24769.649999999998,5,4,2,542,Loyal Customer
39,3,144778.8,4,4,5,445,Champion
48,6,2083.43,4,5,1,451,Loyal Customer
95,2,1008.06,3,2,1,321,Hibernating
19,4,126960.5,5,5,5,555,Champion
110,2,33834.95,2,2,3,223,At Risk
68,2,7696.219999999999,3,2,2,322,Hibernating
138,1,2476.69,2,1,1,211,At Risk
84,4,130982.27,3,5,5,355,Loyal Customer
211,2,55894.56,1,2,3,123,At Risk
15,4,99208.82,5,5,4,554,Champion
96,4,1484.55,3,5,1,351,Loyal Customer
216,4,2215.57,1,5,1,151,Hibernating
35,4,27733.34,4,5,2,452,Loyal Customer
63,3,65464.350000000006,3,4,4,344,Loyal Customer
107,5,165973.66,2,5,5,255,Hibernating
59,3,93426.29000000001,4,4,4,444,Champion
93,3,97074.8,3,4,4,344,Loyal Customer
37,2,55194.67,4,2,3,423,Potential Loyalist
324,2,800.62,1,2,1,121,At Risk
112,2,71347.55,2,2,4,224,At Risk
123,3,102254.05,2,4,5,245,Hibernating
67,1,38380.14,3,1,3,313,Hibernating
45,2,59800.119999999995,4,2,4,424,Potential Loyalist
33,3,54902.78999999999,4,4,3,443,Loyal Customer
278,1,30837.95,1,1,2,112,At Risk
9,3,124334.41,5,4,5,545,Champion
307,1,11511.13,1,1,2,112,At Risk
7,5,114332.18000000001,5,5,5,555,Champion
53,6,105167.23000000001,4,5,5,455,Champion
24,5,33992.29,5,5,3,553,Loyal Customer
87,5,82830.56,3,5,4,354,Loyal Customer
36,5,133350.16,4,5,5,455,Champion
14,3,50375.04,5,4,3,543,Loyal Customer
6,3,73524.23,5,4,4,544,Champion
329,2,31258.05,1,2,3,123,At Risk
22,3,41436.12,5,4,3,543,Loyal Customer
129,1,39590.35,2,1,3,213,At Risk
72,2,68173.44,3,2,4,324,Hibernating
8,5,133418.12,5,5,5,555,Champion
22,5,1693.54,5,5,1,551,Loyal Customer
8,4,1318.7,5,5,1,551,Loyal Customer
254,1,425.03,1,1,1,111,At Risk
102,2,4084.99,3,2,1,321,Hibernating
69,2,40115.38,3,2,3,323,Hibernating
122,4,34809.03,2,5,3,253,Hibernating
3,4,105084.5,5,5,5,555,Champion
116,1,26831.41,2,1,2,212,At Risk
96,3,125234.21,3,4,5,345,Loyal Customer
165,2,49964.12,2,2,3,223,At Risk
138,2,804.21,2,2,1,221,At Risk
63,4,127050.2,3,5,5,355,Loyal Customer
64,5,138081.07,3,5,5,355,Loyal Customer
254,3,112293.20999999999,1,4,5,145,Hibernating
250,1,39320.0,1,1,3,113,At Risk
232,2,32758.28,1,2,3,123,At Risk
32,2,7471.09,4,2,2,422,Potential Loyalist
7,3,44871.17,5,4,3,543,Loyal Customer
268,3,934.05,1,4,1,141,Hibernating
26,4,101503.27,5,5,5,555,Champion
43,5,184725.88,4,5,5,455,Champion
11,3,74495.32,5,4,4,544,Champion
243,1,13630.33,1,1,2,112,At Risk
77,1,30800.44,3,1,2,312,Hibernating
104,4,87671.67,3,5,4,354,Loyal Customer
74,3,55419.26,3,4,3,343,Loyal Customer
37,3,1577.88,4,4,1,441,Loyal Customer
159,1,2140.64,2,1,1,211,At Risk
148,2,54744.68,2,2,3,223,At Risk
98,7,196634.58000000002,3,5,5,355,Loyal Customer
150,4,56990.520000000004,2,5,3,253,Hibernating
10,2,5465.2699999999995,5,2,1,521,Potential Loyalist
235,2,49286.78,1,2,3,123,At Risk
39,3,139381.5,4,4,5,445,Champion
166,1,49967.64,2,1,3,213,At Risk
168,1,17562.12,2,1,2,212,At Risk
127,2,40532.96,2,2,3,223,At Risk
78,2,47308.52,3,2,3,323,Hibernating
129,2,784.94,2,2,1,221,At Risk
27,3,123249.08,4,4,5,445,Champion
333,2,64975.74,1,2,4,124,At Risk
9,2,94602.74,5,2,4,524,Potential Loyalist
84,1,21712.94,3,1,2,312,Hibernating
8,3,11474.039999999999,5,4,2,542,Loyal Customer
18,7,192445.87,5,5,5,555,Champion
61,3,6689.1900000000005,3,4,1,341,Loyal Customer
17,2,1079.88,5,2,1,521,Potential Loyalist
74,2,41728.880000000005,3,2,3,323,Hibernating
29,3,36876.71,4,4,3,443,Loyal Customer
104,1,29130.76,3,1,2,312,Hibernating
136,2,21192.81,2,2,2,222,At Risk
78,2,50787.56,3,2,3,323,Hibernating
29,1,14155.22,4,1,2,412,Potential Loyalist
106,1,48111.87,2,1,3,213,At Risk
87,3,63800.45,3,4,4,344,Loyal Customer
150,1,20501.1,2,1,2,212,At Risk
184,2,63322.9,1,2,4,124,At Risk
129,1,761.68,2,1,1,211,At Risk
101,4,1776.0700000000002,3,5,1,351,Loyal Customer
3,4,28299.479999999996,5,5,2,552,Loyal Customer
50,5,143034.25,4,5,5,455,Champion
209,1,11277.72,1,1,2,112,At Risk
306,1,26855.97,1,1,2,112,At Risk
34,5,161389.29,4,5,5,455,Champion
141,1,27341.0,2,1,2,212,At Risk
28,1,31205.3,4,1,3,413,Potential Loyalist
23,3,32402.489999999998,5,4,3,543,Loyal Customer
20,7,2241.52,5,5,1,551,Loyal Customer
4,4,44511.64,5,5,3,553,Loyal Customer
187,3,1709.1000000000001,1,4,1,141,Hibernating
19,6,206288.31,5,5,5,555,Champion
220,2,27435.38,1,2,2,122,At Risk
5,3,14552.64,5,4,2,542,Loyal Customer
48,2,63573.09,4,2,4,424,Potential Loyalist
20,3,90524.83,5,4,4,544,Champion
122,2,8479.76,2,2,2,222,At Risk
222,2,9811.8,1,2,2,122,At Risk
141,3,2123.2200000000003,2,4,1,241,Hibernating
131,1,502.83,2,1,1,211,At Risk
67,4,15634.21,3,5,2,352,Loyal Customer
217,1,12289.24,1,1,2,112,At Risk
225,2,30285.059999999998,1,2,2,122,At Risk
42,4,142371.3,4,5,5,455,Champion
27,4,1418.4099999999999,4,5,1,451,Loyal Customer
118,2,50023.240000000005,2,2,3,223,At Risk
9,3,1015.55,5,4,1,541,Loyal Customer
103,4,133831.56,3,5,5,355,Loyal Customer
226,1,5206.47,1,1,1,111,At Risk
5,4,44155.47,5,5,3,553,Loyal Customer
26,5,74670.58,5,5,4,554,Champion
43,7,225443.51,4,5,5,455,Champion
86,5,203328.94999999998,3,5,5,355,Loyal Customer
228,2,784.65,1,2,1,121,At Risk
71,2,65763.83,3,2,4,324,Hibernating
241,2,53336.380000000005,1,2,3,123,At Risk
136,4,111335.54999999999,2,5,5,255,Hibernating
99,4,97621.69,3,5,4,354,Loyal Customer
68,5,102337.2,3,5,5,355,Loyal Customer
98,3,96632.22,3,4,4,344,Loyal Customer
104,3,5095.6900000000005,3,4,1,341,Loyal Customer
179,4,111683.47,1,5,5,155,Hibernating
159,5,147256.4,2,5,5,255,Hibernating
23,1,7688.53,5,1,2,512,Potential Loyalist
15,4,16868.739999999998,5,5,2,552,Loyal Customer
81,5,39585.4,3,5,3,353,Loyal Customer
10,2,1131.88,5,2,1,521,Potential Loyalist
26,3,23482.84,5,4,2,542,Loyal Customer
5,3,143663.79,5,4,5,545,Champion
4,3,6670.469999999999,5,4,1,541,Loyal Customer
112,4,83673.37,2,5,4,254,Hibernating
8,4,77415.97,5,5,4,554,Champion
39,2,89359.23999999999,4,2,4,424,Potential Loyalist
288,2,24460.75,1,2,2,122,At Risk
81,5,104505.18,3,5,5,355,Loyal Customer
10,4,124281.88999999998,5,5,5,555,Champion
37,5,139388.76,4,5,5,455,Champion
142,1,41202.07,2,1,3,213,At Risk
48,5,14286.529999999999,4,5,2,452,Loyal Customer
140,4,109474.32,2,5,5,255,Hibernating
58,2,874.66,4,2,1,421,Potential Loyalist
3,3,36781.649999999994,5,4,3,543,Loyal Customer
218,4,1774.49,1,5,1,151,Hibernating
108,1,300.0,2,1,1,211,At Risk
40,3,1269.54,4,4,1,441,Loyal Customer
4,2,20014.8,5,2,2,522,Potential Loyalist
104,5,2176.79,3,5,1,351,Loyal Customer
128,2,44462.4,2,2,3,223,At Risk
45,3,1038.97,4,4,1,441,Loyal Customer
94,2,39065.8,3,2,3,323,Hibernating
10,2,16873.77,5,2,2,522,Potential Loyalist
36,4,103120.65,4,5,5,455,Champion
2,2,42761.229999999996,5,2,3,523,Potential Loyalist
2,1,21539.96,5,1,2,512,Potential Loyalist
87,3,74574.09999999999,3,4,4,344,Loyal Customer
13,3,41485.83,5,4,3,543,Loyal Customer
177,2,80184.48000000001,2,2,4,224,At Risk
276,3,80825.9,1,4,4,144,Hibernating
15,3,148297.44,5,4,5,545,Champion
265,1,342.73,1,1,1,111,At Risk
115,4,160718.9,2,5,5,255,Hibernating
10,5,153448.02,5,5,5,555,Champion
5,3,67277.88,5,4,4,544,Champion
95,2,19264.23,3,2,2,322,Hibernating
35,4,1264.03,4,5,1,451,Loyal Customer
8,3,146869.8,5,4,5,545,Champion
11,3,23892.57,5,4,2,542,Loyal Customer
68,3,87144.93,3,4,4,344,Loyal Customer
118,2,35256.869999999995,2,2,3,223,At Risk
21,2,7513.780000000001,5,2,2,522,Potential Loyalist
37,2,93509.97,4,2,4,424,Potential Loyalist
308,2,37487.97,1,2,3,123,At Risk
156,3,1495.04,2,4,1,241,Hibernating
75,5,140321.85,3,5,5,355,Loyal Customer
23,6,64024.130000000005,5,5,4,554,Champion
94,3,39564.21,3,4,3,343,Loyal Customer
333,3,80469.91,1,4,4,144,Hibernating
84,3,34779.93,3,4,3,343,Loyal Customer
55,8,64850.11,4,5,4,454,Champion
87,1,3851.37,3,1,1,311,Hibernating
15,4,1706.98,5,5,1,551,Loyal Customer
1,4,99206.67,5,5,4,554,Champion
138,4,1771.46,2,5,1,251,Hibernating
26,4,117824.73999999999,5,5,5,555,Champion
65,1,25210.26,3,1,2,312,Hibernating
267,2,64639.23,1,2,4,124,At Risk
47,5,135074.47,4,5,5,455,Champion
171,1,9532.55,2,1,2,212,At Risk
243,1,26853.97,1,1,2,112,At Risk
148,2,618.78,2,2,1,221,At Risk
206,2,2207.08,1,2,1,121,At Risk
83,3,14775.84,3,4,2,342,Loyal Customer
67,2,681.26,3,2,1,321,Hibernating
31,1,27142.65,4,1,2,412,Potential Loyalist
49,4,96150.66,4,5,4,454,Champion
13,3,147893.07,5,4,5,545,Champion
188,1,12267.14,1,1,2,112,At Risk
54,4,1627.3400000000001,4,5,1,451,Loyal Customer
33,3,51478.47,4,4,3,443,Loyal Customer
111,2,16519.31,2,2,2,222,At Risk
303,1,300.0,1,1,1,111,At Risk
123,4,1699.6100000000001,2,5,1,251,Hibernating
25,3,17366.519999999997,5,4,2,542,Loyal Customer
23,5,156082.86,5,5,5,555,Champion
38,5,149857.03,4,5,5,455,Champion
120,3,82109.22,2,4,4,244,Hibernating
311,2,69752.05,1,2,4,124,At Risk
81,4,108679.82,3,5,5,355,Loyal Customer
299,1,21048.79,1,1,2,112,At Risk
7,1,30287.43,5,1,2,512,Potential Loyalist
142,5,126079.97,2,5,5,255,Hibernating
85,2,70733.76,3,2,4,324,Hibernating
22,5,2237.11,5,5,1,551,Loyal Customer
49,7,2929.29,4,5,1,451,Loyal Customer
24,4,119021.70999999999,5,5,5,555,Champion
257,3,89171.37,1,4,4,144,Hibernating
39,3,140794.62,4,4,5,445,Champion
9,3,93952.43,5,4,4,544,Champion
108,3,1612.46,2,4,1,241,Hibernating
85,5,111410.21,3,5,5,355,Loyal Customer
31,5,166966.38,4,5,5,455,Champion
17,4,153497.24,5,5,5,555,Champion
19,3,43375.62,5,4,3,543,Loyal Customer
25,3,1538.04,5,4,1,541,Loyal Customer
39,4,114314.81,4,5,5,455,Champion
149,1,17503.5,2,1,2,212,At Risk
193,4,1354.51,1,5,1,151,Hibernating
169,1,300.0,2,1,1,211,At Risk
255,2,46066.590000000004,1,2,3,123,At Risk
64,3,140631.27,3,4,5,345,Loyal Customer
16,2,43664.520000000004,5,2,3,523,Potential Loyalist
117,1,13058.95,2,1,2,212,At Risk
96,4,125860.43000000001,3,5,5,355,Loyal Customer
16,3,39489.21,5,4,3,543,Loyal Customer
51,2,40463.24,4,2,3,423,Potential Loyalist
149,3,77854.9,2,4,4,244,Hibernating
179,3,73063.70999999999,1,4,4,144,Hibernating
19,3,9228.27,5,4,2,542,Loyal Customer
5,2,68443.5,5,2,4,524,Potential Loyalist
121,4,47051.53999999999,2,5,3,253,Hibernating
121,1,28145.12,2,1,2,212,At Risk
102,1,10650.06,3,1,2,312,Hibernating
32,3,14413.199999999999,4,4,2,442,Loyal Customer
131,3,29780.73,2,4,2,242,Hibernating
17,4,160483.83,5,5,5,555,Champion
88,2,1035.37,3,2,1,321,Hibernating
69,2,715.28,3,2,1,321,Hibernating
108,3,937.74,2,4,1,241,Hibernating
177,2,1026.3400000000001,2,2,1,221,At Risk
3,3,94167.97,5,4,4,544,Champion
130,6,168680.66,2,5,5,255,Hibernating
337,1,16909.42,1,1,2,112,At Risk
138,4,62644.41,2,5,4,254,Hibernating
149,1,14199.26,2,1,2,212,At Risk
41,5,153961.04,4,5,5,455,Champion
165,3,1514.06,2,4,1,241,Hibernating
82,3,32551.559999999998,3,4,3,343,Loyal Customer
25,4,69042.91,5,5,4,554,Champion
233,1,1852.83,1,1,1,111,At Risk
64,3,61425.0,3,4,4,344,Loyal Customer
7,3,67525.48,5,4,4,544,Champion
59,3,91361.86,4,4,4,444,Champion
144,4,82377.11,2,5,4,254,Hibernating
30,2,72084.9,4,2,4,424,Potential Loyalist
47,4,100014.69,4,5,4,454,Champion
153,2,55304.26,2,2,3,223,At Risk
60,2,801.45,4,2,1,421,Potential Loyalist
31,3,69905.82999999999,4,4,4,444,Champion
56,3,146116.38,4,4,5,445,Champion
104,1,12266.58,3,1,2,312,Hibernating
64,4,118479.86,3,5,5,355,Loyal Customer
107,3,54847.58,2,4,3,243,Hibernating
149,1,42091.95,2,1,3,213,At Risk
67,3,1050.38,3,4,1,341,Loyal Customer
312,1,6857.94,1,1,1,111,At Risk
118,3,111437.82,2,4,5,245,Hibernating
334,2,36521.82,1,2,3,123,At Risk
14,4,128511.74,5,5,5,555,Champion
59,2,40556.0,4,2,3,423,Potential Loyalist
71,2,42442.11,3,2,3,323,Hibernating
72,3,84811.15,3,4,4,344,Loyal Customer
219,1,2920.11,1,1,1,111,At Risk
35,1,38739.86,4,1,3,413,Potential Loyalist
147,2,60357.47,2,2,4,224,At Risk
40,4,93913.08,4,5,4,454,Champion
98,4,149351.23,3,5,5,355,Loyal Customer
319,1,11463.01,1,1,2,112,At Risk
19,6,107636.20000000001,5,5,5,555,Champion
182,1,4887.34,1,1,1,111,At Risk
5,4,37849.39,5,5,3,553,Loyal Customer
117,4,147661.44,2,5,5,255,Hibernating
265,1,300.0,1,1,1,111,At Risk
62,5,177759.21000000002,3,5,5,355,Loyal Customer
19,4,1428.2,5,5,1,551,Loyal Customer
295,1,9221.63,1,1,2,112,At Risk
44,2,15533.170000000002,4,2,2,422,Potential Loyalist
71,5,109654.76,3,5,5,355,Loyal Customer
151,2,801.1800000000001,2,2,1,221,At Risk
202,1,40024.3,1,1,3,113,At Risk
194,2,17605.38,1,2,2,122,At Risk
94,2,670.48,3,2,1,321,Hibernating
106,2,60110.020000000004,2,2,4,224,At Risk
21,3,139437.41999999998,5,4,5,545,Champion
28,2,798.81,4,2,1,421,Potential Loyalist
15,3,95435.52,5,4,4,544,Champion
219,1,35908.02,1,1,3,113,At Risk
106,5,168737.93,2,5,5,255,Hibernating
111,6,2489.51,2,5,1,251,Hibernating
29,2,859.57,4,2,1,421,Potential Loyalist
69,2,936.35,3,2,1,321,Hibernating
52,5,1809.43,4,5,1,451,Loyal Customer
259,1,7445.51,1,1,2,112,At Risk
77,4,135990.79,3,5,5,355,Loyal Customer
129,7,165793.13,2,5,5,255,Hibernating
218,3,22626.32,1,4,2,142,Hibernating
65,2,14367.33,3,2,2,322,Hibernating
46,3,918.24,4,4,1,441,Loyal Customer
86,2,19618.03,3,2,2,322,Hibernating
90,3,26236.95,3,4,2,342,Loyal Customer
6,4,169881.97999999998,5,5,5,555,Champion
10,5,46610.31,5,5,3,553,Loyal Customer
252,1,1600.7,1,1,1,111,At Risk
53,2,94832.87,4,2,4,424,Potential Loyalist
56,3,33072.83,4,4,3,443,Loyal Customer
8,3,102804.04000000001,5,4,5,545,Champion
5,2,90396.8,5,2,4,524,Potential Loyalist
229,2,82239.07,1,2,4,124,At Risk
15,2,18547.989999999998,5,2,2,522,Potential Loyalist
76,5,139183.36,3,5,5,355,Loyal Customer
72,6,37497.31,3,5,3,353,Loyal Customer
76,5,110320.91,3,5,5,355,Loyal Customer
39,3,140657.16,4,4,5,445,Champion
37,4,1960.1,4,5,1,451,Loyal Customer
118,2,725.98,2,2,1,221,At Risk
100,1,6231.98,3,1,1,311,Hibernating
40,4,11864.869999999999,4,5,2,452,Loyal Customer
87,2,53860.66,3,2,3,323,Hibernating
68,4,99554.71,3,5,4,354,Loyal Customer
25,1,300.0,5,1,1,511,Potential Loyalist
150,3,40745.71,2,4,3,243,Hibernating
17,2,63719.42,5,2,4,524,Potential Loyalist
23,2,6967.48,5,2,1,521,Potential Loyalist
119,1,300.0,2,1,1,211,At Risk
128,2,71568.09,2,2,4,224,At Risk
68,4,103576.54,3,5,5,355,Loyal Customer
90,2,22372.64,3,2,2,322,Hibernating
74,2,45993.649999999994,3,2,3,323,Hibernating
164,5,125803.17,2,5,5,255,Hibernating
260,2,53387.61,1,2,3,123,At Risk
18,5,96048.75,5,5,4,554,Champion
97,2,71510.04000000001,3,2,4,324,Hibernating
156,1,32140.31,2,1,3,213,At Risk
80,4,72866.70999999999,3,5,4,354,Loyal Customer
6,4,1301.59,5,5,1,551,Loyal Customer
171,3,33212.33,2,4,3,243,Hibernating
5,4,24429.629999999997,5,5,2,552,Loyal Customer
90,5,2109.41,3,5,1,351,Loyal Customer
45,1,453.66,4,1,1,411,Potential Loyalist
113,1,7214.15,2,1,2,212,At Risk
39,1,6468.37,4,1,1,411,Potential Loyalist
67,3,63338.22,3,4,4,344,Loyal Customer
14,3,139400.76,5,4,5,545,Champion
85,4,34286.979999999996,3,5,3,353,Loyal Customer
23,5,147157.81,5,5,5,555,Champion
109,5,13951.26,2,5,2,252,Hibernating
133,3,900.0,2,4,1,241,Hibernating
226,1,7247.95,1,1,2,112,At Risk
38,5,103984.43000000001,4,5,5,455,Champion
87,3,21682.33,3,4,2,342,Loyal Customer
136,3,59865.22,2,4,4,244,Hibernating
98,3,28065.840000000004,3,4,2,342,Loyal Customer
47,2,35570.11,4,2,3,423,Potential Loyalist
172,4,51786.91,2,5,3,253,Hibernating
12,3,145984.29,5,4,5,545,Champion
205,1,13031.0,1,1,2,112,At Risk
244,1,323.9,1,1,1,111,At Risk
137,5,163001.64,2,5,5,255,Hibernating
14,3,1367.41,5,4,1,541,Loyal Customer
192,3,18785.65,1,4,2,142,Hibernating
49,2,1038.97,4,2,1,421,Potential Loyalist
10,3,1711.71,5,4,1,541,Loyal Customer
64,1,39724.91,3,1,3,313,Hibernating
58,5,141385.21,4,5,5,455,Champion
30,4,83339.07,4,5,4,454,Champion
118,2,20965.61,2,2,2,222,At Risk
21,3,81527.25,5,4,4,544,Champion
218,2,57981.759999999995,1,2,3,123,At Risk
310,3,67594.15,1,4,4,144,Hibernating
85,2,13622.18,3,2,2,322,Hibernating
50,5,117553.01000000001,4,5,5,455,Champion
33,1,300.0,4,1,1,411,Potential Loyalist
280,1,3717.38,1,1,1,111,At Risk
95,5,113285.56,3,5,5,355,Loyal Customer
82,5,106236.93,3,5,5,355,Loyal Customer
144,3,1009.12,2,4,1,241,Hibernating
11,5,43620.36,5,5,3,553,Loyal Customer
105,1,47524.5,2,1,3,213,At Risk
36,5,1900.79,4,5,1,451,Loyal Customer
133,1,300.0,2,1,1,211,At Risk
68,3,87342.87,3,4,4,344,Loyal Customer
9,9,93413.48,5,5,4,554,Champion
102,1,19496.52,3,1,2,312,Hibernating
11,3,149553.78,5,4,5,545,Champion
161,2,76051.22,2,2,4,224,At Risk
348,1,30676.47,1,1,2,112,At Risk
324,1,3951.03,1,1,1,111,At Risk
5,6,2191.4700000000003,5,5,1,551,Loyal Customer
18,5,56032.63,5,5,3,553,Loyal Customer
281,1,5320.03,1,1,1,111,At Risk
129,1,3754.19,2,1,1,211,At Risk
19,2,11036.08,5,2,2,522,Potential Loyalist
300,1,15016.92,1,1,2,112,At Risk
145,2,24148.22,2,2,2,222,At Risk
79,2,47582.73,3,2,3,323,Hibernating
123,3,121314.95999999999,2,4,5,245,Hibernating
112,2,85404.08,2,2,4,224,At Risk
145,1,31654.09,2,1,3,213,At Risk
196,2,50879.91,1,2,3,123,At Risk
80,2,22072.2,3,2,2,322,Hibernating
158,3,83980.06,2,4,4,244,Hibernating
317,1,40861.73,1,1,3,113,At Risk
3,3,12458.550000000001,5,4,2,542,Loyal Customer
345,1,3088.23,1,1,1,111,At Risk
112,4,126942.15,2,5,5,255,Hibernating
262,2,24343.21,1,2,2,122,At Risk
50,2,35953.32,4,2,3,423,Potential Loyalist
213,2,67468.45,1,2,4,124,At Risk
19,7,193701.47,5,5,5,555,Champion
269,1,37363.75,1,1,3,113,At Risk
28,4,1385.9099999999999,4,5,1,451,Loyal Customer
103,6,128396.03,3,5,5,355,Loyal Customer
270,2,38978.89,1,2,3,123,At Risk
304,2,71344.16,1,2,4,124,At Risk
26,2,3859.2700000000004,5,2,1,521,Potential Loyalist
73,4,136812.39,3,5,5,355,Loyal Customer
135,1,9754.79,2,1,2,212,At Risk
8,6,171421.1,5,5,5,555,Champion
154,4,121889.24,2,5,5,255,Hibernating
365,1,7901.89,1,1,2,112,At Risk
114,5,124635.35,2,5,5,255,Hibernating
170,1,300.0,2,1,1,211,At Risk
105,2,49706.24,2,2,3,223,At Risk
15,6,161129.82,5,5,5,555,Champion
265,1,24936.29,1,1,2,112,At Risk
32,2,69598.76999999999,4,2,4,424,Potential Loyalist
191,2,760.44,1,2,1,121,At Risk
4,3,137810.04,5,4,5,545,Champion
34,3,86935.31,4,4,4,444,Champion
41,4,107218.12,4,5,5,455,Champion
171,4,112725.73,2,5,5,255,Hibernating
246,2,4415.3,1,2,1,121,At Risk
29,5,2540.07,4,5,1,451,Loyal Customer
33,1,47204.23,4,1,3,413,Potential Loyalist
80,6,141458.95,3,5,5,355,Loyal Customer
85,1,525.68,3,1,1,311,Hibernating
65,3,149727.99,3,4,5,345,Loyal Customer
156,3,126449.2,2,4,5,245,Hibernating
11,4,102734.36,5,5,5,555,Champion
74,4,109353.54000000001,3,5,5,355,Loyal Customer
10,3,100753.36,5,4,4,544,Champion
316,1,48247.5,1,1,3,113,At Risk
68,4,49481.75,3,5,3,353,Loyal Customer
1,3,92669.19,5,4,4,544,Champion
8,2,37068.2,5,2,3,523,Potential Loyalist
80,5,113712.36,3,5,5,355,Loyal Customer
123,2,1075.25,2,2,1,221,At Risk
50,3,118496.17,4,4,5,445,Champion
29,3,38838.520000000004,4,4,3,443,Loyal Customer
241,4,82009.84,1,5,4,154,Hibernating
54,2,34815.23,4,2,3,423,Potential Loyalist
89,4,113427.31,3,5,5,355,Loyal Customer
149,3,10314.78,2,4,2,242,Hibernating
78,3,144435.87,3,4,5,345,Loyal Customer
33,4,1516.16,4,5,1,451,Loyal Customer
72,2,51338.61,3,2,3,323,Hibernating
175,2,15826.82,2,2,2,222,At Risk
29,3,35723.82,4,4,3,443,Loyal Customer
149,1,750.49,2,1,1,211,At Risk
77,1,48720.62,3,1,3,313,Hibernating
19,3,43119.600000000006,5,4,3,543,Loyal Customer
71,2,43463.520000000004,3,2,3,323,Hibernating
39,4,1897.01,4,5,1,451,Loyal Customer
21,2,86148.87,5,2,4,524,Potential Loyalist
349,1,2528.18,1,1,1,111,At Risk
9,3,48847.62,5,4,3,543,Loyal Customer
275,1,12911.36,1,1,2,112,At Risk
64,2,22116.16,3,2,2,322,Hibernating
9,4,13416.689999999999,5,5,2,552,Loyal Customer
134,3,1266.55,2,4,1,241,Hibernating
171,4,75391.48,2,5,4,254,Hibernating
23,8,22303.77,5,5,2,552,Loyal Customer
268,1,5869.85,1,1,1,111,At Risk
48,4,76965.49,4,5,4,454,Champion
62,2,12792.359999999999,3,2,2,322,Hibernating
225,2,3837.96,1,2,1,121,At Risk
3,6,45730.47,5,5,3,553,Loyal Customer
26,3,132758.25,5,4,5,545,Champion
8,5,1788.56,5,5,1,551,Loyal Customer
7,3,27726.05,5,4,2,542,Loyal Customer
167,5,13575.58,2,5,2,252,Hibernating
90,5,34933.35,3,5,3,353,Loyal Customer
318,1,989.2,1,1,1,111,At Risk
30,8,177932.09,4,5,5,455,Champion
98,1,46181.16,3,1,3,313,Hibernating
242,4,29642.379999999997,1,5,2,152,Hibernating
174,3,126647.4,2,4,5,245,Hibernating
145,4,108235.17,2,5,5,255,Hibernating
134,2,55353.159999999996,2,2,3,223,At Risk
77,3,983.9,3,4,1,341,Loyal Customer
8,4,103301.26000000001,5,5,5,555,Champion
34,2,28263.45,4,2,2,422,Potential Loyalist
91,2,20857.5,3,2,2,322,Hibernating
65,3,50806.59,3,4,3,343,Loyal Customer
6,3,42381.54,5,4,3,543,Loyal Customer
113,2,49225.14,2,2,3,223,At Risk
182,1,832.76,1,1,1,111,At Risk
32,3,39561.090000000004,4,4,3,443,Loyal Customer
28,2,60636.51,4,2,4,424,Potential Loyalist
242,2,600.0,1,2,1,121,At Risk
18,2,702.79,5,2,1,521,Potential Loyalist
118,2,47161.88,2,2,3,223,At Risk
232,2,52184.59,1,2,3,123,At Risk
17,3,98089.51,5,4,4,544,Champion
26,3,134682.51,5,4,5,545,Champion
139,2,958.04,2,2,1,221,At Risk
28,2,65782.89,4,2,4,424,Potential Loyalist
113,2,21351.89,2,2,2,222,At Risk
99,2,57486.46,3,2,3,323,Hibernating
77,1,9971.44,3,1,2,312,Hibernating
67,3,85070.1,3,4,4,344,Loyal Customer
11,3,66249.81,5,4,4,544,Champion
93,2,46048.06,3,2,3,323,Hibernating
338,2,44413.33,1,2,3,123,At Risk
243,2,69724.01999999999,1,2,4,124,At Risk
100,4,111494.3,3,5,5,355,Loyal Customer
173,2,48451.630000000005,2,2,3,223,At Risk
5,3,82117.43000000001,5,4,4,544,Champion
285,1,7773.53,1,1,2,112,At Risk
50,4,178715.07,4,5,5,455,Champion
97,4,95597.16,3,5,4,354,Loyal Customer
111,3,68097.15,2,4,4,244,Hibernating
115,2,47008.47,2,2,3,223,At Risk
51,3,149229.72,4,4,5,445,Champion
220,2,82836.06,1,2,4,124,At Risk
167,1,46803.81,2,1,3,213,At Risk
53,4,145629.85,4,5,5,455,Champion
133,2,9418.89,2,2,2,222,At Risk
65,2,26055.86,3,2,2,322,Hibernating
86,6,148696.18,3,5,5,355,Loyal Customer
64,2,37406.67,3,2,3,323,Hibernating
262,1,415.64,1,1,1,111,At Risk
15,3,104473.8,5,4,5,545,Champion
199,2,91294.2,1,2,4,124,At Risk
89,4,139320.3,3,5,5,355,Loyal Customer
46,6,175044.37,4,5,5,455,Champion
180,5,2200.51,1,5,1,151,Hibernating
23,3,68839.62,5,4,4,544,Champion
22,3,61536.740000000005,5,4,4,544,Champion
22,4,122210.42,5,5,5,555,Champion
47,2,38945.68,4,2,3,423,Potential Loyalist
44,3,41353.020000000004,4,4,3,443,Loyal Customer
29,3,68824.97,4,4,4,444,Champion
232,2,76084.06,1,2,4,124,At Risk
161,2,75227.70999999999,2,2,4,224,At Risk
91,5,26267.93,3,5,2,352,Loyal Customer
23,7,132155.86,5,5,5,555,Champion
39,4,82167.84,4,5,4,454,Champion
36,3,18985.56,4,4,2,442,Loyal Customer
33,3,35370.090000000004,4,4,3,443,Loyal Customer
9,2,70383.4,5,2,4,524,Potential Loyalist
10,3,142743.99,5,4,5,545,Champion
8,1,15602.69,5,1,2,512,Potential Loyalist
323,1,36445.58,1,1,3,113,At Risk
142,1,11190.52,2,1,2,212,At Risk
20,5,111518.54000000001,5,5,5,555,Champion
67,5,84524.37,3,5,4,354,Loyal Customer
327,3,45754.59,1,4,3,143,Hibernating
222,1,980.66,1,1,1,111,At Risk
93,2,43671.32,3,2,3,323,Hibernating
84,2,74655.51,3,2,4,324,Hibernating
7,4,7934.34,5,5,2,552,Loyal Customer
51,4,103330.72,4,5,5,455,Champion
55,2,14481.82,4,2,2,422,Potential Loyalist
147,4,33477.97,2,5,3,253,Hibernating
176,1,23718.88,2,1,2,212,At Risk
178,3,59318.75,2,4,3,243,Hibernating
7,5,142866.42,5,5,5,555,Champion
24,3,31504.76,5,4,3,543,Loyal Customer
9,5,40934.46,5,5,3,553,Loyal Customer
29,3,80680.06999999999,4,4,4,444,Champion
49,3,106505.05,4,4,5,445,Champion
11,3,128837.28,5,4,5,545,Champion
316,1,48246.59,1,1,3,113,At Risk
1,3,133896.48,5,4,5,545,Champion
126,4,101331.65,2,5,5,255,Hibernating
126,1,33806.7,2,1,3,213,At Risk
166,3,110533.36,2,4,5,245,Hibernating
28,3,13616.130000000001,4,4,2,442,Loyal Customer
36,2,65875.18,4,2,4,424,Potential Loyalist
240,1,6826.15,1,1,1,111,At Risk
80,1,409.93,3,1,1,311,Hibernating
2,6,175219.63,5,5,5,555,Champion
116,1,12995.33,2,1,2,212,At Risk
34,4,11733.49,4,5,2,452,Loyal Customer
191,3,26026.449999999997,1,4,2,142,Hibernating
267,3,995.0899999999999,1,4,1,141,Hibernating
160,2,1012.8,2,2,1,221,At Risk
157,3,50080.619999999995,2,4,3,243,Hibernating
117,2,54879.520000000004,2,2,3,223,At Risk
133,2,37455.53,2,2,3,223,At Risk
87,4,142788.63,3,5,5,355,Loyal Customer
281,2,39109.83,1,2,3,123,At Risk
111,1,3427.0,2,1,1,211,At Risk
201,2,43316.29,1,2,3,123,At Risk
29,5,140754.49,4,5,5,455,Champion
122,2,600.0,2,2,1,221,At Risk
295,1,15565.65,1,1,2,112,At Risk
181,3,86660.39000000001,1,4,4,144,Hibernating
55,6,169781.54,4,5,5,455,Champion
31,5,1581.37,4,5,1,451,Loyal Customer
40,3,70155.95,4,4,4,444,Champion
5,3,145894.13999999998,5,4,5,545,Champion
18,2,5639.67,5,2,1,521,Potential Loyalist
192,3,117959.79000000001,1,4,5,145,Hibernating
17,3,142096.83000000002,5,4,5,545,Champion
177,1,30489.12,2,1,2,212,At Risk
58,1,10536.56,4,1,2,412,Potential Loyalist
35,3,99417.47,4,4,4,444,Champion
35,1,11672.23,4,1,2,412,Potential Loyalist
202,2,71171.2,1,2,4,124,At Risk
179,4,35319.03,1,5,3,153,Hibernating
108,6,145045.44,2,5,5,255,Hibernating
18,4,73989.95,5,5,4,554,Champion
103,3,82091.54,3,4,4,344,Loyal Customer
162,2,1099.91,2,2,1,221,At Risk
83,3,109070.12,3,4,5,345,Loyal Customer
44,3,44028.01,4,4,3,443,Loyal Customer
185,1,40401.63,1,1,3,113,At Risk
37,4,88472.61,4,5,4,454,Champion
103,2,61185.83,3,2,4,324,Hibernating
100,4,99431.27,3,5,4,354,Loyal Customer
82,2,65159.2,3,2,4,324,Hibernating
70,2,681.86,3,2,1,321,Hibernating
114,2,823.0899999999999,2,2,1,221,At Risk
288,1,367.32,1,1,1,111,At Risk
61,1,28795.15,3,1,2,312,Hibernating
303,1,10004.21,1,1,2,112,At Risk
96,5,105795.47,3,5,5,355,Loyal Customer
44,3,113288.97,4,4,5,445,Champion
76,2,46719.74,3,2,3,323,Hibernating
100,3,1751.5500000000002,3,4,1,341,Loyal Customer
318,1,38759.12,1,1,3,113,At Risk
123,4,97789.79,2,5,4,254,Hibernating
12,6,137530.66,5,5,5,555,Champion
321,2,19613.6,1,2,2,122,At Risk
16,5,88783.51000000001,5,5,4,554,Champion
164,3,1325.48,2,4,1,241,Hibernating
214,1,27233.8,1,1,2,112,At Risk
234,3,6190.7699999999995,1,4,1,141,Hibernating
229,1,28538.39,1,1,2,112,At Risk
30,4,1454.88,4,5,1,451,Loyal Customer
94,4,8330.99,3,5,2,352,Loyal Customer
273,3,78637.84,1,4,4,144,Hibernating
34,7,60994.020000000004,4,5,4,454,Champion
61,1,300.0,3,1,1,311,Hibernating
203,1,36333.86,1,1,3,113,At Risk
64,2,47698.1,3,2,3,323,Hibernating
55,1,46393.72,4,1,3,413,Potential Loyalist
90,6,140694.48,3,5,5,355,Loyal Customer
2,3,108521.33,5,4,5,545,Champion
59,1,956.11,4,1,1,411,Potential Loyalist
232,2,53925.119999999995,1,2,3,123,At Risk
17,3,52450.46,5,4,3,543,Loyal Customer
56,3,39065.88,4,4,3,443,Loyal Customer
124,1,300.0,2,1,1,211,At Risk
67,4,21884.149999999998,3,5,2,352,Loyal Customer
70,4,90704.75,3,5,4,354,Loyal Customer
363,1,13186.89,1,1,2,112,At Risk
244,2,44445.100000000006,1,2,3,123,At Risk
5,2,7112.870000000001,5,2,1,521,Potential Loyalist
147,3,68294.59,2,4,4,244,Hibernating
129,2,64465.729999999996,2,2,4,224,At Risk
10,3,69748.5,5,4,4,544,Champion
6,2,62323.229999999996,5,2,4,524,Potential Loyalist
30,3,103524.79,4,4,5,445,Champion
48,4,10260.71,4,5,2,452,Loyal Customer
84,4,140374.7,3,5,5,355,Loyal Customer
95,3,97539.20000000001,3,4,4,344,Loyal Customer
67,4,133759.13,3,5,5,355,Loyal Customer
85,3,25516.75,3,4,2,342,Loyal Customer
235,2,72153.3,1,2,4,124,At Risk
124,3,19565.62,2,4,2,242,Hibernating
110,2,45050.240000000005,2,2,3,223,At Risk
165,3,133493.26,2,4,5,245,Hibernating
132,1,35449.44,2,1,3,213,At Risk
160,2,1096.53,2,2,1,221,At Risk
21,4,124363.70999999999,5,5,5,555,Champion
21,3,110746.81,5,4,5,545,Champion
7,4,134517.03,5,5,5,555,Champion
84,2,56359.46,3,2,3,323,Hibernating
145,1,31494.15,2,1,3,213,At Risk
122,4,107667.83,2,5,5,255,Hibernating
294,1,300.0,1,1,1,111,At Risk
69,7,257927.53,3,5,5,355,Loyal Customer
259,1,21679.84,1,1,2,112,At Risk
19,6,32340.69,5,5,3,553,Loyal Customer
6,7,209342.97,5,5,5,555,Champion
17,1,31478.31,5,1,3,513,Potential Loyalist
108,5,13294.789999999999,2,5,2,252,Hibernating
169,1,7266.16,2,1,2,212,At Risk
62,2,48476.68,3,2,3,323,Hibernating
131,1,34556.32,2,1,3,213,At Risk
122,3,70689.54000000001,2,4,4,244,Hibernating
56,2,79129.34,4,2,4,424,Potential Loyalist
162,1,11989.58,2,1,2,212,At Risk
30,4,110322.06,4,5,5,455,Champion
52,4,117078.33000000002,4,5,5,455,Champion
17,1,4937.57,5,1,1,511,Potential Loyalist
329,1,332.21,1,1,1,111,At Risk
93,3,1704.4499999999998,3,4,1,341,Loyal Customer
25,6,167159.13,5,5,5,555,Champion
216,4,8811.54,1,5,2,152,Hibernating
123,3,69923.45999999999,2,4,4,244,Hibernating
32,4,107363.43,4,5,5,455,Champion
20,2,55968.83,5,2,3,523,Potential Loyalist
266,1,21635.8,1,1,2,112,At Risk
14,2,9578.58,5,2,2,522,Potential Loyalist
287,2,94868.42,1,2,4,124,At Risk
315,1,3749.79,1,1,1,111,At Risk
288,2,780.97,1,2,1,121,At Risk
106,2,2391.5699999999997,2,2,1,221,At Risk
61,4,91299.95999999999,3,5,4,354,Loyal Customer
263,1,7856.85,1,1,2,112,At Risk
89,1,9476.54,3,1,2,312,Hibernating
1,3,86024.39,5,4,4,544,Champion
130,2,16013.98,2,2,2,222,At Risk
22,3,122728.62,5,4,5,545,Champion
337,1,12270.73,1,1,2,112,At Risk
5,7,224182.03,5,5,5,555,Champion
157,4,75390.17,2,5,4,254,Hibernating
90,4,89694.46,3,5,4,354,Loyal Customer
160,3,1967.13,2,4,1,241,Hibernating
43,4,124630.6,4,5,5,455,Champion
11,3,104673.24,5,4,5,545,Champion
151,3,96199.41,2,4,4,244,Hibernating
186,2,82272.05,1,2,4,124,At Risk
159,4,97971.17,2,5,4,254,Hibernating
61,2,59775.84,3,2,4,324,Hibernating
37,4,1336.6,4,5,1,451,Loyal Customer
158,2,42915.33,2,2,3,223,At Risk
49,4,48862.03,4,5,3,453,Loyal Customer
218,1,300.0,1,1,1,111,At Risk
313,3,89000.94,1,4,4,144,Hibernating
297,1,1253.31,1,1,1,111,At Risk
265,1,4718.0,1,1,1,111,At Risk
33,2,79136.03,4,2,4,424,Potential Loyalist
19,4,108379.19,5,5,5,555,Champion
8,3,1093.17,5,4,1,541,Loyal Customer
179,2,49646.69,1,2,3,123,At Risk
96,2,9671.11,3,2,2,322,Hibernating
95,2,781.11,3,2,1,321,Hibernating
43,3,100227.51999999999,4,4,4,444,Champion
55,3,10683.92,4,4,2,442,Loyal Customer
4,2,19186.42,5,2,2,522,Potential Loyalist
51,2,38470.090000000004,4,2,3,423,Potential Loyalist
315,2,3582.27,1,2,1,121,At Risk
63,4,96964.98000000001,3,5,4,354,Loyal Customer
266,1,26552.78,1,1,2,112,At Risk
66,7,221719.26,3,5,5,355,Loyal Customer
96,3,1116.41,3,4,1,341,Loyal Customer
236,1,18780.88,1,1,2,112,At Risk
14,4,49948.979999999996,5,5,3,553,Loyal Customer
9,2,978.71,5,2,1,521,Potential Loyalist
135,3,106350.07999999999,2,4,5,245,Hibernating
40,5,80092.25,4,5,4,454,Champion
141,3,1054.96,2,4,1,241,Hibernating
85,4,140112.13,3,5,5,355,Loyal Customer
35,2,38967.79,4,2,3,423,Potential Loyalist
48,4,32078.559999999998,4,5,3,453,Loyal Customer
102,3,35154.770000000004,3,4,3,343,Loyal Customer
149,2,89516.45999999999,2,2,4,224,At Risk
160,1,42335.5,2,1,3,213,At Risk
88,4,12157.91,3,5,2,352,Loyal Customer
53,3,1653.9,4,4,1,441,Loyal Customer
10,4,99896.23999999999,5,5,4,554,Champion
244,3,44645.16,1,4,3,143,Hibernating
16,6,250208.59,5,5,5,555,Champion
91,2,7474.71,3,2,2,322,Hibernating
94,3,67549.53,3,4,4,344,Loyal Customer
64,1,49613.17,3,1,3,313,Hibernating
29,3,124831.22,4,4,5,445,Champion
12,5,132414.18,5,5,5,555,Champion
22,3,1170.21,5,4,1,541,Loyal Customer
197,3,77177.38,1,4,4,144,Hibernating
62,5,173541.97,3,5,5,355,Loyal Customer
58,3,123172.34999999999,4,4,5,445,Champion
49,2,8587.16,4,2,2,422,Potential Loyalist
213,1,8996.55,1,1,2,112,At Risk
273,1,13863.64,1,1,2,112,At Risk
42,3,77063.3,4,4,4,444,Champion
36,5,2113.49,4,5,1,451,Loyal Customer
45,6,99268.17,4,5,4,454,Champion
7,5,149075.32,5,5,5,555,Champion
66,4,101498.87,3,5,5,355,Loyal Customer
48,1,15927.02,4,1,2,412,Potential Loyalist
80,3,83783.57,3,4,4,344,Loyal Customer
85,6,16427.42,3,5,2,352,Loyal Customer
15,3,79690.76,5,4,4,544,Champion
45,4,108505.22,4,5,5,455,Champion
25,9,183425.02,5,5,5,555,Champion
210,1,300.0,1,1,1,111,At Risk
28,5,189851.69,4,5,5,455,Champion
208,2,16257.93,1,2,2,122,At Risk
5,2,31779.22,5,2,3,523,Potential Loyalist
195,3,109736.12000000001,1,4,5,145,Hibernating
122,4,116289.02,2,5,5,255,Hibernating
43,4,40895.05,4,5,3,453,Loyal Customer
21,4,2160.69,5,5,1,551,Loyal Customer
8,3,27059.91,5,4,2,542,Loyal Customer
112,3,72686.07,2,4,4,244,Hibernating
44,4,124574.67,4,5,5,455,Champion
289,2,15478.61,1,2,2,122,At Risk
79,3,5084.219999999999,3,4,1,341,Loyal Customer
123,1,32741.99,2,1,3,213,At Risk
199,1,8798.18,1,1,2,112,At Risk
28,3,107603.45,4,4,5,445,Champion
69,2,25262.55,3,2,2,322,Hibernating
10,3,105819.43000000001,5,4,5,545,Champion
166,4,34013.36,2,5,3,253,Hibernating
218,2,1184.6,1,2,1,121,At Risk
53,3,88350.03,4,4,4,444,Champion
290,2,27325.14,1,2,2,122,At Risk
66,2,18131.03,3,2,2,322,Hibernating
28,4,22968.97,4,5,2,452,Loyal Customer
265,1,21981.81,1,1,2,112,At Risk
136,4,110686.54000000001,2,5,5,255,Hibernating
97,2,37140.91,3,2,3,323,Hibernating
70,2,54363.42,3,2,3,323,Hibernating
45,5,121949.81,4,5,5,455,Champion
55,3,900.0,4,4,1,441,Loyal Customer
12,4,92377.79,5,5,4,554,Champion
103,1,9390.7,3,1,2,312,Hibernating
139,2,48928.63,2,2,3,223,At Risk
353,1,29978.23,1,1,2,112,At Risk
70,5,97117.49,3,5,4,354,Loyal Customer
23,2,37901.2,5,2,3,523,Potential Loyalist
19,2,634.65,5,2,1,521,Potential Loyalist
8,3,14061.300000000001,5,4,2,542,Loyal Customer
84,5,37888.16,3,5,3,353,Loyal Customer
189,1,44465.53,1,1,3,113,At Risk
101,2,3441.94,3,2,1,321,Hibernating
94,1,18733.87,3,1,2,312,Hibernating
26,3,103826.08,5,4,5,545,Champion
273,1,29961.67,1,1,2,112,At Risk
137,2,38579.21,2,2,3,223,At Risk
104,3,1632.3899999999999,3,4,1,341,Loyal Customer
80,4,27546.35,3,5,2,352,Loyal Customer
142,4,123145.95,2,5,5,255,Hibernating
68,4,74020.62,3,5,4,354,Loyal Customer
119,2,52466.22,2,2,3,223,At Risk
156,3,9974.76,2,4,2,242,Hibernating
14,4,134514.27,5,5,5,555,Champion
59,3,8723.039999999999,4,4,2,442,Loyal Customer
88,4,119715.57,3,5,5,355,Loyal Customer
67,2,55685.43,3,2,3,323,Hibernating
82,3,40507.729999999996,3,4,3,343,Loyal Customer
27,10,203118.42,4,5,5,455,Champion
133,3,93619.83,2,4,4,244,Hibernating
34,1,2167.53,4,1,1,411,Potential Loyalist
71,2,81378.81,3,2,4,324,Hibernating
67,5,168149.94,3,5,5,355,Loyal Customer
53,3,141233.66999999998,4,4,5,445,Champion
125,3,65534.31,2,4,4,244,Hibernating
301,1,7713.81,1,1,2,112,At Risk
23,3,145065.33000000002,5,4,5,545,Champion
17,1,37443.05,5,1,3,513,Potential Loyalist
87,2,53647.82,3,2,3,323,Hibernating
15,4,119858.51,5,5,5,555,Champion
125,3,39176.15,2,4,3,243,Hibernating
150,1,4200.73,2,1,1,211,At Risk
281,3,84758.95000000001,1,4,4,144,Hibernating
152,3,76701.06000000001,2,4,4,244,Hibernating
20,5,123497.3,5,5,5,555,Champion
35,2,50786.57,4,2,3,423,Potential Loyalist
114,2,89384.06,2,2,4,224,At Risk
262,2,45139.07,1,2,3,123,At Risk
38,3,102464.44,4,4,5,445,Champion
91,1,30524.62,3,1,2,312,Hibernating
333,2,62225.25,1,2,4,124,At Risk
27,6,142320.16999999998,4,5,5,455,Champion
4,1,300.0,5,1,1,511,Potential Loyalist
60,2,77963.56,4,2,4,424,Potential Loyalist
190,6,182775.13,1,5,5,155,Hibernating
186,2,57166.27,1,2,3,123,At Risk
101,5,78186.79,3,5,4,354,Loyal Customer
47,1,352.83,4,1,1,411,Potential Loyalist
23,2,70241.59,5,2,4,524,Potential Loyalist
24,2,10267.07,5,2,2,522,Potential Loyalist
21,3,142571.84999999998,5,4,5,545,Champion
174,3,24043.21,2,4,2,242,Hibernating
98,2,813.9,3,2,1,321,Hibernating
175,2,939.6800000000001,2,2,1,221,At Risk
51,2,839.39,4,2,1,421,Potential Loyalist
47,4,69902.8,4,5,4,454,Champion
115,4,21248.54,2,5,2,252,Hibernating
14,3,122388.45,5,4,5,545,Champion
28,4,110961.98,4,5,5,455,Champion
30,4,26315.47,4,5,2,452,Loyal Customer
204,3,46937.64,1,4,3,143,Hibernating
132,4,132703.04,2,5,5,255,Hibernating
174,1,27029.57,2,1,2,212,At Risk
35,3,25923.15,4,4,2,442,Loyal Customer
218,2,48347.47,1,2,3,123,At Risk
318,1,1809.97,1,1,1,111,At Risk
113,7,186691.09,2,5,5,255,Hibernating
49,2,10681.140000000001,4,2,2,422,Potential Loyalist
55,4,76649.51000000001,4,5,4,454,Champion
120,2,642.11,2,2,1,221,At Risk
226,2,36311.89,1,2,3,123,At Risk
184,3,50520.770000000004,1,4,3,143,Hibernating
36,5,119293.23,4,5,5,455,Champion
54,3,75444.1,4,4,4,444,Champion
13,3,23536.31,5,4,2,542,Loyal Customer
120,3,24369.32,2,4,2,242,Hibernating
335,1,535.0,1,1,1,111,At Risk
75,6,202360.63,3,5,5,355,Loyal Customer
99,2,62214.96000000001,3,2,4,324,Hibernating
24,5,102381.12,5,5,5,555,Champion
29,7,32695.46,4,5,3,453,Loyal Customer
2,2,913.0899999999999,5,2,1,521,Potential Loyalist
157,2,73444.8,2,2,4,224,At Risk
171,1,9009.83,2,1,2,212,At Risk
90,3,71952.94,3,4,4,344,Loyal Customer
18,4,63566.119999999995,5,5,4,554,Champion
91,5,49111.77,3,5,3,353,Loyal Customer
40,2,29716.07,4,2,2,422,Potential Loyalist
233,1,583.76,1,1,1,111,At Risk
67,5,21157.350000000002,3,5,2,352,Loyal Customer
123,1,300.0,2,1,1,211,At Risk
6,5,140408.81,5,5,5,555,Champion
14,3,101276.39,5,4,5,545,Champion
16,2,42306.93,5,2,3,523,Potential Loyalist
64,1,46796.51,3,1,3,313,Hibernating
239,1,300.0,1,1,1,111,At Risk
260,1,8941.23,1,1,2,112,At Risk
341,1,40107.34,1,1,3,113,At Risk
338,2,54596.850000000006,1,2,3,123,At Risk
175,1,12596.38,2,1,2,212,At Risk
9,1,2065.7,5,1,1,511,Potential Loyalist
63,3,141696.0,3,4,5,345,Loyal Customer
25,4,126664.12,5,5,5,555,Champion
77,3,125443.86,3,4,5,345,Loyal Customer
149,3,1425.66,2,4,1,241,Hibernating
163,3,1117.1,2,4,1,241,Hibernating
42,4,57136.0,4,5,3,453,Loyal Customer
103,2,41154.61,3,2,3,323,Hibernating
154,2,48242.54,2,2,3,223,At Risk
292,2,48874.869999999995,1,2,3,123,At Risk
24,2,86988.79,5,3,4,534,Loyal Customer
16,3,42000.96,5,4,3,543,Loyal Customer
60,6,143303.43,4,5,5,455,Champion
4,3,29593.14,5,4,2,542,Loyal Customer
181,2,880.26,1,3,1,131,Hibernating
9,4,103216.98000000001,5,5,5,555,Champion
60,2,55003.46,4,3,3,433,Loyal Customer
57,5,169293.51,4,5,5,455,Champion
362,1,7507.29,1,1,2,112,At Risk
119,2,63181.42,2,3,4,234,Hibernating
3,2,52910.38,5,3,3,533,Loyal Customer
20,3,120774.90000000001,5,4,5,545,Champion
23,5,110892.37,5,5,5,555,Champion
330,1,4021.66,1,1,1,111,At Risk
109,4,105292.14,2,5,5,255,Hibernating
25,1,11341.12,5,1,2,512,Potential Loyalist
61,5,164524.6,3,5,5,355,Loyal Customer
50,3,15513.87,4,4,2,442,Loyal Customer
72,2,21888.620000000003,3,3,2,332,Loyal Customer
145,3,1543.47,2,4,1,241,Hibernating
248,2,73017.77,1,3,4,134,Hibernating
225,3,98191.37,1,4,4,144,Hibernating
272,2,67160.8,1,3,4,134,Hibernating
117,1,34316.07,2,1,3,213,At Risk
97,1,6341.85,3,1,1,311,Hibernating
68,7,182549.07,3,5,5,355,Loyal Customer
234,2,63944.2,1,3,4,134,Hibernating
171,1,14550.89,2,1,2,212,At Risk
187,4,71336.42,1,5,4,154,Hibernating
146,3,45546.14,2,4,3,243,Hibernating
31,2,23247.52,4,3,2,432,Loyal Customer
79,1,29719.24,3,1,2,312,Hibernating
116,4,1616.05,2,5,1,251,Hibernating
2,4,1704.01,5,5,1,551,Loyal Customer
140,3,1354.59,2,4,1,241,Hibernating
117,1,40428.86,2,1,3,213,At Risk
274,2,68573.34,1,3,4,134,Hibernating
71,3,148560.36000000002,3,4,5,345,Loyal Customer
70,2,15298.23,3,3,2,332,Loyal Customer
61,3,100366.59,3,4,4,344,Loyal Customer
70,3,1168.01,3,4,1,341,Loyal Customer
55,2,686.62,4,3,1,431,Loyal Customer
156,3,90239.48,2,4,4,244,Hibernating
175,3,96778.23999999999,2,4,4,244,Hibernating
2,2,53011.34,5,3,3,533,Loyal Customer
70,3,56785.05,3,4,3,343,Loyal Customer
1,3,95939.48000000001,5,4,4,544,Champion
68,2,53593.12,3,3,3,333,Loyal Customer
7,2,75077.85,5,3,4,534,Loyal Customer
231,1,48014.44,1,1,3,113,At Risk
183,2,15034.22,1,3,2,132,Hibernating
266,2,55527.4,1,3,3,133,Hibernating
296,2,55457.770000000004,1,3,3,133,Hibernating
13,1,45890.93,5,1,3,513,Potential Loyalist
45,5,152869.06,4,5,5,455,Champion
2,5,137054.14,5,5,5,555,Champion
118,4,1836.83,2,5,1,251,Hibernating
50,3,148300.86000000002,4,4,5,445,Champion
189,3,103083.33,1,4,5,145,Hibernating
22,2,62533.83,5,3,4,534,Loyal Customer
79,3,44292.35,3,4,3,343,Loyal Customer
158,5,154163.57,2,5,5,255,Hibernating
149,3,74928.33,2,4,4,244,Hibernating
46,4,1738.73,4,5,1,451,Loyal Customer
274,1,26571.22,1,1,2,112,At Risk
202,3,15750.66,1,4,2,142,Hibernating
35,2,6111.15,4,3,1,431,Loyal Customer
82,6,133913.51,3,5,5,355,Loyal Customer
13,3,136530.84,5,4,5,545,Champion
12,4,78364.45,5,5,4,554,Champion
343,1,27281.32,1,1,2,112,At Risk
14,6,172763.98,5,5,5,555,Champion
287,4,122193.35999999999,1,5,5,155,Hibernating
158,4,75480.98,2,5,4,254,Hibernating
238,2,16015.23,1,3,2,132,Hibernating
133,2,32217.15,2,3,3,233,Hibernating
2,3,23326.79,5,4,2,542,Loyal Customer
302,1,404.34,1,1,1,111,At Risk
214,2,69345.57,1,3,4,134,Hibernating
48,3,149363.61000000002,4,4,5,445,Champion
18,5,164034.03,5,5,5,555,Champion
13,3,43124.850000000006,5,4,3,543,Loyal Customer
16,6,22928.7,5,5,2,552,Loyal Customer
5,3,63737.63,5,4,4,544,Champion
78,2,31594.909999999996,3,3,3,333,Loyal Customer
40,5,141216.63,4,5,5,455,Champion
27,8,190067.49,4,5,5,455,Champion
31,5,97122.92,4,5,4,454,Champion
95,2,60860.75,3,3,4,334,Loyal Customer
75,4,159095.76,3,5,5,355,Loyal Customer
111,2,57237.36,2,3,3,233,Hibernating
275,3,9601.06,1,4,2,142,Hibernating
53,1,6955.75,4,1,1,411,Potential Loyalist
55,2,73702.83,4,3,4,434,Loyal Customer
28,8,213694.51,4,5,5,455,Champion
23,6,129384.6,5,5,5,555,Champion
81,3,1207.03,3,4,1,341,Loyal Customer
140,2,29716.5,2,3,2,232,Hibernating
189,4,116300.55,1,5,5,155,Hibernating
146,3,73435.59,2,4,4,244,Hibernating
74,3,100443.4,3,4,4,344,Loyal Customer
98,2,3636.8199999999997,3,3,1,331,Loyal Customer
18,4,76132.87,5,5,4,554,Champion
4,3,21547.72,5,4,2,542,Loyal Customer
63,4,127087.42,3,5,5,355,Loyal Customer
323,2,88078.73999999999,1,3,4,134,Hibernating
133,3,66671.54000000001,2,4,4,244,Hibernating
326,1,48102.26,1,1,3,113,At Risk
72,7,192572.54,3,5,5,355,Loyal Customer
19,3,79091.73,5,4,4,544,Champion
58,2,50005.75,4,3,3,433,Loyal Customer
39,4,94561.64,4,5,4,454,Champion
171,1,14066.09,2,1,2,212,At Risk
77,5,43735.2,3,5,3,353,Loyal Customer
96,2,49011.13,3,3,3,333,Loyal Customer
261,1,41085.48,1,1,3,113,At Risk
37,4,107446.13,4,5,5,455,Champion
2,3,138250.11000000002,5,4,5,545,Champion
91,3,1121.68,3,4,1,341,Loyal Customer
23,3,8010.52,5,4,2,542,Loyal Customer
57,1,47307.36,4,1,3,413,Potential Loyalist
104,4,91252.26999999999,3,5,4,354,Loyal Customer
82,3,56854.8,3,4,3,343,Loyal Customer
158,2,57054.729999999996,2,3,3,233,Hibernating
40,3,82484.01000000001,4,4,4,444,Champion
99,1,17807.69,3,1,2,312,Hibernating
153,3,33882.020000000004,2,4,3,243,Hibernating
318,1,18791.1,1,1,2,112,At Risk
8,5,48382.54,5,5,3,553,Loyal Customer
85,1,32839.46,3,1,3,313,Hibernating
7,3,147767.49,5,4,5,545,Champion
244,1,44161.04,1,1,3,113,At Risk
23,3,133818.72,5,4,5,545,Champion
1,2,6405.76,5,3,1,531,Loyal Customer
213,2,23816.58,1,3,2,132,Hibernating
235,2,75910.61,1,3,4,134,Hibernating
104,3,1217.6999999999998,3,4,1,341,Loyal Customer
9,3,115645.68,5,4,5,545,Champion
154,3,1059.67,2,4,1,241,Hibernating
34,3,92415.04000000001,4,4,4,444,Champion
48,4,89585.2,4,5,4,454,Champion
19,4,100499.28,5,5,4,554,Champion
73,4,28196.48,3,5,2,352,Loyal Customer
86,2,46272.12,3,3,3,333,Loyal Customer
97,3,121578.20999999999,3,4,5,345,Loyal Customer
5,3,1077.32,5,4,1,541,Loyal Customer
106,2,27627.43,2,3,2,232,Hibernating
121,1,614.18,2,1,1,211,At Risk
178,1,12379.05,2,1,2,212,At Risk
61,2,28529.05,3,3,2,332,Loyal Customer
106,1,7249.6,2,1,2,212,At Risk
73,4,134173.11,3,5,5,355,Loyal Customer
34,3,35310.67,4,4,3,443,Loyal Customer
16,3,10404.29,5,4,2,542,Loyal Customer
31,3,74277.64,4,4,4,444,Champion
16,3,10416.449999999999,5,4,2,542,Loyal Customer
64,5,50663.88,3,5,3,353,Loyal Customer
238,3,108998.57,1,4,5,145,Hibernating
74,3,89433.1,3,4,4,344,Loyal Customer
69,5,80605.34,3,5,4,354,Loyal Customer
132,3,68691.81,2,4,4,244,Hibernating
95,5,22896.829999999998,3,5,2,352,Loyal Customer
86,4,70271.09,3,5,4,354,Loyal Customer
39,5,144083.66,4,5,5,455,Champion
142,2,51136.4,2,3,3,233,Hibernating
74,5,179201.86,3,5,5,355,Loyal Customer
8,2,14408.2,5,3,2,532,Loyal Customer
207,2,72827.75,1,3,4,134,Hibernating
109,3,1075.96,2,4,1,241,Hibernating
139,2,74463.53,2,3,4,234,Hibernating
354,2,48151.74,1,3,3,133,Hibernating
45,3,41297.31,4,4,3,443,Loyal Customer
30,6,30713.42,4,5,2,452,Loyal Customer
86,6,209027.38999999998,3,5,5,355,Loyal Customer
182,1,43688.08,1,1,3,113,At Risk
155,2,17485.14,2,3,2,232,Hibernating
68,5,2389.87,3,5,1,351,Loyal Customer
80,4,1540.52,3,5,1,351,Loyal Customer
95,1,2972.92,3,1,1,311,Hibernating
309,1,19863.44,1,1,2,112,At Risk
246,2,20629.489999999998,1,3,2,132,Hibernating
57,3,38557.46,4,4,3,443,Loyal Customer
8,3,14622.48,5,4,2,542,Loyal Customer
159,2,18892.87,2,3,2,232,Hibernating
79,2,878.97,3,3,1,331,Loyal Customer
4,3,42914.37,5,4,3,543,Loyal Customer
20,5,2000.29,5,5,1,551,Loyal Customer
36,2,3528.01,4,3,1,431,Loyal Customer
252,3,1485.05,1,4,1,141,Hibernating
158,1,31775.93,2,1,3,213,At Risk
30,3,910.5699999999999,4,4,1,441,Loyal Customer
30,3,145564.32,4,4,5,445,Champion
70,4,101425.52,3,5,5,355,Loyal Customer
20,5,52525.03,5,5,3,553,Loyal Customer
18,3,102694.68,5,4,5,545,Champion
263,2,17124.3,1,3,2,132,Hibernating
125,1,25836.44,2,1,2,212,At Risk
8,3,1688.56,5,4,1,541,Loyal Customer
173,4,90983.73,2,5,4,254,Hibernating
291,3,104238.37,1,4,5,145,Hibernating
33,3,105987.48000000001,4,4,5,445,Champion
25,3,133756.74,5,4,5,545,Champion
66,1,31393.88,3,1,3,313,Hibernating
96,2,45896.33,3,3,3,333,Loyal Customer
72,3,1009.14,3,4,1,341,Loyal Customer
17,5,162775.0,5,5,5,555,Champion
150,3,85884.52,2,4,4,244,Hibernating
222,1,4080.35,1,1,1,111,At Risk
42,3,13737.449999999999,4,4,2,442,Loyal Customer
22,2,44941.200000000004,5,3,3,533,Loyal Customer
34,3,111295.88,4,4,5,445,Champion
337,3,55904.53,1,4,3,143,Hibernating
185,2,46690.69,1,3,3,133,Hibernating
126,1,3883.57,2,1,1,211,At Risk
80,1,38211.51,3,1,3,313,Hibernating
235,3,14134.21,1,4,2,142,Hibernating
39,3,77599.01000000001,4,4,4,444,Champion
214,2,56258.07,1,3,3,133,Hibernating
133,1,3008.5,2,1,1,211,At Risk
96,3,27394.55,3,4,2,342,Loyal Customer
39,3,106462.41,4,4,5,445,Champion
16,1,23549.78,5,1,2,512,Potential Loyalist
39,4,79681.96,4,5,4,454,Champion
75,1,30024.87,3,1,2,312,Hibernating
111,2,8010.7,2,3,2,232,Hibernating
49,2,60030.08,4,3,4,434,Loyal Customer
146,2,34921.01,2,3,3,233,Hibernating
51,2,42151.22,4,3,3,433,Loyal Customer
169,2,25898.960000000003,2,3,2,232,Hibernating
110,3,100042.79000000001,2,4,4,244,Hibernating
304,1,3210.57,1,1,1,111,At Risk
238,2,18612.46,1,3,2,132,Hibernating
112,2,72577.53,2,3,4,234,Hibernating
113,4,147357.39,2,5,5,255,Hibernating
7,4,94473.95,5,5,4,554,Champion
106,1,2649.17,2,1,1,211,At Risk
42,4,57507.29,4,5,3,453,Loyal Customer
13,3,124860.90000000001,5,4,5,545,Champion
89,3,75364.36,3,4,4,344,Loyal Customer
73,2,736.65,3,3,1,331,Loyal Customer
75,6,108955.31999999999,3,5,5,355,Loyal Customer
3,4,146650.08,5,5,5,555,Champion
48,2,62485.38,4,3,4,434,Loyal Customer
15,3,118973.61,5,4,5,545,Champion
216,4,37581.119999999995,1,5,3,153,Hibernating
33,5,135315.69,4,5,5,455,Champion
11,2,40792.03999999999,5,3,3,533,Loyal Customer
31,2,38400.82,4,3,3,433,Loyal Customer
134,1,11706.9,2,1,2,212,At Risk
293,3,1092.66,1,4,1,141,Hibernating
11,4,156510.7,5,5,5,555,Champion
86,3,123833.31,3,4,5,345,Loyal Customer
75,4,1244.46,3,5,1,351,Loyal Customer
72,4,1817.06,3,5,1,351,Loyal Customer
34,3,127890.69,4,4,5,445,Champion
3,5,175400.68,5,5,5,555,Champion
37,5,27361.94,4,5,2,452,Loyal Customer
301,2,44596.75,1,3,3,133,Hibernating
5,6,175427.98,5,5,5,555,Champion
67,8,166894.37,3,5,5,355,Loyal Customer
365,1,7010.19,1,1,1,111,At Risk
33,1,414.34,4,1,1,411,Potential Loyalist
21,5,42147.24,5,5,3,553,Loyal Customer
46,5,44739.05,4,5,3,453,Loyal Customer
171,1,29272.75,2,1,2,212,At Risk
63,3,85067.98000000001,3,4,4,344,Loyal Customer
9,4,33156.990000000005,5,5,3,553,Loyal Customer
9,2,51574.58,5,3,3,533,Loyal Customer
57,2,65046.869999999995,4,3,4,434,Loyal Customer
79,1,41990.63,3,1,3,313,Hibernating
286,3,57741.97,1,4,3,143,Hibernating
143,3,1921.3200000000002,2,4,1,241,Hibernating
15,6,125609.05,5,5,5,555,Champion
48,3,122668.55,4,4,5,445,Champion
120,2,59705.79,2,3,4,234,Hibernating
25,3,146798.01,5,4,5,545,Champion
283,2,35320.729999999996,1,3,3,133,Hibernating
243,3,59904.08,1,4,4,144,Hibernating
91,2,76350.66,3,3,4,334,Loyal Customer
7,2,21929.789999999997,5,3,2,532,Loyal Customer
265,1,300.0,1,1,1,111,At Risk
100,5,170595.41999999998,3,5,5,355,Loyal Customer
46,6,159911.77000000002,4,5,5,455,Champion
297,2,48027.77,1,3,3,133,Hibernating
85,4,1335.0,3,5,1,351,Loyal Customer
184,2,81319.81,1,3,4,134,Hibernating
71,2,909.02,3,3,1,331,Loyal Customer
230,1,47116.79,1,1,3,113,At Risk
177,4,120060.42,2,5,5,255,Hibernating
43,2,12480.03,4,3,2,432,Loyal Customer
34,7,227093.08000000002,4,5,5,455,Champion
28,4,113774.83,4,5,5,455,Champion
39,4,6336.1900000000005,4,5,1,451,Loyal Customer
155,2,9965.55,2,3,2,232,Hibernating
22,2,74781.32,5,3,4,534,Loyal Customer
28,3,5177.95,4,4,1,441,Loyal Customer
86,1,33398.71,3,1,3,313,Hibernating
270,2,62422.44,1,3,4,134,Hibernating
167,1,300.0,2,1,1,211,At Risk
12,2,65515.07000000001,5,3,4,534,Loyal Customer
72,3,42523.46,3,4,3,343,Loyal Customer
117,3,1832.79,2,4,1,241,Hibernating
41,4,67080.46,4,5,4,454,Champion
218,3,14946.68,1,4,2,142,Hibernating
17,5,43421.27,5,5,3,553,Loyal Customer
16,3,93079.83,5,4,4,544,Champion
246,2,47384.91,1,3,3,133,Hibernating
39,2,20628.13,4,3,2,432,Loyal Customer
190,2,38080.41,1,3,3,133,Hibernating
40,2,82322.9,4,3,4,434,Loyal Customer
168,3,72399.32,2,4,4,244,Hibernating
26,8,3668.89,5,5,1,551,Loyal Customer
135,2,709.25,2,3,1,231,Hibernating
5,3,134462.76,5,4,5,545,Champion
28,3,92925.18000000001,4,4,4,444,Champion
119,3,5442.0,2,4,1,241,Hibernating
16,4,1200.0,5,5,1,551,Loyal Customer
32,4,108754.14,4,5,5,455,Champion
268,1,300.0,1,1,1,111,At Risk
286,2,15304.119999999999,1,3,2,132,Hibernating
197,2,961.9000000000001,1,3,1,131,Hibernating
27,2,45439.2,4,3,3,433,Loyal Customer
43,4,120759.44,4,5,5,455,Champion
21,3,147918.24,5,4,5,545,Champion
104,3,42852.0,3,4,3,343,Loyal Customer
41,3,25688.239999999998,4,4,2,442,Loyal Customer
14,3,32151.989999999998,5,4,3,543,Loyal Customer
170,1,300.0,2,1,1,211,At Risk
27,1,36117.75,4,1,3,413,Potential Loyalist
89,1,33303.99,3,1,3,313,Hibernating
9,4,26302.78,5,5,2,552,Loyal Customer
276,1,8598.16,1,1,2,112,At Risk
76,2,50297.14,3,3,3,333,Loyal Customer
171,2,21271.410000000003,2,3,2,232,Hibernating
173,2,668.4200000000001,2,3,1,231,Hibernating
40,5,136707.16,4,5,5,455,Champion
33,1,2682.59,4,1,1,411,Potential Loyalist
126,1,39278.69,2,1,3,213,At Risk
212,1,534.72,1,1,1,111,At Risk
90,1,11196.73,3,1,2,312,Hibernating
108,2,59021.57,2,3,3,233,Hibernating
34,3,7163.45,4,4,2,442,Loyal Customer
174,3,100978.41,2,4,4,244,Hibernating
236,1,16143.88,1,1,2,112,At Risk
170,2,21983.27,2,3,2,232,Hibernating
95,2,64534.64,3,3,4,334,Loyal Customer
13,2,74716.95000000001,5,3,4,534,Loyal Customer
12,4,70742.2,5,5,4,554,Champion
11,2,48477.49,5,3,3,533,Loyal Customer
58,2,14633.27,4,3,2,432,Loyal Customer
11,6,183701.34999999998,5,5,5,555,Champion
2,2,66271.34,5,3,4,534,Loyal Customer
25,4,122615.73000000001,5,5,5,555,Champion
251,3,73613.38,1,4,4,144,Hibernating
58,2,13816.58,4,3,2,432,Loyal Customer
98,3,1885.71,3,4,1,341,Loyal Customer
8,3,1662.24,5,4,1,541,Loyal Customer
273,2,69498.48999999999,1,3,4,134,Hibernating
10,3,70817.88,5,4,4,544,Champion
84,3,116335.26999999999,3,4,5,345,Loyal Customer
72,3,141452.01,3,4,5,345,Loyal Customer
21,2,88050.03,5,3,4,534,Loyal Customer
216,1,36546.73,1,1,3,113,At Risk
207,1,25356.71,1,1,2,112,At Risk
3,1,2156.38,5,1,1,511,Potential Loyalist
265,2,52902.89,1,3,3,133,Hibernating
73,3,57671.409999999996,3,4,3,343,Loyal Customer
222,3,5397.76,1,4,1,141,Hibernating
243,1,2397.53,1,1,1,111,At Risk
5,3,140929.05,5,4,5,545,Champion
113,3,93711.62,2,4,4,244,Hibernating
174,2,72915.1,2,3,4,234,Hibernating
32,2,601.47,4,3,1,431,Loyal Customer
6,3,142294.08000000002,5,4,5,545,Champion
250,1,11390.01,1,1,2,112,At Risk
227,3,92434.84,1,4,4,144,Hibernating
45,1,656.87,4,1,1,411,Potential Loyalist
25,6,64599.09,5,5,4,554,Champion
44,3,56368.09,4,4,3,443,Loyal Customer
13,3,88180.83,5,4,4,544,Champion
175,3,112518.32999999999,2,4,5,245,Hibernating
262,1,447.77,1,1,1,111,At Risk
220,1,15650.07,1,1,2,112,At Risk
181,1,41204.35,1,1,3,113,At Risk
131,3,1818.12,2,4,1,241,Hibernating
86,6,151502.84,3,5,5,355,Loyal Customer
50,3,18877.27,4,4,2,442,Loyal Customer
195,2,1214.34,1,3,1,131,Hibernating
309,1,3610.38,1,1,1,111,At Risk
187,5,99920.6,1,5,4,154,Hibernating
313,1,25271.14,1,1,2,112,At Risk
16,4,1670.4499999999998,5,5,1,551,Loyal Customer
141,4,78858.98000000001,2,5,4,254,Hibernating
30,4,110978.31,4,5,5,455,Champion
280,2,42298.29,1,3,3,133,Hibernating
17,4,110047.41,5,5,5,555,Champion
65,4,82958.77,3,5,4,354,Loyal Customer
93,3,111582.77,3,4,5,345,Loyal Customer
25,3,84788.85,5,4,4,544,Champion
37,4,103482.55,4,5,5,455,Champion
177,4,66755.66,2,5,4,254,Hibernating
33,5,173720.69,4,5,5,455,Champion
331,1,300.0,1,1,1,111,At Risk
62,6,34930.35,3,5,3,353,Loyal Customer
144,1,2262.76,2,1,1,211,At Risk
106,2,78316.97,2,3,4,234,Hibernating
152,4,116495.89,2,5,5,255,Hibernating
54,3,115954.59,4,4,5,445,Champion
31,10,202817.16999999998,4,5,5,455,Champion
15,3,49061.78,5,4,3,543,Loyal Customer
32,1,45840.7,4,1,3,413,Potential Loyalist
207,2,53646.54,1,3,3,133,Hibernating
73,6,120704.7,3,5,5,355,Loyal Customer
49,3,141354.66,4,4,5,445,Champion
133,3,14899.410000000002,2,4,2,242,Hibernating
66,2,40808.66,3,3,3,333,Loyal Customer
102,1,33956.03,3,1,3,313,Hibernating
105,2,56403.100000000006,2,3,3,233,Hibernating
103,1,31372.08,3,1,3,313,Hibernating
12,6,36202.17,5,5,3,553,Loyal Customer
8,3,41052.69,5,4,3,543,Loyal Customer
121,1,45666.49,2,1,3,213,At Risk
14,3,81565.63,5,4,4,544,Champion
31,3,1400.01,4,4,1,441,Loyal Customer
154,5,2149.63,2,5,1,251,Hibernating
279,2,49863.7,1,3,3,133,Hibernating
323,2,39669.07,1,3,3,133,Hibernating
38,3,81914.53,4,4,4,444,Champion
224,1,40292.27,1,1,3,113,At Risk
74,6,166150.89,3,5,5,355,Loyal Customer
201,3,57632.12,1,4,3,143,Hibernating
30,9,60956.19,4,5,4,454,Champion
14,3,41461.649999999994,5,4,3,543,Loyal Customer
34,2,6838.530000000001,4,3,1,431,Loyal Customer
165,3,42212.26,2,4,3,243,Hibernating
51,4,172493.63,4,5,5,455,Champion
233,1,4358.4,1,1,1,111,At Risk
145,2,72733.06,2,3,4,234,Hibernating
23,2,38701.649999999994,5,3,3,533,Loyal Customer
49,4,78429.29,4,5,4,454,Champion
139,3,65323.4,2,4,4,244,Hibernating
172,3,48593.68,2,4,3,243,Hibernating
2,3,73665.12,5,4,4,544,Champion
109,2,24636.84,2,3,2,232,Hibernating
23,2,658.63,5,3,1,531,Loyal Customer
28,4,12253.49,4,5,2,452,Loyal Customer
16,3,135376.26,5,4,5,545,Champion
95,4,105874.22,3,5,5,355,Loyal Customer
59,1,15864.1,4,1,2,412,Potential Loyalist
12,6,144511.14,5,5,5,555,Champion
18,6,106871.85,5,5,5,555,Champion
58,4,1270.36,4,5,1,451,Loyal Customer
165,6,53686.54,2,5,3,253,Hibernating
40,4,1775.94,4,5,1,451,Loyal Customer
24,3,9770.11,5,4,2,542,Loyal Customer
245,1,377.82,1,1,1,111,At Risk
344,1,49828.09,1,1,3,113,At Risk
172,1,1674.37,2,1,1,211,At Risk
133,2,24417.97,2,3,2,232,Hibernating
275,3,57850.45,1,4,3,143,Hibernating
286,1,15192.81,1,1,2,112,At Risk
148,2,46742.76,2,3,3,233,Hibernating
40,1,4547.7,4,1,1,411,Potential Loyalist
15,7,40482.75,5,5,3,553,Loyal Customer
115,2,760.38,2,3,1,231,Hibernating
10,5,29693.1,5,5,2,552,Loyal Customer
99,7,19108.44,3,5,2,352,Loyal Customer
190,2,19640.42,1,3,2,132,Hibernating
86,4,103522.88,3,5,5,355,Loyal Customer
111,3,68653.88,2,4,4,244,Hibernating
101,5,134213.07,3,5,5,355,Loyal Customer
212,2,69220.43,1,3,4,134,Hibernating
5,4,104635.29,5,5,5,555,Champion
72,1,4394.76,3,1,1,311,Hibernating
22,3,14537.01,5,4,2,542,Loyal Customer
6,3,136658.37,5,4,5,545,Champion
79,3,35924.26,3,4,3,343,Loyal Customer
174,5,138130.57,2,5,5,255,Hibernating
84,2,40491.11,3,3,3,333,Loyal Customer
109,1,4376.29,2,1,1,211,At Risk
32,5,73473.06,4,5,4,454,Champion
67,4,101762.02,3,5,5,355,Loyal Customer
27,5,100159.41,4,5,4,454,Champion
97,3,61334.11,3,4,4,344,Loyal Customer
20,5,62238.46,5,5,4,554,Champion
87,2,600.0,3,3,1,331,Loyal Customer
55,6,156117.37,4,5,5,455,Champion
11,3,142822.86000000002,5,4,5,545,Champion
168,2,26229.1,2,3,2,232,Hibernating
6,4,120669.58,5,5,5,555,Champion
166,3,78924.76,2,4,4,244,Hibernating
5,4,68362.38,5,5,4,554,Champion
215,1,1481.06,1,1,1,111,At Risk
6,2,670.26,5,3,1,531,Loyal Customer
79,1,653.81,3,1,1,311,Hibernating
23,3,102101.52,5,4,5,545,Champion
66,3,42023.22,3,4,3,343,Loyal Customer
187,1,14858.91,1,1,2,112,At Risk
13,4,124833.54000000001,5,5,5,555,Champion
271,3,1015.72,1,4,1,141,Hibernating
63,4,63196.78,3,5,4,354,Loyal Customer
79,3,26785.78,3,4,2,342,Loyal Customer
29,2,77328.65,4,3,4,434,Loyal Customer
207,4,56993.799999999996,1,5,3,153,Hibernating
103,2,624.36,3,3,1,331,Loyal Customer
121,3,90348.54,2,4,4,244,Hibernating
158,3,918.03,2,4,1,241,Hibernating
206,3,123343.04999999999,1,4,5,145,Hibernating
274,3,109589.51999999999,1,4,5,145,Hibernating
58,4,62923.9,4,5,4,454,Champion
4,3,68265.27,5,4,4,544,Champion
67,3,1189.6599999999999,3,4,1,341,Loyal Customer
45,3,120722.16,4,4,5,445,Champion
34,1,9629.25,4,1,2,412,Potential Loyalist
9,3,57859.62,5,4,3,543,Loyal Customer
259,2,721.4,1,3,1,131,Hibernating
11,4,130096.87,5,5,5,555,Champion
4,4,109900.17,5,5,5,555,Champion
7,3,62044.48,5,4,4,544,Champion
97,2,51571.57,3,3,3,333,Loyal Customer
6,4,88914.27,5,5,4,554,Champion
9,3,129583.01999999999,5,4,5,545,Champion
12,3,62489.64,5,4,4,544,Champion
159,4,62906.29,2,5,4,254,Hibernating
46,3,109647.03,4,4,5,445,Champion
157,2,33420.12,2,3,3,233,Hibernating
71,3,119418.81,3,4,5,345,Loyal Customer
29,5,29553.66,4,5,2,452,Loyal Customer
44,3,51618.5,4,4,3,443,Loyal Customer
20,3,19131.35,5,4,2,542,Loyal Customer
111,2,44222.77,2,3,3,233,Hibernating
123,7,163374.14,2,5,5,255,Hibernating
76,4,2136.35,3,5,1,351,Loyal Customer
4,6,2497.69,5,5,1,551,Loyal Customer
153,2,48977.380000000005,2,3,3,233,Hibernating
90,4,40128.020000000004,3,5,3,353,Loyal Customer
127,2,90685.20999999999,2,3,4,234,Hibernating
51,3,90061.07999999999,4,4,4,444,Champion
33,3,77810.92,4,4,4,444,Champion
199,1,300.0,1,1,1,111,At Risk
80,2,62027.74,3,3,4,334,Loyal Customer
49,4,1618.73,4,5,1,451,Loyal Customer
47,3,76262.86,4,4,4,444,Champion
150,4,115803.84,2,5,5,255,Hibernating
40,3,12988.619999999999,4,4,2,442,Loyal Customer
97,1,14782.5,3,1,2,312,Hibernating
153,1,300.0,2,1,1,211,At Risk
44,4,7283.289999999999,4,5,2,452,Loyal Customer
206,2,10811.329999999998,1,3,2,132,Hibernating
70,2,48250.99,3,3,3,333,Loyal Customer
209,2,19607.620000000003,1,3,2,132,Hibernating
54,3,48080.96,4,4,3,443,Loyal Customer
48,3,1318.25,4,4,1,441,Loyal Customer
46,6,2672.76,4,5,1,451,Loyal Customer
69,4,118779.34,3,5,5,355,Loyal Customer
210,3,105120.01000000001,1,4,5,145,Hibernating
351,1,10531.2,1,1,2,112,At Risk
96,4,80185.15,3,5,4,354,Loyal Customer
216,1,21287.19,1,1,2,112,At Risk
47,5,96018.26,4,5,4,454,Champion
297,3,112342.38,1,4,5,145,Hibernating
322,1,28293.07,1,1,2,112,At Risk
118,4,1631.44,2,5,1,251,Hibernating
275,4,107725.49,1,5,5,155,Hibernating
315,1,15048.0,1,1,2,112,At Risk
38,4,30101.93,4,5,2,452,Loyal Customer
302,1,2819.39,1,1,1,111,At Risk
179,3,59304.69,1,4,3,143,Hibernating
58,3,1082.56,4,4,1,441,Loyal Customer
19,4,104725.94,5,5,5,555,Champion
91,2,54356.2,3,3,3,333,Loyal Customer
45,2,1126.4299999999998,4,3,1,431,Loyal Customer
98,3,72402.38,3,4,4,344,Loyal Customer
123,2,74335.94,2,3,4,234,Hibernating
9,3,81661.96,5,4,4,544,Champion
179,2,17601.3,1,3,2,132,Hibernating
70,1,18445.49,3,1,2,312,Hibernating
17,3,135547.02,5,4,5,545,Champion
226,2,55148.86,1,3,3,133,Hibernating
51,4,176332.66999999998,4,5,5,455,Champion
153,2,48066.63,2,3,3,233,Hibernating
16,4,76474.79000000001,5,5,4,554,Champion
287,1,33170.74,1,1,3,113,At Risk
19,5,148574.83,5,5,5,555,Champion
106,6,140184.11,2,5,5,255,Hibernating
44,2,8079.35,4,3,2,432,Loyal Customer
3,4,135564.29,5,5,5,555,Champion
208,2,20974.34,1,3,2,132,Hibernating
303,2,4928.02,1,3,1,131,Hibernating
35,5,28906.670000000002,4,5,2,452,Loyal Customer
71,1,24857.36,3,1,2,312,Hibernating
59,1,42924.31,4,1,3,413,Potential Loyalist
29,4,82171.3,4,5,4,454,Champion
52,2,81727.31,4,3,4,434,Loyal Customer
54,1,6758.93,4,1,1,411,Potential Loyalist
147,1,20499.98,2,1,2,212,At Risk
48,2,41277.4,4,3,3,433,Loyal Customer
117,6,2192.53,2,5,1,251,Hibernating
60,3,137673.99,4,4,5,445,Champion
245,2,30440.7,1,3,2,132,Hibernating
95,8,218638.93,3,5,5,355,Loyal Customer
363,1,18899.31,1,1,2,112,At Risk
11,2,755.1700000000001,5,3,1,531,Loyal Customer
58,3,1365.77,4,4,1,441,Loyal Customer
9,3,42978.43,5,4,3,543,Loyal Customer
37,4,81783.01,4,5,4,454,Champion
295,1,1458.21,1,1,1,111,At Risk
218,2,40948.04,1,3,3,133,Hibernating
45,4,14645.92,4,5,2,452,Loyal Customer
274,2,27129.309999999998,1,3,2,132,Hibernating
20,3,8529.83,5,4,2,542,Loyal Customer
315,2,39625.92,1,3,3,133,Hibernating
51,3,145170.96,4,4,5,445,Champion
110,5,16019.17,2,5,2,252,Hibernating
66,5,118257.48,3,5,5,355,Loyal Customer
53,5,2022.95,4,5,1,451,Loyal Customer
175,3,80312.18,2,4,4,244,Hibernating
159,1,29367.6,2,1,2,212,At Risk
30,3,5302.13,4,4,1,441,Loyal Customer
27,2,85012.87,4,3,4,434,Loyal Customer
271,1,16316.12,1,1,2,112,At Risk
156,1,49492.19,2,1,3,213,At Risk
44,2,28080.57,4,3,2,432,Loyal Customer
125,4,98377.87,2,5,4,254,Hibernating
73,7,3104.73,3,5,1,351,Loyal Customer
1,6,117240.25,5,5,5,555,Champion
160,1,549.26,2,1,1,211,At Risk
5,2,63207.89,5,3,4,534,Loyal Customer
240,5,186122.03,1,5,5,155,Hibernating
14,3,54648.87,5,4,3,543,Loyal Customer
242,2,7770.32,1,3,2,132,Hibernating
194,4,107040.79,1,5,5,155,Hibernating
20,2,59931.37,5,3,4,534,Loyal Customer
153,4,1622.94,2,5,1,251,Hibernating
72,6,63844.35,3,5,4,354,Loyal Customer
139,1,14111.27,2,1,2,212,At Risk
94,4,91908.39,3,5,4,354,Loyal Customer
89,4,128274.3,3,5,5,355,Loyal Customer
105,1,32154.41,2,1,3,213,At Risk
17,5,34772.43,5,5,3,553,Loyal Customer
17,6,40130.88,5,5,3,553,Loyal Customer
117,2,65884.73,2,3,4,234,Hibernating
227,2,17159.17,1,3,2,132,Hibernating
27,4,57266.58,4,5,3,453,Loyal Customer
359,1,46297.69,1,1,3,113,At Risk
105,3,1534.17,2,4,1,241,Hibernating
306,1,837.6,1,1,1,111,At Risk
213,2,21932.67,1,3,2,132,Hibernating
118,4,14762.02,2,5,2,252,Hibernating
67,2,51646.57,3,3,3,333,Loyal Customer
153,2,20568.39,2,3,2,232,Hibernating
42,3,51449.340000000004,4,4,3,443,Loyal Customer
224,1,1238.68,1,1,1,111,At Risk
2,2,90652.1,5,3,4,534,Loyal Customer
172,3,89616.09999999999,2,4,4,244,Hibernating
81,4,88857.17,3,5,4,354,Loyal Customer
161,2,71399.5,2,3,4,234,Hibernating
169,3,64328.47,2,4,4,244,Hibernating
74,3,123038.22,3,4,5,345,Loyal Customer
155,1,20284.09,2,1,2,212,At Risk
101,2,34644.07,3,3,3,333,Loyal Customer
145,4,28833.28,2,5,2,252,Hibernating
21,3,28575.440000000002,5,4,2,542,Loyal Customer
48,5,12557.46,4,5,2,452,Loyal Customer
14,3,10430.85,5,4,2,542,Loyal Customer
6,4,38124.5,5,5,3,553,Loyal Customer
17,5,1738.75,5,5,1,551,Loyal Customer
22,1,8063.64,5,1,2,512,Potential Loyalist
44,4,138693.81,4,5,5,455,Champion
203,2,30558.63,1,3,2,132,Hibernating
97,2,29032.989999999998,3,3,2,332,Loyal Customer
9,5,109106.04000000001,5,5,5,555,Champion
41,4,111217.4,4,5,5,455,Champion
262,1,7276.1,1,1,2,112,At Risk
2,3,142927.83000000002,5,4,5,545,Champion
4,3,94090.15,5,4,4,544,Champion
75,3,126626.82,3,4,5,345,Loyal Customer
73,5,2407.45,3,5,1,351,Loyal Customer
17,4,97683.26000000001,5,5,4,554,Champion
17,7,47151.91,5,5,3,553,Loyal Customer
46,3,134329.71,4,4,5,445,Champion
216,2,83200.55,1,3,4,134,Hibernating
113,2,38277.93,2,3,3,233,Hibernating
22,3,138102.45,5,4,5,545,Champion
149,5,51459.08,2,5,3,253,Hibernating
57,5,145259.57,4,5,5,455,Champion
68,1,14647.64,3,1,2,312,Hibernating
173,2,11459.92,2,3,2,232,Hibernating
366,1,1849.28,1,1,1,111,At Risk
92,2,60749.25,3,3,4,334,Loyal Customer
312,3,126225.55,1,4,5,145,Hibernating
187,2,21222.04,1,3,2,132,Hibernating
202,3,105870.79999999999,1,4,5,145,Hibernating
23,3,121063.34999999999,5,4,5,545,Champion
100,2,51577.63,3,3,3,333,Loyal Customer
335,2,28923.239999999998,1,3,2,132,Hibernating
29,3,1414.78,4,4,1,441,Loyal Customer
315,2,70610.11,1,3,4,134,Hibernating
155,2,87321.08,2,3,4,234,Hibernating
21,4,1230.6,5,5,1,551,Loyal Customer
137,3,89371.01000000001,2,4,4,244,Hibernating
103,2,45746.649999999994,3,3,3,333,Loyal Customer
38,3,32026.920000000002,4,4,3,443,Loyal Customer
62,3,12253.710000000001,3,4,2,342,Loyal Customer
139,3,1326.65,2,4,1,241,Hibernating
11,3,96181.63,5,4,4,544,Champion
73,2,73330.7,3,3,4,334,Loyal Customer
171,1,32900.42,2,1,3,213,At Risk
33,3,91777.67,4,4,4,444,Champion
164,2,98434.59,2,3,4,234,Hibernating
100,3,50206.61,3,4,3,343,Loyal Customer
4,3,141781.65000000002,5,4,5,545,Champion
41,4,51176.11,4,5,3,453,Loyal Customer
18,2,55522.950000000004,5,3,3,533,Loyal Customer
37,2,48403.520000000004,4,3,3,433,Loyal Customer
49,4,8176.370000000001,4,5,2,452,Loyal Customer
200,2,3139.6099999999997,1,3,1,131,Hibernating
107,5,96083.51000000001,2,5,4,254,Hibernating
38,2,59165.96000000001,4,3,3,433,Loyal Customer
168,4,74332.87,2,5,4,254,Hibernating
62,5,43861.3,3,5,3,353,Loyal Customer
85,2,25790.28,3,3,2,332,Loyal Customer
3,6,163737.49,5,5,5,555,Champion
61,3,1035.95,3,4,1,341,Loyal Customer
94,4,77721.46,3,5,4,354,Loyal Customer
177,3,85274.04000000001,2,4,4,244,Hibernating
29,3,131741.97,4,4,5,445,Champion
5,3,69807.1,5,4,4,544,Champion
23,7,151851.47,5,5,5,555,Champion
110,3,82383.86,2,4,4,244,Hibernating
16,5,25305.55,5,5,2,552,Loyal Customer
154,2,62199.53,2,3,4,234,Hibernating
29,6,2324.06,4,5,1,451,Loyal Customer
15,4,35073.07,5,5,3,553,Loyal Customer
78,2,812.3,3,3,1,331,Loyal Customer
21,2,69338.19,5,3,4,534,Loyal Customer
144,3,1552.56,2,4,1,241,Hibernating
97,6,164894.35,3,5,5,355,Loyal Customer
77,3,19287.63,3,4,2,342,Loyal Customer
236,1,33162.35,1,1,3,113,At Risk
197,4,126897.15,1,5,5,155,Hibernating
27,5,147061.21,4,5,5,455,Champion
59,2,34364.29,4,3,3,433,Loyal Customer
169,3,61922.04,2,4,4,244,Hibernating
7,2,75993.28,5,3,4,534,Loyal Customer
49,4,60260.64,4,5,4,454,Champion
60,2,19918.559999999998,4,3,2,432,Loyal Customer
64,3,142082.66999999998,3,4,5,345,Loyal Customer
24,3,145665.12,5,4,5,545,Champion
39,3,143539.13999999998,4,4,5,445,Champion
16,3,147498.3,5,4,5,545,Champion
39,3,149267.63999999998,4,4,5,445,Champion
36,3,138686.19,4,4,5,445,Champion
9,3,140312.97,5,4,5,545,Champion
