customer_id,total_orders,days_since_last_purchase,last_purchase_date
2,1,21,25-02-2025 08:34
3,2,29,17-02-2025 08:07
4,3,90,18-12-2024 20:44
5,3,146,23-10-2024 11:58
6,2,18,28-02-2025 01:55
7,5,6,12-03-2025 12:46
8,4,116,22-11-2024 00:23
9,4,1,17-03-2025 20:04
11,1,185,14-09-2024 11:46
13,5,59,18-01-2025 05:02
14,3,93,15-12-2024 21:09
15,4,138,31-10-2024 08:42
16,2,249,12-07-2024 04:45
17,4,10,08-03-2025 02:24
18,1,273,18-06-2024 06:33
19,3,25,21-02-2025 18:15
20,5,6,12-03-2025 00:29
21,5,54,23-01-2025 21:38
22,3,95,13-12-2024 15:15
23,1,63,14-01-2025 23:22
24,3,76,01-01-2025 19:34
25,3,86,22-12-2024 17:26
26,3,133,05-11-2024 19:43
27,1,120,18-11-2024 12:23
28,3,147,22-10-2024 14:51
29,5,0,18-03-2025 02:04
30,1,21,25-02-2025 19:27
31,1,251,10-07-2024 15:06
32,1,87,21-12-2024 12:49
33,1,88,20-12-2024 16:05
34,1,66,11-01-2025 10:34
35,3,31,15-02-2025 19:46
36,8,18,28-02-2025 01:27
37,1,27,19-02-2025 09:46
38,2,26,20-02-2025 09:36
39,4,123,15-11-2024 19:43
40,1,271,20-06-2024 08:55
41,4,32,14-02-2025 08:14
42,2,17,01-03-2025 19:20
43,6,4,14-03-2025 03:38
44,3,67,10-01-2025 10:25
45,3,25,21-02-2025 17:09
46,3,37,09-02-2025 03:46
47,4,109,29-11-2024 06:47
48,1,236,25-07-2024 11:17
49,3,63,14-01-2025 03:49
50,5,166,03-10-2024 16:05
52,1,62,15-01-2025 05:27
53,5,31,15-02-2025 10:42
54,3,45,01-02-2025 18:53
55,5,15,03-03-2025 05:53
56,2,23,23-02-2025 12:23
57,3,72,05-01-2025 20:15
58,7,23,23-02-2025 10:17
59,2,45,01-02-2025 19:29
60,1,86,22-12-2024 08:49
61,2,6,12-03-2025 23:35
62,4,59,18-01-2025 11:03
63,2,14,04-03-2025 02:25
64,6,27,19-02-2025 23:39
65,1,20,26-02-2025 02:10
66,2,304,18-05-2024 03:25
67,4,99,09-12-2024 05:37
69,2,227,03-08-2024 10:47
70,3,-1,19-03-2025 08:28
71,1,160,09-10-2024 19:29
72,6,13,05-03-2025 23:38
73,2,144,25-10-2024 14:39
74,2,98,10-12-2024 10:07
75,6,89,19-12-2024 09:26
76,1,275,16-06-2024 19:41
77,1,324,28-04-2024 10:37
78,1,316,06-05-2024 08:23
79,3,44,02-02-2025 01:45
80,6,58,19-01-2025 22:33
82,4,35,11-02-2025 19:03
83,3,33,13-02-2025 06:03
85,3,1,17-03-2025 05:11
86,1,318,04-05-2024 10:58
87,6,60,17-01-2025 05:51
88,2,48,29-01-2025 20:11
89,7,21,25-02-2025 03:26
90,3,61,16-01-2025 20:01
91,3,114,24-11-2024 02:27
92,3,42,04-02-2025 14:29
93,2,207,23-08-2024 02:38
94,2,44,02-02-2025 10:20
95,3,15,03-03-2025 19:28
96,3,32,14-02-2025 17:18
97,4,49,28-01-2025 08:12
98,1,41,05-02-2025 22:55
99,2,246,15-07-2024 15:00
100,1,17,01-03-2025 09:53
101,2,320,02-05-2024 17:34
102,1,81,27-12-2024 09:42
103,2,200,30-08-2024 09:39
104,4,42,04-02-2025 15:34
105,2,336,16-04-2024 11:26
106,4,206,24-08-2024 14:33
107,4,191,08-09-2024 01:48
108,1,62,15-01-2025 17:34
109,6,46,31-01-2025 01:18
110,2,151,18-10-2024 05:01
111,2,108,30-11-2024 13:33
113,6,37,09-02-2025 15:09
114,4,33,13-02-2025 03:35
115,4,154,15-10-2024 23:48
117,4,213,17-08-2024 19:57
118,2,37,09-02-2025 22:53
119,2,87,21-12-2024 21:23
120,4,57,20-01-2025 12:03
121,4,1,17-03-2025 21:30
122,3,27,19-02-2025 22:33
123,3,153,16-10-2024 14:23
124,4,2,16-03-2025 03:57
125,2,143,26-10-2024 10:38
126,6,28,18-02-2025 08:07
127,1,348,04-04-2024 01:32
128,3,165,04-10-2024 12:59
129,8,20,26-02-2025 02:32
130,6,100,08-12-2024 01:29
131,3,124,14-11-2024 14:49
132,3,153,16-10-2024 09:58
133,6,41,05-02-2025 23:06
134,1,245,16-07-2024 06:14
135,2,0,18-03-2025 13:33
137,3,120,18-11-2024 18:05
138,3,21,25-02-2025 22:48
139,3,102,06-12-2024 21:24
140,4,64,13-01-2025 03:24
142,6,8,10-03-2025 21:16
143,2,0,18-03-2025 04:44
144,5,14,04-03-2025 10:11
145,3,261,30-06-2024 07:08
146,3,26,20-02-2025 11:01
149,5,31,15-02-2025 18:04
150,5,8,10-03-2025 15:11
151,4,105,03-12-2024 11:49
152,4,24,22-02-2025 08:42
153,3,225,05-08-2024 19:29
154,8,90,18-12-2024 23:59
155,6,45,01-02-2025 00:41
156,2,15,03-03-2025 18:08
157,5,109,29-11-2024 23:13
158,5,48,29-01-2025 16:07
159,1,311,11-05-2024 12:41
160,4,7,11-03-2025 18:30
162,1,283,08-06-2024 04:06
163,4,44,02-02-2025 04:58
164,1,327,25-04-2024 00:15
165,2,96,12-12-2024 21:49
166,2,210,20-08-2024 07:41
167,1,352,31-03-2024 03:19
168,1,155,14-10-2024 13:04
169,1,265,26-06-2024 06:01
170,3,28,18-02-2025 01:41
172,2,210,20-08-2024 10:29
173,3,106,02-12-2024 15:16
174,1,13,05-03-2025 20:10
175,3,129,09-11-2024 00:46
176,2,60,17-01-2025 13:51
177,5,128,10-11-2024 16:04
178,3,143,26-10-2024 07:25
179,3,23,23-02-2025 11:23
180,3,28,18-02-2025 14:40
181,2,296,26-05-2024 14:32
182,6,31,15-02-2025 09:40
183,5,20,26-02-2025 22:17
184,3,19,27-02-2025 06:54
185,3,148,21-10-2024 20:35
186,1,49,28-01-2025 05:29
187,5,22,24-02-2025 08:11
188,5,131,07-11-2024 07:34
189,3,54,23-01-2025 04:56
190,5,19,27-02-2025 02:48
191,4,6,12-03-2025 21:53
192,4,106,02-12-2024 00:01
193,7,26,20-02-2025 16:09
194,1,259,02-07-2024 14:43
195,1,4,14-03-2025 01:37
196,2,129,09-11-2024 03:58
197,2,115,23-11-2024 04:21
199,2,85,23-12-2024 16:46
200,2,268,23-06-2024 07:00
202,4,25,21-02-2025 18:45
204,2,229,01-08-2024 08:49
205,3,86,22-12-2024 18:26
206,3,57,20-01-2025 06:39
207,3,24,22-02-2025 06:57
208,3,173,26-09-2024 01:12
209,2,40,06-02-2025 00:59
210,4,36,10-02-2025 05:38
211,7,45,01-02-2025 13:05
212,3,130,08-11-2024 02:59
213,4,110,28-11-2024 05:33
214,2,159,10-10-2024 10:07
216,6,88,20-12-2024 21:31
218,3,73,04-01-2025 10:52
219,1,277,14-06-2024 02:40
220,6,118,20-11-2024 10:56
221,2,100,08-12-2024 19:55
222,1,305,17-05-2024 05:23
223,3,101,07-12-2024 00:37
224,3,46,31-01-2025 10:30
225,3,100,08-12-2024 16:30
226,5,33,13-02-2025 00:13
227,3,150,19-10-2024 02:57
228,2,159,10-10-2024 09:19
229,1,191,08-09-2024 22:54
230,4,19,27-02-2025 06:03
231,4,76,01-01-2025 13:26
232,6,86,22-12-2024 10:00
233,6,23,23-02-2025 01:05
234,3,174,25-09-2024 13:26
235,3,111,27-11-2024 22:56
236,1,9,09-03-2025 19:24
237,2,158,11-10-2024 07:00
238,3,48,29-01-2025 10:14
239,2,114,24-11-2024 03:45
240,2,91,17-12-2024 04:19
241,1,145,24-10-2024 14:16
242,3,105,03-12-2024 05:33
243,3,168,01-10-2024 07:40
244,1,194,05-09-2024 22:14
245,3,118,20-11-2024 05:01
246,6,10,08-03-2025 03:51
247,5,33,13-02-2025 20:23
248,2,166,03-10-2024 06:32
249,3,55,22-01-2025 14:40
250,3,24,22-02-2025 20:38
251,4,84,24-12-2024 20:09
252,2,63,14-01-2025 07:35
253,3,94,14-12-2024 11:10
255,9,5,13-03-2025 17:15
257,2,294,28-05-2024 07:29
258,2,50,27-01-2025 20:46
259,1,137,01-11-2024 13:11
260,7,24,22-02-2025 20:11
262,4,23,23-02-2025 20:39
263,2,74,03-01-2025 23:31
264,1,23,23-02-2025 03:36
265,2,122,16-11-2024 15:02
267,2,3,15-03-2025 16:02
268,3,140,29-10-2024 10:17
269,2,240,21-07-2024 14:15
270,3,50,27-01-2025 05:34
271,1,105,03-12-2024 14:10
272,1,298,24-05-2024 01:17
273,7,70,07-01-2025 06:51
274,1,87,21-12-2024 14:58
275,3,244,17-07-2024 09:49
276,2,166,03-10-2024 17:40
277,2,201,29-08-2024 12:44
278,4,17,01-03-2025 13:51
279,4,19,27-02-2025 16:09
280,2,138,31-10-2024 21:14
281,4,24,22-02-2025 01:46
282,2,20,26-02-2025 01:52
283,3,80,28-12-2024 19:58
284,2,97,11-12-2024 17:59
285,8,156,13-10-2024 13:12
286,1,177,22-09-2024 11:15
287,3,6,12-03-2025 09:19
288,3,223,07-08-2024 23:41
289,7,1,17-03-2025 08:28
290,1,310,12-05-2024 11:16
291,3,197,02-09-2024 20:49
292,2,247,14-07-2024 23:00
293,4,6,12-03-2025 16:40
295,2,141,28-10-2024 09:30
296,1,125,13-11-2024 20:02
297,2,57,20-01-2025 16:50
299,4,135,03-11-2024 17:18
300,2,265,26-06-2024 09:00
302,4,18,28-02-2025 13:52
303,5,21,25-02-2025 09:39
304,3,33,13-02-2025 13:22
305,1,45,01-02-2025 17:55
307,4,53,24-01-2025 18:31
308,6,41,05-02-2025 09:42
309,4,85,23-12-2024 14:16
310,2,10,08-03-2025 11:22
311,2,111,27-11-2024 17:19
312,4,29,17-02-2025 08:54
313,4,249,12-07-2024 06:18
314,2,57,20-01-2025 10:01
315,2,272,19-06-2024 12:40
316,5,25,21-02-2025 05:23
317,2,50,27-01-2025 21:28
318,6,82,26-12-2024 12:39
319,1,58,19-01-2025 05:13
320,2,145,24-10-2024 16:09
321,3,70,07-01-2025 12:50
322,5,140,29-10-2024 13:07
323,4,73,04-01-2025 13:56
324,2,33,13-02-2025 00:53
325,3,18,28-02-2025 06:28
326,8,6,12-03-2025 07:15
327,2,115,23-11-2024 06:51
329,3,162,07-10-2024 07:33
330,4,110,28-11-2024 06:32
331,3,16,02-03-2025 02:29
332,3,90,18-12-2024 03:12
333,3,133,05-11-2024 19:06
334,6,7,11-03-2025 21:49
335,4,83,25-12-2024 08:13
336,6,68,09-01-2025 10:55
337,4,32,14-02-2025 15:33
338,1,153,16-10-2024 11:46
339,5,37,09-02-2025 05:08
340,1,24,22-02-2025 17:27
341,1,293,29-05-2024 15:54
342,5,4,14-03-2025 19:13
343,6,75,02-01-2025 11:55
344,2,114,24-11-2024 17:13
345,2,7,11-03-2025 17:17
346,2,216,14-08-2024 17:01
348,1,166,03-10-2024 16:37
349,3,22,24-02-2025 19:53
351,2,3,15-03-2025 10:09
352,2,145,24-10-2024 23:45
353,2,110,28-11-2024 00:25
354,1,317,05-05-2024 16:21
355,4,200,30-08-2024 16:41
356,4,147,22-10-2024 04:03
357,3,213,17-08-2024 17:09
358,5,21,25-02-2025 00:42
359,5,36,10-02-2025 15:16
360,1,118,20-11-2024 12:35
361,2,70,07-01-2025 11:21
362,3,83,25-12-2024 17:38
364,1,177,22-09-2024 12:03
365,3,109,29-11-2024 04:44
366,7,42,04-02-2025 13:01
367,3,55,22-01-2025 15:51
368,5,169,30-09-2024 17:07
369,2,283,08-06-2024 00:47
370,3,96,12-12-2024 08:55
371,6,43,03-02-2025 17:50
372,1,249,12-07-2024 04:58
373,6,75,02-01-2025 04:45
374,3,23,23-02-2025 09:25
375,6,23,23-02-2025 01:23
376,4,145,24-10-2024 22:03
377,2,-1,19-03-2025 05:40
378,4,19,27-02-2025 12:51
379,2,38,08-02-2025 03:40
380,9,40,06-02-2025 16:37
381,9,2,16-03-2025 01:58
382,1,124,14-11-2024 17:14
383,2,67,10-01-2025 15:02
384,5,55,22-01-2025 12:09
385,2,29,17-02-2025 14:30
386,2,178,21-09-2024 17:16
387,2,111,27-11-2024 06:19
388,2,289,02-06-2024 02:07
389,2,181,18-09-2024 18:10
390,2,109,29-11-2024 06:52
392,4,8,10-03-2025 10:11
393,2,46,31-01-2025 19:06
394,1,99,09-12-2024 08:34
395,3,111,27-11-2024 10:55
396,3,20,26-02-2025 19:27
397,3,147,22-10-2024 21:34
398,1,271,20-06-2024 02:15
399,3,93,15-12-2024 18:10
400,2,180,19-09-2024 08:22
402,4,92,16-12-2024 17:51
403,4,39,07-02-2025 22:10
404,2,214,16-08-2024 20:53
405,1,226,04-08-2024 04:13
407,4,138,31-10-2024 21:52
410,1,28,18-02-2025 01:03
411,4,131,07-11-2024 12:10
412,1,318,04-05-2024 20:17
413,2,234,27-07-2024 22:20
414,1,230,31-07-2024 14:09
415,3,117,21-11-2024 21:18
416,3,236,25-07-2024 12:37
417,5,29,17-02-2025 08:46
418,2,34,12-02-2025 23:51
419,3,2,16-03-2025 03:15
420,5,30,16-02-2025 05:05
421,2,7,11-03-2025 10:27
422,5,103,05-12-2024 20:37
423,3,72,05-01-2025 09:17
424,5,66,11-01-2025 11:17
425,6,15,03-03-2025 08:08
426,1,237,24-07-2024 05:11
427,1,188,11-09-2024 14:03
428,4,28,18-02-2025 04:36
429,1,99,09-12-2024 23:33
430,4,1,17-03-2025 13:30
431,3,59,18-01-2025 20:24
432,4,58,19-01-2025 12:06
433,4,59,18-01-2025 01:09
434,1,211,19-08-2024 06:44
435,3,134,04-11-2024 04:48
436,2,54,23-01-2025 09:47
437,1,221,09-08-2024 16:06
439,5,11,07-03-2025 12:50
440,1,300,22-05-2024 19:12
441,1,100,08-12-2024 23:46
442,6,61,16-01-2025 03:10
443,3,101,07-12-2024 02:18
444,4,26,20-02-2025 10:03
445,2,149,20-10-2024 17:31
446,5,66,11-01-2025 21:04
447,5,35,11-02-2025 17:26
448,2,8,10-03-2025 23:20
449,2,173,26-09-2024 20:40
450,3,44,02-02-2025 17:02
451,2,251,10-07-2024 00:16
452,2,171,28-09-2024 18:27
453,4,55,22-01-2025 10:29
454,2,109,29-11-2024 11:32
455,2,38,08-02-2025 07:55
456,2,101,07-12-2024 16:21
457,4,64,13-01-2025 16:38
458,4,12,06-03-2025 04:58
459,2,82,26-12-2024 01:24
460,6,55,22-01-2025 20:17
461,5,88,20-12-2024 07:23
463,3,94,14-12-2024 16:29
464,2,123,15-11-2024 02:23
465,6,39,07-02-2025 06:26
466,1,122,16-11-2024 02:59
467,4,1,17-03-2025 04:42
468,2,49,28-01-2025 08:54
469,5,76,01-01-2025 09:11
470,3,5,13-03-2025 23:00
471,5,62,15-01-2025 04:26
472,2,52,25-01-2025 22:41
473,1,301,21-05-2024 22:17
474,5,69,08-01-2025 00:18
475,1,67,10-01-2025 07:42
476,6,20,26-02-2025 07:35
477,4,152,17-10-2024 23:46
478,3,62,15-01-2025 13:45
479,2,225,05-08-2024 02:48
480,2,52,25-01-2025 09:51
481,4,2,16-03-2025 13:34
482,1,26,20-02-2025 16:40
484,4,9,09-03-2025 20:44
486,5,67,10-01-2025 05:54
487,1,71,06-01-2025 08:33
488,4,18,28-02-2025 20:25
489,1,37,09-02-2025 02:55
490,2,161,08-10-2024 00:42
491,4,40,06-02-2025 03:30
492,1,154,15-10-2024 08:06
493,1,171,28-09-2024 21:46
494,6,16,02-03-2025 17:19
495,5,12,06-03-2025 06:12
496,2,208,22-08-2024 15:05
497,1,175,24-09-2024 14:27
498,2,3,15-03-2025 23:53
499,1,355,28-03-2024 06:00
500,1,86,22-12-2024 03:26
501,2,203,27-08-2024 09:13
502,4,59,18-01-2025 04:18
503,3,56,21-01-2025 06:18
504,2,22,24-02-2025 05:09
505,1,9,09-03-2025 11:59
506,7,98,10-12-2024 04:09
507,2,190,09-09-2024 05:47
508,1,189,10-09-2024 17:19
509,2,303,19-05-2024 01:35
511,5,106,02-12-2024 04:25
513,2,197,02-09-2024 16:16
514,5,29,17-02-2025 08:08
515,4,173,26-09-2024 07:30
516,2,157,12-10-2024 13:44
517,3,132,06-11-2024 13:24
518,1,122,16-11-2024 15:53
519,3,20,26-02-2025 17:21
520,2,222,08-08-2024 08:11
521,1,348,04-04-2024 02:30
522,3,76,01-01-2025 09:54
523,2,15,03-03-2025 17:45
524,1,42,04-02-2025 21:06
525,2,64,13-01-2025 00:36
526,3,34,12-02-2025 14:18
527,5,23,23-02-2025 00:43
528,1,249,12-07-2024 04:07
529,5,21,25-02-2025 10:34
530,2,114,24-11-2024 09:57
531,5,107,01-12-2024 08:18
532,2,333,19-04-2024 04:58
533,2,123,15-11-2024 16:17
534,4,43,03-02-2025 00:39
535,2,42,04-02-2025 09:31
536,4,15,03-03-2025 19:14
537,1,3,15-03-2025 10:08
538,5,9,09-03-2025 12:47
539,2,92,16-12-2024 03:52
540,1,358,25-03-2024 23:15
541,2,161,08-10-2024 11:10
542,2,258,03-07-2024 17:32
543,4,157,12-10-2024 17:31
544,4,11,07-03-2025 09:50
545,1,81,27-12-2024 13:08
546,2,225,05-08-2024 04:39
547,6,27,19-02-2025 14:11
548,5,170,29-09-2024 08:33
549,4,167,02-10-2024 00:02
550,4,64,13-01-2025 11:42
551,3,98,10-12-2024 21:03
552,2,123,15-11-2024 07:10
553,3,151,18-10-2024 00:26
554,3,69,08-01-2025 14:02
555,5,15,03-03-2025 09:33
556,2,320,02-05-2024 08:02
557,4,193,06-09-2024 03:47
558,3,5,13-03-2025 21:35
559,3,10,08-03-2025 03:41
560,1,343,09-04-2024 07:32
561,2,19,27-02-2025 22:01
562,3,7,11-03-2025 17:54
563,4,152,17-10-2024 02:41
564,4,4,14-03-2025 01:32
565,7,41,05-02-2025 18:45
566,5,7,11-03-2025 11:28
567,4,71,06-01-2025 10:54
568,2,7,11-03-2025 08:38
569,2,97,11-12-2024 17:43
570,3,42,04-02-2025 19:20
571,2,121,17-11-2024 00:30
572,4,134,04-11-2024 14:48
573,4,74,03-01-2025 09:14
574,4,9,09-03-2025 20:09
575,3,5,13-03-2025 14:31
576,4,172,27-09-2024 07:30
577,2,154,15-10-2024 12:11
578,7,44,02-02-2025 01:54
579,3,136,02-11-2024 05:25
580,4,70,07-01-2025 03:13
581,7,18,28-02-2025 21:42
582,2,81,27-12-2024 01:31
583,2,97,11-12-2024 10:48
584,1,358,25-03-2024 05:37
585,4,168,01-10-2024 03:22
586,3,14,04-03-2025 13:49
587,2,14,04-03-2025 21:33
588,2,143,26-10-2024 01:28
589,2,135,03-11-2024 01:14
590,2,4,14-03-2025 22:14
591,1,231,30-07-2024 04:57
592,1,183,16-09-2024 00:06
594,2,145,24-10-2024 18:25
595,2,49,28-01-2025 10:47
596,2,178,21-09-2024 04:20
597,3,114,24-11-2024 21:25
598,2,32,14-02-2025 17:11
600,3,95,13-12-2024 05:01
601,6,52,25-01-2025 17:44
602,3,6,12-03-2025 12:51
604,3,134,04-11-2024 01:11
605,2,40,06-02-2025 13:09
606,7,155,14-10-2024 09:07
607,2,78,30-12-2024 21:28
608,1,243,18-07-2024 02:54
609,1,144,25-10-2024 09:02
611,4,83,25-12-2024 18:34
613,5,31,15-02-2025 07:26
614,3,94,14-12-2024 04:02
615,4,64,13-01-2025 13:05
616,1,232,29-07-2024 01:37
617,1,206,24-08-2024 09:20
618,3,27,19-02-2025 01:00
619,2,272,19-06-2024 02:18
620,8,30,16-02-2025 10:24
621,5,13,05-03-2025 14:18
623,5,161,08-10-2024 07:38
624,5,48,29-01-2025 17:39
626,4,61,16-01-2025 13:28
628,6,9,09-03-2025 03:25
629,4,44,02-02-2025 11:30
630,2,131,08-11-2024 00:00
631,1,286,05-06-2024 12:20
632,3,181,18-09-2024 09:21
633,3,92,16-12-2024 14:25
635,1,38,08-02-2025 19:07
636,2,281,10-06-2024 21:31
637,3,32,14-02-2025 09:55
638,5,49,28-01-2025 03:43
639,1,281,10-06-2024 16:11
640,2,17,01-03-2025 21:56
642,7,36,10-02-2025 04:33
643,1,147,22-10-2024 20:56
644,2,217,13-08-2024 03:44
645,3,201,29-08-2024 19:39
646,1,98,10-12-2024 11:31
647,4,31,15-02-2025 13:31
648,1,187,12-09-2024 22:28
649,4,13,05-03-2025 05:18
651,1,337,15-04-2024 20:16
652,2,28,18-02-2025 14:02
654,1,119,19-11-2024 01:44
655,2,226,04-08-2024 01:47
656,4,60,17-01-2025 05:12
657,5,85,23-12-2024 22:45
658,6,82,26-12-2024 07:29
659,4,31,15-02-2025 20:21
661,3,209,21-08-2024 12:15
662,1,249,12-07-2024 22:45
663,3,55,22-01-2025 03:12
664,2,41,05-02-2025 19:08
665,9,35,11-02-2025 23:30
666,1,296,26-05-2024 10:39
667,1,5,13-03-2025 05:34
668,2,325,27-04-2024 07:05
670,3,108,30-11-2024 10:04
671,5,27,19-02-2025 05:04
672,2,72,05-01-2025 10:33
673,1,219,11-08-2024 19:54
674,2,114,24-11-2024 22:09
675,5,86,22-12-2024 09:38
676,2,137,01-11-2024 16:16
677,4,95,13-12-2024 16:16
678,2,52,25-01-2025 05:41
679,2,210,20-08-2024 06:47
680,3,74,03-01-2025 08:39
681,3,63,14-01-2025 14:58
682,5,200,30-08-2024 06:35
683,3,62,15-01-2025 02:00
684,4,76,01-01-2025 03:04
686,1,142,27-10-2024 11:19
687,1,230,31-07-2024 06:05
688,1,170,29-09-2024 21:13
689,2,65,12-01-2025 17:03
690,4,14,04-03-2025 02:43
691,3,62,15-01-2025 05:31
692,6,84,24-12-2024 00:20
693,4,142,27-10-2024 23:10
694,1,138,31-10-2024 12:13
695,4,31,15-02-2025 23:46
696,1,334,18-04-2024 03:13
697,2,292,30-05-2024 04:05
698,3,44,02-02-2025 17:51
699,6,73,04-01-2025 19:18
700,3,60,17-01-2025 08:06
701,2,68,09-01-2025 15:54
702,5,264,27-06-2024 22:11
703,3,142,27-10-2024 20:15
704,7,32,14-02-2025 02:38
705,3,29,17-02-2025 02:03
706,3,107,01-12-2024 18:30
707,3,142,27-10-2024 08:06
708,4,122,16-11-2024 10:13
709,2,237,24-07-2024 05:12
710,2,48,29-01-2025 21:00
711,1,251,10-07-2024 09:29
712,3,75,02-01-2025 11:48
713,3,94,14-12-2024 21:43
714,1,341,11-04-2024 05:49
715,2,114,24-11-2024 11:29
717,1,101,07-12-2024 04:46
718,2,91,17-12-2024 19:26
719,4,51,26-01-2025 12:46
720,2,230,31-07-2024 02:50
721,5,16,02-03-2025 10:22
722,3,72,05-01-2025 04:56
723,1,256,05-07-2024 03:12
724,3,3,15-03-2025 20:28
725,1,360,23-03-2024 17:03
726,6,110,28-11-2024 14:15
727,8,58,19-01-2025 12:58
728,3,213,17-08-2024 05:54
729,3,41,05-02-2025 19:42
730,2,280,11-06-2024 09:07
731,4,29,17-02-2025 06:09
732,2,29,17-02-2025 05:46
733,1,211,19-08-2024 23:03
734,4,99,09-12-2024 00:24
735,3,62,15-01-2025 02:34
736,2,216,14-08-2024 14:32
737,1,357,26-03-2024 21:26
738,2,20,26-02-2025 03:14
739,4,4,14-03-2025 17:21
741,5,170,29-09-2024 17:25
742,2,24,22-02-2025 11:46
743,4,69,08-01-2025 20:28
745,1,352,31-03-2024 12:40
746,1,35,11-02-2025 00:33
747,4,40,06-02-2025 10:08
748,2,210,20-08-2024 23:33
749,2,195,04-09-2024 19:46
751,7,2,16-03-2025 21:59
752,4,52,25-01-2025 23:28
753,5,141,28-10-2024 21:49
754,4,2,16-03-2025 15:03
756,4,31,15-02-2025 10:12
757,2,290,01-06-2024 01:26
758,1,47,30-01-2025 01:43
759,2,194,05-09-2024 00:04
760,6,6,12-03-2025 04:28
762,4,-1,19-03-2025 05:19
763,4,65,12-01-2025 23:42
764,4,88,20-12-2024 15:08
765,3,77,31-12-2024 06:04
766,4,46,31-01-2025 05:03
767,5,17,01-03-2025 22:56
768,6,66,11-01-2025 14:10
769,1,186,13-09-2024 22:53
770,5,93,15-12-2024 05:29
771,2,142,27-10-2024 14:32
772,2,274,17-06-2024 12:27
773,4,46,31-01-2025 13:24
774,4,29,17-02-2025 05:11
775,4,133,05-11-2024 01:39
776,1,243,18-07-2024 22:30
777,2,13,05-03-2025 04:12
778,3,42,04-02-2025 02:13
779,2,160,09-10-2024 21:41
780,2,166,03-10-2024 12:47
781,2,70,07-01-2025 09:51
782,4,80,28-12-2024 22:20
783,3,21,25-02-2025 06:57
784,2,164,05-10-2024 20:22
785,1,103,05-12-2024 09:41
786,2,28,18-02-2025 13:22
787,6,65,12-01-2025 23:31
788,4,33,13-02-2025 03:05
789,1,67,10-01-2025 00:05
790,1,111,27-11-2024 12:28
791,1,203,27-08-2024 07:40
792,2,89,19-12-2024 16:57
793,5,31,15-02-2025 02:26
794,6,43,03-02-2025 11:30
795,1,325,27-04-2024 18:03
796,3,178,21-09-2024 16:17
797,3,0,18-03-2025 06:25
798,2,67,10-01-2025 13:30
799,2,44,02-02-2025 14:56
800,1,342,10-04-2024 18:24
801,2,20,26-02-2025 22:25
802,1,191,08-09-2024 20:39
803,2,74,03-01-2025 16:36
804,3,71,06-01-2025 03:38
805,3,52,25-01-2025 08:53
806,3,6,12-03-2025 05:58
808,7,16,02-03-2025 00:34
809,4,26,20-02-2025 12:10
810,6,37,09-02-2025 12:14
811,4,69,08-01-2025 02:36
812,3,104,04-12-2024 09:03
813,3,77,31-12-2024 07:33
815,2,138,31-10-2024 23:38
816,4,99,09-12-2024 08:51
817,2,74,03-01-2025 05:37
818,5,2,16-03-2025 04:35
819,6,5,13-03-2025 05:54
820,3,16,02-03-2025 07:44
821,2,87,21-12-2024 23:18
822,3,158,11-10-2024 16:26
823,4,58,19-01-2025 01:03
824,3,35,11-02-2025 14:18
825,5,110,28-11-2024 10:58
827,4,3,15-03-2025 11:24
828,1,74,03-01-2025 14:48
831,4,50,27-01-2025 15:04
833,3,52,25-01-2025 12:04
834,2,50,27-01-2025 09:40
835,1,226,04-08-2024 21:00
836,4,35,11-02-2025 16:57
837,4,132,06-11-2024 18:02
838,3,172,27-09-2024 11:11
839,5,36,10-02-2025 16:10
840,2,44,02-02-2025 05:05
841,4,90,18-12-2024 12:48
842,9,5,13-03-2025 20:32
843,3,101,07-12-2024 14:38
844,4,51,26-01-2025 07:39
845,6,15,03-03-2025 16:21
846,11,29,17-02-2025 18:27
847,2,103,05-12-2024 21:53
848,3,19,27-02-2025 23:50
849,3,227,03-08-2024 19:40
850,1,356,27-03-2024 06:03
851,6,3,15-03-2025 06:42
852,1,352,31-03-2024 12:58
853,2,44,02-02-2025 18:51
854,5,108,30-11-2024 00:16
855,3,83,25-12-2024 03:02
856,1,316,06-05-2024 12:41
859,4,118,20-11-2024 16:13
860,5,80,28-12-2024 08:17
861,3,83,25-12-2024 03:48
862,3,21,25-02-2025 08:05
863,1,55,22-01-2025 12:03
865,1,177,22-09-2024 02:19
866,3,105,03-12-2024 07:20
867,1,273,18-06-2024 01:39
868,2,126,12-11-2024 13:58
869,2,222,08-08-2024 01:57
870,2,178,21-09-2024 04:32
871,3,65,12-01-2025 15:32
872,5,32,14-02-2025 03:54
873,8,20,26-02-2025 06:26
874,2,235,26-07-2024 19:47
875,3,293,29-05-2024 11:18
876,2,14,04-03-2025 12:31
877,2,58,19-01-2025 14:32
878,3,133,05-11-2024 08:41
880,4,145,24-10-2024 13:18
881,2,172,27-09-2024 06:52
882,4,229,01-08-2024 01:02
883,4,-1,19-03-2025 03:43
884,4,92,16-12-2024 21:57
885,3,47,30-01-2025 04:09
887,4,18,28-02-2025 01:30
888,3,176,23-09-2024 23:34
889,5,61,16-01-2025 09:27
892,3,48,29-01-2025 05:04
893,2,0,18-03-2025 02:02
894,3,16,02-03-2025 00:11
895,3,119,19-11-2024 01:41
896,4,42,04-02-2025 08:39
897,2,218,12-08-2024 15:24
898,2,1,17-03-2025 00:04
899,2,86,22-12-2024 16:48
900,4,289,02-06-2024 17:48
901,1,140,29-10-2024 20:22
902,2,141,28-10-2024 21:08
903,2,150,19-10-2024 19:33
904,1,322,30-04-2024 02:22
905,5,49,28-01-2025 19:41
906,6,27,19-02-2025 13:56
907,2,46,31-01-2025 05:07
908,5,69,08-01-2025 19:35
909,2,108,30-11-2024 01:42
910,5,92,16-12-2024 21:08
911,2,297,25-05-2024 08:24
912,3,35,11-02-2025 09:32
913,4,25,21-02-2025 17:31
914,3,106,02-12-2024 11:57
915,3,159,10-10-2024 21:37
916,3,103,05-12-2024 08:27
917,1,12,06-03-2025 11:05
918,1,87,21-12-2024 08:39
919,2,77,31-12-2024 15:15
920,1,21,25-02-2025 23:35
921,2,225,05-08-2024 21:00
922,2,42,04-02-2025 20:52
923,1,138,31-10-2024 01:19
924,2,69,08-01-2025 16:40
925,1,313,09-05-2024 18:29
926,2,56,21-01-2025 16:58
927,1,248,13-07-2024 06:58
928,1,61,16-01-2025 03:23
929,1,291,31-05-2024 15:48
930,2,13,05-03-2025 13:47
931,1,176,23-09-2024 21:54
932,4,197,02-09-2024 16:52
933,4,232,29-07-2024 21:10
934,8,10,08-03-2025 09:31
935,4,32,14-02-2025 12:40
936,1,193,06-09-2024 11:46
937,1,330,22-04-2024 04:36
938,1,99,09-12-2024 09:24
939,1,154,15-10-2024 07:44
940,1,324,28-04-2024 17:23
941,1,123,15-11-2024 21:50
942,3,20,26-02-2025 18:41
943,2,209,21-08-2024 08:09
944,3,60,17-01-2025 12:46
945,2,177,22-09-2024 05:32
946,8,26,20-02-2025 14:28
947,1,156,13-10-2024 04:14
948,5,5,13-03-2025 20:23
949,2,195,04-09-2024 03:37
951,3,42,04-02-2025 21:45
952,2,24,22-02-2025 05:19
953,5,56,21-01-2025 19:15
954,1,108,30-11-2024 20:58
955,2,279,12-06-2024 01:22
957,2,233,28-07-2024 22:17
958,2,207,23-08-2024 12:52
959,7,147,22-10-2024 22:15
960,4,38,08-02-2025 15:16
961,6,75,02-01-2025 08:37
962,1,151,18-10-2024 06:44
963,1,356,27-03-2024 03:46
964,3,205,25-08-2024 16:10
965,3,126,12-11-2024 13:24
966,4,58,19-01-2025 06:50
967,4,83,25-12-2024 08:11
968,1,90,18-12-2024 17:51
969,3,9,09-03-2025 18:41
970,2,34,12-02-2025 13:01
971,9,4,14-03-2025 03:19
972,1,336,16-04-2024 19:35
973,4,174,25-09-2024 20:26
974,2,60,17-01-2025 19:28
975,2,120,18-11-2024 20:28
976,6,21,25-02-2025 14:48
978,5,92,16-12-2024 03:26
980,2,25,21-02-2025 05:44
981,3,26,20-02-2025 02:44
982,2,105,03-12-2024 02:16
983,2,84,24-12-2024 10:16
984,4,99,09-12-2024 19:25
985,3,28,18-02-2025 00:25
986,1,345,07-04-2024 06:18
987,4,3,15-03-2025 08:57
988,4,269,22-06-2024 18:38
989,4,59,18-01-2025 03:39
990,3,125,13-11-2024 12:13
991,2,143,26-10-2024 17:28
992,4,152,17-10-2024 14:34
993,6,66,11-01-2025 06:23
994,7,77,31-12-2024 11:03
995,1,45,01-02-2025 03:12
996,3,103,05-12-2024 14:04
997,1,349,03-04-2024 18:11
999,6,84,24-12-2024 07:56
1000,3,39,07-02-2025 01:10
1001,2,48,29-01-2025 16:34
1002,5,26,20-02-2025 14:07
1004,5,39,07-02-2025 16:48
1005,2,57,20-01-2025 07:56
1006,4,74,03-01-2025 10:51
1007,3,251,10-07-2024 17:16
1008,4,4,14-03-2025 03:24
1009,5,76,01-01-2025 10:29
1010,3,3,15-03-2025 07:36
1011,2,31,15-02-2025 09:53
1012,3,54,23-01-2025 06:09
1014,3,171,28-09-2024 20:25
1015,3,73,04-01-2025 06:21
1016,2,26,20-02-2025 23:15
1017,4,172,27-09-2024 02:32
1018,5,71,06-01-2025 14:08
1019,6,2,16-03-2025 10:10
1020,1,106,02-12-2024 17:01
1021,2,134,04-11-2024 00:58
1022,4,63,14-01-2025 23:43
1023,1,253,08-07-2024 10:38
1024,4,25,21-02-2025 16:25
1025,7,8,10-03-2025 09:48
1026,3,186,13-09-2024 03:45
1027,2,91,17-12-2024 13:07
1028,3,39,07-02-2025 03:13
1029,3,68,09-01-2025 17:40
1030,3,94,14-12-2024 10:00
1031,3,223,07-08-2024 05:05
1032,7,100,08-12-2024 18:03
1033,1,240,21-07-2024 23:46
1034,2,86,22-12-2024 00:43
1035,6,8,10-03-2025 05:33
1036,2,262,29-06-2024 06:41
1037,3,225,05-08-2024 16:42
1038,6,171,28-09-2024 13:06
1039,2,276,15-06-2024 14:32
1042,2,12,06-03-2025 05:51
1043,7,3,15-03-2025 16:06
1044,3,43,03-02-2025 12:21
1045,2,150,19-10-2024 12:28
1046,4,72,05-01-2025 12:32
1047,3,96,12-12-2024 23:51
1048,1,254,07-07-2024 18:31
1049,4,14,04-03-2025 06:23
1050,2,-1,19-03-2025 09:01
1051,3,213,17-08-2024 17:57
1053,1,103,05-12-2024 14:28
1054,3,9,09-03-2025 12:46
1055,2,183,16-09-2024 08:26
1056,5,0,18-03-2025 09:54
1057,1,221,09-08-2024 01:41
1058,2,168,01-10-2024 00:27
1060,5,54,23-01-2025 01:08
1061,5,88,20-12-2024 05:06
1062,7,14,04-03-2025 04:54
1065,1,56,21-01-2025 11:23
1066,4,1,17-03-2025 06:12
1067,2,37,09-02-2025 18:28
1068,6,83,25-12-2024 06:59
1069,4,16,02-03-2025 01:49
1070,3,54,23-01-2025 20:58
1071,7,92,16-12-2024 17:34
1072,3,14,04-03-2025 21:38
1073,2,16,02-03-2025 01:02
1074,3,46,31-01-2025 23:02
1075,4,0,18-03-2025 12:43
1076,2,227,03-08-2024 08:08
1077,2,16,02-03-2025 09:43
1078,3,171,28-09-2024 23:43
1079,1,149,20-10-2024 07:18
1080,2,14,04-03-2025 11:54
1081,3,33,13-02-2025 12:20
1082,7,0,18-03-2025 21:44
1083,1,59,18-01-2025 00:06
1084,1,237,24-07-2024 02:55
1085,3,12,06-03-2025 03:38
1086,1,162,07-10-2024 02:30
1087,1,188,11-09-2024 04:13
1088,4,108,30-11-2024 20:39
1089,4,19,27-02-2025 14:53
1090,2,44,02-02-2025 17:35
1091,5,294,28-05-2024 00:50
1093,6,17,01-03-2025 22:00
1094,2,72,05-01-2025 07:08
1095,1,203,27-08-2024 13:06
1097,1,294,28-05-2024 18:15
1098,2,222,08-08-2024 11:12
1099,1,1,17-03-2025 06:25
1100,1,187,12-09-2024 21:20
1101,3,21,25-02-2025 21:09
1102,3,74,03-01-2025 10:47
1103,6,94,14-12-2024 17:05
1104,3,23,23-02-2025 01:50
1105,1,192,07-09-2024 22:59
1106,2,126,12-11-2024 05:58
1107,2,124,14-11-2024 22:58
1108,3,81,27-12-2024 08:10
1109,4,44,02-02-2025 15:52
1110,1,320,02-05-2024 22:41
1111,2,20,26-02-2025 09:54
1112,2,291,31-05-2024 03:47
1113,3,22,24-02-2025 10:03
1114,3,167,02-10-2024 19:19
1115,2,75,02-01-2025 13:14
1116,2,97,11-12-2024 08:16
1117,1,172,27-09-2024 10:43
1118,5,0,18-03-2025 02:08
1119,4,139,30-10-2024 07:08
1120,1,268,23-06-2024 08:53
1121,2,255,06-07-2024 15:27
1122,2,65,12-01-2025 09:04
1123,4,71,06-01-2025 12:39
1125,2,129,09-11-2024 21:47
1126,3,135,03-11-2024 15:48
1127,2,28,18-02-2025 07:12
1128,3,274,17-06-2024 16:47
1129,1,221,09-08-2024 00:03
1130,1,81,27-12-2024 08:48
1131,3,100,08-12-2024 10:43
1132,1,207,23-08-2024 09:21
1133,2,55,22-01-2025 16:37
1134,4,13,05-03-2025 01:18
1135,4,10,08-03-2025 18:02
1136,5,58,19-01-2025 06:20
1137,1,263,28-06-2024 04:16
1138,2,56,21-01-2025 12:20
1139,2,13,05-03-2025 06:34
1141,4,48,29-01-2025 11:52
1142,2,122,16-11-2024 09:23
1143,3,92,16-12-2024 12:52
1144,2,180,19-09-2024 05:01
1146,5,72,05-01-2025 09:42
1147,3,150,19-10-2024 08:19
1148,5,4,14-03-2025 08:37
1149,3,242,19-07-2024 21:34
1150,2,102,06-12-2024 14:49
1151,3,68,09-01-2025 18:51
1152,4,20,26-02-2025 11:30
1153,2,217,13-08-2024 12:39
1154,4,81,27-12-2024 17:15
1155,4,85,23-12-2024 02:51
1156,5,17,01-03-2025 22:51
1157,5,235,26-07-2024 09:03
1158,1,114,24-11-2024 10:50
1159,1,190,09-09-2024 05:05
1160,2,146,23-10-2024 13:25
1161,3,111,27-11-2024 01:27
1162,3,63,14-01-2025 08:54
1163,1,296,26-05-2024 13:40
1164,2,165,04-10-2024 00:17
1165,4,1,17-03-2025 19:48
1166,6,77,31-12-2024 06:09
1167,2,44,02-02-2025 03:45
1168,1,79,29-12-2024 23:23
1169,2,34,12-02-2025 13:30
1170,1,165,04-10-2024 07:01
1171,3,123,15-11-2024 02:05
1172,3,219,11-08-2024 11:07
1173,4,117,21-11-2024 13:04
1175,5,26,20-02-2025 10:14
1176,3,11,07-03-2025 06:15
1177,4,110,28-11-2024 14:29
1178,5,0,18-03-2025 22:36
1179,3,212,18-08-2024 19:33
1180,1,55,22-01-2025 19:01
1181,3,22,24-02-2025 14:33
1182,1,298,24-05-2024 08:30
1183,2,21,25-02-2025 07:36
1184,3,155,14-10-2024 05:32
1185,1,314,08-05-2024 14:54
1186,5,71,06-01-2025 11:44
1187,2,110,28-11-2024 12:04
1188,2,174,25-09-2024 04:29
1189,3,88,20-12-2024 01:03
1190,2,73,04-01-2025 12:45
1191,5,21,25-02-2025 12:44
1192,3,97,11-12-2024 10:52
1193,3,138,31-10-2024 16:31
1194,6,132,06-11-2024 02:09
1195,1,215,15-08-2024 13:21
1196,2,55,22-01-2025 03:16
1197,1,308,14-05-2024 20:42
1198,6,19,27-02-2025 03:08
1199,3,51,26-01-2025 20:14
1200,2,138,31-10-2024 05:13
1202,2,193,06-09-2024 18:18
1203,1,62,15-01-2025 23:57
1204,4,103,05-12-2024 02:21
1205,6,23,23-02-2025 09:13
1206,3,156,13-10-2024 19:14
1207,1,97,11-12-2024 17:25
1208,4,81,27-12-2024 06:44
1209,2,88,20-12-2024 15:29
1210,4,190,09-09-2024 19:26
1211,6,13,05-03-2025 14:53
1212,4,81,27-12-2024 00:55
1213,3,145,24-10-2024 10:57
1214,3,71,06-01-2025 03:07
1215,3,24,22-02-2025 02:37
1216,5,3,15-03-2025 10:20
1217,2,160,09-10-2024 04:33
1218,2,330,22-04-2024 19:24
1219,4,135,03-11-2024 20:14
1220,2,183,16-09-2024 12:12
1221,2,282,09-06-2024 20:02
1222,8,7,11-03-2025 00:43
1223,1,149,20-10-2024 19:44
1224,5,73,04-01-2025 11:08
1225,7,66,11-01-2025 04:02
1226,5,61,16-01-2025 10:34
1228,2,142,27-10-2024 03:29
1229,4,84,24-12-2024 07:56
1230,3,48,29-01-2025 00:31
1231,2,26,20-02-2025 22:19
1232,3,219,11-08-2024 15:02
1233,5,17,01-03-2025 04:32
1234,4,25,21-02-2025 18:01
1235,8,8,10-03-2025 03:31
1236,3,37,09-02-2025 22:23
1237,2,6,12-03-2025 10:43
1238,1,247,14-07-2024 05:03
1239,2,14,04-03-2025 21:49
1240,6,93,15-12-2024 04:25
1241,3,126,12-11-2024 05:27
1242,2,241,20-07-2024 21:19
1243,5,124,14-11-2024 03:49
1244,2,220,10-08-2024 20:06
1245,3,30,16-02-2025 01:46
1246,2,44,02-02-2025 08:51
1248,5,61,16-01-2025 05:49
1249,3,205,25-08-2024 12:28
1250,2,31,15-02-2025 21:02
1251,2,158,11-10-2024 21:56
1253,2,147,22-10-2024 19:52
1254,3,96,12-12-2024 09:49
1255,2,125,13-11-2024 05:00
1256,5,153,16-10-2024 17:29
1257,4,125,13-11-2024 01:41
1258,4,52,25-01-2025 23:54
1259,1,96,12-12-2024 10:30
1260,4,39,07-02-2025 03:10
1261,3,104,04-12-2024 03:56
1263,2,162,07-10-2024 06:49
1264,5,14,05-03-2025 00:00
1265,1,281,10-06-2024 10:55
1266,3,249,12-07-2024 02:06
1267,1,156,13-10-2024 12:38
1268,5,65,12-01-2025 12:27
1269,2,177,22-09-2024 16:22
1270,8,110,28-11-2024 21:36
1271,3,93,15-12-2024 11:34
1272,2,188,11-09-2024 17:35
1273,1,317,05-05-2024 19:44
1274,3,117,21-11-2024 16:09
1275,3,153,16-10-2024 12:33
1276,3,7,11-03-2025 07:10
1277,4,55,22-01-2025 12:27
1278,2,36,10-02-2025 09:03
1279,1,339,13-04-2024 04:14
1280,1,75,02-01-2025 21:50
1281,7,25,21-02-2025 02:32
1282,2,23,23-02-2025 02:58
1283,6,59,18-01-2025 22:13
1285,1,352,31-03-2024 07:42
1286,5,16,02-03-2025 19:34
1287,3,6,12-03-2025 08:24
1288,4,104,04-12-2024 02:48
1289,2,153,16-10-2024 07:48
1290,1,67,10-01-2025 11:17
1291,5,40,06-02-2025 06:57
1292,6,164,05-10-2024 18:16
1293,1,30,16-02-2025 04:30
1294,5,141,28-10-2024 23:27
1295,2,83,25-12-2024 13:06
1296,3,80,28-12-2024 13:19
1297,2,135,03-11-2024 01:20
1298,1,73,04-01-2025 00:44
1299,1,316,06-05-2024 09:49
1300,3,29,17-02-2025 17:20
1301,1,336,16-04-2024 11:09
1302,1,11,07-03-2025 06:03
1303,3,79,29-12-2024 11:30
1304,5,162,07-10-2024 16:22
1305,3,32,14-02-2025 10:07
1306,2,160,09-10-2024 13:20
1307,3,167,02-10-2024 11:44
1308,3,60,17-01-2025 04:51
1309,3,4,14-03-2025 03:12
1310,5,44,02-02-2025 02:26
1311,1,239,22-07-2024 19:44
1312,2,28,18-02-2025 18:59
1313,5,30,16-02-2025 04:47
1314,5,100,08-12-2024 07:10
1315,1,354,29-03-2024 09:28
1316,2,117,21-11-2024 13:16
1317,4,173,26-09-2024 19:56
1318,3,160,09-10-2024 22:48
1319,2,293,29-05-2024 09:30
1320,3,52,25-01-2025 12:47
1322,3,41,05-02-2025 01:54
1323,3,63,14-01-2025 17:54
1324,1,49,28-01-2025 12:49
1325,5,44,02-02-2025 05:06
1326,1,123,15-11-2024 01:24
1327,5,1,17-03-2025 21:57
1328,2,206,24-08-2024 02:38
1329,2,157,12-10-2024 05:27
1330,5,80,28-12-2024 16:20
1331,1,164,05-10-2024 18:40
1332,3,223,07-08-2024 01:59
1333,1,227,03-08-2024 07:30
1334,3,71,06-01-2025 13:15
1335,3,-1,19-03-2025 00:23
1336,5,16,02-03-2025 18:54
1337,2,17,01-03-2025 05:27
1339,2,203,27-08-2024 09:00
1340,2,337,15-04-2024 21:16
1341,3,22,24-02-2025 08:15
1342,3,175,24-09-2024 22:49
1343,4,12,06-03-2025 09:05
1344,3,55,22-01-2025 04:50
1345,2,269,22-06-2024 14:59
1346,4,80,28-12-2024 15:48
1347,2,234,27-07-2024 23:43
1348,4,23,23-02-2025 11:52
1349,3,94,14-12-2024 02:10
1351,3,39,07-02-2025 01:26
1352,2,34,12-02-2025 14:48
1353,2,36,10-02-2025 19:53
1354,3,42,04-02-2025 04:15
1355,1,336,16-04-2024 09:52
1357,4,69,08-01-2025 23:50
1358,3,80,28-12-2024 16:19
1359,4,113,25-11-2024 04:12
1360,1,110,28-11-2024 14:18
1361,2,155,14-10-2024 22:00
1362,2,269,22-06-2024 04:26
1363,3,68,09-01-2025 04:23
1365,6,94,14-12-2024 03:44
1366,3,10,08-03-2025 21:54
1367,7,92,16-12-2024 06:06
1368,3,177,22-09-2024 05:30
1370,4,42,04-02-2025 09:12
1371,3,54,23-01-2025 20:02
1372,2,128,10-11-2024 04:53
1373,2,287,04-06-2024 19:03
1374,2,63,14-01-2025 03:47
1375,1,347,05-04-2024 10:11
1377,2,143,26-10-2024 06:15
1379,2,107,01-12-2024 05:03
1380,6,5,13-03-2025 06:01
1381,1,318,04-05-2024 15:23
1383,3,19,27-02-2025 10:55
1384,3,27,19-02-2025 07:25
1385,2,223,07-08-2024 13:21
1386,2,64,13-01-2025 19:23
1387,5,2,16-03-2025 12:08
1388,4,55,22-01-2025 07:43
1389,1,349,03-04-2024 12:01
1390,4,156,13-10-2024 23:09
1391,1,200,30-08-2024 10:09
1392,1,91,17-12-2024 17:17
1393,1,15,03-03-2025 14:29
1394,4,128,10-11-2024 08:47
1395,5,97,11-12-2024 19:40
1396,1,279,12-06-2024 05:14
1397,4,50,27-01-2025 11:20
1398,2,123,15-11-2024 23:29
1400,3,116,22-11-2024 04:20
1401,2,39,07-02-2025 00:16
1402,3,14,04-03-2025 21:33
1403,3,3,15-03-2025 08:32
1404,4,223,07-08-2024 16:00
1406,4,124,14-11-2024 15:22
1407,2,142,27-10-2024 03:38
1408,3,5,13-03-2025 19:24
1409,3,53,24-01-2025 01:51
1410,4,184,15-09-2024 14:53
1411,2,34,12-02-2025 10:54
1412,6,59,18-01-2025 16:27
1413,2,41,05-02-2025 12:59
1414,5,41,05-02-2025 13:59
1415,4,3,15-03-2025 14:57
1416,6,34,12-02-2025 07:00
1417,1,137,01-11-2024 12:16
1418,2,7,11-03-2025 04:46
1419,5,19,27-02-2025 21:03
1420,2,82,26-12-2024 13:10
1421,2,74,03-01-2025 22:25
1422,3,101,07-12-2024 10:10
1424,4,149,20-10-2024 12:34
1425,2,82,26-12-2024 08:25
1426,1,247,14-07-2024 05:37
1427,2,162,07-10-2024 11:10
1428,2,70,07-01-2025 21:02
1429,5,-1,19-03-2025 02:28
1430,1,255,06-07-2024 07:22
1431,4,33,13-02-2025 08:18
1432,4,92,16-12-2024 00:50
1433,1,96,12-12-2024 12:07
1434,4,3,15-03-2025 04:22
1435,2,179,20-09-2024 09:27
1436,5,76,01-01-2025 20:44
1437,6,49,28-01-2025 11:46
1438,2,224,06-08-2024 15:14
1439,4,5,13-03-2025 12:59
1440,2,86,22-12-2024 15:33
1441,1,313,09-05-2024 12:52
1442,1,281,10-06-2024 00:03
1443,3,250,11-07-2024 00:05
1444,2,213,17-08-2024 23:11
1445,6,61,16-01-2025 00:53
1446,6,78,30-12-2024 15:21
1447,1,252,09-07-2024 11:09
1448,3,195,04-09-2024 05:31
1449,8,15,03-03-2025 18:12
1450,5,68,09-01-2025 12:43
1451,2,92,16-12-2024 01:53
1452,2,222,08-08-2024 00:39
1453,2,222,08-08-2024 21:43
1454,4,2,16-03-2025 19:37
1455,5,50,27-01-2025 02:20
1456,3,4,14-03-2025 11:22
1457,3,8,10-03-2025 17:06
1458,1,110,28-11-2024 06:32
1459,4,97,11-12-2024 10:44
1460,1,215,15-08-2024 10:04
1461,1,255,06-07-2024 05:53
1462,4,135,03-11-2024 12:02
1463,4,49,28-01-2025 09:17
1464,4,15,03-03-2025 14:24
1465,3,109,29-11-2024 11:30
1466,3,46,31-01-2025 08:07
1467,3,77,31-12-2024 23:34
1468,4,43,03-02-2025 22:50
1469,6,4,14-03-2025 19:02
1470,1,259,02-07-2024 18:34
1471,1,282,09-06-2024 10:57
1472,3,26,20-02-2025 22:43
1473,3,160,09-10-2024 06:20
1474,4,117,21-11-2024 19:09
1475,3,8,10-03-2025 21:18
1476,2,77,31-12-2024 04:42
1479,3,17,01-03-2025 02:20
1480,2,158,11-10-2024 14:47
1481,7,13,05-03-2025 10:07
1482,1,249,12-07-2024 01:30
1483,2,26,20-02-2025 18:54
1485,6,76,01-01-2025 02:50
1487,1,324,28-04-2024 01:47
1488,3,51,26-01-2025 08:13
1489,5,44,02-02-2025 06:08
1490,4,18,28-02-2025 08:57
1491,3,139,30-10-2024 03:03
1492,5,90,18-12-2024 08:47
1493,4,169,30-09-2024 16:56
1494,1,304,18-05-2024 09:46
1495,3,9,09-03-2025 07:48
1496,3,62,15-01-2025 08:43
1497,6,39,07-02-2025 22:08
1498,7,93,15-12-2024 14:17
1499,3,22,24-02-2025 10:19
1500,3,163,06-10-2024 01:46
1501,3,17,01-03-2025 03:31
1502,1,109,29-11-2024 14:18
1503,1,237,24-07-2024 07:46
1504,3,158,11-10-2024 10:43
1505,4,46,31-01-2025 11:33
1506,3,119,19-11-2024 18:41
1507,2,90,18-12-2024 20:45
1508,4,70,07-01-2025 03:22
1509,4,1,17-03-2025 04:22
1511,1,181,18-09-2024 02:30
1512,3,190,09-09-2024 17:33
1513,1,187,12-09-2024 22:27
1514,1,188,11-09-2024 22:59
1515,3,183,16-09-2024 00:19
1516,2,192,07-09-2024 20:53
1517,4,64,13-01-2025 07:23
1518,2,70,07-01-2025 13:18
1519,1,210,20-08-2024 10:11
1520,3,221,09-08-2024 01:17
1521,1,136,02-11-2024 02:45
1522,4,23,23-02-2025 08:51
1524,2,168,01-10-2024 08:25
1525,2,72,05-01-2025 07:53
1526,4,211,19-08-2024 23:49
1527,1,354,29-03-2024 02:59
1528,3,57,20-01-2025 16:33
1529,1,313,09-05-2024 20:19
1530,1,229,01-08-2024 02:53
1531,1,331,21-04-2024 18:56
1532,5,11,07-03-2025 18:11
1535,3,24,22-02-2025 09:25
1536,4,27,19-02-2025 19:00
1537,3,40,06-02-2025 11:50
1538,2,91,17-12-2024 11:32
1539,3,101,07-12-2024 01:49
1540,2,148,21-10-2024 13:33
1541,4,191,08-09-2024 11:54
1543,4,20,26-02-2025 18:52
1544,8,8,10-03-2025 10:38
1545,5,94,14-12-2024 07:28
1546,4,52,25-01-2025 17:01
1547,6,24,22-02-2025 23:25
1548,4,62,15-01-2025 13:28
1549,4,23,23-02-2025 09:13
1550,2,25,21-02-2025 04:01
1551,1,196,03-09-2024 22:40
1552,1,159,10-10-2024 12:42
1553,2,51,26-01-2025 18:22
1554,1,166,03-10-2024 09:41
1555,5,21,25-02-2025 13:27
1556,4,106,02-12-2024 03:17
1557,2,166,03-10-2024 04:15
1558,3,156,13-10-2024 02:47
1559,1,82,26-12-2024 07:16
1560,3,226,04-08-2024 12:43
1561,3,35,11-02-2025 05:08
1562,5,58,19-01-2025 07:13
1563,6,41,05-02-2025 20:03
1564,2,46,31-01-2025 17:28
1565,5,14,04-03-2025 16:15
1566,3,37,09-02-2025 15:15
1567,4,80,28-12-2024 15:16
1568,2,141,28-10-2024 12:34
1569,1,101,07-12-2024 15:25
1570,4,191,08-09-2024 16:52
1571,2,199,31-08-2024 17:10
1572,1,211,19-08-2024 03:42
1573,5,62,15-01-2025 17:09
1574,3,23,23-02-2025 23:49
1575,4,160,09-10-2024 02:00
1576,3,30,16-02-2025 23:46
1577,4,25,21-02-2025 17:00
1578,3,43,03-02-2025 00:10
1579,6,90,18-12-2024 03:23
1580,1,92,16-12-2024 05:07
1581,4,77,31-12-2024 14:30
1582,1,245,16-07-2024 11:51
1584,3,23,23-02-2025 16:56
1586,2,99,09-12-2024 10:07
1587,3,134,04-11-2024 20:10
1588,6,19,27-02-2025 20:36
1589,3,184,15-09-2024 09:47
1590,2,27,19-02-2025 07:21
1592,3,78,30-12-2024 10:11
1593,2,249,12-07-2024 21:49
1594,2,44,02-02-2025 13:33
1596,5,54,23-01-2025 10:50
1597,2,66,11-01-2025 00:01
1598,4,37,09-02-2025 16:43
1599,6,145,24-10-2024 06:39
1600,4,58,19-01-2025 11:02
1602,1,216,14-08-2024 21:36
1603,5,62,15-01-2025 05:11
1604,2,110,28-11-2024 19:21
1605,5,34,12-02-2025 18:37
1606,1,37,09-02-2025 17:39
1607,4,63,14-01-2025 12:13
1608,3,73,04-01-2025 16:17
1609,3,192,07-09-2024 00:11
1610,1,18,28-02-2025 08:28
1611,3,267,24-06-2024 18:01
1612,4,76,01-01-2025 01:30
1613,2,106,02-12-2024 20:38
1614,4,35,11-02-2025 23:15
1615,4,51,26-01-2025 13:41
1616,5,49,28-01-2025 12:01
1617,2,222,08-08-2024 19:37
1618,2,87,21-12-2024 16:42
1619,2,144,25-10-2024 10:15
1620,2,24,22-02-2025 12:56
1621,3,103,05-12-2024 22:39
1622,3,44,02-02-2025 11:01
1623,2,55,22-01-2025 11:42
1624,3,83,25-12-2024 12:56
1625,4,1,17-03-2025 12:50
1626,2,120,18-11-2024 06:47
1627,2,159,10-10-2024 03:26
1628,4,67,10-01-2025 11:55
1629,6,122,16-11-2024 09:59
1630,2,268,23-06-2024 21:03
1631,1,81,27-12-2024 05:07
1632,5,71,06-01-2025 17:48
1633,3,120,18-11-2024 14:13
1634,4,56,21-01-2025 09:27
1635,3,74,03-01-2025 07:54
1636,3,24,22-02-2025 19:33
1637,4,65,12-01-2025 12:01
1638,3,176,23-09-2024 08:38
1639,2,196,03-09-2024 06:46
1640,1,250,11-07-2024 20:22
1641,1,315,07-05-2024 00:20
1642,1,45,01-02-2025 19:46
1643,5,29,17-02-2025 10:31
1644,1,111,27-11-2024 20:34
1645,1,129,09-11-2024 08:58
1646,2,88,20-12-2024 13:47
1647,3,25,21-02-2025 01:16
1648,3,311,11-05-2024 01:23
1649,4,27,19-02-2025 06:04
1650,3,31,15-02-2025 00:02
1651,2,7,11-03-2025 08:21
1652,5,53,24-01-2025 15:07
1653,4,47,30-01-2025 00:53
1654,1,171,28-09-2024 01:21
1655,3,8,10-03-2025 06:28
1656,3,272,19-06-2024 13:53
1657,6,18,28-02-2025 16:33
1658,5,31,15-02-2025 23:03
1659,2,7,11-03-2025 14:51
1661,4,4,14-03-2025 18:59
1662,5,69,08-01-2025 18:46
1663,1,258,03-07-2024 09:13
1664,2,99,09-12-2024 20:57
1665,2,30,16-02-2025 14:10
1666,3,60,17-01-2025 02:33
1667,7,90,18-12-2024 15:04
1668,4,139,30-10-2024 21:35
1669,2,6,12-03-2025 20:57
1670,3,43,03-02-2025 02:23
1671,1,147,22-10-2024 22:55
1672,2,235,26-07-2024 17:34
1673,5,72,05-01-2025 21:46
1674,3,235,26-07-2024 01:58
1675,4,8,10-03-2025 04:15
1676,4,47,30-01-2025 12:04
1677,2,138,31-10-2024 23:51
1679,2,67,10-01-2025 13:04
1680,1,184,15-09-2024 02:43
1681,4,69,08-01-2025 12:38
1682,3,106,02-12-2024 21:17
1683,3,35,11-02-2025 00:21
1684,5,72,05-01-2025 11:39
1685,1,135,03-11-2024 14:14
1686,3,318,04-05-2024 13:01
1687,3,22,24-02-2025 08:15
1688,5,53,24-01-2025 23:03
1689,3,114,24-11-2024 11:02
1690,3,33,13-02-2025 19:46
1691,2,134,04-11-2024 22:34
1692,1,280,11-06-2024 00:37
1693,1,133,05-11-2024 01:29
1694,3,10,08-03-2025 05:19
1695,2,204,26-08-2024 01:53
1696,1,140,29-10-2024 15:54
1697,2,241,20-07-2024 11:08
1698,5,41,05-02-2025 22:45
1699,2,54,23-01-2025 01:41
1700,5,5,13-03-2025 11:42
1701,2,200,30-08-2024 16:57
1702,2,142,27-10-2024 05:05
1703,5,65,12-01-2025 22:12
1704,1,308,14-05-2024 05:01
1705,2,264,27-06-2024 18:01
1706,3,11,07-03-2025 08:11
1707,3,18,28-02-2025 06:29
1708,5,16,02-03-2025 21:30
1710,1,333,19-04-2024 03:39
1711,3,272,19-06-2024 04:17
1712,2,22,24-02-2025 13:26
1713,7,41,05-02-2025 05:31
1714,2,299,23-05-2024 03:04
1716,4,110,28-11-2024 03:19
1717,4,164,05-10-2024 07:44
1719,2,200,30-08-2024 20:08
1720,3,35,11-02-2025 20:44
1721,2,118,20-11-2024 18:49
1722,5,92,16-12-2024 12:30
1723,6,99,09-12-2024 17:13
1724,2,81,27-12-2024 21:55
1725,3,107,01-12-2024 18:56
1726,2,52,25-01-2025 04:43
1727,4,279,12-06-2024 06:22
1728,3,256,05-07-2024 03:50
1729,2,221,09-08-2024 08:00
1730,4,107,01-12-2024 09:20
1731,4,92,16-12-2024 00:51
1732,5,35,11-02-2025 03:43
1733,2,4,14-03-2025 21:03
1734,1,228,02-08-2024 06:28
1735,2,59,18-01-2025 00:40
1736,5,82,26-12-2024 18:49
1737,2,21,25-02-2025 05:45
1738,3,75,02-01-2025 11:47
1739,3,5,13-03-2025 02:39
1740,5,175,24-09-2024 16:50
1741,3,209,21-08-2024 07:01
1742,3,108,30-11-2024 16:06
1743,2,68,09-01-2025 21:46
1744,4,13,05-03-2025 07:36
1745,3,119,19-11-2024 14:58
1746,2,84,24-12-2024 17:02
1747,3,52,25-01-2025 05:20
1748,4,29,17-02-2025 04:38
1749,1,228,02-08-2024 03:53
1750,3,44,02-02-2025 16:23
1751,2,182,17-09-2024 03:28
1752,5,54,23-01-2025 19:52
1753,3,73,04-01-2025 10:14
1754,1,233,28-07-2024 20:20
1755,4,52,25-01-2025 20:32
1756,3,2,16-03-2025 11:34
1757,3,189,10-09-2024 20:58
1758,4,91,17-12-2024 16:23
1759,1,221,09-08-2024 21:14
1760,1,33,13-02-2025 08:31
1761,5,21,25-02-2025 14:31
1762,3,153,16-10-2024 14:01
1763,1,44,02-02-2025 11:17
1764,3,16,02-03-2025 22:44
1765,5,76,01-01-2025 06:27
1766,1,254,07-07-2024 22:14
1768,4,48,29-01-2025 04:28
1769,1,306,16-05-2024 08:23
1770,3,11,07-03-2025 04:39
1771,3,74,03-01-2025 04:29
1772,3,109,29-11-2024 19:37
1773,2,125,13-11-2024 10:06
1774,3,127,11-11-2024 09:19
1775,4,9,09-03-2025 23:39
1776,4,90,18-12-2024 14:05
1777,5,3,15-03-2025 18:58
1778,4,18,28-02-2025 07:43
1779,4,31,15-02-2025 08:20
1780,8,95,13-12-2024 18:48
1781,4,2,16-03-2025 18:34
1782,4,11,07-03-2025 20:06
1783,2,145,24-10-2024 10:36
1784,1,84,24-12-2024 20:51
1785,2,139,30-10-2024 03:48
1786,1,291,31-05-2024 21:48
1787,3,82,26-12-2024 03:01
1788,1,344,08-04-2024 20:36
1789,2,29,17-02-2025 18:54
1790,1,107,01-12-2024 21:38
1791,2,185,14-09-2024 09:57
1792,1,216,14-08-2024 16:56
1794,2,54,23-01-2025 13:22
1797,3,120,18-11-2024 00:30
1798,3,64,13-01-2025 10:31
1799,1,110,28-11-2024 14:18
1800,2,9,09-03-2025 13:43
1801,3,115,23-11-2024 06:46
1802,5,4,14-03-2025 19:15
1803,1,237,24-07-2024 14:48
1804,4,22,24-02-2025 00:37
1805,1,210,20-08-2024 13:52
1806,3,27,19-02-2025 09:43
1807,2,20,26-02-2025 11:42
1808,4,170,29-09-2024 08:28
1809,2,201,29-08-2024 23:59
1810,1,206,24-08-2024 10:56
1811,1,140,29-10-2024 03:05
1812,3,191,08-09-2024 22:16
1813,3,37,09-02-2025 08:07
1814,2,96,12-12-2024 14:19
1815,5,18,28-02-2025 00:27
1817,4,18,28-02-2025 03:36
1818,3,67,10-01-2025 21:05
1819,2,30,16-02-2025 20:54
1820,4,96,12-12-2024 08:36
1821,1,82,26-12-2024 19:09
1822,5,38,08-02-2025 12:58
1823,2,110,28-11-2024 10:43
1824,2,17,01-03-2025 03:26
1825,3,334,18-04-2024 23:09
1826,3,2,16-03-2025 00:01
1828,4,69,08-01-2025 21:27
1829,1,23,23-02-2025 18:14
1831,1,179,20-09-2024 14:41
1832,1,80,28-12-2024 19:45
1833,2,114,24-11-2024 06:37
1834,4,64,13-01-2025 16:59
1835,2,196,03-09-2024 22:11
1836,1,238,23-07-2024 16:32
1837,2,201,29-08-2024 00:43
1838,5,130,08-11-2024 09:12
1839,4,41,05-02-2025 05:08
1840,2,64,13-01-2025 18:48
1842,2,20,26-02-2025 23:01
1843,4,25,21-02-2025 00:35
1844,3,255,06-07-2024 11:33
1846,3,172,27-09-2024 01:56
1847,2,3,15-03-2025 00:47
1848,4,180,19-09-2024 22:55
1849,2,64,13-01-2025 06:41
1850,4,27,19-02-2025 18:04
1851,3,45,01-02-2025 13:05
1852,1,339,13-04-2024 00:03
1853,1,218,12-08-2024 01:05
1854,2,293,29-05-2024 11:01
1855,2,156,13-10-2024 23:59
1856,6,94,14-12-2024 22:37
1857,4,27,19-02-2025 09:10
1858,3,98,10-12-2024 16:56
1859,4,43,03-02-2025 09:53
1860,2,1,17-03-2025 19:25
1861,1,83,25-12-2024 11:43
1862,1,205,25-08-2024 20:11
1863,1,285,06-06-2024 22:49
1864,4,90,18-12-2024 11:31
1865,2,160,09-10-2024 09:41
1866,3,170,29-09-2024 19:53
1867,3,58,19-01-2025 01:53
1868,1,284,07-06-2024 12:56
1869,3,32,14-02-2025 07:09
1870,4,46,31-01-2025 14:37
1871,2,41,05-02-2025 11:04
1872,3,116,22-11-2024 06:29
1873,1,56,21-01-2025 09:34
1874,4,70,07-01-2025 22:14
1875,3,252,09-07-2024 15:58
1876,2,186,13-09-2024 00:40
1877,2,81,27-12-2024 11:21
1878,5,34,12-02-2025 04:39
1879,4,121,17-11-2024 00:37
1880,2,186,13-09-2024 12:50
1881,2,12,06-03-2025 08:34
1882,3,38,08-02-2025 16:16
1883,6,4,14-03-2025 02:30
1884,2,148,21-10-2024 23:55
1885,3,42,04-02-2025 04:21
1886,2,52,25-01-2025 15:36
1887,4,67,10-01-2025 03:50
1889,3,213,17-08-2024 13:35
1890,2,236,25-07-2024 06:58
1891,5,8,10-03-2025 22:06
1892,5,81,27-12-2024 19:21
1893,4,134,04-11-2024 20:12
1894,4,54,23-01-2025 06:17
1895,2,44,02-02-2025 16:18
1896,2,116,22-11-2024 17:52
1897,4,39,07-02-2025 12:17
1898,1,355,28-03-2024 19:44
1899,8,54,23-01-2025 09:57
1900,5,22,24-02-2025 00:03
1901,6,97,11-12-2024 13:03
1902,1,85,23-12-2024 19:23
1903,4,160,09-10-2024 11:21
1904,1,58,19-01-2025 04:19
1905,1,206,24-08-2024 23:34
1906,4,158,11-10-2024 09:02
1907,2,49,28-01-2025 10:14
1908,1,180,19-09-2024 17:21
1909,4,48,29-01-2025 03:45
1910,3,16,02-03-2025 03:24
1911,1,56,21-01-2025 16:32
1912,4,137,01-11-2024 03:37
1913,2,169,30-09-2024 22:04
1914,3,254,07-07-2024 00:41
1915,2,55,22-01-2025 10:50
1916,2,96,12-12-2024 15:35
1917,2,231,30-07-2024 20:14
1918,1,149,20-10-2024 13:42
1919,1,295,27-05-2024 20:27
1920,3,52,25-01-2025 22:03
1921,2,104,04-12-2024 05:07
1923,1,346,06-04-2024 10:50
1925,2,58,19-01-2025 06:24
1926,2,74,03-01-2025 17:50
1927,4,43,03-02-2025 09:01
1928,4,24,22-02-2025 15:36
1929,3,118,20-11-2024 09:16
1930,3,126,12-11-2024 02:40
1931,3,19,27-02-2025 20:56
1932,3,181,18-09-2024 13:02
1933,2,8,10-03-2025 19:52
1934,3,123,15-11-2024 09:43
1935,2,197,02-09-2024 06:10
1936,6,35,11-02-2025 17:10
1937,1,326,26-04-2024 18:38
1939,3,124,14-11-2024 20:08
1940,3,0,18-03-2025 13:32
1941,7,154,15-10-2024 23:16
1942,1,267,24-06-2024 11:48
1943,5,54,23-01-2025 07:23
1944,4,64,13-01-2025 13:50
1945,4,105,03-12-2024 20:41
1946,3,97,11-12-2024 17:00
1947,6,33,13-02-2025 11:31
1948,2,51,26-01-2025 00:46
1949,1,285,06-06-2024 22:03
1951,3,66,11-01-2025 14:36
1952,3,14,04-03-2025 01:03
1953,4,20,26-02-2025 01:34
1954,4,129,09-11-2024 16:07
1956,2,6,12-03-2025 01:33
1957,2,64,13-01-2025 22:17
1958,3,112,26-11-2024 21:08
1959,3,97,11-12-2024 22:54
1960,2,350,02-04-2024 21:58
1961,3,115,23-11-2024 13:08
1962,3,-1,19-03-2025 01:18
1963,1,33,13-02-2025 11:02
1964,2,53,24-01-2025 05:01
1965,5,19,27-02-2025 13:10
1966,4,115,23-11-2024 17:22
1967,3,24,22-02-2025 09:30
1968,6,83,25-12-2024 08:17
1969,1,124,14-11-2024 05:00
1970,6,31,15-02-2025 16:43
1971,1,133,05-11-2024 06:11
1972,4,90,18-12-2024 05:24
1973,2,27,19-02-2025 03:55
1974,5,15,03-03-2025 11:57
1975,4,1,17-03-2025 15:49
1976,2,264,27-06-2024 16:39
1977,1,232,29-07-2024 12:28
1978,1,343,09-04-2024 00:09
1979,1,184,15-09-2024 23:52
1980,3,93,15-12-2024 21:49
1983,1,353,30-03-2024 06:19
1984,2,13,05-03-2025 15:03
1985,3,2,16-03-2025 20:57
1986,1,92,16-12-2024 03:22
1987,2,188,11-09-2024 06:57
1988,5,17,01-03-2025 04:25
1990,2,182,17-09-2024 10:42
1991,3,109,29-11-2024 22:25
1992,3,107,01-12-2024 05:44
1993,3,129,09-11-2024 11:39
1994,4,18,28-02-2025 19:06
1995,3,47,30-01-2025 08:12
1996,3,262,29-06-2024 21:18
1997,2,293,29-05-2024 08:08
1998,5,25,21-02-2025 23:41
1999,2,207,23-08-2024 19:54
2000,3,303,19-05-2024 09:53
2001,3,92,16-12-2024 21:36
2002,2,143,26-10-2024 18:52
2003,2,65,12-01-2025 23:52
2004,2,47,30-01-2025 09:17
2005,2,167,02-10-2024 02:10
2008,3,0,18-03-2025 05:42
2009,2,-1,19-03-2025 08:11
2010,2,8,10-03-2025 05:17
2011,1,165,04-10-2024 22:42
2012,2,215,15-08-2024 08:54
2013,3,99,09-12-2024 16:46
2014,3,18,28-02-2025 22:03
2015,2,141,28-10-2024 15:26
2016,4,22,24-02-2025 06:29
2018,3,28,18-02-2025 14:02
2019,4,39,07-02-2025 23:05
2020,2,62,15-01-2025 15:28
2021,1,40,06-02-2025 23:22
2022,2,194,05-09-2024 02:47
2023,1,125,13-11-2024 16:44
2024,2,71,06-01-2025 07:51
2025,2,324,28-04-2024 10:26
2026,7,51,26-01-2025 19:38
2027,3,19,27-02-2025 12:48
2028,2,33,13-02-2025 19:01
2029,2,213,17-08-2024 14:15
2031,6,71,06-01-2025 21:33
2032,5,36,10-02-2025 00:47
2033,5,8,10-03-2025 16:43
2034,4,88,20-12-2024 19:02
2038,2,52,25-01-2025 05:23
2039,5,37,09-02-2025 05:40
2040,4,0,18-03-2025 22:12
2041,3,27,19-02-2025 16:22
2042,2,45,01-02-2025 15:25
2043,3,176,23-09-2024 16:58
2044,4,45,01-02-2025 21:38
2045,1,202,28-08-2024 22:51
2046,3,46,31-01-2025 23:10
2048,1,20,26-02-2025 15:07
2049,4,29,17-02-2025 09:18
2050,4,33,13-02-2025 07:49
2051,3,26,20-02-2025 00:49
2052,2,84,24-12-2024 12:47
2053,3,125,13-11-2024 21:14
2054,7,108,30-11-2024 00:18
2055,2,84,24-12-2024 11:24
2056,5,13,05-03-2025 14:45
2057,3,102,06-12-2024 00:20
2058,4,92,16-12-2024 21:41
2059,1,170,29-09-2024 20:35
2060,1,140,29-10-2024 09:49
2061,1,70,07-01-2025 21:31
2062,4,112,26-11-2024 16:57
2063,4,199,31-08-2024 15:44
2064,5,39,07-02-2025 11:46
2065,2,41,05-02-2025 22:50
2067,1,237,24-07-2024 01:02
2069,1,54,23-01-2025 06:02
2070,6,100,08-12-2024 04:00
2071,4,11,07-03-2025 07:59
2072,3,73,04-01-2025 07:24
2073,3,180,19-09-2024 23:28
2074,2,19,27-02-2025 00:04
2075,4,170,29-09-2024 15:16
2076,2,55,22-01-2025 06:54
2077,2,241,20-07-2024 16:01
2078,3,55,22-01-2025 23:57
2079,3,200,30-08-2024 01:22
2080,1,136,02-11-2024 17:02
2081,3,29,17-02-2025 06:30
2082,2,59,18-01-2025 05:33
2083,1,82,26-12-2024 06:28
2084,5,39,07-02-2025 17:25
2085,3,183,16-09-2024 14:29
2086,2,224,06-08-2024 20:27
2087,3,81,27-12-2024 02:26
2089,4,95,13-12-2024 21:27
2091,3,131,07-11-2024 09:53
2092,3,164,05-10-2024 10:35
2093,1,334,18-04-2024 01:57
2094,2,52,25-01-2025 16:35
2095,5,20,26-02-2025 07:01
2096,2,158,11-10-2024 13:02
2097,1,255,06-07-2024 09:38
2098,5,25,21-02-2025 14:28
2099,5,37,09-02-2025 16:21
2100,2,247,14-07-2024 02:56
2101,4,4,14-03-2025 03:49
2102,2,119,19-11-2024 06:17
2103,1,324,28-04-2024 06:59
2104,2,26,20-02-2025 02:52
2105,4,229,01-08-2024 22:45
2106,4,37,09-02-2025 15:36
2107,7,1,17-03-2025 14:22
2108,1,330,22-04-2024 09:35
2109,3,11,07-03-2025 03:52
2110,4,78,30-12-2024 07:46
2111,2,49,28-01-2025 04:13
2112,5,6,12-03-2025 11:43
2113,2,97,11-12-2024 18:03
2114,2,193,06-09-2024 01:39
2115,2,60,17-01-2025 08:20
2116,3,62,15-01-2025 02:56
2117,3,160,09-10-2024 19:51
2118,3,48,29-01-2025 21:18
2119,2,56,21-01-2025 18:07
2120,2,20,26-02-2025 18:10
2121,2,101,07-12-2024 17:25
2122,3,47,30-01-2025 09:12
2123,2,247,14-07-2024 22:26
2124,2,16,02-03-2025 14:32
2125,4,16,02-03-2025 10:53
2127,2,21,25-02-2025 09:40
2128,2,255,06-07-2024 21:49
2129,1,308,14-05-2024 17:38
2130,1,255,06-07-2024 11:21
2132,3,255,06-07-2024 22:40
2133,5,17,01-03-2025 14:16
2134,5,15,03-03-2025 05:01
2135,2,71,06-01-2025 21:18
2136,1,190,09-09-2024 12:30
2137,6,38,08-02-2025 22:16
2138,1,86,22-12-2024 19:11
2139,6,25,21-02-2025 07:19
2140,1,344,08-04-2024 09:18
2141,1,98,10-12-2024 19:44
2142,3,6,12-03-2025 16:53
2143,4,19,27-02-2025 20:14
2144,3,16,02-03-2025 22:18
2145,1,295,27-05-2024 07:54
2146,4,79,29-12-2024 04:30
2147,3,75,02-01-2025 06:41
2148,1,22,24-02-2025 06:20
2149,2,271,20-06-2024 00:51
2150,4,133,05-11-2024 17:47
2151,3,118,20-11-2024 23:23
2152,7,30,16-02-2025 20:14
2153,2,30,16-02-2025 04:11
2154,2,4,14-03-2025 20:32
2155,2,281,10-06-2024 19:58
2157,5,85,23-12-2024 11:57
2158,2,24,22-02-2025 22:04
2159,1,28,18-02-2025 22:33
2160,3,50,27-01-2025 23:42
2162,3,6,12-03-2025 22:02
2163,3,15,03-03-2025 16:51
2164,1,199,31-08-2024 12:04
2165,4,19,27-02-2025 15:39
2166,2,115,23-11-2024 22:21
2167,6,2,16-03-2025 07:18
2169,4,7,11-03-2025 07:28
2170,2,116,22-11-2024 03:16
2171,2,181,18-09-2024 22:36
2172,3,58,19-01-2025 07:13
2174,2,45,01-02-2025 18:22
2175,3,245,16-07-2024 20:30
2176,4,76,01-01-2025 16:21
2177,1,161,08-10-2024 12:06
2178,5,92,16-12-2024 08:03
2179,3,18,28-02-2025 17:48
2180,4,94,14-12-2024 05:56
2181,5,51,26-01-2025 23:49
2182,4,13,05-03-2025 23:39
2183,3,197,02-09-2024 05:41
2184,2,202,28-08-2024 11:09
2185,2,200,30-08-2024 04:12
2187,2,162,07-10-2024 13:10
2189,6,22,24-02-2025 12:42
2190,5,65,12-01-2025 13:04
2191,2,23,23-02-2025 19:34
2192,2,72,05-01-2025 07:03
2193,4,107,01-12-2024 01:56
2194,3,1,17-03-2025 16:59
2195,1,354,29-03-2024 08:10
2196,2,100,08-12-2024 01:34
2197,1,288,03-06-2024 01:47
2200,1,265,26-06-2024 00:56
2201,2,116,22-11-2024 12:01
2202,2,48,29-01-2025 23:18
2203,8,14,04-03-2025 05:34
2204,2,55,22-01-2025 15:32
2205,2,175,24-09-2024 15:23
2206,4,14,04-03-2025 19:09
2207,4,52,25-01-2025 16:00
2208,4,115,23-11-2024 01:57
2209,1,88,20-12-2024 10:30
2210,2,219,11-08-2024 04:33
2212,4,7,11-03-2025 18:54
2213,2,278,13-06-2024 20:22
2214,2,109,29-11-2024 03:47
2215,2,122,16-11-2024 02:31
2216,1,228,02-08-2024 03:56
2217,3,99,09-12-2024 20:12
2218,3,185,14-09-2024 17:02
2219,2,54,23-01-2025 07:04
2220,3,194,05-09-2024 07:33
2221,5,23,23-02-2025 15:49
2222,3,12,06-03-2025 18:20
2223,4,63,14-01-2025 12:15
2224,7,65,12-01-2025 04:43
2226,3,40,06-02-2025 05:55
2227,4,113,25-11-2024 04:38
2228,1,1,17-03-2025 01:11
2229,3,69,08-01-2025 17:47
2230,3,13,05-03-2025 15:44
2232,4,90,18-12-2024 00:31
2233,1,94,14-12-2024 20:25
2234,2,194,05-09-2024 07:50
2236,2,62,15-01-2025 12:35
2237,4,7,11-03-2025 23:32
2238,5,90,18-12-2024 14:34
2240,3,37,09-02-2025 20:37
2241,4,101,07-12-2024 12:26
2242,6,33,13-02-2025 16:44
2243,3,75,02-01-2025 16:21
2244,5,14,04-03-2025 17:44
2245,5,-1,19-03-2025 04:51
2246,4,93,15-12-2024 01:39
2247,2,167,02-10-2024 19:17
2248,3,6,12-03-2025 02:02
2249,2,293,29-05-2024 10:06
2250,2,95,13-12-2024 13:12
2251,3,50,27-01-2025 10:53
2252,2,95,13-12-2024 03:18
2253,3,108,30-11-2024 05:19
2254,4,50,27-01-2025 20:23
2255,3,74,03-01-2025 06:27
2256,3,47,30-01-2025 21:47
2257,1,204,26-08-2024 16:52
2258,5,36,10-02-2025 14:00
2259,5,46,31-01-2025 20:06
2260,4,85,23-12-2024 16:00
2261,4,59,18-01-2025 10:10
2262,3,11,07-03-2025 05:20
2263,6,30,16-02-2025 07:45
2264,2,111,27-11-2024 00:51
2265,2,8,10-03-2025 16:43
2266,2,190,09-09-2024 22:43
2267,4,23,23-02-2025 05:52
2268,1,303,19-05-2024 15:19
2269,1,225,05-08-2024 08:32
2270,2,7,11-03-2025 12:17
2271,6,20,26-02-2025 06:50
2272,3,139,30-10-2024 11:19
2273,5,124,14-11-2024 12:58
2275,3,11,07-03-2025 09:49
2276,2,246,15-07-2024 16:58
2277,6,20,26-02-2025 20:05
2278,2,148,21-10-2024 23:47
2279,3,25,21-02-2025 23:44
2280,4,9,09-03-2025 20:58
2282,6,41,05-02-2025 09:09
2283,4,36,10-02-2025 13:50
2284,1,43,03-02-2025 19:18
2285,5,62,15-01-2025 08:03
2286,4,90,18-12-2024 03:25
2287,2,203,27-08-2024 18:16
2288,4,2,16-03-2025 03:52
2289,4,106,02-12-2024 08:14
2290,1,342,10-04-2024 03:42
2291,4,257,04-07-2024 02:39
2292,1,19,27-02-2025 15:35
2293,2,15,03-03-2025 23:21
2294,5,26,20-02-2025 13:50
2295,4,64,13-01-2025 00:17
2296,2,122,16-11-2024 18:57
2297,1,352,31-03-2024 19:19
2298,5,46,31-01-2025 01:11
2299,5,57,20-01-2025 21:03
2300,2,191,08-09-2024 23:21
2301,2,270,21-06-2024 04:40
2302,2,64,13-01-2025 15:43
2303,3,3,15-03-2025 09:06
2304,2,124,14-11-2024 15:59
2305,2,49,28-01-2025 09:29
2306,2,46,31-01-2025 15:14
2307,3,136,02-11-2024 04:54
2308,3,66,11-01-2025 09:59
2309,7,139,30-10-2024 15:29
2310,6,15,03-03-2025 08:39
2311,3,98,10-12-2024 14:56
2312,4,255,06-07-2024 11:36
2313,1,210,20-08-2024 04:26
2314,2,149,20-10-2024 08:22
2315,3,68,09-01-2025 00:09
2317,2,289,02-06-2024 17:53
2318,3,2,16-03-2025 13:35
2319,5,44,02-02-2025 22:09
2320,6,23,23-02-2025 05:43
2321,2,86,22-12-2024 17:21
2322,8,53,24-01-2025 12:56
2323,5,108,30-11-2024 13:47
2324,2,150,19-10-2024 19:49
2325,3,15,03-03-2025 10:57
2326,2,24,22-02-2025 02:58
2327,8,3,15-03-2025 10:58
2328,1,324,28-04-2024 05:04
2329,3,26,20-02-2025 09:05
2330,1,248,13-07-2024 07:02
2331,3,143,26-10-2024 23:21
2332,5,76,01-01-2025 20:39
2333,5,70,07-01-2025 14:51
2334,2,205,25-08-2024 04:59
2335,7,101,07-12-2024 18:05
2336,1,112,26-11-2024 05:00
2337,4,38,08-02-2025 08:28
2338,3,2,16-03-2025 20:40
2339,3,6,12-03-2025 11:37
2341,7,16,02-03-2025 09:42
2342,3,87,21-12-2024 02:40
2343,4,151,18-10-2024 00:59
2344,1,275,16-06-2024 21:01
2345,1,129,09-11-2024 10:40
2346,4,112,26-11-2024 14:50
2348,1,315,07-05-2024 15:38
2349,1,179,20-09-2024 12:44
2350,3,171,28-09-2024 13:50
2351,2,10,08-03-2025 06:18
2352,4,25,21-02-2025 01:32
2353,3,214,16-08-2024 14:23
2354,3,87,21-12-2024 12:03
2355,2,277,14-06-2024 04:00
2356,1,323,29-04-2024 19:24
2357,2,47,30-01-2025 11:23
2358,2,81,27-12-2024 02:24
2359,3,109,29-11-2024 10:12
2360,2,43,03-02-2025 00:38
2361,2,11,07-03-2025 11:35
2362,2,141,28-10-2024 11:57
2363,3,171,28-09-2024 23:24
2364,2,97,11-12-2024 12:59
2365,3,34,12-02-2025 19:54
2366,3,79,29-12-2024 00:15
2367,4,87,21-12-2024 23:34
2368,3,44,02-02-2025 19:32
2369,3,139,30-10-2024 16:06
2370,1,181,18-09-2024 22:52
2371,8,107,01-12-2024 10:25
2372,1,219,11-08-2024 18:07
2373,3,61,16-01-2025 02:06
2374,3,96,12-12-2024 09:59
2376,1,167,02-10-2024 06:57
2377,1,194,05-09-2024 07:56
2378,3,33,13-02-2025 00:07
2379,3,29,17-02-2025 12:43
2380,2,178,21-09-2024 05:46
2381,1,187,12-09-2024 15:35
2382,1,214,16-08-2024 19:23
2384,2,44,02-02-2025 06:13
2385,3,15,03-03-2025 09:07
2386,2,183,16-09-2024 14:26
2387,2,224,06-08-2024 09:56
2388,3,28,18-02-2025 14:26
2389,3,226,04-08-2024 06:45
2390,6,22,24-02-2025 17:00
2391,5,48,29-01-2025 14:28
2392,1,335,17-04-2024 11:03
2393,3,42,04-02-2025 00:06
2394,2,46,01-02-2025 00:00
2395,4,119,19-11-2024 03:06
2396,5,123,15-11-2024 02:11
2397,2,197,02-09-2024 03:24
2398,2,129,09-11-2024 00:33
2399,2,188,11-09-2024 17:00
2400,1,293,29-05-2024 09:09
2401,3,40,06-02-2025 02:19
2402,1,237,24-07-2024 22:20
2403,1,237,24-07-2024 23:49
2404,9,54,23-01-2025 01:25
2405,2,154,15-10-2024 07:53
2406,3,95,13-12-2024 23:25
2407,3,13,05-03-2025 01:24
2408,4,32,14-02-2025 13:40
2409,3,141,28-10-2024 10:14
2410,5,59,18-01-2025 03:55
2411,2,30,16-02-2025 01:33
2412,3,119,19-11-2024 15:14
2413,5,114,24-11-2024 02:39
2414,1,43,03-02-2025 16:54
2415,1,9,09-03-2025 14:37
2416,3,53,24-01-2025 00:02
2417,1,360,23-03-2024 01:19
2418,4,14,04-03-2025 21:25
2419,3,17,01-03-2025 23:20
2420,6,4,14-03-2025 19:46
2421,5,160,09-10-2024 07:16
2422,5,90,18-12-2024 08:51
2423,3,28,18-02-2025 20:09
2424,2,275,16-06-2024 05:01
2425,2,21,25-02-2025 06:53
2426,2,90,18-12-2024 15:38
2427,3,35,11-02-2025 05:22
2428,2,304,18-05-2024 09:27
2429,3,140,29-10-2024 16:34
2430,1,347,05-04-2024 19:51
2431,2,68,09-01-2025 17:53
2432,3,58,19-01-2025 21:13
2433,2,109,29-11-2024 05:55
2434,3,39,07-02-2025 17:30
2435,2,50,27-01-2025 11:47
2436,2,39,07-02-2025 01:12
2437,4,3,15-03-2025 05:44
2438,2,164,05-10-2024 13:56
2439,3,33,13-02-2025 20:40
2440,1,268,23-06-2024 22:11
2441,3,233,28-07-2024 07:06
2442,5,22,24-02-2025 11:36
2443,3,54,23-01-2025 08:59
2444,2,234,27-07-2024 23:31
2445,2,145,24-10-2024 05:03
2446,1,264,27-06-2024 02:56
2448,1,83,25-12-2024 22:35
2449,3,85,23-12-2024 00:15
2450,2,176,23-09-2024 09:21
2451,3,8,10-03-2025 07:27
2452,2,58,19-01-2025 07:32
2453,2,102,06-12-2024 06:16
2454,3,28,18-02-2025 23:15
2455,4,109,29-11-2024 18:05
2457,3,55,22-01-2025 09:31
2458,1,19,27-02-2025 12:46
2459,2,65,12-01-2025 00:21
2460,3,29,17-02-2025 11:54
2461,1,279,12-06-2024 13:45
2462,2,154,15-10-2024 05:00
2463,3,198,01-09-2024 05:03
2464,3,79,29-12-2024 15:25
2465,3,156,13-10-2024 08:27
2466,4,44,02-02-2025 09:14
2467,2,62,15-01-2025 20:13
2468,4,53,24-01-2025 04:39
2469,4,57,20-01-2025 13:16
2470,1,44,02-02-2025 11:39
2472,4,53,24-01-2025 09:54
2473,2,168,01-10-2024 17:32
2474,2,205,25-08-2024 01:08
2475,1,262,29-06-2024 16:33
2476,6,140,29-10-2024 17:28
2477,3,123,15-11-2024 00:40
2478,2,290,01-06-2024 04:54
2479,5,74,03-01-2025 23:51
2480,5,63,14-01-2025 17:39
2481,2,145,24-10-2024 21:25
2482,1,3,15-03-2025 22:47
2483,1,215,15-08-2024 15:16
2484,2,35,11-02-2025 05:04
2485,5,14,04-03-2025 17:06
2486,3,105,03-12-2024 02:53
2487,4,121,17-11-2024 05:17
2488,3,126,12-11-2024 04:41
2489,3,70,07-01-2025 14:04
2490,1,149,20-10-2024 09:32
2491,4,23,23-02-2025 09:08
2493,3,104,04-12-2024 06:10
2494,5,15,03-03-2025 23:36
2495,1,179,20-09-2024 16:51
2496,3,12,06-03-2025 01:21
2497,1,300,22-05-2024 14:42
2498,1,351,01-04-2024 19:51
2500,1,242,19-07-2024 13:42
2501,3,69,08-01-2025 18:07
2502,4,22,24-02-2025 13:30
2503,5,34,12-02-2025 21:02
2504,3,143,26-10-2024 03:56
2506,1,333,19-04-2024 02:35
2507,4,39,07-02-2025 08:43
2508,3,45,01-02-2025 19:39
2509,4,70,07-01-2025 05:58
2510,6,34,12-02-2025 04:17
2511,2,200,30-08-2024 22:56
2512,4,103,05-12-2024 22:19
2513,4,116,22-11-2024 15:44
2514,4,34,12-02-2025 13:00
2515,4,16,02-03-2025 07:20
2516,1,131,07-11-2024 23:36
2517,4,232,29-07-2024 07:55
2518,2,94,14-12-2024 10:29
2519,1,311,11-05-2024 06:31
2520,2,65,12-01-2025 14:43
2521,4,94,14-12-2024 03:08
2522,1,338,14-04-2024 20:39
2523,2,281,10-06-2024 07:28
2524,2,217,13-08-2024 07:44
2525,5,68,09-01-2025 09:52
2526,1,276,15-06-2024 07:48
2527,2,165,04-10-2024 12:28
2528,6,8,10-03-2025 11:21
2529,2,118,20-11-2024 22:23
2530,2,227,03-08-2024 01:42
2531,3,7,11-03-2025 06:43
2533,8,17,01-03-2025 21:09
2534,3,28,18-02-2025 09:14
2535,4,94,14-12-2024 15:58
2536,2,196,03-09-2024 03:01
2537,4,47,30-01-2025 18:05
2538,2,9,09-03-2025 13:23
2539,5,78,30-12-2024 07:35
2540,3,162,07-10-2024 08:46
2541,5,4,14-03-2025 19:50
2542,2,120,18-11-2024 14:48
2543,1,285,06-06-2024 23:58
2545,4,21,25-02-2025 12:20
2546,1,60,17-01-2025 22:01
2547,4,258,03-07-2024 16:57
2548,6,14,04-03-2025 10:05
2549,5,2,16-03-2025 17:24
2550,7,27,19-02-2025 09:16
2551,5,98,10-12-2024 22:08
2552,4,40,06-02-2025 16:20
2553,1,41,05-02-2025 15:38
2554,3,201,29-08-2024 08:33
2555,4,89,19-12-2024 01:59
2556,3,58,19-01-2025 17:06
2557,1,96,12-12-2024 20:09
2558,2,17,01-03-2025 10:11
2559,2,70,07-01-2025 00:55
2560,1,362,21-03-2024 04:49
2561,4,44,02-02-2025 02:24
2562,5,10,08-03-2025 13:39
2563,5,200,30-08-2024 02:14
2564,3,86,22-12-2024 20:15
2565,7,64,13-01-2025 21:00
2566,2,114,24-11-2024 06:10
2567,2,109,29-11-2024 03:43
2568,3,133,05-11-2024 22:14
2569,4,75,02-01-2025 12:23
2570,2,168,01-10-2024 21:51
2571,2,31,15-02-2025 04:11
2572,2,214,16-08-2024 11:01
2573,1,139,30-10-2024 12:35
2574,3,38,08-02-2025 11:09
2575,4,15,03-03-2025 06:02
2576,3,106,02-12-2024 08:42
2577,1,298,24-05-2024 19:16
2578,2,211,19-08-2024 09:38
2579,3,14,04-03-2025 11:23
2580,2,6,12-03-2025 02:52
2581,3,161,08-10-2024 08:43
2582,2,36,10-02-2025 13:24
2583,4,6,12-03-2025 10:24
2584,1,190,09-09-2024 15:06
2585,1,361,22-03-2024 13:32
2586,3,116,22-11-2024 03:06
2587,2,167,02-10-2024 23:42
2588,2,113,25-11-2024 22:19
2589,3,69,08-01-2025 05:51
2590,2,239,22-07-2024 23:39
2591,1,285,06-06-2024 21:58
2592,1,247,14-07-2024 20:57
2593,1,326,26-04-2024 01:12
2594,3,98,10-12-2024 02:48
2595,1,45,01-02-2025 03:43
2596,1,234,27-07-2024 15:14
2597,3,22,24-02-2025 09:45
2598,8,66,11-01-2025 21:44
2599,2,92,16-12-2024 00:35
2600,1,85,23-12-2024 12:02
2601,3,136,02-11-2024 21:26
2604,1,256,05-07-2024 20:59
2605,2,29,17-02-2025 00:42
2606,6,82,26-12-2024 13:59
2607,4,106,02-12-2024 02:31
2608,2,55,22-01-2025 08:38
2609,3,165,04-10-2024 19:45
2610,1,147,22-10-2024 20:44
2611,6,10,08-03-2025 06:31
2612,3,-1,19-03-2025 05:07
2613,4,2,16-03-2025 09:35
2614,3,4,14-03-2025 23:27
2615,1,16,02-03-2025 08:54
2616,2,168,01-10-2024 06:13
2617,4,178,21-09-2024 06:34
2618,2,185,14-09-2024 05:26
2621,2,223,07-08-2024 21:43
2622,3,52,25-01-2025 04:54
2623,1,101,07-12-2024 02:05
2624,4,20,26-02-2025 01:36
2625,3,222,08-08-2024 16:40
2626,3,54,23-01-2025 15:24
2627,3,69,08-01-2025 19:38
2628,2,15,03-03-2025 15:33
2629,3,187,12-09-2024 11:00
2630,4,79,29-12-2024 10:44
2631,2,181,18-09-2024 14:12
2632,5,112,26-11-2024 09:20
2633,2,258,03-07-2024 05:42
2634,6,28,18-02-2025 17:20
2635,3,20,26-02-2025 17:18
2636,3,27,19-02-2025 17:35
2637,2,292,30-05-2024 22:31
2638,2,30,16-02-2025 08:48
2639,2,165,04-10-2024 02:00
2640,2,20,26-02-2025 09:12
2641,1,327,25-04-2024 18:15
2642,4,83,25-12-2024 10:35
2643,2,126,12-11-2024 04:55
2644,3,14,04-03-2025 01:39
2645,1,67,10-01-2025 16:08
2646,4,141,28-10-2024 12:33
2647,2,173,26-09-2024 19:29
2648,2,149,20-10-2024 18:26
2649,5,174,25-09-2024 08:46
2650,1,273,18-06-2024 05:08
2651,1,16,02-03-2025 12:39
2652,4,1,17-03-2025 23:22
2653,2,30,16-02-2025 10:21
2654,1,125,13-11-2024 16:21
2656,2,74,03-01-2025 23:58
2657,4,34,12-02-2025 20:59
2658,2,51,26-01-2025 20:29
2659,4,130,08-11-2024 20:34
2660,1,353,30-03-2024 10:00
2662,4,74,03-01-2025 05:02
2663,2,33,13-02-2025 23:37
2664,2,127,11-11-2024 07:49
2665,5,36,10-02-2025 00:04
2666,3,98,10-12-2024 18:22
2667,1,208,22-08-2024 06:58
2668,5,104,04-12-2024 00:32
2669,3,36,10-02-2025 07:17
2670,2,122,16-11-2024 14:17
2671,2,117,21-11-2024 14:39
2672,4,37,09-02-2025 04:51
2673,4,17,01-03-2025 18:09
2674,3,34,12-02-2025 02:22
2675,3,172,27-09-2024 01:41
2676,1,329,23-04-2024 16:51
2677,3,300,22-05-2024 11:24
2678,3,136,02-11-2024 13:34
2679,4,53,24-01-2025 15:46
2680,3,51,26-01-2025 05:42
2681,3,124,14-11-2024 01:12
2682,5,7,11-03-2025 08:40
2683,1,258,03-07-2024 11:24
2684,5,46,31-01-2025 12:55
2685,1,260,01-07-2024 02:55
2686,2,180,19-09-2024 12:38
2687,5,85,23-12-2024 08:57
2689,6,-1,19-03-2025 06:40
2690,3,128,10-11-2024 11:19
2691,1,187,12-09-2024 20:38
2692,6,34,12-02-2025 21:15
2693,2,46,31-01-2025 18:49
2694,2,218,12-08-2024 15:19
2695,4,81,27-12-2024 00:38
2696,5,41,05-02-2025 22:48
2697,6,81,27-12-2024 21:04
2698,3,248,13-07-2024 14:34
2699,3,94,14-12-2024 00:09
2700,5,146,23-10-2024 23:40
2701,2,219,11-08-2024 02:23
2702,2,38,08-02-2025 05:53
2704,3,90,18-12-2024 06:16
2705,2,209,21-08-2024 22:43
2706,4,1,17-03-2025 13:26
2707,1,61,16-01-2025 15:40
2709,2,68,09-01-2025 17:03
2710,5,3,15-03-2025 10:45
2711,2,26,20-02-2025 05:42
2712,2,102,06-12-2024 09:51
2713,5,4,14-03-2025 00:57
2714,4,94,14-12-2024 22:19
2715,4,139,30-10-2024 06:01
2717,4,165,04-10-2024 17:44
2718,2,222,08-08-2024 03:32
2719,5,41,05-02-2025 20:47
2720,2,141,28-10-2024 20:27
2721,6,170,29-09-2024 20:20
2722,3,121,17-11-2024 10:41
2723,6,15,03-03-2025 17:07
2724,9,12,06-03-2025 13:14
2725,2,192,07-09-2024 06:23
2726,1,77,31-12-2024 12:15
2727,5,178,21-09-2024 21:52
2728,1,299,23-05-2024 23:53
2729,4,72,05-01-2025 12:10
2731,1,339,13-04-2024 03:51
2732,2,8,10-03-2025 05:42
2733,4,165,04-10-2024 16:52
2734,1,197,02-09-2024 11:47
2735,2,259,02-07-2024 20:17
2737,1,199,31-08-2024 03:15
2738,7,22,24-02-2025 20:35
2739,5,19,27-02-2025 22:22
2740,4,26,20-02-2025 23:53
2741,5,19,27-02-2025 00:30
2742,1,298,24-05-2024 16:58
2743,5,106,02-12-2024 15:30
2744,5,139,30-10-2024 14:53
2745,4,136,02-11-2024 20:41
2746,2,30,16-02-2025 15:54
2747,2,108,30-11-2024 02:06
2748,4,111,27-11-2024 20:40
2749,5,254,07-07-2024 02:40
2750,2,95,13-12-2024 23:51
2751,3,119,19-11-2024 11:41
2752,4,154,15-10-2024 16:47
2753,1,73,04-01-2025 19:48
2754,4,89,19-12-2024 03:49
2755,4,37,09-02-2025 07:10
2756,1,355,28-03-2024 05:13
2757,1,348,04-04-2024 16:55
2758,5,77,31-12-2024 00:04
2759,2,82,26-12-2024 07:44
2760,1,340,12-04-2024 17:49
2761,1,186,13-09-2024 22:48
2762,3,22,24-02-2025 23:09
2763,5,95,13-12-2024 17:50
2764,4,30,16-02-2025 16:16
2766,3,22,24-02-2025 19:15
2767,1,104,04-12-2024 15:23
2768,5,17,01-03-2025 04:51
2769,5,21,25-02-2025 04:37
2770,3,32,14-02-2025 17:44
2771,4,21,25-02-2025 16:38
2772,1,83,25-12-2024 15:11
2773,1,100,08-12-2024 18:46
2774,1,351,01-04-2024 09:46
2775,1,100,08-12-2024 13:30
2776,1,54,23-01-2025 09:05
2777,2,282,09-06-2024 03:10
2778,1,337,15-04-2024 12:00
2779,2,95,13-12-2024 05:51
2780,6,29,17-02-2025 20:52
2781,3,81,27-12-2024 12:29
2782,4,187,12-09-2024 15:15
2783,2,312,10-05-2024 06:36
2784,4,162,07-10-2024 19:14
2786,3,104,04-12-2024 22:18
2787,3,46,31-01-2025 06:46
2788,4,11,07-03-2025 19:37
2789,3,146,23-10-2024 05:39
2790,3,158,11-10-2024 02:04
2792,1,264,27-06-2024 06:17
2793,2,11,07-03-2025 10:20
2794,3,108,30-11-2024 13:13
2795,4,45,01-02-2025 16:04
2796,2,16,02-03-2025 18:20
2797,2,125,13-11-2024 18:08
2798,5,3,15-03-2025 16:32
2799,3,159,10-10-2024 17:16
2800,3,251,10-07-2024 20:34
2801,1,33,13-02-2025 21:15
2803,4,2,16-03-2025 19:57
2804,2,127,11-11-2024 13:41
2805,4,97,11-12-2024 17:36
2807,1,191,08-09-2024 06:32
2808,2,147,22-10-2024 10:15
2809,2,117,21-11-2024 22:16
2810,6,15,03-03-2025 04:16
2811,1,53,24-01-2025 11:19
2812,4,94,14-12-2024 18:47
2813,3,67,10-01-2025 15:47
2814,1,313,09-05-2024 12:09
2815,3,-1,19-03-2025 09:51
2816,3,115,23-11-2024 10:45
2817,7,125,13-11-2024 06:25
2818,5,10,08-03-2025 07:51
2819,1,314,08-05-2024 19:09
2820,2,12,06-03-2025 08:32
2821,3,101,07-12-2024 22:36
2822,2,256,05-07-2024 02:12
2823,2,30,16-02-2025 22:37
2824,5,4,14-03-2025 09:09
2825,6,44,02-02-2025 16:01
2826,2,361,22-03-2024 19:37
2827,5,125,13-11-2024 00:09
2828,2,64,13-01-2025 09:17
2829,5,10,08-03-2025 15:01
2830,2,124,14-11-2024 22:38
2831,5,12,06-03-2025 08:23
2832,2,91,17-12-2024 18:04
2833,4,72,05-01-2025 11:02
2834,2,67,10-01-2025 08:43
2835,4,19,27-02-2025 10:50
2836,3,206,24-08-2024 03:46
2837,1,223,07-08-2024 16:55
2838,3,108,30-11-2024 21:25
2839,2,170,29-09-2024 10:34
2840,4,170,29-09-2024 08:08
2841,4,120,18-11-2024 07:58
2842,7,65,12-01-2025 10:28
2843,2,135,03-11-2024 09:32
2844,1,77,31-12-2024 03:51
2845,2,28,18-02-2025 16:55
2846,2,276,15-06-2024 18:52
2847,2,72,05-01-2025 06:34
2848,4,109,29-11-2024 19:32
2849,3,82,26-12-2024 02:52
2850,2,53,24-01-2025 09:57
2851,8,3,15-03-2025 21:49
2852,3,130,08-11-2024 18:59
2853,1,297,25-05-2024 17:52
2854,1,197,02-09-2024 23:04
2855,2,246,15-07-2024 22:26
2857,2,18,28-02-2025 22:39
2858,2,147,22-10-2024 01:35
2859,4,35,11-02-2025 16:30
2860,5,55,22-01-2025 07:16
2861,1,80,28-12-2024 22:10
2862,2,131,07-11-2024 01:31
2863,3,152,17-10-2024 20:33
2864,6,14,04-03-2025 23:27
2865,2,246,15-07-2024 21:46
2866,7,23,23-02-2025 03:18
2867,5,23,23-02-2025 00:43
2868,3,3,15-03-2025 05:22
2869,3,180,19-09-2024 04:39
2870,3,22,24-02-2025 19:04
2871,5,137,01-11-2024 06:31
2872,5,40,06-02-2025 00:22
2873,2,7,11-03-2025 14:59
2874,4,51,26-01-2025 09:07
2875,1,3,15-03-2025 18:28
2876,5,32,14-02-2025 13:18
2877,4,31,15-02-2025 01:13
2878,3,44,02-02-2025 22:06
2880,1,279,12-06-2024 18:42
2881,4,118,20-11-2024 06:25
2882,2,102,06-12-2024 11:02
2883,1,95,13-12-2024 09:15
2884,2,197,02-09-2024 19:35
2885,1,148,21-10-2024 07:53
2886,2,89,19-12-2024 04:01
2888,6,16,02-03-2025 22:11
2889,2,148,21-10-2024 13:35
2890,6,18,28-02-2025 18:25
2891,5,152,17-10-2024 18:08
2892,7,13,05-03-2025 06:54
2893,5,28,18-02-2025 22:45
2894,3,16,02-03-2025 21:32
2895,3,13,05-03-2025 06:12
2896,1,28,18-02-2025 13:22
2897,3,113,25-11-2024 05:23
2898,1,104,04-12-2024 23:28
2901,3,25,21-02-2025 18:31
2902,3,131,07-11-2024 07:32
2903,5,64,13-01-2025 17:24
2904,5,5,13-03-2025 07:36
2905,5,33,13-02-2025 09:13
2906,3,243,18-07-2024 12:43
2907,5,2,16-03-2025 07:10
2908,5,18,28-02-2025 19:31
2909,1,182,17-09-2024 22:48
2910,1,177,22-09-2024 07:02
2911,3,36,10-02-2025 12:16
2912,2,148,21-10-2024 12:46
2913,5,66,11-01-2025 06:12
2914,1,82,26-12-2024 16:14
2915,3,66,11-01-2025 14:26
2916,3,226,04-08-2024 05:05
2917,2,297,25-05-2024 05:53
2918,3,79,29-12-2024 00:42
2919,5,26,20-02-2025 12:07
2920,1,66,11-01-2025 06:23
2921,1,41,05-02-2025 16:18
2922,3,60,17-01-2025 07:25
2923,3,99,09-12-2024 20:54
2924,2,195,04-09-2024 06:42
2925,2,176,23-09-2024 04:55
2926,2,170,29-09-2024 00:35
2927,1,361,22-03-2024 11:59
2928,3,108,30-11-2024 12:51
2929,3,164,05-10-2024 14:23
2930,5,4,14-03-2025 12:34
2931,4,42,04-02-2025 04:48
2932,2,180,19-09-2024 05:46
2933,5,8,10-03-2025 08:57
2934,3,158,11-10-2024 01:02
2935,2,62,15-01-2025 08:56
2936,3,86,22-12-2024 03:28
2937,3,176,23-09-2024 00:29
2938,1,247,14-07-2024 10:37
2939,2,39,07-02-2025 19:01
2940,2,103,05-12-2024 17:49
2942,3,69,08-01-2025 15:11
2943,2,100,08-12-2024 06:14
2944,2,271,20-06-2024 11:47
2945,2,13,05-03-2025 00:08
2946,1,260,01-07-2024 17:28
2947,2,342,10-04-2024 16:33
2948,2,51,26-01-2025 22:06
2949,1,141,28-10-2024 13:16
2950,2,113,25-11-2024 19:49
2951,2,312,10-05-2024 22:41
2952,2,96,12-12-2024 03:23
2953,3,84,24-12-2024 18:32
2954,2,77,31-12-2024 01:15
2955,6,63,14-01-2025 08:09
2956,4,54,23-01-2025 14:07
2957,2,165,04-10-2024 03:16
2958,3,115,23-11-2024 21:02
2959,2,173,26-09-2024 12:19
2960,4,47,30-01-2025 18:49
2961,2,129,09-11-2024 16:37
2962,6,18,28-02-2025 14:13
2963,2,55,22-01-2025 13:09
2964,2,170,29-09-2024 05:22
2965,1,278,13-06-2024 19:47
2966,4,109,29-11-2024 17:32
2968,3,180,19-09-2024 13:23
2969,2,152,17-10-2024 14:11
2970,3,55,22-01-2025 21:46
2971,3,64,13-01-2025 14:18
2972,5,93,15-12-2024 06:57
2973,2,73,04-01-2025 09:10
2974,2,49,28-01-2025 12:39
2975,3,242,19-07-2024 01:08
2976,5,4,14-03-2025 15:38
2978,2,151,18-10-2024 02:43
2979,1,241,20-07-2024 11:51
2980,2,45,01-02-2025 14:30
2981,2,312,10-05-2024 00:36
2982,6,18,28-02-2025 07:17
2983,4,87,21-12-2024 12:12
2984,1,63,14-01-2025 07:16
2985,2,146,23-10-2024 11:31
2986,1,288,03-06-2024 08:57
2987,2,263,28-06-2024 10:24
2988,4,2,16-03-2025 14:07
2989,3,145,24-10-2024 09:23
2990,4,94,14-12-2024 12:34
2991,3,15,03-03-2025 05:27
2992,3,94,14-12-2024 12:26
2993,5,54,23-01-2025 13:07
2994,1,23,23-02-2025 16:40
2995,1,305,17-05-2024 05:04
2996,2,133,05-11-2024 07:56
2998,5,66,11-01-2025 05:44
2999,1,264,27-06-2024 16:04
3000,1,353,30-03-2024 16:37
3001,3,104,04-12-2024 21:55
3002,4,31,15-02-2025 10:31
3003,1,290,01-06-2024 09:44
3004,2,162,07-10-2024 04:17
3005,3,24,22-02-2025 20:11
3006,2,134,04-11-2024 00:33
3007,3,12,06-03-2025 22:11
3008,2,172,27-09-2024 18:20
3009,3,123,15-11-2024 13:59
3010,6,76,01-01-2025 16:48
3011,2,124,14-11-2024 14:19
3012,2,63,14-01-2025 21:29
3013,1,249,12-07-2024 14:36
3014,1,318,04-05-2024 22:05
3015,3,135,03-11-2024 21:39
3016,3,128,10-11-2024 05:25
3017,1,330,22-04-2024 10:34
3018,2,12,06-03-2025 16:37
3019,2,71,06-01-2025 11:45
3020,3,4,14-03-2025 02:23
3021,5,66,11-01-2025 10:11
3022,2,192,07-09-2024 10:57
3023,3,141,28-10-2024 22:16
3024,1,241,20-07-2024 08:05
3025,1,326,26-04-2024 15:39
3026,2,310,12-05-2024 23:37
3027,5,23,23-02-2025 14:54
3028,2,39,07-02-2025 07:56
3029,2,202,28-08-2024 05:27
3030,1,343,09-04-2024 00:48
3031,2,83,25-12-2024 13:06
3032,5,59,18-01-2025 00:34
3033,1,117,21-11-2024 15:57
3034,3,222,08-08-2024 03:42
3037,3,113,25-11-2024 22:30
3038,2,89,19-12-2024 23:34
3039,2,87,21-12-2024 20:31
3040,3,23,23-02-2025 01:57
3041,2,144,25-10-2024 18:09
3042,4,125,13-11-2024 15:32
3043,6,7,11-03-2025 10:16
3044,1,337,15-04-2024 05:48
3046,3,11,07-03-2025 19:47
3047,2,3,15-03-2025 14:17
3048,3,18,28-02-2025 01:18
3049,3,102,06-12-2024 12:25
3050,1,322,30-04-2024 13:22
3051,4,8,10-03-2025 19:08
3052,3,142,27-10-2024 06:03
3053,1,357,26-03-2024 17:59
3054,3,48,29-01-2025 19:20
3055,2,160,09-10-2024 14:28
3056,3,40,06-02-2025 18:51
3057,3,103,05-12-2024 13:16
3058,5,19,27-02-2025 04:16
3059,2,7,11-03-2025 12:33
3060,4,162,07-10-2024 19:05
3061,5,33,13-02-2025 17:50
3062,1,276,15-06-2024 03:07
3063,2,53,24-01-2025 22:55
3064,1,329,23-04-2024 00:20
3065,2,222,08-08-2024 17:21
3066,3,36,10-02-2025 03:25
3067,2,115,23-11-2024 09:49
3068,1,135,03-11-2024 04:38
3069,4,27,19-02-2025 18:07
3070,3,3,15-03-2025 14:47
3071,3,323,29-04-2024 10:33
3072,2,259,02-07-2024 11:52
3073,7,18,28-02-2025 14:05
3074,4,96,12-12-2024 14:35
3075,1,246,15-07-2024 07:23
3076,5,97,11-12-2024 09:50
3077,1,50,27-01-2025 04:58
3078,2,230,31-07-2024 05:20
3079,5,46,31-01-2025 09:51
3080,2,48,29-01-2025 12:55
3081,2,98,10-12-2024 15:48
3082,1,152,17-10-2024 04:05
3083,3,14,04-03-2025 12:48
3084,2,203,27-08-2024 01:49
3085,3,156,13-10-2024 10:06
3087,3,81,27-12-2024 01:19
3088,2,47,30-01-2025 19:59
3089,2,24,22-02-2025 12:38
3090,1,268,23-06-2024 00:25
3091,5,17,01-03-2025 09:07
3092,3,21,25-02-2025 14:37
3093,3,147,22-10-2024 23:49
3094,5,14,04-03-2025 16:57
3095,3,144,25-10-2024 21:57
3096,3,114,24-11-2024 11:17
3097,1,223,07-08-2024 07:18
3098,3,45,01-02-2025 12:09
3099,2,150,19-10-2024 22:27
3100,4,59,18-01-2025 04:25
3101,4,64,13-01-2025 05:58
3102,2,131,07-11-2024 07:54
3103,5,18,28-02-2025 03:41
3104,3,155,14-10-2024 15:21
3105,1,79,29-12-2024 12:29
3106,3,146,23-10-2024 09:33
3107,3,17,01-03-2025 00:04
3108,1,99,09-12-2024 02:01
3109,4,57,20-01-2025 13:27
3110,1,139,30-10-2024 18:45
3111,1,268,23-06-2024 04:43
3112,2,312,10-05-2024 17:13
3113,1,209,21-08-2024 07:26
3115,3,138,31-10-2024 07:28
3116,1,4,14-03-2025 13:28
3117,1,175,24-09-2024 17:06
3118,2,187,12-09-2024 02:32
3119,5,10,08-03-2025 18:34
3120,6,48,29-01-2025 20:02
3121,4,11,07-03-2025 17:48
3122,1,66,11-01-2025 18:45
3123,2,224,06-08-2024 04:42
3124,3,18,28-02-2025 06:13
3125,2,27,19-02-2025 00:36
3127,5,40,06-02-2025 01:58
3129,6,39,07-02-2025 18:51
3130,1,57,20-01-2025 14:12
3131,3,89,19-12-2024 21:23
3132,1,130,08-11-2024 11:01
3133,5,79,29-12-2024 13:44
3134,2,25,21-02-2025 17:54
3135,3,8,10-03-2025 01:35
3136,5,21,25-02-2025 13:53
3137,3,19,27-02-2025 09:50
3140,1,7,11-03-2025 23:10
3141,5,35,11-02-2025 08:56
3142,1,101,07-12-2024 08:23
3143,1,293,29-05-2024 17:59
3144,3,27,19-02-2025 07:46
3145,3,72,05-01-2025 21:42
3146,3,7,11-03-2025 22:10
3147,1,288,03-06-2024 06:50
3148,4,182,17-09-2024 01:40
3149,2,87,21-12-2024 13:11
3150,2,142,27-10-2024 19:49
3151,4,60,17-01-2025 04:48
3152,4,2,16-03-2025 04:55
3153,2,228,02-08-2024 04:22
3154,1,249,12-07-2024 21:09
3155,4,140,29-10-2024 16:18
3156,2,40,06-02-2025 18:04
3157,3,214,16-08-2024 09:16
3159,3,18,28-02-2025 21:40
3160,2,29,17-02-2025 22:57
3161,1,304,18-05-2024 22:53
3162,2,34,12-02-2025 03:46
3163,3,32,14-02-2025 00:54
3164,3,3,15-03-2025 14:37
3165,2,79,29-12-2024 07:55
3166,2,158,11-10-2024 09:48
3167,3,33,13-02-2025 11:47
3168,4,171,28-09-2024 15:54
3169,2,160,09-10-2024 15:01
3170,5,21,25-02-2025 17:45
3171,1,231,30-07-2024 00:54
3172,2,49,28-01-2025 08:08
3173,3,138,31-10-2024 01:25
3174,6,90,18-12-2024 09:11
3175,4,56,21-01-2025 20:50
3176,2,201,29-08-2024 17:43
3177,4,59,18-01-2025 21:05
3178,3,32,14-02-2025 02:18
3179,2,68,09-01-2025 23:27
3180,2,130,08-11-2024 10:04
3181,1,276,15-06-2024 12:29
3182,1,110,28-11-2024 05:06
3183,1,70,07-01-2025 05:40
3184,5,89,19-12-2024 12:03
3185,2,348,04-04-2024 03:55
3186,3,35,11-02-2025 04:27
3187,6,27,19-02-2025 20:04
3188,2,44,02-02-2025 04:14
3189,3,0,18-03-2025 16:08
3191,3,4,14-03-2025 10:24
3192,2,201,29-08-2024 15:37
3193,4,24,22-02-2025 20:02
3194,2,31,15-02-2025 22:38
3195,4,24,22-02-2025 01:57
3196,3,44,02-02-2025 02:06
3197,5,179,20-09-2024 21:12
3198,2,99,09-12-2024 12:38
3199,3,21,25-02-2025 13:08
3200,4,12,06-03-2025 03:00
3201,1,246,15-07-2024 01:01
3202,3,50,27-01-2025 10:22
3205,4,58,19-01-2025 00:19
3206,3,146,24-10-2024 00:00
3207,4,17,01-03-2025 05:23
3208,2,14,04-03-2025 22:25
3209,4,43,03-02-2025 19:50
3210,3,65,12-01-2025 20:41
3211,3,21,25-02-2025 12:43
3212,4,195,04-09-2024 11:22
3213,3,144,25-10-2024 22:19
3214,2,249,12-07-2024 02:39
3215,5,16,02-03-2025 10:24
3216,1,186,13-09-2024 09:09
3217,4,35,11-02-2025 22:08
3218,2,116,22-11-2024 05:24
3219,3,23,23-02-2025 20:50
3220,3,134,04-11-2024 20:23
3221,4,16,02-03-2025 06:39
3222,3,127,11-11-2024 13:39
3223,3,103,05-12-2024 04:54
3224,2,23,23-02-2025 08:05
3225,5,72,05-01-2025 15:41
3226,2,167,02-10-2024 17:16
3227,1,343,09-04-2024 21:44
3228,1,355,28-03-2024 02:53
3229,3,19,27-02-2025 19:30
3230,1,329,23-04-2024 10:34
3231,2,142,27-10-2024 13:05
3232,6,118,20-11-2024 22:07
3233,4,116,22-11-2024 20:58
3234,2,7,11-03-2025 06:33
3235,4,28,18-02-2025 10:40
3236,1,148,21-10-2024 06:47
3237,3,28,18-02-2025 18:48
3238,1,364,19-03-2024 08:11
3239,1,38,08-02-2025 23:50
3240,7,57,20-01-2025 15:41
3241,3,25,21-02-2025 17:28
3242,3,221,09-08-2024 00:18
3243,4,81,27-12-2024 22:58
3244,1,128,10-11-2024 03:59
3245,4,52,25-01-2025 17:29
3246,3,22,24-02-2025 11:31
3247,3,45,01-02-2025 09:00
3249,2,240,21-07-2024 06:57
3250,1,156,13-10-2024 00:49
3251,1,219,11-08-2024 03:48
3252,1,60,17-01-2025 00:14
3253,2,31,15-02-2025 13:17
3254,2,54,23-01-2025 16:15
3255,3,161,08-10-2024 08:50
3256,2,218,12-08-2024 08:27
3257,1,282,09-06-2024 17:45
3258,3,30,16-02-2025 20:40
3259,3,97,11-12-2024 08:01
3260,7,-1,19-03-2025 01:38
3261,1,266,25-06-2024 22:05
3262,2,91,17-12-2024 10:19
3263,4,20,26-02-2025 15:13
3265,1,38,08-02-2025 21:30
3266,3,80,28-12-2024 10:59
3267,2,3,15-03-2025 03:37
3269,8,3,15-03-2025 06:00
3270,3,13,05-03-2025 13:26
3271,4,1,17-03-2025 22:32
3272,4,21,25-02-2025 15:13
3274,2,14,04-03-2025 09:58
3276,1,320,02-05-2024 11:26
3277,4,-1,19-03-2025 01:43
3278,3,215,15-08-2024 22:39
3279,4,116,22-11-2024 16:31
3280,7,12,06-03-2025 18:33
3281,6,119,19-11-2024 08:22
3282,1,355,28-03-2024 15:39
3283,2,318,04-05-2024 13:45
3284,2,31,15-02-2025 07:30
3285,3,41,05-02-2025 09:47
3286,6,42,04-02-2025 03:11
3287,4,146,23-10-2024 22:02
3288,2,126,12-11-2024 03:01
3289,1,350,02-04-2024 01:59
3290,2,74,03-01-2025 17:20
3291,2,55,22-01-2025 15:49
3292,2,204,26-08-2024 17:44
3293,2,142,27-10-2024 02:09
3294,3,85,23-12-2024 19:12
3295,2,13,05-03-2025 05:00
3296,4,203,27-08-2024 19:18
3297,4,97,11-12-2024 10:46
3298,1,210,20-08-2024 01:35
3299,5,17,01-03-2025 00:34
3300,2,20,26-02-2025 08:18
3301,3,80,28-12-2024 22:27
3302,1,174,25-09-2024 23:06
3303,1,82,26-12-2024 23:35
3304,1,202,28-08-2024 20:07
3305,1,223,07-08-2024 12:21
3306,5,92,16-12-2024 17:31
3307,5,43,03-02-2025 13:47
3309,4,19,27-02-2025 18:06
3310,3,236,25-07-2024 03:41
3311,4,29,17-02-2025 01:35
3312,4,24,22-02-2025 10:34
3313,5,59,18-01-2025 10:48
3314,5,28,18-02-2025 01:36
3315,3,9,09-03-2025 01:24
3316,4,14,04-03-2025 19:06
3317,2,26,20-02-2025 19:46
3318,2,240,21-07-2024 01:36
3319,4,14,04-03-2025 03:34
3320,3,7,11-03-2025 05:18
3321,4,108,30-11-2024 09:38
3322,3,11,07-03-2025 04:27
3323,2,112,26-11-2024 09:13
3325,5,9,09-03-2025 16:48
3326,6,17,01-03-2025 13:30
3327,4,268,23-06-2024 10:03
3328,1,169,30-09-2024 00:27
3329,3,23,23-02-2025 17:02
3330,4,129,09-11-2024 03:23
3331,2,201,29-08-2024 05:34
3332,1,232,29-07-2024 03:00
3333,1,310,12-05-2024 14:16
3334,1,341,11-04-2024 08:41
3335,6,57,20-01-2025 10:42
3336,3,0,18-03-2025 14:57
3337,2,57,20-01-2025 15:32
3338,2,84,24-12-2024 08:18
3339,5,11,07-03-2025 07:42
3340,2,294,28-05-2024 17:05
3341,1,240,21-07-2024 10:44
3342,4,21,25-02-2025 05:20
3343,2,99,09-12-2024 20:54
3344,1,84,24-12-2024 14:07
3345,3,7,11-03-2025 15:20
3346,2,266,25-06-2024 19:38
3347,3,44,02-02-2025 08:19
3348,3,57,20-01-2025 15:18
3349,2,87,21-12-2024 20:19
3350,2,222,08-08-2024 16:32
3351,5,87,21-12-2024 11:29
3352,4,45,01-02-2025 18:38
3353,5,66,11-01-2025 03:45
3354,3,152,17-10-2024 13:43
3356,3,64,13-01-2025 19:30
3357,2,20,26-02-2025 13:45
3358,4,11,07-03-2025 23:34
3359,3,80,28-12-2024 00:29
3361,4,124,14-11-2024 05:18
3362,1,179,20-09-2024 14:56
3363,3,31,15-02-2025 02:09
3364,8,61,16-01-2025 01:22
3365,2,211,19-08-2024 07:25
3366,3,51,26-01-2025 04:19
3367,1,222,08-08-2024 07:28
3368,3,29,17-02-2025 02:06
3369,2,220,10-08-2024 12:10
3370,2,29,17-02-2025 19:47
3371,2,69,08-01-2025 10:45
3372,1,80,28-12-2024 05:06
3373,3,19,27-02-2025 20:57
3374,5,100,08-12-2024 07:36
3375,2,49,28-01-2025 20:27
3376,4,50,27-01-2025 02:21
3377,4,207,23-08-2024 07:54
3378,3,3,15-03-2025 19:49
3380,3,109,29-11-2024 07:23
3381,4,19,27-02-2025 07:57
3382,1,131,07-11-2024 15:54
3383,3,16,02-03-2025 15:16
3384,3,84,24-12-2024 10:19
3385,2,9,09-03-2025 23:26
3386,3,82,26-12-2024 23:51
3387,2,111,27-11-2024 08:28
3388,2,229,01-08-2024 18:42
3389,3,224,06-08-2024 11:16
3390,6,32,14-02-2025 21:49
3391,3,97,11-12-2024 08:09
3392,4,13,05-03-2025 23:56
3393,3,128,10-11-2024 00:26
3394,3,96,12-12-2024 05:43
3395,4,30,16-02-2025 04:00
3396,1,7,11-03-2025 09:54
3397,1,348,04-04-2024 18:11
3398,2,235,26-07-2024 23:37
3399,2,63,14-01-2025 17:22
3400,2,234,27-07-2024 02:10
3401,4,12,06-03-2025 21:15
3402,3,129,09-11-2024 07:28
3403,2,81,27-12-2024 20:26
3404,1,253,08-07-2024 08:32
3405,2,1,17-03-2025 03:05
3406,3,97,11-12-2024 02:46
3407,8,80,28-12-2024 05:30
3408,5,93,15-12-2024 14:05
3409,3,25,21-02-2025 06:55
3410,2,324,28-04-2024 23:30
3411,3,35,11-02-2025 17:27
3412,1,35,11-02-2025 23:50
3413,2,338,14-04-2024 12:43
3414,3,51,26-01-2025 15:43
3415,4,81,27-12-2024 17:34
3416,4,28,18-02-2025 03:25
3417,3,214,16-08-2024 17:34
3418,3,166,03-10-2024 05:42
3419,6,195,04-09-2024 09:23
3420,1,74,03-01-2025 21:37
3421,1,129,09-11-2024 13:48
3422,5,163,06-10-2024 19:56
3423,2,122,16-11-2024 16:35
3424,2,144,25-10-2024 19:20
3425,4,-1,19-03-2025 02:11
3426,1,85,23-12-2024 11:37
3427,3,149,20-10-2024 20:09
3428,4,39,07-02-2025 01:16
3429,5,138,31-10-2024 15:39
3430,2,169,30-09-2024 09:47
3431,2,211,19-08-2024 20:32
3432,4,112,26-11-2024 00:13
3433,3,116,22-11-2024 06:25
3434,3,17,01-03-2025 14:36
3436,2,245,16-07-2024 10:32
3437,4,117,21-11-2024 00:12
3438,5,2,16-03-2025 07:03
3439,2,110,28-11-2024 01:03
3440,4,50,27-01-2025 19:21
3441,1,215,15-08-2024 22:33
3442,4,203,27-08-2024 11:00
3443,1,349,03-04-2024 21:16
3444,2,122,16-11-2024 14:10
3445,3,34,12-02-2025 09:43
3446,1,140,29-10-2024 19:31
3447,4,103,05-12-2024 07:01
3448,3,6,12-03-2025 14:49
3449,4,27,19-02-2025 22:48
3450,3,173,26-09-2024 05:17
3451,1,255,06-07-2024 09:02
3452,5,72,05-01-2025 07:39
3453,2,21,25-02-2025 12:42
3454,2,271,20-06-2024 11:43
3455,2,114,24-11-2024 18:05
3456,3,172,27-09-2024 08:29
3457,4,26,20-02-2025 06:53
3459,2,7,11-03-2025 06:03
3460,6,28,18-02-2025 08:08
3461,2,205,25-08-2024 12:25
3462,2,88,20-12-2024 11:40
3463,2,108,30-11-2024 02:27
3464,8,1,17-03-2025 22:18
3465,1,348,04-04-2024 14:25
3466,3,51,26-01-2025 22:41
3467,5,47,30-01-2025 04:13
3468,5,39,07-02-2025 18:30
3469,2,344,08-04-2024 21:12
3470,4,0,18-03-2025 16:53
3471,2,164,05-10-2024 15:21
3472,3,2,16-03-2025 05:29
3473,1,149,20-10-2024 17:15
3474,2,116,22-11-2024 13:39
3475,3,257,04-07-2024 05:52
3476,3,78,30-12-2024 10:35
3477,1,17,01-03-2025 09:58
3478,4,7,11-03-2025 17:17
3479,4,2,16-03-2025 12:25
3480,3,63,14-01-2025 12:22
3481,2,87,21-12-2024 09:20
3482,3,98,10-12-2024 22:35
3483,5,84,24-12-2024 08:06
3484,5,55,22-01-2025 10:11
3485,1,234,27-07-2024 09:25
3486,1,70,07-01-2025 08:58
3487,3,209,21-08-2024 21:27
3489,3,98,10-12-2024 03:01
3490,5,25,21-02-2025 08:51
3491,3,38,08-02-2025 00:25
3492,1,22,24-02-2025 23:56
3494,3,19,27-02-2025 04:52
3495,2,26,20-02-2025 00:57
3496,2,118,20-11-2024 10:39
3497,4,15,03-03-2025 01:57
3498,5,63,14-01-2025 06:28
3499,2,17,01-03-2025 13:12
3501,1,357,26-03-2024 08:12
3502,4,72,05-01-2025 00:38
3503,5,18,28-02-2025 01:42
3504,6,15,03-03-2025 03:29
3505,6,-1,19-03-2025 00:25
3506,4,95,13-12-2024 04:20
3507,4,76,01-01-2025 12:34
3508,1,116,22-11-2024 17:58
3509,3,68,09-01-2025 09:20
3510,3,3,15-03-2025 20:35
3511,2,127,11-11-2024 21:52
3513,1,335,17-04-2024 08:02
3515,5,275,16-06-2024 22:38
3516,4,59,18-01-2025 00:38
3517,2,67,10-01-2025 18:45
3518,2,32,14-02-2025 10:46
3519,1,360,23-03-2024 05:49
3520,3,52,25-01-2025 06:17
3521,1,229,01-08-2024 18:30
3522,5,75,02-01-2025 08:34
3525,1,88,20-12-2024 08:44
3526,1,305,17-05-2024 11:13
3527,2,203,27-08-2024 13:42
3528,6,39,07-02-2025 02:48
3531,4,20,26-02-2025 00:50
3532,2,26,20-02-2025 16:39
3533,2,35,11-02-2025 09:13
3534,4,83,25-12-2024 01:37
3535,3,58,19-01-2025 05:19
3536,2,155,14-10-2024 14:43
3537,4,100,08-12-2024 16:44
3538,3,194,05-09-2024 22:02
3539,3,85,23-12-2024 20:02
3540,1,361,22-03-2024 21:35
3541,1,85,23-12-2024 19:04
3542,2,69,08-01-2025 10:01
3544,3,86,22-12-2024 20:39
3545,5,51,26-01-2025 01:07
3546,3,21,25-02-2025 01:56
3547,4,0,18-03-2025 06:13
3548,3,23,23-02-2025 12:32
3549,3,35,11-02-2025 00:16
3550,2,292,30-05-2024 18:58
3551,5,24,22-02-2025 07:01
3552,7,55,22-01-2025 01:47
3553,1,97,11-12-2024 07:10
3554,2,34,12-02-2025 04:04
3555,4,158,11-10-2024 04:41
3556,3,31,15-02-2025 02:26
3557,4,19,27-02-2025 20:18
3558,2,133,05-11-2024 17:13
3559,4,42,04-02-2025 09:20
3560,2,69,08-01-2025 02:46
3561,2,50,27-01-2025 13:43
3562,5,57,20-01-2025 03:40
3563,3,116,22-11-2024 13:28
3564,4,164,05-10-2024 05:29
3565,3,177,22-09-2024 02:07
3567,6,16,02-03-2025 21:18
3568,2,12,06-03-2025 11:50
3569,1,128,10-11-2024 06:30
3570,2,190,09-09-2024 15:53
3571,1,328,24-04-2024 08:36
3572,2,19,27-02-2025 20:41
3573,3,151,18-10-2024 22:15
3574,5,100,08-12-2024 21:47
3575,4,22,24-02-2025 08:04
3577,1,354,29-03-2024 20:45
3578,1,143,26-10-2024 22:58
3579,4,105,03-12-2024 18:45
3580,2,127,11-11-2024 04:51
3581,3,54,23-01-2025 16:54
3582,4,27,19-02-2025 17:24
3583,1,72,05-01-2025 15:32
3584,1,104,04-12-2024 22:55
3586,2,107,01-12-2024 11:12
3587,2,186,13-09-2024 10:11
3588,4,3,15-03-2025 19:15
3589,7,39,07-02-2025 03:39
3590,4,64,13-01-2025 07:27
3592,1,308,14-05-2024 20:06
3593,3,41,05-02-2025 19:08
3594,5,12,06-03-2025 22:23
3595,4,117,21-11-2024 10:43
3596,3,15,03-03-2025 21:52
3597,1,272,19-06-2024 22:25
3598,4,102,06-12-2024 12:37
3599,5,123,15-11-2024 15:20
3600,3,33,13-02-2025 15:30
3601,5,129,09-11-2024 11:28
3602,1,299,23-05-2024 12:29
3603,4,72,05-01-2025 06:17
3604,2,180,19-09-2024 20:09
3605,4,34,12-02-2025 06:40
3606,5,95,13-12-2024 01:11
3607,3,7,11-03-2025 22:37
3608,1,320,02-05-2024 08:45
3609,4,57,20-01-2025 12:58
3610,4,93,15-12-2024 20:16
3611,2,122,16-11-2024 08:51
3613,1,311,11-05-2024 09:15
3614,1,58,19-01-2025 20:05
3615,2,274,17-06-2024 11:13
3616,5,12,06-03-2025 04:45
3617,3,45,01-02-2025 03:50
3618,3,41,05-02-2025 12:41
3619,5,31,15-02-2025 12:28
3620,2,50,27-01-2025 19:49
3621,2,14,04-03-2025 10:22
3622,3,88,20-12-2024 00:49
3623,4,109,29-11-2024 04:42
3624,1,157,12-10-2024 21:27
3625,5,134,04-11-2024 10:26
3626,3,3,15-03-2025 08:34
3627,4,173,26-09-2024 12:31
3628,6,103,05-12-2024 06:10
3629,2,178,21-09-2024 08:45
3630,2,294,28-05-2024 16:14
3631,3,92,16-12-2024 11:42
3632,2,168,01-10-2024 21:01
3633,3,12,06-03-2025 18:41
3634,4,82,26-12-2024 06:53
3635,3,216,14-08-2024 11:43
3636,4,165,04-10-2024 17:22
3637,2,19,27-02-2025 16:40
3638,2,104,04-12-2024 20:32
3639,3,7,11-03-2025 13:41
3640,2,273,18-06-2024 16:19
3641,4,39,07-02-2025 10:18
3642,4,35,11-02-2025 11:51
3644,4,99,09-12-2024 22:16
3645,2,310,12-05-2024 15:53
3646,3,155,14-10-2024 20:45
3647,4,246,15-07-2024 14:59
3648,4,188,11-09-2024 21:33
3649,3,96,12-12-2024 03:51
3650,1,126,12-11-2024 06:54
3651,3,64,13-01-2025 19:28
3652,2,41,05-02-2025 22:16
3653,5,14,04-03-2025 13:03
3654,2,105,03-12-2024 02:01
3655,3,97,11-12-2024 16:59
3656,2,49,28-01-2025 03:42
3657,2,238,23-07-2024 18:32
3658,4,13,05-03-2025 18:09
3659,1,108,30-11-2024 21:07
3660,3,166,03-10-2024 06:07
3661,4,27,19-02-2025 09:39
3662,4,170,29-09-2024 16:52
3663,3,108,30-11-2024 07:04
3665,2,93,15-12-2024 09:00
3666,1,221,09-08-2024 00:03
3667,2,120,18-11-2024 08:21
3669,4,115,23-11-2024 09:19
3670,5,5,13-03-2025 19:59
3671,2,30,16-02-2025 04:50
3672,1,107,01-12-2024 15:39
3673,2,72,05-01-2025 11:54
3674,3,80,28-12-2024 14:40
3675,1,124,14-11-2024 22:57
3676,4,8,10-03-2025 04:23
3677,5,37,09-02-2025 11:30
3678,4,24,22-02-2025 12:32
3679,6,8,10-03-2025 08:33
3680,4,57,20-01-2025 12:02
3681,1,349,03-04-2024 16:07
3682,4,39,07-02-2025 00:27
3683,2,40,06-02-2025 03:44
3684,2,14,04-03-2025 07:03
3685,2,244,17-07-2024 06:48
3686,4,106,02-12-2024 14:28
3687,1,279,12-06-2024 19:22
3688,2,34,12-02-2025 18:43
3689,6,25,21-02-2025 09:58
3690,1,276,15-06-2024 06:38
3691,3,87,21-12-2024 00:18
3692,2,3,15-03-2025 06:46
3693,3,11,07-03-2025 06:52
3694,6,12,06-03-2025 08:34
3695,1,79,29-12-2024 11:38
3696,3,47,30-01-2025 02:50
3697,2,330,22-04-2024 07:45
3698,3,49,28-01-2025 01:57
3699,5,219,11-08-2024 18:07
3702,2,54,23-01-2025 00:33
3703,2,117,21-11-2024 05:29
3704,4,72,05-01-2025 14:51
3705,1,301,21-05-2024 04:23
3706,1,180,19-09-2024 21:46
3707,3,45,01-02-2025 02:15
3708,7,11,07-03-2025 12:14
3711,7,24,22-02-2025 16:34
3712,7,41,05-02-2025 00:56
3713,1,5,13-03-2025 08:24
3715,3,82,26-12-2024 16:31
3716,3,326,26-04-2024 23:41
3717,3,174,25-09-2024 08:36
3718,2,130,08-11-2024 03:12
3719,2,152,17-10-2024 23:57
3720,1,173,26-09-2024 10:49
3721,6,70,07-01-2025 19:12
3722,3,20,26-02-2025 00:58
3723,3,43,03-02-2025 18:36
3724,3,23,23-02-2025 09:50
3725,2,191,08-09-2024 22:09
3726,4,27,19-02-2025 03:10
3727,3,131,07-11-2024 14:02
3728,4,149,20-10-2024 05:31
3729,6,78,30-12-2024 15:13
3730,1,146,23-10-2024 10:06
3731,1,65,12-01-2025 20:47
3732,6,134,04-11-2024 10:23
3733,2,69,08-01-2025 05:26
3734,3,61,16-01-2025 16:03
3735,3,42,04-02-2025 16:28
3736,4,5,13-03-2025 22:07
3737,4,115,23-11-2024 08:34
3738,2,90,18-12-2024 12:58
3739,2,160,09-10-2024 22:07
3740,2,59,18-01-2025 15:32
3741,3,95,13-12-2024 14:43
3742,2,67,10-01-2025 12:15
3743,2,121,17-11-2024 03:15
3744,4,55,22-01-2025 00:12
3745,4,166,03-10-2024 08:28
3746,1,252,09-07-2024 04:22
3747,3,57,20-01-2025 22:09
3748,3,86,22-12-2024 03:56
3749,5,126,12-11-2024 03:00
3750,4,37,09-02-2025 07:25
3751,2,48,29-01-2025 14:26
3752,1,279,12-06-2024 10:07
3753,3,149,20-10-2024 22:24
3754,1,196,03-09-2024 15:18
3755,3,76,01-01-2025 03:48
3756,4,94,14-12-2024 07:51
3757,2,52,25-01-2025 03:03
3758,3,91,17-12-2024 01:37
3759,1,198,01-09-2024 19:01
3760,4,100,08-12-2024 06:45
3761,5,0,18-03-2025 00:03
3762,4,246,15-07-2024 08:04
3763,2,180,19-09-2024 00:29
3764,3,25,21-02-2025 13:32
3765,6,40,06-02-2025 10:40
3766,3,0,18-03-2025 12:04
3768,2,277,14-06-2024 16:44
3769,1,312,10-05-2024 21:44
3770,2,217,13-08-2024 19:43
3771,4,72,05-01-2025 08:37
3772,4,127,11-11-2024 20:56
3773,5,68,09-01-2025 16:02
3774,4,37,09-02-2025 17:36
3775,4,57,20-01-2025 10:47
3776,1,9,09-03-2025 12:51
3777,4,56,21-01-2025 09:14
3778,4,23,23-02-2025 22:03
3779,2,212,18-08-2024 23:51
3780,5,34,12-02-2025 12:36
3781,6,39,07-02-2025 00:13
3782,5,143,26-10-2024 09:12
3783,1,121,17-11-2024 07:44
3784,2,140,29-10-2024 06:39
3785,2,48,29-01-2025 22:13
3786,5,87,21-12-2024 12:21
3787,4,28,18-02-2025 11:25
3788,2,150,19-10-2024 17:36
3789,1,243,18-07-2024 04:12
3790,4,60,17-01-2025 17:02
3791,2,45,01-02-2025 05:45
3792,2,17,01-03-2025 16:42
3793,3,18,28-02-2025 09:53
3794,2,260,01-07-2024 02:10
3795,1,305,17-05-2024 16:19
3796,2,86,22-12-2024 18:25
3798,2,1,17-03-2025 00:54
3799,3,43,03-02-2025 03:04
3800,3,153,16-10-2024 04:09
3801,7,68,09-01-2025 12:34
3802,3,60,17-01-2025 14:05
3803,7,64,13-01-2025 14:39
3805,4,79,29-12-2024 16:05
3806,2,72,05-01-2025 14:41
3808,2,184,15-09-2024 14:06
3809,3,46,31-01-2025 04:41
3810,2,158,11-10-2024 02:50
3811,6,147,22-10-2024 01:41
3812,1,103,05-12-2024 15:36
3813,1,266,25-06-2024 16:32
3814,1,238,23-07-2024 12:30
3815,3,184,15-09-2024 15:14
3816,5,14,04-03-2025 23:22
3817,3,21,25-02-2025 16:52
3818,2,131,07-11-2024 22:25
3819,7,27,19-02-2025 22:49
3820,6,6,12-03-2025 19:23
3821,5,11,07-03-2025 03:47
3822,1,98,10-12-2024 04:25
3823,4,20,26-02-2025 04:59
3824,2,27,19-02-2025 19:43
3825,7,100,08-12-2024 12:50
3826,1,273,18-06-2024 09:28
3827,1,22,24-02-2025 09:10
3828,4,82,26-12-2024 23:56
3829,3,110,28-11-2024 19:33
3830,4,4,14-03-2025 18:34
3831,1,130,08-11-2024 22:01
3832,3,165,04-10-2024 21:59
3833,1,8,10-03-2025 13:56
3834,3,148,21-10-2024 00:21
3835,3,72,05-01-2025 19:32
3836,3,42,04-02-2025 21:47
3837,3,26,20-02-2025 01:26
3838,2,20,26-02-2025 10:01
3839,2,37,09-02-2025 17:15
3840,3,79,29-12-2024 04:19
3841,1,0,18-03-2025 08:06
3842,2,189,10-09-2024 20:13
3843,2,163,06-10-2024 15:47
3844,7,64,13-01-2025 18:57
3845,2,106,02-12-2024 12:00
3846,3,5,13-03-2025 02:24
3847,6,53,24-01-2025 17:21
3848,4,153,16-10-2024 01:03
3849,10,81,27-12-2024 14:58
3850,2,114,24-11-2024 16:41
3851,3,129,09-11-2024 19:51
3852,3,14,04-03-2025 17:54
3853,2,82,26-12-2024 02:56
3854,4,9,09-03-2025 15:57
3855,2,95,13-12-2024 19:42
3856,7,12,06-03-2025 07:01
3857,3,59,18-01-2025 14:29
3858,4,167,02-10-2024 04:46
3859,3,59,18-01-2025 21:00
3860,1,146,23-10-2024 06:33
3861,4,62,15-01-2025 11:48
3862,4,91,17-12-2024 04:42
3863,2,180,19-09-2024 00:55
3864,4,125,13-11-2024 07:49
3865,3,132,06-11-2024 19:33
3866,3,60,17-01-2025 18:00
3867,4,24,22-02-2025 10:25
3868,2,74,03-01-2025 04:00
3869,4,19,27-02-2025 23:56
3870,2,85,23-12-2024 10:09
3871,1,184,15-09-2024 09:11
3872,2,22,24-02-2025 22:24
3873,2,132,06-11-2024 05:34
3874,3,66,11-01-2025 09:36
3875,5,1,17-03-2025 01:01
3876,3,47,30-01-2025 15:10
3877,2,95,13-12-2024 18:53
3878,6,69,08-01-2025 13:05
3879,2,246,15-07-2024 01:52
3880,5,9,09-03-2025 15:28
3881,5,0,18-03-2025 09:33
3882,3,54,23-01-2025 22:47
3883,8,29,17-02-2025 17:36
3884,2,263,28-06-2024 17:31
3885,1,56,21-01-2025 01:58
3886,4,2,16-03-2025 22:16
3887,2,274,17-06-2024 23:21
3888,2,182,17-09-2024 03:06
3889,2,179,20-09-2024 09:35
3890,4,1,17-03-2025 03:09
3891,3,109,29-11-2024 11:57
3892,4,68,09-01-2025 21:12
3893,2,175,24-09-2024 03:53
3894,1,310,12-05-2024 16:07
3895,2,160,09-10-2024 14:17
3897,4,109,29-11-2024 04:34
3898,2,122,16-11-2024 03:43
3899,2,92,16-12-2024 07:05
3900,3,32,14-02-2025 06:02
3901,5,122,16-11-2024 16:24
3902,5,48,29-01-2025 22:24
3903,3,66,11-01-2025 14:41
3904,3,21,25-02-2025 07:15
3905,1,302,20-05-2024 07:45
3906,2,115,23-11-2024 10:35
3907,5,0,18-03-2025 09:06
3908,1,317,05-05-2024 13:40
3909,1,229,01-08-2024 02:03
3910,6,100,08-12-2024 21:14
3911,2,87,21-12-2024 10:53
3913,3,17,01-03-2025 18:07
3914,2,25,21-02-2025 16:50
3915,2,75,02-01-2025 00:45
3916,5,68,09-01-2025 15:08
3917,4,168,01-10-2024 15:47
3918,4,80,28-12-2024 09:59
3920,3,7,11-03-2025 20:31
3921,1,7,11-03-2025 07:54
3922,2,160,09-10-2024 06:52
3923,4,86,22-12-2024 08:24
3924,4,134,04-11-2024 07:34
3925,3,109,29-11-2024 09:09
3926,1,49,28-01-2025 00:59
3927,3,64,13-01-2025 23:42
3929,4,21,25-02-2025 19:17
3931,3,90,18-12-2024 18:56
3932,1,132,06-11-2024 01:34
3933,4,233,28-07-2024 13:01
3934,3,61,16-01-2025 13:44
3935,5,100,08-12-2024 06:29
3936,2,57,20-01-2025 03:47
3937,1,61,16-01-2025 18:24
3938,4,74,03-01-2025 11:07
3939,5,39,07-02-2025 15:50
3940,3,91,17-12-2024 11:50
3941,4,89,19-12-2024 08:26
3942,1,23,23-02-2025 19:42
3943,1,88,20-12-2024 22:28
3944,6,84,24-12-2024 09:14
3945,8,19,27-02-2025 08:34
3946,3,52,25-01-2025 08:46
3947,3,8,10-03-2025 19:57
3948,2,185,14-09-2024 13:19
3949,3,13,05-03-2025 15:14
3950,2,35,11-02-2025 11:11
3951,5,5,13-03-2025 15:11
3952,4,170,29-09-2024 15:34
3953,3,115,23-11-2024 07:39
3956,1,244,17-07-2024 08:10
3957,2,240,21-07-2024 14:06
3958,2,30,16-02-2025 14:43
3959,3,94,14-12-2024 04:38
3960,3,12,06-03-2025 05:30
3961,4,49,28-01-2025 02:48
3962,6,69,08-01-2025 09:38
3963,2,37,09-02-2025 22:37
3964,7,19,27-02-2025 21:14
3965,2,172,27-09-2024 16:21
3966,3,54,23-01-2025 22:57
3967,4,159,10-10-2024 02:52
3968,1,204,26-08-2024 04:22
3969,7,64,13-01-2025 07:40
3970,3,128,10-11-2024 20:17
3971,3,91,17-12-2024 23:54
3972,3,38,08-02-2025 18:00
3973,6,6,12-03-2025 21:53
3974,4,162,07-10-2024 08:05
3975,2,187,12-09-2024 14:19
3976,8,48,29-01-2025 04:58
3977,1,228,02-08-2024 10:22
3978,4,16,02-03-2025 21:13
3979,2,87,21-12-2024 20:53
3980,9,66,11-01-2025 20:30
3981,4,4,14-03-2025 10:49
3982,2,83,25-12-2024 16:30
3983,2,57,20-01-2025 16:00
3984,2,96,12-12-2024 01:29
3986,1,197,02-09-2024 15:37
3987,2,112,26-11-2024 18:57
3988,4,100,08-12-2024 17:05
3989,1,216,14-08-2024 17:40
3990,3,89,19-12-2024 06:07
3991,4,56,21-01-2025 21:41
3992,3,99,09-12-2024 02:37
3994,5,52,25-01-2025 14:05
3995,3,7,11-03-2025 20:05
3997,2,273,18-06-2024 14:25
3998,1,235,26-07-2024 04:47
3999,1,326,26-04-2024 07:50
4000,2,129,09-11-2024 00:29
4001,2,50,27-01-2025 01:17
4002,1,195,04-09-2024 21:43
4004,3,58,19-01-2025 16:43
4005,4,77,31-12-2024 03:52
4006,2,60,17-01-2025 11:12
4007,1,5,13-03-2025 01:48
4009,5,87,21-12-2024 00:57
4010,5,100,08-12-2024 07:13
4011,3,85,23-12-2024 10:38
4012,3,38,08-02-2025 06:24
4013,5,18,28-02-2025 05:44
4014,3,49,28-01-2025 14:20
4015,3,273,18-06-2024 22:15
4018,3,267,24-06-2024 23:26
4019,4,36,10-02-2025 21:44
4020,5,5,13-03-2025 16:11
4021,5,114,24-11-2024 07:15
4022,2,138,31-10-2024 11:33
4023,3,21,25-02-2025 04:28
4024,6,106,02-12-2024 09:52
4025,1,17,01-03-2025 20:59
4026,2,287,04-06-2024 12:07
4027,2,45,01-02-2025 02:44
4029,3,217,13-08-2024 05:28
4030,7,9,09-03-2025 20:57
4031,3,3,15-03-2025 14:20
4032,3,93,15-12-2024 21:26
4033,4,0,18-03-2025 06:22
4034,1,120,18-11-2024 08:02
4035,7,28,18-02-2025 12:02
4036,7,142,27-10-2024 10:27
4037,2,197,02-09-2024 23:27
4038,6,1,17-03-2025 08:38
4040,1,261,30-06-2024 09:37
4041,2,132,06-11-2024 23:25
4042,3,167,02-10-2024 04:36
4043,1,29,17-02-2025 04:27
4044,5,8,10-03-2025 16:20
4045,5,15,03-03-2025 23:55
4046,9,9,09-03-2025 18:02
4047,2,63,14-01-2025 01:50
4048,2,297,25-05-2024 11:50
4049,2,137,01-11-2024 14:53
4050,2,132,06-11-2024 09:14
4051,5,10,08-03-2025 22:04
4052,2,305,17-05-2024 08:09
4053,2,41,05-02-2025 09:18
4054,3,22,24-02-2025 08:33
4055,1,25,21-02-2025 23:06
4056,3,43,03-02-2025 07:14
4058,2,152,17-10-2024 09:44
4059,2,188,11-09-2024 12:17
4060,1,186,13-09-2024 16:54
4061,2,281,10-06-2024 15:37
4062,1,244,17-07-2024 09:45
4064,1,210,20-08-2024 19:07
4065,1,172,27-09-2024 04:41
4066,3,240,21-07-2024 19:55
4067,1,238,23-07-2024 14:00
4068,2,284,07-06-2024 04:55
4069,2,58,19-01-2025 12:39
4070,4,188,11-09-2024 01:20
4071,5,31,15-02-2025 09:38
4072,3,179,20-09-2024 00:43
4073,1,279,12-06-2024 20:09
4074,4,78,30-12-2024 06:23
4075,2,327,25-04-2024 23:38
4076,7,77,31-12-2024 19:55
4077,2,34,12-02-2025 19:31
4078,2,72,05-01-2025 01:46
4079,1,2,16-03-2025 12:16
4081,3,12,06-03-2025 21:52
4082,2,57,20-01-2025 22:40
4083,2,298,24-05-2024 09:55
4085,2,218,12-08-2024 02:43
4086,3,79,29-12-2024 13:44
4087,1,67,10-01-2025 20:30
4088,4,54,23-01-2025 01:26
4089,3,2,16-03-2025 19:53
4090,1,349,03-04-2024 18:37
4091,2,80,28-12-2024 15:41
4092,2,92,16-12-2024 12:12
4093,6,65,12-01-2025 00:44
4094,2,86,22-12-2024 02:04
4095,5,69,08-01-2025 18:02
4096,3,45,01-02-2025 07:22
4097,2,345,07-04-2024 11:37
4098,1,129,09-11-2024 15:20
4099,4,40,06-02-2025 02:52
4100,1,54,23-01-2025 19:54
4101,4,1,17-03-2025 23:19
4102,5,95,13-12-2024 23:42
4103,2,65,12-01-2025 10:50
4104,2,91,17-12-2024 01:46
4105,4,184,15-09-2024 22:46
4107,4,136,02-11-2024 20:08
4108,1,362,21-03-2024 15:33
4109,5,9,09-03-2025 11:16
4110,2,262,29-06-2024 04:32
4112,3,173,26-09-2024 14:37
4113,1,299,23-05-2024 18:16
4115,2,8,10-03-2025 06:48
4116,3,40,06-02-2025 23:25
4117,7,50,27-01-2025 00:14
4118,1,176,23-09-2024 15:32
4119,4,26,20-02-2025 00:08
4120,6,6,12-03-2025 00:29
4121,2,50,27-01-2025 04:58
4122,4,1,17-03-2025 18:27
4124,2,38,08-02-2025 12:37
4125,1,256,05-07-2024 18:50
4126,1,213,17-08-2024 02:54
4127,3,51,26-01-2025 11:50
4129,3,31,15-02-2025 05:22
4130,2,37,09-02-2025 09:23
4132,5,25,21-02-2025 23:31
4133,2,174,25-09-2024 10:23
4134,3,63,14-01-2025 20:30
4135,2,30,16-02-2025 21:37
4136,4,35,11-02-2025 14:05
4137,7,13,05-03-2025 07:02
4138,4,71,06-01-2025 23:05
4139,1,63,14-01-2025 03:01
4140,5,40,06-02-2025 23:10
4141,2,165,04-10-2024 13:52
4142,5,4,14-03-2025 08:26
4143,4,2,16-03-2025 11:44
4144,4,36,10-02-2025 15:29
4145,3,73,04-01-2025 17:16
4146,3,33,13-02-2025 23:57
4147,4,2,16-03-2025 19:11
4148,3,109,29-11-2024 15:12
4149,1,167,02-10-2024 00:14
4150,3,33,13-02-2025 04:06
4151,6,12,06-03-2025 04:03
4152,3,14,04-03-2025 16:58
4153,6,152,17-10-2024 20:48
4154,4,31,15-02-2025 00:50
4155,7,28,18-02-2025 13:23
4156,1,184,15-09-2024 05:16
4157,4,17,01-03-2025 10:52
4158,3,1,17-03-2025 08:30
4159,4,69,08-01-2025 19:50
4160,3,7,11-03-2025 10:49
4161,1,140,29-10-2024 16:31
4162,6,126,12-11-2024 19:01
4163,2,5,13-03-2025 06:06
4164,2,82,26-12-2024 08:23
4165,4,81,27-12-2024 19:16
4166,3,68,09-01-2025 17:40
4167,3,70,07-01-2025 05:48
4169,3,170,29-09-2024 13:46
4170,1,216,14-08-2024 09:47
4171,3,158,11-10-2024 15:56
4172,3,36,10-02-2025 19:12
4174,2,221,09-08-2024 12:09
4175,2,229,01-08-2024 00:55
4176,2,29,17-02-2025 13:26
4177,3,5,13-03-2025 21:00
4178,2,77,31-12-2024 06:09
4179,7,12,06-03-2025 10:18
4180,4,9,09-03-2025 15:29
4181,2,204,26-08-2024 22:19
4182,3,17,01-03-2025 02:30
4183,2,194,05-09-2024 05:17
4184,4,39,07-02-2025 04:26
4185,2,341,11-04-2024 11:38
4186,2,0,18-03-2025 20:45
4187,2,21,25-02-2025 00:01
4188,6,74,03-01-2025 00:18
4189,6,47,30-01-2025 13:53
4190,4,42,04-02-2025 12:37
4191,2,162,07-10-2024 23:31
4192,3,6,12-03-2025 13:47
4193,4,0,18-03-2025 15:11
4194,7,19,27-02-2025 06:50
4195,4,146,23-10-2024 07:57
4196,1,109,29-11-2024 11:22
4197,2,55,22-01-2025 06:32
4198,2,79,29-12-2024 00:22
4199,1,76,01-01-2025 21:15
4200,1,23,23-02-2025 04:10
4201,1,282,09-06-2024 03:28
4202,1,122,16-11-2024 04:28
4203,3,96,12-12-2024 04:30
4204,2,267,24-06-2024 05:45
4205,4,10,08-03-2025 08:19
4206,6,161,08-10-2024 09:23
4207,5,13,05-03-2025 21:16
4208,4,3,15-03-2025 04:41
4209,3,80,28-12-2024 17:32
4210,3,282,09-06-2024 04:26
4211,2,208,22-08-2024 04:49
4212,2,73,04-01-2025 12:10
4213,4,67,10-01-2025 05:02
4214,2,115,23-11-2024 20:15
4216,6,89,19-12-2024 15:34
4217,7,11,07-03-2025 01:10
4218,3,104,04-12-2024 02:19
4220,2,111,27-11-2024 01:49
4221,2,132,06-11-2024 15:07
4222,1,126,12-11-2024 09:20
4223,3,164,05-10-2024 11:28
4224,4,107,01-12-2024 01:14
4225,2,157,12-10-2024 05:21
4226,5,6,12-03-2025 03:33
4228,3,113,25-11-2024 16:43
4229,2,118,20-11-2024 14:40
4230,5,49,28-01-2025 02:47
4231,5,4,14-03-2025 19:55
4232,3,116,22-11-2024 22:36
4233,1,54,23-01-2025 11:23
4234,4,55,22-01-2025 10:24
4235,5,170,29-09-2024 15:29
4236,2,92,16-12-2024 07:47
4237,6,214,16-08-2024 09:23
4238,3,50,27-01-2025 15:27
4239,5,23,23-02-2025 20:08
4240,4,50,27-01-2025 21:48
4241,3,45,01-02-2025 19:36
4242,4,29,17-02-2025 07:35
4244,5,27,19-02-2025 08:49
4245,2,152,17-10-2024 14:41
4246,3,76,01-01-2025 16:17
4247,4,134,04-11-2024 17:54
4248,2,201,29-08-2024 15:42
4249,6,32,14-02-2025 15:49
4250,2,126,12-11-2024 12:36
4251,3,299,23-05-2024 17:18
4252,3,11,07-03-2025 23:18
4253,3,121,17-11-2024 19:40
4254,3,233,28-07-2024 14:47
4255,4,52,25-01-2025 09:00
4256,7,31,15-02-2025 15:16
4257,5,49,28-01-2025 22:41
4258,2,121,17-11-2024 10:16
4259,1,320,02-05-2024 12:25
4260,2,33,13-02-2025 02:55
4261,2,203,27-08-2024 08:18
4262,1,70,07-01-2025 07:19
4263,5,53,24-01-2025 01:36
4264,1,334,18-04-2024 04:20
4265,1,354,29-03-2024 14:56
4266,5,0,18-03-2025 20:21
4267,3,15,03-03-2025 16:29
4268,2,218,12-08-2024 12:07
4269,1,115,23-11-2024 12:01
4270,5,127,11-11-2024 09:52
4271,5,47,30-01-2025 20:40
4272,1,172,27-09-2024 07:39
4273,2,44,02-02-2025 16:13
4274,7,23,23-02-2025 18:31
4275,2,42,04-02-2025 06:56
4276,2,173,26-09-2024 04:59
4277,3,115,23-11-2024 19:36
4278,4,165,04-10-2024 17:32
4279,2,110,28-11-2024 04:35
4280,5,13,05-03-2025 08:11
4281,2,154,15-10-2024 01:51
4282,2,2,16-03-2025 10:04
4283,3,161,08-10-2024 07:55
4284,5,86,22-12-2024 12:26
4285,2,103,05-12-2024 12:24
4286,3,117,21-11-2024 09:29
4287,1,46,31-01-2025 15:34
4288,2,15,03-03-2025 20:38
4289,3,102,06-12-2024 23:32
4291,1,167,02-10-2024 13:57
4292,3,262,29-06-2024 09:04
4293,1,40,06-02-2025 20:18
4294,3,55,22-01-2025 17:22
4295,3,73,04-01-2025 21:20
4296,4,129,09-11-2024 03:26
4297,2,94,14-12-2024 08:21
4298,3,11,07-03-2025 14:49
4299,8,28,18-02-2025 22:50
4300,1,13,05-03-2025 07:59
4301,2,42,04-02-2025 11:21
4302,5,49,28-01-2025 10:11
4303,2,33,13-02-2025 12:05
4305,4,94,14-12-2024 23:44
4306,4,98,10-12-2024 13:44
4307,4,36,10-02-2025 08:37
4308,2,56,21-01-2025 05:06
4309,4,50,27-01-2025 22:17
4310,4,35,11-02-2025 10:18
4312,3,133,05-11-2024 03:07
4313,3,3,15-03-2025 01:00
4314,2,18,28-02-2025 16:37
4315,3,71,06-01-2025 17:02
4316,3,234,27-07-2024 14:47
4317,6,3,15-03-2025 13:24
4318,4,265,26-06-2024 05:35
4319,6,38,08-02-2025 00:39
4321,3,19,27-02-2025 06:35
4322,2,294,28-05-2024 11:54
4323,2,82,26-12-2024 11:59
4324,3,49,28-01-2025 22:03
4325,3,124,14-11-2024 12:48
4326,2,282,09-06-2024 21:32
4327,3,62,15-01-2025 05:51
4328,5,16,02-03-2025 12:44
4329,1,342,10-04-2024 15:45
4330,4,17,01-03-2025 20:43
4331,2,84,24-12-2024 20:27
4332,4,42,04-02-2025 16:09
4333,2,86,22-12-2024 18:47
4334,3,163,06-10-2024 17:17
4335,2,62,15-01-2025 21:51
4336,5,60,17-01-2025 11:07
4337,2,124,14-11-2024 19:50
4338,2,14,04-03-2025 22:11
4339,3,22,24-02-2025 14:53
4340,4,91,17-12-2024 15:49
4341,5,7,11-03-2025 07:53
4342,1,145,24-10-2024 06:20
4343,1,234,27-07-2024 20:05
4344,4,88,20-12-2024 06:45
4345,4,45,01-02-2025 17:01
4346,3,51,26-01-2025 11:39
4347,3,113,25-11-2024 06:54
4348,8,1,17-03-2025 09:55
4349,7,21,25-02-2025 08:50
4351,5,13,05-03-2025 12:12
4352,2,33,13-02-2025 15:23
4353,4,98,10-12-2024 02:23
4354,1,337,15-04-2024 19:40
4355,3,60,17-01-2025 11:43
4357,5,32,14-02-2025 07:11
4358,6,26,20-02-2025 19:40
4359,5,102,06-12-2024 17:14
4360,4,176,23-09-2024 01:58
4361,3,162,07-10-2024 22:17
4362,2,20,26-02-2025 18:22
4363,3,144,25-10-2024 09:52
4365,3,76,01-01-2025 11:34
4366,3,160,09-10-2024 05:47
4367,3,121,17-11-2024 03:16
4368,2,41,05-02-2025 21:05
4369,2,130,08-11-2024 05:32
4370,2,70,07-01-2025 02:55
4371,4,208,22-08-2024 05:11
4372,2,182,17-09-2024 20:50
4373,2,57,20-01-2025 17:36
4374,2,126,12-11-2024 00:27
4375,3,109,29-11-2024 04:16
4376,1,133,05-11-2024 22:16
4377,2,24,22-02-2025 00:10
4378,1,66,11-01-2025 04:26
4379,5,19,27-02-2025 23:35
4380,4,111,27-11-2024 00:29
4381,3,165,04-10-2024 00:07
4382,1,170,29-09-2024 20:22
4383,3,133,05-11-2024 11:09
4384,3,10,08-03-2025 19:50
4386,3,259,02-07-2024 10:44
4388,1,267,24-06-2024 17:58
4389,1,68,09-01-2025 17:27
4390,4,85,23-12-2024 22:47
4391,2,221,09-08-2024 13:44
4392,3,5,13-03-2025 20:22
4393,2,54,23-01-2025 02:10
4394,2,272,19-06-2024 13:40
4395,5,53,24-01-2025 01:10
4396,3,191,08-09-2024 13:27
4397,3,219,11-08-2024 16:46
4398,5,17,01-03-2025 17:49
4399,5,73,04-01-2025 13:09
4400,2,139,30-10-2024 15:52
4401,3,89,19-12-2024 10:46
4402,4,158,11-10-2024 23:31
4403,2,158,11-10-2024 00:27
4404,3,15,03-03-2025 21:13
4405,3,57,20-01-2025 17:01
4406,6,61,16-01-2025 22:45
4407,2,103,05-12-2024 12:19
4408,1,132,06-11-2024 17:17
4409,3,166,03-10-2024 02:27
4410,3,92,16-12-2024 13:28
4411,3,92,16-12-2024 16:04
4412,2,344,08-04-2024 14:17
4413,1,104,04-12-2024 14:25
4414,2,85,23-12-2024 17:31
4415,3,67,10-01-2025 10:36
4416,4,231,30-07-2024 17:33
4417,1,224,06-08-2024 21:14
4418,4,49,28-01-2025 20:41
4420,1,348,04-04-2024 17:03
4421,2,72,05-01-2025 16:34
4422,1,156,13-10-2024 09:46
4423,3,46,31-01-2025 10:13
4424,4,3,15-03-2025 17:16
4425,1,199,31-08-2024 00:55
4426,1,285,06-06-2024 04:04
4427,2,316,06-05-2024 15:42
4428,3,32,14-02-2025 20:57
4429,1,11,07-03-2025 12:26
4430,2,108,30-11-2024 22:47
4431,2,77,31-12-2024 06:49
4432,4,41,05-02-2025 10:37
4433,5,47,30-01-2025 10:58
4434,2,74,03-01-2025 17:34
4435,2,63,14-01-2025 14:08
4436,3,80,28-12-2024 20:22
4437,1,174,25-09-2024 14:14
4438,2,122,16-11-2024 18:37
4439,6,112,26-11-2024 17:27
4440,3,82,26-12-2024 01:54
4441,3,107,01-12-2024 01:06
4443,4,183,16-09-2024 11:33
4444,5,20,26-02-2025 09:54
4445,4,20,26-02-2025 04:14
4447,1,39,07-02-2025 11:33
4448,2,167,02-10-2024 06:13
4449,5,73,04-01-2025 07:10
4450,4,148,21-10-2024 08:18
4451,2,91,17-12-2024 11:34
4453,5,108,30-11-2024 17:24
4454,4,76,01-01-2025 03:43
4455,2,246,15-07-2024 21:38
4456,1,262,29-06-2024 17:42
4457,3,63,14-01-2025 18:00
4458,1,111,27-11-2024 12:07
4459,3,43,03-02-2025 22:55
4460,4,113,25-11-2024 15:28
4461,1,181,18-09-2024 06:40
4462,2,1,17-03-2025 05:12
4463,3,5,13-03-2025 12:41
4464,2,-1,19-03-2025 02:12
4465,4,25,21-02-2025 06:07
4466,3,31,15-02-2025 06:28
4467,5,57,20-01-2025 00:59
4468,1,256,05-07-2024 09:17
4469,1,177,22-09-2024 17:28
4470,4,192,07-09-2024 16:05
4471,1,290,01-06-2024 11:10
4472,2,141,28-10-2024 20:35
4473,1,159,10-10-2024 01:49
4474,5,169,30-09-2024 12:00
4475,2,2,16-03-2025 23:53
4476,1,125,13-11-2024 16:54
4477,4,143,26-10-2024 20:54
4478,3,40,06-02-2025 02:29
4479,2,190,09-09-2024 06:14
4480,5,10,08-03-2025 11:55
4481,2,165,04-10-2024 21:59
4482,2,184,15-09-2024 08:05
4483,1,217,13-08-2024 22:33
4484,5,111,27-11-2024 18:57
4485,2,79,29-12-2024 08:48
4486,4,120,18-11-2024 23:07
4487,3,52,25-01-2025 18:31
4488,1,79,29-12-2024 21:22
4489,7,-1,19-03-2025 03:10
4490,5,23,23-02-2025 05:48
4491,5,27,19-02-2025 09:48
4492,3,147,22-10-2024 22:34
4493,6,7,11-03-2025 10:16
4494,2,3,15-03-2025 11:47
4495,3,115,23-11-2024 14:30
4496,1,216,14-08-2024 03:46
4497,1,40,06-02-2025 15:51
4498,4,28,18-02-2025 23:36
4499,4,66,11-01-2025 04:09
4500,4,24,22-02-2025 05:17
4501,3,28,18-02-2025 01:47
4502,2,160,09-10-2024 16:29
4503,2,135,03-11-2024 02:41
4504,3,10,08-03-2025 13:24
4505,3,79,29-12-2024 08:21
4506,2,127,11-11-2024 12:51
4507,2,96,12-12-2024 05:32
4508,2,245,16-07-2024 18:50
4509,1,271,20-06-2024 06:06
4510,4,58,19-01-2025 03:22
4511,2,234,27-07-2024 23:33
4512,1,241,20-07-2024 12:14
4513,4,39,07-02-2025 13:18
4514,3,13,05-03-2025 07:26
4515,5,6,12-03-2025 12:30
4516,4,63,14-01-2025 16:53
4517,1,92,16-12-2024 17:30
4518,4,116,22-11-2024 01:37
4519,1,200,30-08-2024 03:37
4520,1,6,12-03-2025 20:51
4521,1,291,31-05-2024 09:19
4522,3,219,11-08-2024 21:25
4523,4,69,08-01-2025 10:27
4524,4,70,07-01-2025 07:07
4525,2,146,23-10-2024 01:35
4526,3,59,18-01-2025 21:30
4527,2,49,28-01-2025 14:19
4528,1,116,22-11-2024 13:46
4529,3,35,11-02-2025 19:41
4530,4,214,16-08-2024 21:41
4531,3,140,29-10-2024 05:56
4532,3,97,11-12-2024 16:07
4534,4,25,21-02-2025 02:46
4535,4,48,29-01-2025 09:32
4536,2,106,02-12-2024 04:10
4537,5,119,19-11-2024 06:48
4538,3,8,10-03-2025 16:52
4539,1,77,31-12-2024 11:13
4540,2,286,05-06-2024 05:46
4541,1,243,18-07-2024 13:38
4542,2,83,25-12-2024 08:40
4543,3,214,16-08-2024 05:56
4544,4,59,18-01-2025 04:23
4546,3,56,21-01-2025 07:27
4547,1,168,01-10-2024 08:32
4548,3,8,10-03-2025 10:31
4549,2,34,12-02-2025 13:21
4550,3,206,24-08-2024 22:41
4551,2,53,24-01-2025 09:32
4552,2,172,27-09-2024 20:54
4553,5,36,10-02-2025 17:50
4554,4,157,12-10-2024 07:50
4555,7,28,18-02-2025 03:43
4556,5,57,20-01-2025 17:55
4557,1,50,27-01-2025 20:57
4558,1,91,17-12-2024 15:23
4559,1,336,16-04-2024 14:56
4560,3,84,24-12-2024 00:01
4561,1,216,14-08-2024 00:29
4562,3,69,08-01-2025 00:39
4563,2,50,27-01-2025 04:05
4564,1,84,24-12-2024 04:12
4565,2,5,13-03-2025 23:30
4566,6,133,05-11-2024 06:03
4567,2,123,15-11-2024 15:24
4568,4,137,01-11-2024 10:08
4570,2,13,05-03-2025 23:58
4571,1,145,24-10-2024 12:14
4572,2,172,27-09-2024 16:24
4573,6,42,04-02-2025 17:46
4574,1,270,21-06-2024 23:54
4575,3,91,17-12-2024 16:41
4576,1,283,08-06-2024 14:42
4577,1,113,25-11-2024 07:43
4578,4,134,04-11-2024 15:56
4579,1,215,16-08-2024 00:00
4580,6,65,12-01-2025 00:15
4581,2,221,09-08-2024 01:10
4582,3,103,05-12-2024 12:05
4583,3,46,31-01-2025 15:27
4584,7,13,05-03-2025 07:40
4585,1,175,24-09-2024 06:34
4586,6,6,12-03-2025 22:58
4587,5,34,12-02-2025 01:51
4588,1,361,22-03-2024 12:04
4589,3,126,12-11-2024 09:57
4590,4,122,16-11-2024 15:49
4591,2,211,19-08-2024 17:10
4592,2,9,09-03-2025 13:18
4593,1,188,11-09-2024 09:00
4594,6,38,08-02-2025 22:29
4595,4,-1,19-03-2025 08:05
4596,4,184,15-09-2024 16:08
4597,2,56,21-01-2025 14:47
4598,6,20,26-02-2025 15:32
4599,1,289,02-06-2024 07:12
4600,1,174,25-09-2024 19:36
4601,5,132,06-11-2024 05:39
4602,4,9,09-03-2025 12:17
4603,5,43,03-02-2025 06:20
4604,2,106,02-12-2024 07:39
4605,3,224,06-08-2024 15:33
4606,5,98,10-12-2024 16:30
4607,1,27,19-02-2025 08:29
4608,1,141,28-10-2024 04:52
4609,5,19,27-02-2025 20:04
4610,4,82,26-12-2024 18:30
4611,3,39,07-02-2025 15:22
4612,3,146,23-10-2024 13:12
4613,3,139,30-10-2024 04:41
4614,9,13,05-03-2025 05:58
4615,1,196,03-09-2024 06:34
4616,1,118,20-11-2024 11:55
4617,4,32,14-02-2025 15:00
4618,1,161,08-10-2024 19:23
4619,3,2,16-03-2025 01:15
4620,6,62,15-01-2025 06:16
4621,6,5,13-03-2025 23:33
4622,3,32,14-02-2025 09:25
4623,2,139,30-10-2024 13:22
4624,1,327,25-04-2024 13:33
4625,2,243,18-07-2024 15:14
4626,2,45,01-02-2025 10:29
4627,4,197,02-09-2024 08:51
4628,3,67,10-01-2025 01:38
4629,3,106,02-12-2024 03:09
4630,5,121,17-11-2024 09:07
4631,4,9,09-03-2025 04:19
4632,3,81,27-12-2024 21:33
4633,2,288,03-06-2024 18:16
4634,1,225,05-08-2024 15:58
4635,3,31,15-02-2025 15:36
4636,3,122,16-11-2024 03:18
4637,1,87,21-12-2024 04:16
4638,4,133,05-11-2024 04:52
4639,4,98,10-12-2024 00:06
4640,3,99,09-12-2024 23:49
4641,3,72,05-01-2025 04:22
4642,7,0,18-03-2025 11:24
4643,3,32,14-02-2025 23:24
4644,1,193,06-09-2024 12:11
4645,4,25,21-02-2025 06:39
4646,2,5,13-03-2025 08:22
4647,2,179,20-09-2024 22:53
4648,3,184,15-09-2024 15:31
4649,6,91,17-12-2024 07:04
4650,2,70,07-01-2025 17:53
4651,3,130,08-11-2024 05:06
4652,5,85,23-12-2024 23:14
4654,3,36,10-02-2025 11:59
4655,4,42,04-02-2025 18:26
4656,1,74,03-01-2025 00:24
4657,1,98,10-12-2024 07:35
4658,6,52,25-01-2025 00:39
4659,2,85,23-12-2024 07:41
4660,1,15,03-03-2025 19:47
4661,4,45,01-02-2025 04:40
4662,2,52,25-01-2025 14:17
4663,4,43,03-02-2025 18:07
4664,2,144,25-10-2024 03:32
4665,2,52,25-01-2025 14:02
4666,2,206,24-08-2024 07:00
4667,1,195,04-09-2024 05:23
4668,3,186,13-09-2024 06:32
4669,2,31,15-02-2025 18:11
4670,2,27,19-02-2025 18:03
4671,4,167,02-10-2024 16:31
4672,5,0,18-03-2025 22:28
4673,2,169,30-09-2024 10:07
4674,3,292,30-05-2024 03:03
4675,5,6,12-03-2025 14:56
4676,3,314,08-05-2024 01:39
4677,3,26,21-02-2025 00:00
4678,1,199,31-08-2024 02:57
4679,3,143,26-10-2024 23:33
4680,2,95,13-12-2024 23:41
4681,1,243,18-07-2024 03:05
4682,6,66,11-01-2025 17:30
4683,7,33,13-02-2025 01:53
4684,2,11,07-03-2025 23:49
4686,6,211,19-08-2024 10:17
4687,3,12,06-03-2025 23:05
4688,3,21,25-02-2025 11:58
4689,1,257,04-07-2024 09:56
4690,1,206,24-08-2024 08:30
4691,2,43,03-02-2025 16:03
4692,4,147,22-10-2024 22:14
4693,3,33,13-02-2025 02:47
4694,2,114,24-11-2024 09:26
4695,1,272,19-06-2024 17:44
4696,2,223,07-08-2024 06:04
4698,1,97,11-12-2024 08:24
4699,2,239,22-07-2024 12:14
4700,2,63,14-01-2025 07:07
4701,5,123,15-11-2024 01:20
4702,1,348,04-04-2024 17:20
4703,5,134,04-11-2024 16:50
4704,2,187,12-09-2024 13:15
4706,3,63,14-01-2025 18:20
4707,2,30,16-02-2025 10:15
4708,3,109,29-11-2024 18:06
4709,1,131,07-11-2024 20:26
4710,2,13,05-03-2025 19:46
4712,5,57,20-01-2025 01:02
4713,2,241,20-07-2024 03:15
4714,1,151,18-10-2024 20:49
4715,1,52,25-01-2025 14:34
4716,4,130,08-11-2024 19:07
4717,5,24,22-02-2025 18:53
4718,5,94,14-12-2024 15:23
4719,3,43,03-02-2025 16:16
4720,3,49,28-01-2025 11:01
4721,2,41,05-02-2025 22:19
4722,6,17,01-03-2025 18:05
4723,2,139,30-10-2024 06:30
4724,2,204,26-08-2024 20:41
4725,5,55,22-01-2025 05:00
4727,2,31,15-02-2025 15:58
4728,4,54,23-01-2025 14:28
4729,3,73,04-01-2025 06:59
4730,4,81,27-12-2024 13:41
4731,1,59,18-01-2025 01:20
4732,2,177,22-09-2024 17:50
4733,5,68,09-01-2025 04:33
4734,3,79,29-12-2024 22:03
4735,1,21,25-02-2025 19:52
4736,4,169,30-09-2024 19:27
4737,1,157,12-10-2024 06:13
4738,2,77,31-12-2024 20:25
4739,1,18,28-02-2025 19:44
4740,1,95,13-12-2024 13:17
4741,3,26,20-02-2025 08:31
4742,4,93,15-12-2024 08:58
4743,3,115,23-11-2024 05:07
4745,2,107,01-12-2024 12:35
4746,4,27,19-02-2025 10:50
4747,3,177,22-09-2024 09:03
4748,5,112,26-11-2024 00:50
4749,5,45,01-02-2025 12:05
4750,3,57,20-01-2025 05:07
4751,1,325,27-04-2024 05:06
4752,4,37,09-02-2025 10:23
4753,2,62,15-01-2025 18:11
4754,4,60,17-01-2025 02:32
4755,2,195,04-09-2024 12:13
4756,5,76,01-01-2025 08:36
4757,1,178,21-09-2024 22:51
4758,6,50,27-01-2025 09:43
4759,3,31,15-02-2025 23:32
4760,2,56,21-01-2025 05:26
4761,3,40,06-02-2025 21:49
4762,8,122,16-11-2024 04:36
4763,2,145,24-10-2024 19:44
4764,2,7,11-03-2025 15:38
4765,2,18,28-02-2025 07:11
4766,4,107,01-12-2024 01:11
4767,3,97,11-12-2024 18:51
4768,2,122,16-11-2024 23:33
4769,3,101,07-12-2024 15:40
4770,2,144,25-10-2024 02:16
4771,4,82,26-12-2024 04:45
4772,6,60,17-01-2025 01:37
4773,3,167,02-10-2024 18:27
4774,3,18,28-02-2025 09:53
4775,4,107,01-12-2024 08:52
4776,2,172,27-09-2024 18:28
4777,6,38,08-02-2025 15:48
4778,4,88,20-12-2024 06:16
4779,5,13,05-03-2025 04:07
4780,3,24,22-02-2025 16:27
4781,2,90,18-12-2024 14:50
4782,1,14,04-03-2025 07:05
4783,4,114,24-11-2024 01:39
4784,5,73,04-01-2025 13:25
4785,4,50,27-01-2025 10:35
4786,3,70,07-01-2025 00:19
4787,1,300,22-05-2024 09:44
4788,2,170,29-09-2024 21:53
4789,2,74,03-01-2025 05:53
4790,1,195,04-09-2024 23:41
4791,3,165,04-10-2024 12:38
4792,3,47,30-01-2025 14:43
4793,2,142,27-10-2024 15:05
4794,3,135,03-11-2024 08:54
4795,3,13,05-03-2025 11:17
4796,4,73,04-01-2025 13:22
4797,1,7,11-03-2025 01:30
4798,4,24,22-02-2025 00:57
4799,2,101,07-12-2024 15:44
4800,3,45,01-02-2025 00:25
4801,3,58,19-01-2025 15:59
4802,5,91,17-12-2024 03:29
4803,3,116,22-11-2024 08:28
4804,3,226,04-08-2024 18:47
4805,8,46,31-01-2025 02:51
4806,1,307,15-05-2024 04:48
4807,1,44,02-02-2025 17:11
4808,3,151,18-10-2024 04:36
4809,4,57,20-01-2025 09:41
4810,3,112,26-11-2024 09:38
4811,3,34,12-02-2025 21:42
4812,2,202,28-08-2024 10:29
4813,2,78,30-12-2024 13:31
4814,4,221,09-08-2024 17:48
4815,4,156,13-10-2024 01:28
4816,4,34,12-02-2025 08:02
4817,3,205,25-08-2024 15:12
4818,2,29,17-02-2025 17:53
4819,3,116,22-11-2024 01:39
4820,5,54,23-01-2025 00:54
4821,6,0,18-03-2025 18:16
4822,6,23,23-02-2025 08:45
4823,7,84,24-12-2024 02:05
4824,4,47,30-01-2025 13:39
4825,3,20,26-02-2025 18:24
4826,2,18,28-02-2025 19:38
4827,1,110,28-11-2024 03:41
4828,3,18,28-02-2025 18:09
4829,1,128,10-11-2024 01:11
4830,4,11,07-03-2025 23:17
4831,3,35,11-02-2025 17:21
4832,4,22,24-02-2025 19:42
4833,3,216,14-08-2024 00:09
4836,1,96,12-12-2024 22:41
4837,1,202,28-08-2024 16:25
4838,5,16,02-03-2025 20:12
4839,2,160,09-10-2024 16:01
4840,3,33,13-02-2025 20:45
4841,6,118,20-11-2024 18:51
4842,1,210,20-08-2024 18:07
4843,1,57,20-01-2025 06:54
4844,2,160,09-10-2024 09:06
4845,4,22,24-02-2025 15:08
4846,2,241,20-07-2024 11:36
4847,2,230,31-07-2024 18:02
4849,4,60,17-01-2025 08:35
4850,2,139,30-10-2024 03:38
4851,4,129,09-11-2024 09:26
4852,4,71,06-01-2025 09:49
4853,4,0,18-03-2025 08:31
4854,2,82,26-12-2024 22:31
4855,4,46,31-01-2025 10:31
4856,2,154,15-10-2024 14:04
4857,4,166,03-10-2024 12:35
4858,3,81,27-12-2024 19:23
4859,1,318,04-05-2024 06:29
4860,3,8,10-03-2025 21:08
4861,1,217,13-08-2024 23:41
4862,2,138,31-10-2024 15:53
4863,2,8,10-03-2025 15:48
4864,4,84,24-12-2024 23:56
4865,2,78,30-12-2024 06:59
4866,2,229,01-08-2024 03:40
4867,2,93,15-12-2024 12:53
4868,1,183,16-09-2024 10:45
4869,1,126,12-11-2024 19:36
4870,3,7,11-03-2025 17:20
4871,6,50,27-01-2025 17:57
4872,4,122,16-11-2024 12:32
4873,5,226,04-08-2024 15:39
4874,2,3,15-03-2025 08:28
4875,1,104,04-12-2024 15:30
4877,2,50,27-01-2025 20:32
4878,4,82,26-12-2024 07:44
4879,3,115,23-11-2024 07:21
4880,4,113,25-11-2024 13:27
4881,3,14,04-03-2025 04:02
4882,6,4,14-03-2025 02:20
4883,5,110,28-11-2024 04:39
4884,2,33,13-02-2025 07:43
4885,6,47,30-01-2025 15:31
4886,2,49,28-01-2025 23:29
4887,1,191,08-09-2024 05:01
4888,3,45,01-02-2025 20:25
4889,1,345,07-04-2024 00:34
4890,1,24,22-02-2025 05:09
4891,4,43,03-02-2025 17:13
4892,7,73,04-01-2025 03:04
4893,2,219,11-08-2024 08:15
4894,4,87,21-12-2024 16:04
4895,1,176,23-09-2024 21:14
4896,3,79,29-12-2024 21:22
4897,1,111,27-11-2024 21:04
4898,4,22,24-02-2025 01:08
4899,1,299,23-05-2024 05:47
4900,3,34,12-02-2025 15:01
4901,7,36,10-02-2025 10:57
4902,8,5,13-03-2025 06:21
4903,2,25,21-02-2025 02:16
4904,1,22,24-02-2025 09:55
4905,2,238,23-07-2024 02:02
4907,6,64,13-01-2025 23:36
4908,3,5,13-03-2025 10:50
4909,3,21,25-02-2025 04:10
4910,5,12,06-03-2025 02:44
4911,2,140,29-10-2024 17:00
4912,7,85,23-12-2024 01:58
4913,2,0,18-03-2025 21:56
4914,1,17,01-03-2025 01:16
4915,6,32,14-02-2025 18:11
4916,1,13,05-03-2025 23:39
4918,4,136,02-11-2024 16:07
4919,6,26,20-02-2025 20:20
4920,7,66,11-01-2025 05:55
4921,1,359,24-03-2024 04:28
4922,1,272,19-06-2024 09:40
4923,4,76,01-01-2025 08:51
4924,1,289,02-06-2024 13:55
4925,4,21,25-02-2025 08:13
4926,5,76,01-01-2025 19:47
4927,7,136,02-11-2024 21:52
4928,3,122,16-11-2024 08:24
4929,3,240,21-07-2024 08:25
4930,1,114,24-11-2024 00:54
4931,4,24,22-02-2025 12:48
4932,4,30,16-02-2025 10:11
4933,2,0,18-03-2025 12:18
4934,3,43,03-02-2025 06:00
4935,1,298,24-05-2024 02:37
4936,5,11,07-03-2025 17:04
4937,6,46,31-01-2025 02:31
4938,1,209,21-08-2024 15:46
4939,3,7,11-03-2025 03:05
4940,4,55,22-01-2025 09:37
4941,3,136,02-11-2024 11:34
4942,7,53,24-01-2025 23:51
4943,4,139,30-10-2024 11:08
4944,2,300,22-05-2024 14:30
4945,2,110,28-11-2024 22:07
4946,2,85,23-12-2024 16:33
4948,2,132,06-11-2024 20:04
4949,3,150,19-10-2024 19:43
4950,1,20,26-02-2025 06:32
4951,2,72,05-01-2025 10:09
4952,2,53,24-01-2025 16:14
4953,2,127,11-11-2024 20:17
4954,3,82,26-12-2024 13:03
4955,7,33,13-02-2025 03:27
4956,1,174,25-09-2024 15:23
4957,3,118,20-11-2024 20:42
4959,2,48,29-01-2025 02:47
4960,4,99,09-12-2024 10:36
4961,3,194,05-09-2024 06:56
4962,1,87,21-12-2024 04:38
4963,6,22,24-02-2025 03:46
4964,6,26,20-02-2025 12:43
4965,4,9,09-03-2025 17:57
4966,3,36,10-02-2025 18:39
4967,1,151,18-10-2024 05:58
4968,4,1,17-03-2025 15:40
4969,2,35,11-02-2025 21:14
4970,3,106,02-12-2024 12:56
4972,2,184,15-09-2024 08:04
4973,1,158,11-10-2024 01:10
4974,1,16,02-03-2025 17:31
4976,2,42,04-02-2025 18:48
4978,3,179,20-09-2024 15:27
4979,2,309,13-05-2024 14:45
4980,1,349,03-04-2024 13:28
4981,1,61,16-01-2025 07:52
4982,1,64,13-01-2025 05:19
4983,1,331,21-04-2024 17:56
4984,6,69,08-01-2025 05:17
4985,4,45,01-02-2025 07:46
4986,1,102,06-12-2024 12:04
4987,6,75,02-01-2025 15:12
4988,3,69,08-01-2025 10:55
4989,1,118,20-11-2024 06:18
4990,5,23,23-02-2025 09:45
4991,1,307,15-05-2024 20:09
4992,3,256,05-07-2024 14:48
4993,5,91,17-12-2024 18:10
4994,6,28,18-02-2025 00:08
4995,2,64,13-01-2025 12:42
4996,3,61,16-01-2025 05:08
4997,2,102,06-12-2024 19:09
4998,3,198,01-09-2024 05:22
4999,4,131,07-11-2024 05:58
5000,3,126,12-11-2024 10:51
5001,3,157,12-10-2024 05:51
5002,2,19,27-02-2025 04:30
5003,1,304,18-05-2024 15:16
5004,2,7,11-03-2025 20:22
5006,2,95,13-12-2024 20:35
5007,3,92,16-12-2024 07:28
5008,3,105,03-12-2024 09:11
5009,3,99,09-12-2024 02:01
5010,2,129,09-11-2024 23:36
5011,5,-1,19-03-2025 02:14
5012,1,116,22-11-2024 09:18
5013,2,8,10-03-2025 21:45
5014,3,44,02-02-2025 12:11
5015,2,311,11-05-2024 05:32
5016,4,51,26-01-2025 05:30
5017,2,349,03-04-2024 01:24
5018,4,111,27-11-2024 12:06
5019,2,27,19-02-2025 20:26
5020,2,198,01-09-2024 12:46
5021,6,33,13-02-2025 10:02
5022,3,220,10-08-2024 08:14
5023,3,173,26-09-2024 05:35
5024,2,97,11-12-2024 23:11
5025,2,62,15-01-2025 12:59
5026,1,201,29-08-2024 20:41
5027,1,224,06-08-2024 21:06
5028,3,15,03-03-2025 06:10
5029,3,0,18-03-2025 16:06
5031,1,13,05-03-2025 08:21
5032,3,173,26-09-2024 09:56
5033,1,6,12-03-2025 05:43
5034,1,129,09-11-2024 04:40
5035,5,66,11-01-2025 19:23
5036,1,304,18-05-2024 14:21
5037,4,197,02-09-2024 06:04
5038,1,56,21-01-2025 16:13
5039,5,3,15-03-2025 19:16
5040,3,24,22-02-2025 22:01
5041,4,49,28-01-2025 23:06
5042,9,49,28-01-2025 01:57
5043,4,1,17-03-2025 17:18
5044,1,7,11-03-2025 01:28
5045,5,7,11-03-2025 11:13
5046,3,82,26-12-2024 13:46
5047,1,52,25-01-2025 02:59
5048,5,31,15-02-2025 18:48
5049,4,13,05-03-2025 11:27
5050,2,328,24-04-2024 19:14
5051,1,277,14-06-2024 11:18
5052,1,324,28-04-2024 12:32
5053,4,60,17-01-2025 23:58
5054,3,191,08-09-2024 10:54
5055,4,90,18-12-2024 04:03
5056,4,196,03-09-2024 01:11
5057,1,350,02-04-2024 16:20
5058,3,37,09-02-2025 09:17
5059,1,292,30-05-2024 18:50
5060,3,47,30-01-2025 09:37
5061,1,328,24-04-2024 18:33
5062,1,179,20-09-2024 16:55
5063,6,26,20-02-2025 01:39
5064,3,81,27-12-2024 10:02
5065,2,102,06-12-2024 18:56
5066,3,40,06-02-2025 14:52
5067,2,77,31-12-2024 21:12
5068,1,337,15-04-2024 08:58
5069,5,131,07-11-2024 14:40
5070,1,235,26-07-2024 06:47
5071,2,80,28-12-2024 07:25
5072,2,68,09-01-2025 17:03
5073,1,234,27-07-2024 18:18
5074,3,83,25-12-2024 19:14
5075,3,100,08-12-2024 00:09
5076,5,39,07-02-2025 05:41
5077,5,66,11-01-2025 05:36
5078,3,242,19-07-2024 21:31
5079,2,222,08-08-2024 11:17
5080,1,76,01-01-2025 13:15
5081,2,29,17-02-2025 16:46
5082,2,260,01-07-2024 03:39
5083,2,50,27-01-2025 12:33
5084,3,213,17-08-2024 18:54
5085,4,78,30-12-2024 17:33
5086,1,210,20-08-2024 05:31
5087,1,78,30-12-2024 10:15
5088,3,32,14-02-2025 22:19
5089,5,72,05-01-2025 11:43
5090,5,25,21-02-2025 20:04
5092,3,107,01-12-2024 09:03
5093,2,36,10-02-2025 20:26
5095,2,40,06-02-2025 08:30
5096,4,62,15-01-2025 21:43
5097,4,7,11-03-2025 13:01
5098,2,240,21-07-2024 14:22
5099,3,48,29-01-2025 06:10
5100,5,48,29-01-2025 06:16
5101,4,64,13-01-2025 13:12
5102,2,135,03-11-2024 18:56
5103,1,239,22-07-2024 00:15
5104,2,144,25-10-2024 15:02
5105,3,74,03-01-2025 22:52
5106,5,109,29-11-2024 10:18
5107,3,83,25-12-2024 09:22
5108,3,239,22-07-2024 00:13
5109,5,49,28-01-2025 08:53
5110,3,56,21-01-2025 08:51
5111,2,7,11-03-2025 18:34
5112,1,51,26-01-2025 20:22
5113,4,126,12-11-2024 03:04
5114,1,5,13-03-2025 00:21
5115,3,216,14-08-2024 22:33
5116,5,9,09-03-2025 08:29
5118,6,15,03-03-2025 01:01
5119,2,12,06-03-2025 03:33
5120,7,143,26-10-2024 07:42
5122,2,154,15-10-2024 11:32
5123,5,155,14-10-2024 03:14
5124,1,10,08-03-2025 18:48
5125,4,37,09-02-2025 11:04
5126,2,85,23-12-2024 13:13
5128,3,51,26-01-2025 11:14
5129,4,102,06-12-2024 20:58
5130,2,11,07-03-2025 15:52
5131,8,37,09-02-2025 21:42
5132,2,69,08-01-2025 06:29
5133,3,185,14-09-2024 04:04
5135,2,52,25-01-2025 21:49
5136,1,114,24-11-2024 03:36
5137,1,205,25-08-2024 07:04
5138,4,100,08-12-2024 16:46
5139,2,142,27-10-2024 12:43
5140,3,141,28-10-2024 09:28
5141,5,62,15-01-2025 04:46
5142,1,233,28-07-2024 22:07
5143,4,88,20-12-2024 08:13
5144,4,16,02-03-2025 13:22
5146,3,62,15-01-2025 23:33
5148,1,290,01-06-2024 15:00
5151,1,182,17-09-2024 15:08
5152,1,9,09-03-2025 08:01
5153,4,96,12-12-2024 08:56
5155,2,240,21-07-2024 01:10
5156,1,316,06-05-2024 15:40
5157,3,28,18-02-2025 20:15
5158,3,77,31-12-2024 14:37
5159,4,166,03-10-2024 19:37
5160,3,179,20-09-2024 19:34
5161,2,88,20-12-2024 20:20
5162,3,49,28-01-2025 10:56
5163,3,83,25-12-2024 18:07
5164,3,141,28-10-2024 21:11
5165,5,33,13-02-2025 09:21
5166,3,129,09-11-2024 17:52
5167,4,94,14-12-2024 12:58
5168,1,21,25-02-2025 20:03
5169,2,17,01-03-2025 20:41
5170,1,9,09-03-2025 07:35
5172,7,43,03-02-2025 10:10
5173,4,99,09-12-2024 12:00
5174,3,150,19-10-2024 13:05
5175,2,248,13-07-2024 19:45
5176,6,26,20-02-2025 10:04
5177,3,44,02-02-2025 18:52
5178,2,33,13-02-2025 13:05
5179,3,184,15-09-2024 09:21
5180,3,93,15-12-2024 06:52
5181,2,129,09-11-2024 08:52
5182,2,274,17-06-2024 08:26
5183,2,276,15-06-2024 10:40
5184,5,38,08-02-2025 14:37
5186,1,62,15-01-2025 05:33
5187,3,37,09-02-2025 23:46
5188,2,186,13-09-2024 05:25
5189,3,95,13-12-2024 00:12
5190,1,115,23-11-2024 02:58
5191,2,231,30-07-2024 14:17
5192,2,138,31-10-2024 19:51
5193,2,200,30-08-2024 15:04
5194,3,147,22-10-2024 11:02
5196,2,37,09-02-2025 23:55
5197,5,19,27-02-2025 11:45
5198,1,18,28-02-2025 16:30
5199,1,221,09-08-2024 00:13
5200,1,67,10-01-2025 23:43
5201,3,125,13-11-2024 03:19
5203,3,75,02-01-2025 04:06
5204,2,81,27-12-2024 01:06
5205,2,39,07-02-2025 05:39
5206,1,187,12-09-2024 15:55
5208,3,55,22-01-2025 23:08
5209,2,159,10-10-2024 19:50
5210,4,30,16-02-2025 17:45
5212,4,76,01-01-2025 08:28
5213,2,16,02-03-2025 23:40
5214,5,163,06-10-2024 05:10
5215,4,27,19-02-2025 18:49
5216,1,206,24-08-2024 13:06
5217,4,14,04-03-2025 09:27
5219,2,164,05-10-2024 11:57
5221,4,32,14-02-2025 14:29
5223,7,10,08-03-2025 03:55
5224,4,141,28-10-2024 20:00
5225,3,2,16-03-2025 20:24
5227,3,23,23-02-2025 07:51
5228,3,51,26-01-2025 19:45
5229,3,40,06-02-2025 12:50
5230,2,9,09-03-2025 12:07
5231,5,6,12-03-2025 14:05
5232,1,251,10-07-2024 04:33
5233,6,16,02-03-2025 07:34
5234,5,229,01-08-2024 02:10
5235,1,333,19-04-2024 10:20
5236,6,66,11-01-2025 22:25
5237,1,346,06-04-2024 16:35
5238,5,82,26-12-2024 18:10
5239,1,205,25-08-2024 15:38
5240,1,42,04-02-2025 21:07
5241,1,252,09-07-2024 04:48
5242,4,21,25-02-2025 01:43
5243,5,0,18-03-2025 15:27
5244,4,66,11-01-2025 08:40
5245,1,88,20-12-2024 03:27
5246,5,26,20-02-2025 03:59
5247,2,102,06-12-2024 15:27
5248,2,230,31-07-2024 10:48
5249,1,308,14-05-2024 03:00
5250,1,234,27-07-2024 14:31
5251,3,152,17-10-2024 13:21
5252,4,84,24-12-2024 18:37
5254,1,103,05-12-2024 03:27
5255,5,74,03-01-2025 19:08
5256,1,99,09-12-2024 06:55
5257,1,38,08-02-2025 12:38
5258,2,76,01-01-2025 20:23
5259,1,104,04-12-2024 21:25
5260,4,25,21-02-2025 14:51
5261,3,23,23-02-2025 18:27
5262,4,260,01-07-2024 00:06
5263,3,42,04-02-2025 08:31
5264,3,32,14-02-2025 00:45
5265,3,5,13-03-2025 11:36
5266,3,81,27-12-2024 23:54
5267,2,108,30-11-2024 21:07
5268,2,151,18-10-2024 18:48
5269,2,34,12-02-2025 02:55
5271,2,36,10-02-2025 20:41
5272,4,79,29-12-2024 01:26
5273,2,94,14-12-2024 00:42
5274,4,196,03-09-2024 06:22
5275,5,11,07-03-2025 03:11
5276,2,297,25-05-2024 00:41
5277,6,34,12-02-2025 03:49
5278,6,8,10-03-2025 18:50
5279,10,4,14-03-2025 04:09
5280,2,122,16-11-2024 17:39
5281,3,97,11-12-2024 23:42
5282,4,211,19-08-2024 19:21
5283,2,87,21-12-2024 18:00
5284,2,72,05-01-2025 14:30
5285,2,145,24-10-2024 17:29
5287,3,98,10-12-2024 03:48
5288,2,239,22-07-2024 23:18
5289,3,81,27-12-2024 11:29
5290,3,68,09-01-2025 02:50
5291,7,100,08-12-2024 02:05
5293,1,123,15-11-2024 19:51
5294,1,99,09-12-2024 08:13
5295,6,105,03-12-2024 15:27
5296,4,114,24-11-2024 12:42
5297,2,201,29-08-2024 05:06
5298,4,35,11-02-2025 12:52
5299,2,161,08-10-2024 05:46
5300,2,4,14-03-2025 04:20
5302,3,0,18-03-2025 18:41
5303,1,290,01-06-2024 05:41
5304,3,129,09-11-2024 20:29
5306,5,189,10-09-2024 22:54
5307,2,95,13-12-2024 07:59
5308,3,251,10-07-2024 03:21
5309,3,153,16-10-2024 16:44
5310,1,338,14-04-2024 02:43
5311,4,104,04-12-2024 08:50
5312,6,73,04-01-2025 08:38
5313,2,107,01-12-2024 17:52
5314,3,44,02-02-2025 01:49
5316,3,3,15-03-2025 10:18
5317,2,25,21-02-2025 08:27
5318,2,233,28-07-2024 18:32
5320,4,19,27-02-2025 04:37
5321,6,97,11-12-2024 10:13
5322,4,1,17-03-2025 06:52
5323,2,47,30-01-2025 14:11
5324,2,234,27-07-2024 04:53
5325,3,187,12-09-2024 00:26
5326,2,17,01-03-2025 08:46
5327,4,84,24-12-2024 02:48
5328,4,81,27-12-2024 15:43
5329,3,214,16-08-2024 06:05
5330,3,72,05-01-2025 04:04
5331,1,180,19-09-2024 11:48
5332,1,12,06-03-2025 15:37
5333,1,76,01-01-2025 11:06
5334,1,331,21-04-2024 15:47
5335,4,79,29-12-2024 07:54
5336,2,7,11-03-2025 14:39
5337,5,74,03-01-2025 07:53
5338,1,53,24-01-2025 03:34
5339,2,28,18-02-2025 02:27
5340,4,58,19-01-2025 04:59
5341,3,109,29-11-2024 09:57
5342,1,248,13-07-2024 10:45
5343,6,6,12-03-2025 01:01
5344,2,69,08-01-2025 17:05
5345,3,20,26-02-2025 00:50
5346,2,270,21-06-2024 10:46
5347,2,112,26-11-2024 22:18
5348,2,55,22-01-2025 10:25
5349,2,285,06-06-2024 08:16
5350,8,57,20-01-2025 17:29
5351,1,237,24-07-2024 14:38
5352,2,252,09-07-2024 17:45
5353,2,18,28-02-2025 07:27
5354,2,12,06-03-2025 14:51
5355,4,36,10-02-2025 08:49
5356,3,113,25-11-2024 19:09
5357,2,0,18-03-2025 15:41
5358,5,16,02-03-2025 13:39
5359,3,16,02-03-2025 18:43
5360,6,22,24-02-2025 06:29
5361,4,239,22-07-2024 08:41
5362,2,10,08-03-2025 11:16
5364,1,165,04-10-2024 22:15
5366,5,118,20-11-2024 02:34
5367,1,336,16-04-2024 03:30
5368,5,125,13-11-2024 03:10
5369,3,160,09-10-2024 20:00
5370,2,71,06-01-2025 22:33
5371,2,87,21-12-2024 02:45
5372,2,153,16-10-2024 11:54
5373,6,-1,19-03-2025 03:11
5375,4,174,25-09-2024 14:16
5376,3,28,18-02-2025 04:30
5377,3,14,04-03-2025 16:25
5378,3,76,01-01-2025 10:35
5379,3,5,13-03-2025 03:04
5380,3,71,06-01-2025 16:42
5381,2,46,31-01-2025 11:48
5382,4,123,15-11-2024 03:50
5383,2,23,23-02-2025 10:46
5385,3,35,11-02-2025 19:26
5386,2,77,31-12-2024 02:39
5387,5,62,15-01-2025 00:55
5388,1,112,26-11-2024 15:25
5389,2,33,13-02-2025 08:51
5390,1,43,03-02-2025 04:34
5391,3,114,24-11-2024 23:01
5392,3,27,19-02-2025 14:46
5393,5,15,03-03-2025 09:03
5394,7,50,27-01-2025 14:13
5395,3,79,29-12-2024 04:49
5396,4,2,16-03-2025 15:27
5397,3,144,25-10-2024 17:55
5398,3,165,04-10-2024 11:49
5399,2,96,12-12-2024 08:38
5400,5,8,10-03-2025 09:53
5401,2,281,10-06-2024 14:09
5402,4,0,18-03-2025 16:38
5403,3,89,19-12-2024 08:45
5404,2,107,01-12-2024 07:21
5405,3,82,26-12-2024 16:06
5406,1,287,04-06-2024 16:57
5407,1,13,05-03-2025 14:51
5408,3,41,05-02-2025 09:06
5409,3,157,12-10-2024 17:50
5410,4,115,23-11-2024 02:13
5411,5,11,07-03-2025 11:16
5412,5,99,09-12-2024 01:34
5413,1,291,31-05-2024 11:16
5414,4,60,17-01-2025 18:31
5415,4,30,16-02-2025 00:59
5416,2,128,10-11-2024 02:12
5417,3,4,14-03-2025 06:36
5418,2,14,04-03-2025 16:28
5419,1,343,09-04-2024 04:54
5420,2,218,12-08-2024 13:30
5421,3,182,17-09-2024 00:33
5422,7,30,16-02-2025 11:06
5423,3,21,25-02-2025 13:28
5424,4,24,22-02-2025 11:53
5425,6,21,25-02-2025 13:58
5426,7,121,17-11-2024 15:13
5427,6,13,05-03-2025 23:43
5428,1,357,26-03-2024 23:12
5429,7,2,16-03-2025 14:25
5430,5,50,27-01-2025 12:49
5431,4,7,11-03-2025 17:26
5432,2,29,17-02-2025 20:14
5433,1,79,29-12-2024 04:06
5434,6,31,15-02-2025 07:55
5435,2,76,01-01-2025 02:38
5436,3,111,27-11-2024 19:49
5437,5,86,22-12-2024 16:17
5438,3,13,05-03-2025 18:30
5439,2,218,12-08-2024 07:44
5440,4,76,01-01-2025 14:12
5441,5,135,03-11-2024 20:01
5442,3,2,16-03-2025 14:30
5443,2,115,23-11-2024 09:34
5444,2,89,19-12-2024 08:20
5445,2,62,15-01-2025 01:28
5446,3,215,15-08-2024 03:13
5447,2,10,08-03-2025 23:45
5448,2,67,10-01-2025 01:49
5449,2,58,19-01-2025 06:39
5450,1,316,06-05-2024 13:02
5451,2,217,13-08-2024 01:53
5452,3,111,27-11-2024 14:12
5453,2,86,22-12-2024 17:43
5455,1,104,04-12-2024 03:52
5456,9,22,24-02-2025 12:09
5457,3,58,19-01-2025 02:39
5458,6,38,08-02-2025 13:17
5459,2,122,16-11-2024 12:52
5460,2,172,27-09-2024 06:47
5461,5,27,19-02-2025 16:29
5462,1,268,23-06-2024 00:33
5463,5,23,23-02-2025 23:53
5464,4,55,22-01-2025 12:02
5465,4,130,08-11-2024 09:27
5466,3,58,19-01-2025 18:03
5467,2,37,09-02-2025 00:13
5468,2,215,15-08-2024 06:30
5469,2,83,25-12-2024 18:51
5470,4,96,12-12-2024 15:17
5471,1,217,13-08-2024 05:12
5472,5,39,07-02-2025 05:30
5473,4,33,13-02-2025 16:44
5474,5,19,27-02-2025 10:08
5475,1,9,09-03-2025 12:14
5476,4,115,23-11-2024 07:52
5477,3,94,14-12-2024 13:08
5478,1,173,26-09-2024 00:52
5479,1,36,10-02-2025 11:52
5480,6,168,01-10-2024 16:33
5481,7,75,02-01-2025 01:54
5482,1,248,13-07-2024 08:18
5483,1,293,29-05-2024 17:58
5484,2,40,06-02-2025 16:45
5485,3,101,07-12-2024 08:54
5486,2,84,24-12-2024 00:37
5487,4,69,08-01-2025 14:05
5488,4,2,16-03-2025 00:06
5489,7,63,14-01-2025 04:55
5490,1,55,22-01-2025 02:21
5491,2,76,01-01-2025 10:52
5492,3,18,28-02-2025 20:04
5493,4,54,23-01-2025 23:15
5494,1,195,04-09-2024 05:27
5495,6,58,19-01-2025 15:00
5496,3,127,11-11-2024 19:37
5497,2,118,20-11-2024 07:16
5498,6,176,23-09-2024 23:53
5499,3,9,09-03-2025 13:24
5500,2,288,03-06-2024 16:50
5501,2,163,06-10-2024 14:11
5502,2,62,15-01-2025 01:32
5503,8,40,06-02-2025 17:03
5504,1,192,07-09-2024 01:21
5505,5,83,25-12-2024 14:33
5506,2,21,25-02-2025 22:00
5507,1,101,07-12-2024 21:31
5508,3,23,23-02-2025 09:13
5509,6,7,11-03-2025 12:16
5510,1,111,27-11-2024 21:46
5511,4,64,13-01-2025 20:14
5512,3,68,09-01-2025 01:11
5513,4,32,14-02-2025 23:16
5514,1,77,31-12-2024 13:04
5516,4,158,11-10-2024 06:12
5517,1,349,03-04-2024 12:08
5518,1,334,18-04-2024 10:34
5519,3,88,20-12-2024 07:45
5520,1,318,04-05-2024 21:15
5522,2,232,29-07-2024 07:42
5523,4,28,18-02-2025 03:48
5525,6,74,03-01-2025 05:26
5526,1,21,25-02-2025 14:32
5527,5,73,04-01-2025 03:31
5528,3,204,26-08-2024 08:40
5529,2,95,13-12-2024 01:14
5530,6,135,03-11-2024 07:40
5531,5,53,24-01-2025 22:02
5532,1,232,29-07-2024 13:13
5533,5,91,17-12-2024 17:02
5535,3,98,10-12-2024 02:09
5537,6,28,18-02-2025 02:05
5538,4,102,06-12-2024 02:14
5539,2,263,28-06-2024 19:59
5540,3,29,17-02-2025 09:36
5541,6,12,06-03-2025 18:33
5542,2,213,17-08-2024 20:58
5543,2,119,19-11-2024 22:52
5544,3,139,30-10-2024 09:59
5546,3,52,25-01-2025 00:46
5547,3,52,25-01-2025 02:24
5548,4,72,05-01-2025 11:36
5549,3,105,03-12-2024 00:55
5550,7,32,14-02-2025 14:04
5552,1,264,27-06-2024 10:43
5553,2,4,14-03-2025 03:07
5554,1,316,06-05-2024 17:48
5555,1,264,27-06-2024 00:20
5556,3,26,20-02-2025 12:08
5557,2,140,29-10-2024 08:17
5558,2,309,13-05-2024 04:45
5559,3,21,25-02-2025 00:12
5560,3,1,17-03-2025 09:15
5561,2,170,29-09-2024 19:16
5562,1,197,02-09-2024 00:33
5563,2,155,14-10-2024 11:22
5564,3,100,08-12-2024 14:11
5565,5,110,28-11-2024 08:27
5566,2,232,29-07-2024 20:39
5567,2,132,06-11-2024 08:54
5568,4,91,17-12-2024 17:20
5569,1,90,18-12-2024 08:21
5570,2,26,20-02-2025 16:40
5571,3,1,17-03-2025 17:05
5572,2,165,04-10-2024 12:32
5573,3,108,30-11-2024 11:27
5574,2,64,13-01-2025 00:59
5575,2,156,13-10-2024 06:49
5576,4,102,06-12-2024 00:46
5577,3,131,07-11-2024 09:00
5578,5,11,07-03-2025 08:56
5579,2,114,24-11-2024 08:31
5580,2,317,05-05-2024 20:30
5581,1,20,26-02-2025 22:27
5582,5,2,16-03-2025 09:38
5583,3,208,22-08-2024 13:50
5584,3,27,19-02-2025 16:48
5585,6,89,19-12-2024 12:07
5586,3,6,12-03-2025 04:25
5587,1,355,28-03-2024 08:29
5588,3,73,04-01-2025 12:03
5589,1,109,29-11-2024 06:54
5590,2,90,18-12-2024 00:04
5591,6,120,18-11-2024 20:04
5592,4,119,19-11-2024 07:44
5594,2,67,10-01-2025 09:03
5596,3,247,14-07-2024 17:16
5597,2,210,20-08-2024 16:09
5598,4,0,18-03-2025 22:15
5599,5,19,27-02-2025 14:01
5600,3,133,05-11-2024 18:11
5601,4,24,22-02-2025 12:07
5603,2,39,07-02-2025 07:46
5604,2,224,06-08-2024 01:19
5605,2,249,12-07-2024 06:47
5606,6,69,08-01-2025 19:10
5607,4,55,22-01-2025 01:32
5609,2,52,25-01-2025 19:55
5610,3,238,23-07-2024 23:12
5611,3,70,07-01-2025 18:00
5612,3,44,02-02-2025 17:42
5613,1,102,06-12-2024 00:55
5614,5,58,19-01-2025 09:15
5616,1,265,26-06-2024 00:58
5617,6,125,13-11-2024 17:24
5618,6,13,05-03-2025 09:54
5619,6,36,10-02-2025 03:54
5620,1,228,02-08-2024 16:36
5621,1,306,16-05-2024 19:05
5622,1,162,07-10-2024 02:32
5623,3,103,05-12-2024 01:51
5624,3,38,08-02-2025 09:41
5625,2,193,06-09-2024 06:18
5626,7,51,26-01-2025 13:34
5627,3,76,01-01-2025 12:37
5628,1,31,15-02-2025 22:47
5629,3,15,03-03-2025 08:27
5630,2,190,09-09-2024 17:42
5631,4,230,31-07-2024 20:56
5632,4,16,02-03-2025 17:57
5633,1,287,04-06-2024 15:15
5636,2,190,09-09-2024 18:05
5638,1,100,08-12-2024 01:42
5639,5,33,13-02-2025 22:07
5640,4,66,11-01-2025 19:15
5641,2,106,02-12-2024 22:26
5642,4,80,28-12-2024 03:14
5643,4,11,07-03-2025 16:28
5644,3,85,23-12-2024 21:37
5645,4,29,17-02-2025 04:50
5647,1,226,04-08-2024 13:02
5648,4,6,12-03-2025 08:16
5649,3,60,17-01-2025 06:23
5650,3,223,07-08-2024 17:48
5651,2,11,07-03-2025 08:38
5652,1,300,22-05-2024 08:05
5653,4,26,20-02-2025 11:43
5654,5,76,01-01-2025 20:22
5655,4,78,30-12-2024 12:32
5656,3,78,30-12-2024 00:36
5657,6,148,21-10-2024 16:55
5658,1,248,13-07-2024 09:56
5659,5,31,15-02-2025 22:14
5660,2,34,12-02-2025 13:36
5661,2,8,10-03-2025 22:12
5662,2,156,13-10-2024 00:15
5663,1,183,16-09-2024 22:37
5664,1,164,05-10-2024 06:00
5665,1,110,28-11-2024 14:19
5666,3,21,25-02-2025 18:47
5667,4,71,06-01-2025 04:29
5668,2,159,10-10-2024 22:15
5669,3,134,04-11-2024 16:05
5670,3,74,03-01-2025 22:06
5671,6,4,14-03-2025 22:40
5672,8,150,19-10-2024 11:02
5673,3,33,13-02-2025 21:32
5674,1,291,31-05-2024 03:03
5675,2,239,22-07-2024 07:35
5676,5,16,02-03-2025 08:55
5677,5,28,18-02-2025 12:25
5678,1,2,16-03-2025 18:40
5679,3,102,06-12-2024 03:04
5680,3,130,08-11-2024 18:15
5681,4,56,21-01-2025 07:59
5682,1,316,06-05-2024 02:35
5683,3,108,30-11-2024 09:34
5684,3,43,03-02-2025 06:07
5685,3,39,07-02-2025 01:43
5686,6,105,03-12-2024 21:37
5687,3,245,16-07-2024 03:22
5688,4,5,13-03-2025 12:14
5689,4,148,21-10-2024 12:43
5690,4,12,06-03-2025 11:05
5691,5,7,11-03-2025 04:51
5692,3,233,28-07-2024 06:32
5693,1,54,23-01-2025 07:26
5694,5,79,29-12-2024 19:03
5695,2,28,18-02-2025 10:27
5696,2,245,16-07-2024 16:08
5697,3,190,09-09-2024 22:29
5698,3,59,18-01-2025 10:37
5699,5,44,02-02-2025 07:48
5700,1,175,24-09-2024 03:49
5701,1,159,10-10-2024 08:44
5702,4,81,27-12-2024 23:37
5704,8,8,10-03-2025 07:25
5706,1,45,01-02-2025 12:00
5707,4,84,24-12-2024 22:52
5708,1,242,19-07-2024 03:21
5709,2,102,06-12-2024 23:48
5710,4,15,03-03-2025 12:43
5711,1,69,08-01-2025 22:08
5712,3,14,04-03-2025 11:02
5713,3,42,04-02-2025 11:53
5714,1,281,10-06-2024 17:05
5715,1,65,12-01-2025 22:38
5716,3,62,15-01-2025 18:56
5717,2,205,25-08-2024 17:38
5718,1,258,03-07-2024 22:54
5719,2,49,28-01-2025 23:07
5720,2,132,06-11-2024 07:05
5721,1,192,07-09-2024 18:46
5722,6,76,01-01-2025 21:48
5723,3,25,21-02-2025 04:03
5725,2,276,15-06-2024 18:17
5726,4,59,18-01-2025 02:10
5727,3,111,27-11-2024 20:19
5728,2,91,17-12-2024 12:04
5729,6,37,09-02-2025 21:07
5730,2,84,24-12-2024 04:17
5731,7,137,01-11-2024 09:05
5732,1,162,07-10-2024 06:57
5733,4,43,03-02-2025 09:51
5734,5,190,09-09-2024 09:42
5735,5,108,30-11-2024 15:15
5736,3,85,23-12-2024 02:38
5737,3,23,23-02-2025 03:04
5738,4,41,05-02-2025 03:22
5739,1,99,09-12-2024 04:36
5740,1,289,02-06-2024 04:30
5741,5,163,06-10-2024 02:40
5742,3,69,08-01-2025 23:35
5743,3,83,25-12-2024 06:05
5744,4,68,09-01-2025 09:21
5745,1,263,28-06-2024 00:33
5746,3,58,19-01-2025 12:33
5747,3,12,06-03-2025 08:18
5748,4,29,17-02-2025 15:36
5749,3,2,16-03-2025 23:53
5750,7,88,20-12-2024 07:45
5751,6,23,23-02-2025 07:28
5752,1,106,02-12-2024 01:28
5753,1,64,13-01-2025 11:09
5754,3,61,16-01-2025 01:00
5755,4,238,23-07-2024 01:59
5756,2,160,09-10-2024 15:02
5757,2,154,15-10-2024 10:25
5758,1,200,30-08-2024 04:11
5760,4,60,17-01-2025 20:20
5761,4,37,09-02-2025 19:44
5762,4,143,26-10-2024 06:58
5763,4,186,13-09-2024 20:45
5764,1,86,22-12-2024 00:30
5765,2,46,31-01-2025 19:53
5766,1,261,30-06-2024 18:11
5767,2,7,11-03-2025 01:06
5768,3,48,29-01-2025 06:53
5769,1,16,02-03-2025 12:21
5770,3,202,28-08-2024 19:01
5772,5,56,21-01-2025 07:02
5773,1,338,14-04-2024 04:08
5774,7,57,20-01-2025 03:58
5775,4,171,28-09-2024 04:09
5776,2,8,10-03-2025 20:00
5777,3,190,09-09-2024 07:16
5778,2,99,09-12-2024 08:09
5779,3,79,29-12-2024 18:34
5780,5,152,17-10-2024 11:51
5781,2,199,31-08-2024 15:50
5782,7,14,04-03-2025 22:24
5783,4,38,08-02-2025 21:09
5784,1,291,31-05-2024 04:40
5785,2,134,04-11-2024 07:47
5786,1,357,26-03-2024 15:19
5787,3,40,06-02-2025 18:41
5788,4,94,14-12-2024 02:47
5789,1,282,09-06-2024 19:01
5790,1,109,29-11-2024 03:30
5791,3,290,01-06-2024 01:00
5792,6,30,16-02-2025 01:20
5793,2,112,26-11-2024 08:07
5794,2,65,12-01-2025 05:12
5795,4,100,08-12-2024 17:17
5796,6,54,23-01-2025 23:52
5797,6,1,17-03-2025 15:06
5798,7,2,16-03-2025 03:07
5799,1,1,17-03-2025 07:06
5800,7,27,19-02-2025 10:44
5801,4,0,18-03-2025 15:11
5802,2,108,30-11-2024 07:40
5803,3,269,22-06-2024 03:08
5804,1,60,17-01-2025 11:40
5805,2,159,10-10-2024 20:13
5806,2,35,11-02-2025 06:40
5807,6,23,23-02-2025 19:40
5808,3,59,18-01-2025 21:39
5809,2,253,08-07-2024 19:52
5810,6,14,04-03-2025 23:46
5812,4,116,22-11-2024 05:34
5813,3,1,17-03-2025 14:33
5814,3,28,18-02-2025 05:16
5815,3,134,04-11-2024 16:42
5816,2,256,05-07-2024 01:42
5817,6,64,13-01-2025 11:55
5818,3,62,15-01-2025 12:52
5819,3,84,24-12-2024 23:02
5820,1,347,05-04-2024 05:35
5821,4,190,09-09-2024 18:41
5822,2,51,26-01-2025 06:55
5823,4,44,02-02-2025 23:26
5824,2,60,17-01-2025 17:27
5825,6,31,15-02-2025 20:25
5826,2,179,20-09-2024 20:40
5827,2,54,23-01-2025 02:32
5828,2,60,17-01-2025 15:39
5829,1,329,23-04-2024 11:33
5830,1,73,04-01-2025 11:35
5831,1,117,21-11-2024 07:51
5832,5,66,11-01-2025 17:32
5833,2,53,24-01-2025 04:49
5834,2,67,10-01-2025 04:58
5835,5,37,09-02-2025 20:26
5836,2,282,09-06-2024 18:36
5837,2,231,30-07-2024 12:18
5838,6,8,10-03-2025 17:07
5839,4,72,05-01-2025 13:42
5840,2,91,17-12-2024 18:59
5843,4,28,18-02-2025 21:06
5844,2,153,16-10-2024 03:15
5845,3,43,03-02-2025 02:55
5846,5,20,26-02-2025 23:25
5847,1,49,28-01-2025 03:10
5848,2,67,10-01-2025 12:21
5849,5,108,30-11-2024 05:53
5850,5,30,16-02-2025 12:41
5851,3,129,09-11-2024 01:36
5853,4,18,28-02-2025 22:13
5854,5,13,05-03-2025 11:41
5855,4,11,07-03-2025 08:34
5856,3,1,17-03-2025 18:39
5857,2,343,09-04-2024 04:00
5858,4,74,03-01-2025 02:25
5859,1,343,09-04-2024 04:44
5860,2,145,24-10-2024 14:25
5861,3,4,14-03-2025 15:58
5862,4,115,23-11-2024 03:00
5863,2,262,29-06-2024 10:38
5864,3,170,29-09-2024 14:54
5865,4,63,14-01-2025 23:55
5866,3,30,16-02-2025 09:34
5867,3,74,03-01-2025 14:31
5868,3,136,02-11-2024 10:01
5869,5,198,01-09-2024 18:46
5870,1,8,10-03-2025 20:29
5871,1,19,27-02-2025 17:47
5872,4,208,22-08-2024 19:56
5873,4,1,17-03-2025 07:08
5874,2,89,19-12-2024 18:43
5875,2,242,19-07-2024 03:31
5876,4,96,12-12-2024 01:48
5877,5,4,14-03-2025 03:28
5878,2,78,30-12-2024 01:32
5880,3,12,06-03-2025 01:49
5882,4,29,17-02-2025 08:40
5883,3,5,13-03-2025 01:27
5884,3,55,22-01-2025 09:39
5885,4,250,11-07-2024 19:42
5886,1,21,25-02-2025 20:52
5887,3,74,03-01-2025 04:59
5888,1,60,17-01-2025 03:26
5889,4,6,12-03-2025 07:02
5891,4,7,11-03-2025 00:26
5892,9,65,12-01-2025 17:30
5893,3,8,10-03-2025 03:05
5894,2,77,31-12-2024 13:26
5895,6,34,12-02-2025 02:17
5897,2,51,26-01-2025 11:35
5898,1,299,23-05-2024 01:45
5899,6,25,21-02-2025 05:56
5900,5,29,17-02-2025 00:59
5901,1,6,12-03-2025 19:14
5902,3,189,10-09-2024 15:35
5903,5,48,29-01-2025 03:31
5904,1,348,04-04-2024 21:07
5905,2,108,30-11-2024 10:14
5907,5,2,16-03-2025 15:17
5908,5,24,22-02-2025 06:02
5909,2,9,09-03-2025 10:44
5910,3,224,06-08-2024 01:28
5911,1,10,08-03-2025 05:01
5912,4,31,15-02-2025 14:42
5913,2,50,27-01-2025 23:01
5914,6,85,23-12-2024 15:36
5915,1,78,30-12-2024 20:07
5916,3,134,04-11-2024 16:49
5917,2,23,23-02-2025 07:55
5918,7,21,25-02-2025 06:26
5919,6,40,06-02-2025 23:30
5920,3,84,24-12-2024 01:01
5921,3,74,03-01-2025 16:50
5922,4,112,26-11-2024 03:33
5923,1,16,02-03-2025 13:18
5924,1,270,21-06-2024 13:01
5925,4,6,12-03-2025 01:35
5926,2,273,18-06-2024 00:31
5927,6,10,08-03-2025 04:23
5928,3,132,06-11-2024 03:30
5929,1,357,26-03-2024 04:42
5930,1,222,08-08-2024 01:12
5931,3,90,18-12-2024 11:42
5932,3,137,01-11-2024 19:29
5933,1,292,30-05-2024 07:57
5934,2,153,16-10-2024 06:21
5935,5,87,21-12-2024 12:11
5936,5,90,18-12-2024 06:16
5937,2,129,09-11-2024 07:39
5938,4,97,11-12-2024 10:52
5939,1,188,11-09-2024 07:47
5940,3,126,12-11-2024 07:52
5941,4,99,09-12-2024 10:28
5942,2,132,06-11-2024 15:32
5943,2,63,14-01-2025 12:28
5944,3,5,13-03-2025 11:38
5945,3,28,18-02-2025 09:19
5946,1,96,12-12-2024 02:11
5947,1,68,09-01-2025 20:35
5948,2,178,21-09-2024 23:09
5949,4,5,13-03-2025 16:22
5950,3,91,17-12-2024 04:58
5951,3,38,08-02-2025 12:54
5952,3,3,15-03-2025 21:00
5953,4,197,02-09-2024 10:42
5954,6,6,12-03-2025 06:04
5955,4,111,27-11-2024 07:29
5956,3,118,20-11-2024 22:00
5957,2,236,25-07-2024 15:00
5958,3,35,11-02-2025 15:24
5959,1,56,21-01-2025 14:43
5960,4,108,30-11-2024 02:34
5961,3,193,06-09-2024 07:56
5962,3,76,01-01-2025 11:31
5963,3,70,07-01-2025 11:20
5964,1,99,09-12-2024 05:58
5965,1,130,08-11-2024 16:55
5966,3,176,23-09-2024 12:09
5967,6,42,04-02-2025 15:32
5968,2,61,16-01-2025 11:45
5969,1,92,16-12-2024 10:29
5970,2,251,10-07-2024 06:32
5971,1,166,03-10-2024 18:26
5972,5,177,22-09-2024 13:42
5973,1,317,05-05-2024 03:29
5974,2,45,01-02-2025 04:40
5975,1,111,27-11-2024 05:52
5976,2,327,25-04-2024 06:19
5977,1,265,26-06-2024 20:09
5978,3,23,23-02-2025 21:23
5979,5,98,10-12-2024 17:39
5980,2,166,03-10-2024 10:48
5981,5,35,11-02-2025 20:49
5982,5,149,20-10-2024 05:24
5984,4,14,04-03-2025 23:42
5985,7,103,05-12-2024 09:59
5986,4,150,19-10-2024 13:18
5987,3,56,21-01-2025 10:02
5988,4,28,18-02-2025 08:45
5989,6,51,26-01-2025 03:22
5990,3,225,05-08-2024 05:31
5991,3,76,01-01-2025 14:34
5992,3,113,25-11-2024 07:35
5993,2,82,26-12-2024 09:06
5994,3,286,05-06-2024 13:38
5995,3,161,08-10-2024 14:10
5996,6,71,06-01-2025 05:03
5997,3,233,28-07-2024 13:38
5998,5,26,20-02-2025 21:43
5999,2,215,15-08-2024 22:57
6000,4,69,08-01-2025 11:00
6001,3,94,14-12-2024 07:23
6002,3,24,22-02-2025 19:06
6003,2,56,21-01-2025 02:42
6004,7,12,06-03-2025 08:57
6005,3,68,09-01-2025 11:46
6006,4,86,22-12-2024 10:48
6007,3,7,11-03-2025 11:21
6008,3,102,06-12-2024 10:39
6010,2,106,02-12-2024 23:49
6011,3,55,22-01-2025 22:39
6012,1,144,25-10-2024 23:44
6013,2,232,29-07-2024 01:36
6014,4,1,17-03-2025 02:25
6015,3,265,26-06-2024 16:54
6017,3,163,06-10-2024 10:21
6018,3,24,22-02-2025 22:38
6019,3,171,28-09-2024 05:22
6020,5,56,21-01-2025 08:20
6021,3,162,07-10-2024 09:02
6022,2,327,25-04-2024 00:09
6023,9,6,12-03-2025 20:39
6024,4,141,28-10-2024 12:06
6025,3,1,17-03-2025 03:43
6026,1,163,06-10-2024 19:17
6027,2,26,20-02-2025 10:36
6028,3,83,25-12-2024 11:58
6030,1,201,29-08-2024 19:29
6031,1,259,02-07-2024 12:45
6032,4,79,29-12-2024 03:53
6033,3,176,23-09-2024 14:08
6034,3,12,06-03-2025 05:55
6035,5,242,19-07-2024 16:55
6036,2,218,12-08-2024 13:04
6038,1,201,29-08-2024 18:16
6040,1,146,23-10-2024 12:06
6041,2,180,19-09-2024 01:41
6042,2,68,09-01-2025 12:09
6043,3,29,17-02-2025 03:12
6044,2,26,20-02-2025 22:48
6045,3,103,05-12-2024 12:45
6046,3,67,10-01-2025 04:01
6047,1,63,14-01-2025 01:51
6048,2,280,11-06-2024 11:59
6049,3,29,17-02-2025 22:53
6050,2,76,01-01-2025 03:09
6051,1,28,18-02-2025 13:32
6052,5,56,21-01-2025 23:13
6053,4,66,11-01-2025 11:55
6054,1,261,30-06-2024 09:17
6055,1,244,17-07-2024 12:45
6056,2,180,19-09-2024 06:22
6057,2,64,13-01-2025 00:46
6059,1,310,12-05-2024 22:45
6060,2,4,14-03-2025 10:11
6061,7,27,19-02-2025 12:33
6062,2,239,22-07-2024 16:04
6063,3,67,10-01-2025 06:50
6064,2,93,15-12-2024 13:04
6065,3,178,21-09-2024 10:59
6066,3,75,02-01-2025 01:39
6067,3,83,25-12-2024 10:01
6068,1,269,22-06-2024 07:52
6069,5,106,02-12-2024 05:46
6070,1,58,19-01-2025 12:04
6071,1,31,15-02-2025 12:17
6072,4,15,03-03-2025 07:23
6073,3,14,04-03-2025 18:53
6074,4,54,23-01-2025 03:08
6075,2,52,25-01-2025 02:40
6076,4,78,30-12-2024 13:18
6077,4,17,01-03-2025 03:03
6078,2,90,18-12-2024 02:38
6079,5,32,14-02-2025 01:30
6080,4,37,09-02-2025 12:35
6081,4,95,13-12-2024 15:15
6082,4,23,23-02-2025 15:03
6083,3,24,22-02-2025 02:25
6084,1,163,06-10-2024 08:49
6085,3,17,01-03-2025 16:06
6086,2,25,21-02-2025 15:14
6087,4,87,21-12-2024 09:20
6088,5,66,11-01-2025 03:49
6089,3,77,31-12-2024 19:15
6090,2,13,05-03-2025 03:10
6092,3,112,26-11-2024 08:29
6093,2,51,26-01-2025 17:09
6094,4,18,28-02-2025 20:25
6095,1,156,13-10-2024 00:13
6096,2,234,27-07-2024 23:05
6097,6,4,14-03-2025 08:27
6098,2,26,20-02-2025 17:02
6099,1,181,18-09-2024 11:05
6101,5,7,11-03-2025 21:45
6102,1,70,07-01-2025 08:58
6103,6,17,01-03-2025 10:15
6104,2,34,12-02-2025 23:02
6106,1,66,11-01-2025 03:46
6107,1,4,14-03-2025 02:25
6108,4,107,01-12-2024 13:28
6109,1,309,13-05-2024 12:48
6111,2,113,25-11-2024 02:38
6112,2,46,31-01-2025 18:50
6113,1,229,01-08-2024 09:34
6114,7,111,27-11-2024 05:50
6115,2,20,26-02-2025 14:16
6116,6,31,15-02-2025 03:15
6117,1,95,13-12-2024 21:03
6118,1,168,01-10-2024 22:35
6119,6,17,01-03-2025 08:13
6120,4,100,08-12-2024 13:47
6121,3,44,02-02-2025 11:22
6122,4,18,28-02-2025 09:41
6123,8,15,03-03-2025 12:12
6124,5,121,17-11-2024 19:51
6125,6,78,30-12-2024 16:36
6126,2,249,12-07-2024 15:55
6127,9,54,23-01-2025 04:57
6129,5,41,05-02-2025 21:26
6130,1,229,01-08-2024 11:26
6131,7,11,07-03-2025 13:00
6132,2,78,30-12-2024 09:52
6133,1,334,18-04-2024 07:13
6134,5,178,21-09-2024 05:34
6135,3,24,22-02-2025 02:30
6137,2,208,22-08-2024 20:13
6138,4,128,10-11-2024 16:29
6139,6,58,19-01-2025 20:56
6140,4,53,24-01-2025 13:48
6141,4,77,31-12-2024 10:07
6142,1,355,28-03-2024 22:23
6143,2,138,31-10-2024 17:44
6144,2,48,29-01-2025 00:08
6145,7,29,17-02-2025 09:04
6146,3,35,11-02-2025 08:38
6147,4,61,16-01-2025 09:27
6148,3,84,24-12-2024 20:04
6150,2,0,18-03-2025 21:55
6151,6,-1,19-03-2025 07:01
6152,4,20,26-02-2025 20:08
6153,2,59,18-01-2025 15:37
6154,4,7,11-03-2025 02:24
6155,5,42,04-02-2025 11:41
6156,1,169,30-09-2024 11:42
6157,5,5,13-03-2025 12:05
6158,4,263,28-06-2024 06:38
6159,5,44,02-02-2025 23:39
6160,4,197,02-09-2024 20:24
6161,3,146,23-10-2024 15:14
6162,3,175,24-09-2024 13:52
6163,2,63,14-01-2025 22:44
6164,1,77,31-12-2024 16:51
6165,2,38,08-02-2025 16:20
6166,9,5,13-03-2025 22:04
6167,2,22,24-02-2025 16:28
6168,4,36,10-02-2025 07:54
6169,3,95,13-12-2024 01:13
6170,4,20,26-02-2025 04:26
6171,4,188,11-09-2024 17:32
6172,4,13,05-03-2025 07:19
6173,2,167,02-10-2024 01:12
6174,3,10,08-03-2025 20:20
6175,3,185,14-09-2024 12:35
6176,3,75,02-01-2025 10:44
6177,7,21,25-02-2025 20:44
6178,1,155,14-10-2024 14:22
6179,1,269,22-06-2024 17:29
6180,1,324,28-04-2024 16:39
6181,4,167,02-10-2024 21:27
6182,4,10,08-03-2025 02:18
6183,3,88,20-12-2024 07:55
6184,5,64,13-01-2025 23:50
6185,4,120,18-11-2024 13:04
6186,3,99,09-12-2024 22:21
6187,2,31,15-02-2025 06:39
6188,2,254,07-07-2024 10:22
6189,2,162,07-10-2024 20:40
6191,4,35,11-02-2025 07:17
6194,1,245,16-07-2024 14:47
6195,1,159,10-10-2024 23:05
6196,4,198,01-09-2024 12:21
6197,2,22,24-02-2025 00:26
6198,4,93,15-12-2024 02:01
6199,3,13,05-03-2025 08:04
6200,2,1,17-03-2025 19:07
6201,2,131,07-11-2024 18:03
6202,1,13,05-03-2025 01:35
6203,2,88,20-12-2024 04:45
6204,3,47,30-01-2025 03:34
6205,2,210,20-08-2024 20:34
6206,3,157,12-10-2024 21:36
6207,2,93,15-12-2024 03:14
6208,6,5,13-03-2025 07:19
6209,2,57,20-01-2025 07:07
6210,2,182,17-09-2024 23:55
6211,5,170,29-09-2024 04:17
6212,4,50,27-01-2025 21:57
6213,3,240,21-07-2024 08:28
6214,4,141,28-10-2024 14:04
6215,2,147,22-10-2024 00:40
6216,4,98,10-12-2024 21:46
6217,4,27,19-02-2025 00:50
6218,3,103,05-12-2024 11:40
6219,1,349,03-04-2024 21:57
6220,5,6,12-03-2025 10:41
6221,1,139,30-10-2024 23:00
6222,1,295,27-05-2024 21:20
6223,4,53,24-01-2025 08:16
6224,4,59,18-01-2025 04:45
6225,1,332,20-04-2024 20:51
6226,3,64,13-01-2025 21:31
6227,7,0,18-03-2025 09:56
6228,4,61,16-01-2025 16:06
6230,4,131,07-11-2024 19:15
6231,4,89,19-12-2024 03:07
6232,4,16,02-03-2025 05:40
6234,2,154,15-10-2024 07:41
6235,2,182,17-09-2024 14:27
6236,1,364,19-03-2024 17:56
6237,3,32,14-02-2025 22:32
6238,3,80,28-12-2024 02:39
6239,2,53,24-01-2025 12:15
6240,2,49,28-01-2025 20:04
6241,3,4,14-03-2025 01:54
6242,3,87,21-12-2024 03:13
6243,4,5,13-03-2025 11:17
6244,3,38,08-02-2025 19:05
6245,3,122,16-11-2024 17:53
6246,5,3,15-03-2025 21:42
6247,4,162,07-10-2024 17:28
6248,2,205,25-08-2024 21:40
6249,3,107,01-12-2024 01:28
6250,1,88,20-12-2024 08:19
6251,1,167,02-10-2024 03:23
6252,1,24,22-02-2025 23:20
6253,7,7,11-03-2025 17:43
6254,5,133,05-11-2024 03:20
6255,6,67,10-01-2025 19:55
6256,2,118,20-11-2024 19:49
6257,3,7,11-03-2025 18:09
6258,4,121,17-11-2024 21:39
6259,7,157,12-10-2024 08:42
6260,4,232,29-07-2024 10:25
6262,3,126,12-11-2024 19:13
6263,3,48,29-01-2025 00:27
6264,2,10,08-03-2025 03:54
6265,2,129,09-11-2024 15:57
6266,4,103,05-12-2024 21:02
6267,2,110,28-11-2024 13:16
6268,2,70,07-01-2025 04:45
6269,4,112,26-11-2024 15:37
6270,2,134,04-11-2024 08:58
6271,1,144,25-10-2024 05:53
6272,3,84,24-12-2024 15:32
6273,2,311,11-05-2024 22:25
6274,2,229,01-08-2024 11:57
6276,1,334,18-04-2024 17:11
6277,1,222,08-08-2024 18:20
6278,2,165,04-10-2024 18:05
6279,5,66,11-01-2025 22:55
6280,5,34,12-02-2025 08:41
6281,2,115,23-11-2024 19:24
6283,3,105,03-12-2024 07:49
6284,1,6,12-03-2025 02:33
6285,4,70,07-01-2025 05:00
6287,3,166,03-10-2024 12:53
6288,2,38,08-02-2025 03:31
6289,2,99,09-12-2024 09:30
6290,2,214,16-08-2024 15:07
6291,1,182,17-09-2024 05:59
6292,3,13,05-03-2025 10:28
6293,3,21,25-02-2025 01:15
6294,3,67,10-01-2025 08:09
6295,4,119,19-11-2024 22:59
6296,2,191,08-09-2024 16:45
6297,2,58,19-01-2025 06:12
6298,1,364,19-03-2024 03:34
6299,2,134,04-11-2024 12:43
6300,3,55,22-01-2025 21:08
6301,1,145,24-10-2024 11:45
6302,2,15,03-03-2025 20:20
6303,5,24,22-02-2025 23:45
6305,2,173,26-09-2024 12:48
6306,1,41,05-02-2025 19:31
6307,1,22,24-02-2025 18:52
6308,1,161,08-10-2024 04:44
6309,5,100,08-12-2024 17:51
6310,1,151,18-10-2024 05:44
6311,3,116,22-11-2024 18:09
6312,2,113,25-11-2024 06:13
6313,3,2,16-03-2025 23:22
6314,3,199,31-08-2024 13:46
6315,3,7,11-03-2025 09:50
6316,3,6,12-03-2025 12:43
6317,3,73,04-01-2025 13:33
6318,2,298,24-05-2024 09:15
6319,3,170,29-09-2024 17:28
6320,4,144,25-10-2024 05:02
6321,5,312,10-05-2024 02:57
6322,2,103,05-12-2024 10:03
6323,6,15,03-03-2025 01:06
6324,2,289,02-06-2024 06:36
6325,1,90,18-12-2024 09:02
6326,4,2,16-03-2025 04:56
6327,3,36,10-02-2025 16:48
6328,3,28,18-02-2025 12:07
6329,1,35,11-02-2025 12:21
6330,1,25,21-02-2025 10:08
6331,2,79,29-12-2024 14:51
6332,2,15,03-03-2025 19:52
6333,1,174,25-09-2024 13:49
6334,2,316,06-05-2024 10:32
6335,4,17,01-03-2025 17:14
6336,3,2,16-03-2025 11:44
6337,4,226,04-08-2024 09:13
6338,3,216,14-08-2024 07:49
6339,2,20,26-02-2025 15:57
6341,4,194,05-09-2024 20:42
6342,3,97,11-12-2024 22:29
6343,5,109,29-11-2024 08:47
6344,5,83,25-12-2024 17:54
6345,4,65,12-01-2025 17:19
6346,3,162,07-10-2024 18:28
6347,3,74,03-01-2025 03:37
6348,1,58,19-01-2025 02:55
6349,3,130,08-11-2024 20:23
6350,1,66,11-01-2025 23:56
6352,3,134,04-11-2024 20:46
6353,3,41,05-02-2025 01:24
6354,2,112,26-11-2024 10:49
6355,2,240,21-07-2024 04:17
6356,5,66,11-01-2025 05:30
6357,3,88,20-12-2024 08:19
6358,5,26,20-02-2025 21:38
6359,3,28,18-02-2025 16:00
6360,5,97,11-12-2024 06:29
6361,4,83,25-12-2024 03:18
6362,2,150,19-10-2024 00:09
6363,2,139,30-10-2024 00:38
6364,2,274,17-06-2024 06:24
6365,5,77,31-12-2024 08:33
6366,3,111,27-11-2024 00:05
6367,4,108,30-11-2024 23:24
6368,3,150,19-10-2024 10:41
6369,3,208,22-08-2024 23:46
6370,2,190,09-09-2024 09:36
6371,4,142,27-10-2024 00:56
6372,2,60,17-01-2025 18:50
6373,6,153,16-10-2024 17:31
6374,3,28,18-02-2025 21:29
6375,1,82,26-12-2024 12:35
6376,4,68,09-01-2025 11:06
6377,6,6,12-03-2025 06:12
6378,4,25,21-02-2025 14:23
6379,3,69,08-01-2025 20:33
6380,2,40,06-02-2025 14:48
6381,3,75,02-01-2025 19:53
6382,4,56,21-01-2025 16:59
6383,4,59,18-01-2025 19:37
6384,3,299,23-05-2024 08:25
6385,2,41,05-02-2025 06:18
6386,2,6,12-03-2025 04:32
6387,1,88,20-12-2024 11:14
6388,5,19,27-02-2025 09:06
6389,1,80,28-12-2024 14:13
6390,5,50,27-01-2025 22:45
6391,1,310,12-05-2024 09:38
6392,1,281,10-06-2024 04:18
6393,2,214,16-08-2024 01:05
6394,7,43,03-02-2025 07:15
6395,3,149,20-10-2024 00:03
6396,7,0,18-03-2025 13:26
6398,2,168,01-10-2024 02:20
6399,1,168,01-10-2024 18:28
6400,2,121,17-11-2024 14:27
6401,6,44,02-02-2025 21:01
6402,1,232,29-07-2024 05:08
6403,2,6,12-03-2025 10:23
6404,4,211,19-08-2024 15:47
6405,2,226,04-08-2024 06:19
6406,8,16,02-03-2025 18:36
6407,5,109,29-11-2024 07:48
6408,3,159,10-10-2024 20:54
6409,3,118,20-11-2024 10:30
6410,4,21,25-02-2025 20:20
6411,2,277,14-06-2024 00:49
6412,2,26,20-02-2025 08:34
6413,2,191,08-09-2024 00:01
6414,3,108,30-11-2024 09:07
6415,3,203,27-08-2024 13:25
6417,5,37,09-02-2025 21:49
6419,2,57,20-01-2025 06:06
6420,5,192,07-09-2024 19:52
6421,4,114,24-11-2024 11:55
6422,2,219,11-08-2024 04:30
6423,2,160,09-10-2024 20:21
6424,3,124,14-11-2024 01:04
6425,2,61,16-01-2025 19:47
6426,4,146,23-10-2024 14:31
6427,1,168,01-10-2024 02:51
6428,7,79,29-12-2024 01:10
6429,1,2,16-03-2025 12:10
6430,4,1,17-03-2025 21:00
6431,2,40,06-02-2025 07:40
6432,1,100,08-12-2024 21:04
6433,7,112,26-11-2024 03:43
6435,3,111,27-11-2024 15:48
6436,1,129,09-11-2024 10:13
6437,3,116,22-11-2024 00:28
6438,2,86,22-12-2024 05:05
6439,4,15,03-03-2025 02:31
6440,4,123,15-11-2024 05:01
6441,2,28,18-02-2025 10:52
6442,4,118,20-11-2024 04:28
6443,2,179,20-09-2024 10:08
6445,1,142,27-10-2024 21:58
6446,3,49,28-01-2025 10:37
6447,6,30,16-02-2025 04:49
6448,5,63,14-01-2025 09:50
6449,3,19,27-02-2025 16:17
6450,5,19,27-02-2025 17:18
6451,1,325,27-04-2024 23:04
6452,2,41,05-02-2025 06:43
6453,1,106,02-12-2024 22:47
6454,10,71,06-01-2025 09:27
6455,5,34,12-02-2025 07:13
6456,2,116,22-11-2024 18:28
6457,2,34,12-02-2025 12:21
6458,4,29,17-02-2025 00:02
6459,3,10,08-03-2025 14:00
6460,8,72,05-01-2025 20:34
6461,3,104,04-12-2024 06:13
6462,3,106,02-12-2024 05:47
6463,4,78,30-12-2024 08:26
6464,3,64,13-01-2025 20:13
6465,4,21,25-02-2025 02:53
6466,2,221,09-08-2024 19:12
6467,5,142,27-10-2024 05:59
6468,3,88,20-12-2024 17:49
6469,2,36,10-02-2025 15:19
6470,2,170,29-09-2024 17:04
6471,1,175,24-09-2024 00:32
6472,1,226,04-08-2024 18:02
6473,2,49,28-01-2025 19:43
6474,2,160,09-10-2024 01:09
6475,5,8,10-03-2025 11:59
6476,2,70,07-01-2025 05:16
6477,5,5,13-03-2025 19:46
6478,4,8,10-03-2025 03:41
6479,3,21,25-02-2025 20:55
6480,3,186,13-09-2024 21:05
6481,4,0,18-03-2025 23:04
6482,2,312,10-05-2024 23:30
6484,2,68,09-01-2025 17:04
6485,4,56,21-01-2025 08:12
6486,5,8,10-03-2025 12:45
6487,1,321,01-05-2024 14:58
6489,3,27,19-02-2025 16:29
6490,1,348,04-04-2024 23:58
6491,1,286,05-06-2024 07:11
6492,4,133,05-11-2024 20:12
6493,5,167,02-10-2024 09:53
6494,2,138,31-10-2024 16:12
6495,3,181,18-09-2024 13:08
6496,4,84,24-12-2024 03:29
6498,1,120,18-11-2024 10:44
6499,2,23,23-02-2025 20:38
6500,3,43,03-02-2025 07:45
6501,1,101,07-12-2024 09:12
6502,5,80,28-12-2024 17:43
6503,3,4,14-03-2025 00:02
6505,2,79,29-12-2024 11:14
6506,7,52,25-01-2025 05:01
6507,4,84,24-12-2024 08:19
6508,1,281,10-06-2024 16:02
6509,5,106,02-12-2024 11:49
6510,2,184,15-09-2024 23:56
6511,2,30,16-02-2025 15:16
6512,3,281,10-06-2024 20:39
6514,2,85,23-12-2024 12:25
6515,2,101,07-12-2024 12:31
6516,3,102,06-12-2024 03:41
6517,6,101,07-12-2024 21:40
6518,4,112,26-11-2024 20:39
6519,2,198,01-09-2024 02:14
6520,6,132,06-11-2024 05:08
6521,3,79,29-12-2024 13:29
6522,3,117,21-11-2024 08:56
6523,2,42,04-02-2025 00:52
6524,1,275,16-06-2024 07:12
6525,1,322,30-04-2024 14:21
6526,5,65,12-01-2025 15:02
6527,3,106,02-12-2024 22:05
6528,2,163,06-10-2024 22:22
6529,3,11,07-03-2025 20:38
6530,4,68,09-01-2025 16:37
6531,4,57,20-01-2025 02:24
6532,3,311,11-05-2024 23:40
6533,2,1,17-03-2025 11:39
6534,1,190,09-09-2024 11:55
6535,4,209,21-08-2024 08:52
6537,4,35,11-02-2025 04:24
6538,5,17,01-03-2025 09:32
6539,1,111,27-11-2024 08:18
6540,2,206,24-08-2024 22:27
6541,3,168,01-10-2024 06:44
6542,3,72,05-01-2025 13:06
6543,2,184,15-09-2024 00:31
6544,3,21,25-02-2025 21:47
6545,3,143,26-10-2024 12:21
6546,3,52,25-01-2025 10:54
6549,1,310,12-05-2024 13:19
6550,1,69,08-01-2025 15:16
6551,3,287,04-06-2024 04:46
6552,2,164,05-10-2024 00:32
6553,5,63,14-01-2025 05:38
6554,3,32,14-02-2025 01:34
6555,3,46,31-01-2025 19:12
6556,1,148,21-10-2024 02:00
6557,2,139,30-10-2024 01:22
6558,1,14,04-03-2025 04:02
6560,5,70,07-01-2025 05:13
6561,2,178,21-09-2024 05:54
6562,4,114,24-11-2024 17:26
6563,3,76,01-01-2025 02:31
6564,2,159,10-10-2024 15:20
6565,2,234,27-07-2024 15:43
6566,1,323,29-04-2024 23:20
6567,1,212,18-08-2024 13:19
6568,2,31,15-02-2025 16:24
6570,4,48,29-01-2025 07:42
6571,2,95,13-12-2024 14:31
6573,2,194,05-09-2024 19:00
6574,4,143,26-10-2024 07:03
6575,4,69,08-01-2025 22:16
6576,2,100,08-12-2024 22:13
6577,2,237,24-07-2024 22:32
6578,4,134,04-11-2024 12:36
6579,6,22,24-02-2025 04:25
6580,5,31,15-02-2025 20:08
6581,5,41,05-02-2025 22:24
6582,4,72,05-01-2025 17:19
6583,3,181,18-09-2024 06:23
6584,5,81,27-12-2024 00:21
6585,3,14,04-03-2025 03:24
6586,2,93,15-12-2024 13:03
6587,5,11,07-03-2025 07:17
6588,4,54,23-01-2025 02:33
6589,2,57,20-01-2025 21:43
6590,4,38,08-02-2025 02:32
6591,4,22,24-02-2025 22:11
6592,2,149,20-10-2024 07:20
6593,2,110,28-11-2024 16:24
6594,2,249,12-07-2024 07:59
6595,4,33,13-02-2025 14:22
6597,4,34,12-02-2025 16:11
6598,1,32,14-02-2025 00:19
6599,1,238,23-07-2024 08:46
6601,3,97,11-12-2024 02:18
6602,5,2,16-03-2025 09:43
6603,1,64,13-01-2025 17:01
6604,3,136,02-11-2024 05:39
6605,2,168,01-10-2024 17:33
6606,9,53,24-01-2025 04:54
6607,5,78,30-12-2024 16:33
6608,4,37,09-02-2025 12:55
6609,5,13,05-03-2025 02:34
6610,5,18,28-02-2025 08:31
6612,3,158,11-10-2024 07:30
6613,6,141,28-10-2024 10:53
6614,1,45,01-02-2025 22:56
6615,5,21,25-02-2025 02:53
6616,7,103,05-12-2024 13:04
6617,4,52,25-01-2025 04:22
6618,2,3,15-03-2025 02:00
6619,4,42,04-02-2025 17:41
6620,2,45,01-02-2025 20:16
6621,3,42,04-02-2025 21:36
6622,3,106,02-12-2024 12:09
6623,1,264,27-06-2024 04:34
6624,4,126,12-11-2024 17:05
6625,4,186,13-09-2024 23:25
6626,3,223,07-08-2024 15:36
6627,5,134,04-11-2024 04:36
6628,4,31,15-02-2025 16:25
6629,2,43,03-02-2025 05:36
6630,2,51,26-01-2025 19:30
6631,2,199,31-08-2024 04:43
6632,3,141,28-10-2024 09:29
6633,4,186,13-09-2024 19:10
6634,3,233,28-07-2024 07:27
6635,4,197,02-09-2024 03:50
6636,1,256,05-07-2024 01:39
6637,1,188,11-09-2024 18:30
6638,4,93,15-12-2024 00:19
6639,1,316,06-05-2024 03:09
6640,3,133,05-11-2024 14:54
6641,2,64,13-01-2025 17:07
6642,2,69,08-01-2025 13:03
6643,1,138,31-10-2024 15:45
6645,2,22,24-02-2025 14:34
6646,7,22,24-02-2025 18:00
6647,3,0,18-03-2025 08:18
6648,1,311,11-05-2024 14:01
6649,1,278,13-06-2024 14:12
6650,5,4,14-03-2025 03:55
6651,2,18,28-02-2025 01:47
6652,4,140,29-10-2024 04:09
6654,5,0,18-03-2025 16:36
6655,4,34,12-02-2025 21:20
6656,1,109,29-11-2024 14:00
6657,3,62,15-01-2025 02:46
6658,4,18,28-02-2025 00:10
6659,2,37,09-02-2025 20:49
6660,1,109,29-11-2024 02:17
6661,4,43,03-02-2025 02:05
6662,1,323,29-04-2024 20:03
6663,3,83,25-12-2024 01:40
6664,4,58,19-01-2025 06:57
6665,3,49,28-01-2025 16:33
6666,1,238,23-07-2024 16:28
6667,2,27,19-02-2025 22:32
6668,6,6,12-03-2025 00:58
6670,2,45,01-02-2025 12:27
6671,6,70,07-01-2025 19:15
6672,1,207,23-08-2024 06:41
6673,1,251,10-07-2024 16:12
6674,2,238,23-07-2024 08:56
6675,4,136,02-11-2024 19:35
6676,3,4,14-03-2025 05:16
6677,3,91,17-12-2024 11:37
6678,2,4,14-03-2025 18:51
6679,2,194,05-09-2024 03:06
6680,4,13,05-03-2025 13:41
6681,1,205,25-08-2024 08:29
6682,7,46,31-01-2025 18:13
6683,4,3,15-03-2025 19:47
6684,5,8,10-03-2025 11:05
6685,3,36,10-02-2025 06:05
6686,3,33,13-02-2025 20:16
6687,5,78,30-12-2024 06:57
6688,1,264,27-06-2024 09:44
6690,3,114,24-11-2024 04:05
6691,3,104,04-12-2024 00:26
6692,2,351,01-04-2024 09:56
6693,4,76,01-01-2025 19:37
6694,2,96,12-12-2024 00:47
6695,3,2,16-03-2025 00:05
6696,4,24,22-02-2025 18:23
6697,6,3,15-03-2025 00:12
6698,4,33,13-02-2025 14:51
6699,6,33,13-02-2025 09:49
6700,6,42,04-02-2025 14:54
6701,2,2,16-03-2025 17:49
6702,4,87,21-12-2024 05:45
6703,2,214,16-08-2024 19:48
6704,2,157,12-10-2024 09:11
6705,3,34,12-02-2025 02:28
6706,1,25,21-02-2025 13:31
6707,2,47,30-01-2025 16:49
6708,3,1,17-03-2025 00:55
6709,2,196,03-09-2024 11:55
6710,5,162,07-10-2024 16:23
6711,2,77,31-12-2024 02:40
6712,2,74,03-01-2025 16:17
6713,2,158,11-10-2024 10:04
6714,2,43,03-02-2025 16:02
6715,2,13,05-03-2025 21:56
6716,2,230,31-07-2024 18:18
6717,2,195,04-09-2024 02:52
6718,2,147,22-10-2024 10:32
6719,3,135,03-11-2024 10:01
6720,4,73,04-01-2025 07:07
6721,4,105,03-12-2024 18:04
6722,2,138,31-10-2024 03:52
6724,1,266,25-06-2024 03:24
6725,2,24,22-02-2025 23:19
6726,1,119,19-11-2024 21:54
6727,4,4,14-03-2025 20:56
6728,1,298,24-05-2024 19:46
6730,2,51,26-01-2025 02:00
6731,3,36,10-02-2025 20:24
6732,5,119,19-11-2024 22:27
6733,3,103,05-12-2024 17:23
6735,4,43,03-02-2025 21:52
6736,4,-1,19-03-2025 09:33
6737,3,85,23-12-2024 11:29
6738,5,114,24-11-2024 20:50
6739,3,79,29-12-2024 01:38
6740,3,5,13-03-2025 23:40
6741,2,105,03-12-2024 12:44
6744,8,40,06-02-2025 02:36
6745,5,120,18-11-2024 20:24
6746,4,3,15-03-2025 11:52
6747,3,184,15-09-2024 19:17
6748,4,13,05-03-2025 15:02
6749,5,198,01-09-2024 05:40
6750,7,63,14-01-2025 19:29
6751,2,71,06-01-2025 07:49
6752,1,215,15-08-2024 22:47
6753,5,1,17-03-2025 01:54
6754,3,59,18-01-2025 06:53
6755,2,2,16-03-2025 22:53
6756,3,26,20-02-2025 12:56
6757,1,266,25-06-2024 22:15
6758,6,14,04-03-2025 05:42
6759,1,226,04-08-2024 10:54
6760,3,28,18-02-2025 22:08
6761,2,247,14-07-2024 18:40
6762,5,69,08-01-2025 01:03
6763,3,20,26-02-2025 03:38
6764,2,51,26-01-2025 14:24
6765,3,74,03-01-2025 18:12
6767,1,194,05-09-2024 14:29
6768,3,4,14-03-2025 13:36
6769,1,257,04-07-2024 01:56
6770,2,28,18-02-2025 15:41
6771,3,54,23-01-2025 03:36
6772,8,1,17-03-2025 13:31
6773,1,188,11-09-2024 04:30
6774,4,232,29-07-2024 18:05
6775,1,360,23-03-2024 18:50
6776,1,219,11-08-2024 14:42
6777,2,66,11-01-2025 10:04
6778,2,11,07-03-2025 19:37
6779,2,253,08-07-2024 18:53
6780,4,164,05-10-2024 00:22
6781,6,37,09-02-2025 05:04
6782,1,37,09-02-2025 23:56
6783,2,154,15-10-2024 01:58
6784,6,9,09-03-2025 08:15
6785,8,50,27-01-2025 23:28
6786,4,47,30-01-2025 10:20
6787,2,120,18-11-2024 04:19
6788,2,1,17-03-2025 18:32
6789,7,30,16-02-2025 13:26
6790,6,42,04-02-2025 01:48
6791,2,291,31-05-2024 10:18
6792,5,25,21-02-2025 07:44
6793,3,12,06-03-2025 01:16
6794,3,163,06-10-2024 01:53
6795,1,1,17-03-2025 18:15
6796,3,148,21-10-2024 23:35
6797,3,101,07-12-2024 11:04
6798,3,220,10-08-2024 14:25
6801,1,287,04-06-2024 07:21
6802,6,105,03-12-2024 04:39
6803,4,245,16-07-2024 06:35
6804,5,164,05-10-2024 07:24
6806,6,8,10-03-2025 13:45
6807,6,2,16-03-2025 18:03
6809,3,243,18-07-2024 12:46
6810,2,103,05-12-2024 13:06
6811,4,205,25-08-2024 05:52
6812,3,167,02-10-2024 00:10
6813,7,46,31-01-2025 11:39
6815,3,101,07-12-2024 22:46
6816,3,104,04-12-2024 14:18
6817,2,90,18-12-2024 11:32
6818,1,158,11-10-2024 15:37
6819,1,183,16-09-2024 14:55
6820,2,1,17-03-2025 00:56
6821,1,101,07-12-2024 13:58
6822,7,11,07-03-2025 17:10
6823,5,2,16-03-2025 11:48
6824,2,120,18-11-2024 11:32
6825,1,332,20-04-2024 11:23
6826,1,228,02-08-2024 08:25
6828,2,252,09-07-2024 12:39
6829,5,49,28-01-2025 18:01
6830,2,145,24-10-2024 16:56
6831,3,1,17-03-2025 06:42
6832,3,161,08-10-2024 20:39
6833,2,1,17-03-2025 15:19
6834,3,4,14-03-2025 23:00
6835,3,69,08-01-2025 00:54
6836,6,84,24-12-2024 10:30
6837,2,69,08-01-2025 07:57
6838,3,72,05-01-2025 23:30
6839,3,56,21-01-2025 01:33
6840,2,34,12-02-2025 10:52
6841,2,173,26-09-2024 10:34
6842,2,301,21-05-2024 14:25
6843,2,2,16-03-2025 22:35
6844,3,111,27-11-2024 06:00
6845,3,5,13-03-2025 04:41
6846,4,211,19-08-2024 03:13
6848,4,23,23-02-2025 01:09
6849,5,121,17-11-2024 14:50
6850,2,235,26-07-2024 10:44
6851,1,231,30-07-2024 04:39
6852,3,218,12-08-2024 06:01
6853,3,204,26-08-2024 02:29
6854,1,76,01-01-2025 03:55
6855,6,59,18-01-2025 15:14
6856,2,19,27-02-2025 07:51
6857,3,49,28-01-2025 03:45
6858,1,119,19-11-2024 21:39
6859,5,22,24-02-2025 21:18
6860,2,166,03-10-2024 04:55
6861,3,51,26-01-2025 22:53
6862,4,6,12-03-2025 13:43
6863,3,55,22-01-2025 21:05
6864,3,192,07-09-2024 19:24
6866,3,119,19-11-2024 20:26
6867,2,284,07-06-2024 04:47
6868,1,112,26-11-2024 15:48
6869,5,34,12-02-2025 15:04
6870,3,232,29-07-2024 09:26
6871,3,129,09-11-2024 07:55
6872,1,281,10-06-2024 22:30
6873,3,120,18-11-2024 15:02
6874,5,190,09-09-2024 12:16
6875,2,217,13-08-2024 21:44
6877,3,58,19-01-2025 12:28
6878,2,303,19-05-2024 07:12
6879,5,79,29-12-2024 19:30
6880,1,223,07-08-2024 18:34
6881,3,1,17-03-2025 02:18
6882,4,77,31-12-2024 00:34
6883,4,13,05-03-2025 07:21
6884,3,184,15-09-2024 21:12
6885,4,75,02-01-2025 17:19
6886,2,205,25-08-2024 17:53
6887,1,332,20-04-2024 22:09
6888,2,296,26-05-2024 06:53
6889,7,121,17-11-2024 09:18
6890,5,151,18-10-2024 20:24
6891,2,237,24-07-2024 09:23
6893,3,182,17-09-2024 06:33
6895,2,42,04-02-2025 02:00
6896,6,12,06-03-2025 00:26
6897,1,127,11-11-2024 05:43
6898,2,67,10-01-2025 10:46
6899,2,64,13-01-2025 05:09
6900,3,76,01-01-2025 21:09
6901,2,67,10-01-2025 12:15
6902,5,99,09-12-2024 20:52
6903,3,122,16-11-2024 12:40
6906,3,124,14-11-2024 23:34
6907,1,349,03-04-2024 10:55
6908,2,0,18-03-2025 14:56
6909,5,62,15-01-2025 06:51
6910,8,41,05-02-2025 04:49
6911,4,1,17-03-2025 10:55
6912,5,137,01-11-2024 18:34
6913,1,290,01-06-2024 21:51
6914,5,10,08-03-2025 01:54
6915,2,257,04-07-2024 03:24
6916,3,136,02-11-2024 04:16
6917,6,116,22-11-2024 16:29
6918,3,30,16-02-2025 22:40
6919,3,140,29-10-2024 22:24
6920,6,24,22-02-2025 17:36
6921,2,16,02-03-2025 00:40
6922,2,0,18-03-2025 01:31
6923,2,32,14-02-2025 08:45
6924,5,13,05-03-2025 07:15
6925,4,31,15-02-2025 16:53
6926,5,3,15-03-2025 00:11
6927,4,35,11-02-2025 19:30
6929,3,3,15-03-2025 11:08
6930,2,85,23-12-2024 20:59
6931,6,1,17-03-2025 08:47
6932,1,127,11-11-2024 09:19
6933,5,25,21-02-2025 23:20
6934,4,55,22-01-2025 06:28
6935,4,197,02-09-2024 03:50
6937,2,110,28-11-2024 01:04
6940,2,39,07-02-2025 23:11
6941,3,90,18-12-2024 12:26
6942,5,71,06-01-2025 15:12
6943,5,49,28-01-2025 12:04
6944,1,295,27-05-2024 07:31
6945,2,34,12-02-2025 22:23
6946,2,204,26-08-2024 20:56
6947,3,62,15-01-2025 23:11
6949,3,14,04-03-2025 02:43
6950,3,96,12-12-2024 09:49
6951,2,150,19-10-2024 06:25
6953,2,61,16-01-2025 17:04
6954,3,54,23-01-2025 16:44
6955,1,113,25-11-2024 08:41
6956,3,2,16-03-2025 19:50
6957,2,227,03-08-2024 14:58
6958,5,16,02-03-2025 23:47
6959,3,144,25-10-2024 15:48
6960,4,13,05-03-2025 07:34
6961,2,18,28-02-2025 00:32
6962,3,12,06-03-2025 10:20
6963,1,338,14-04-2024 11:27
6964,3,55,22-01-2025 06:42
6965,3,155,14-10-2024 15:45
6966,4,112,26-11-2024 16:12
6967,4,20,26-02-2025 09:10
6968,1,13,05-03-2025 01:10
6969,4,21,25-02-2025 18:16
6970,3,147,22-10-2024 08:10
6971,5,79,29-12-2024 22:16
6972,3,155,14-10-2024 08:17
6973,4,58,19-01-2025 15:25
6974,2,37,09-02-2025 13:36
6975,2,85,23-12-2024 03:08
6976,1,350,02-04-2024 21:14
6977,2,109,29-11-2024 13:54
6978,2,64,13-01-2025 07:43
6979,2,133,05-11-2024 08:45
6980,3,238,23-07-2024 13:30
6981,2,19,27-02-2025 09:13
6982,1,253,08-07-2024 18:21
6983,2,27,19-02-2025 05:42
6984,7,61,16-01-2025 02:51
6986,3,183,16-09-2024 19:24
6987,2,257,04-07-2024 23:01
6988,3,103,05-12-2024 19:51
6989,3,240,21-07-2024 14:48
6991,5,40,06-02-2025 01:32
6992,2,137,01-11-2024 12:46
6993,2,175,24-09-2024 14:04
6994,2,132,06-11-2024 12:48
6995,3,19,27-02-2025 11:03
6996,4,12,06-03-2025 02:50
6998,4,116,22-11-2024 08:29
7000,2,26,20-02-2025 18:29
7001,2,99,09-12-2024 14:07
7003,6,95,13-12-2024 09:31
7004,3,13,05-03-2025 17:53
7005,2,62,15-01-2025 12:03
7006,2,58,19-01-2025 23:16
7007,4,42,04-02-2025 12:37
7008,4,120,18-11-2024 12:17
7011,1,301,21-05-2024 18:21
7012,2,74,03-01-2025 09:18
7013,1,255,06-07-2024 19:04
7014,3,155,14-10-2024 12:21
7015,3,68,09-01-2025 13:42
7016,2,123,15-11-2024 19:10
7017,3,51,26-01-2025 15:47
7018,1,94,14-12-2024 07:18
7019,5,73,04-01-2025 10:33
7020,5,55,22-01-2025 22:06
7021,4,255,06-07-2024 00:37
7022,4,30,16-02-2025 12:01
7023,4,-1,19-03-2025 00:22
7024,3,91,17-12-2024 10:27
7025,3,36,10-02-2025 06:29
7026,1,238,23-07-2024 22:35
7028,1,63,14-01-2025 18:47
7029,6,83,25-12-2024 00:10
7030,3,253,08-07-2024 12:59
7031,3,173,26-09-2024 13:30
7032,4,13,05-03-2025 21:39
7033,1,150,19-10-2024 07:10
7034,3,32,14-02-2025 07:47
7035,5,78,30-12-2024 19:57
7036,2,42,04-02-2025 13:22
7038,1,145,24-10-2024 23:38
7039,4,232,29-07-2024 19:56
7040,4,64,13-01-2025 20:57
7041,2,142,27-10-2024 01:24
7042,2,227,03-08-2024 15:44
7043,3,81,27-12-2024 16:05
7044,3,53,24-01-2025 23:22
7045,3,193,06-09-2024 14:36
7046,2,52,25-01-2025 18:54
7047,2,8,10-03-2025 00:35
7049,2,160,09-10-2024 22:26
7050,3,102,06-12-2024 08:33
7051,3,47,30-01-2025 22:54
7052,4,9,09-03-2025 14:37
7053,3,40,06-02-2025 02:04
7055,2,277,14-06-2024 02:43
7056,3,41,05-02-2025 04:09
7058,2,313,09-05-2024 17:27
7059,2,110,28-11-2024 12:14
7060,4,87,21-12-2024 23:30
7061,4,4,14-03-2025 14:07
7062,3,135,03-11-2024 18:54
7063,3,166,03-10-2024 19:31
7064,2,145,24-10-2024 19:32
7065,7,134,04-11-2024 01:43
7066,4,105,03-12-2024 03:46
7067,2,123,15-11-2024 01:21
7068,3,142,27-10-2024 15:54
7069,1,212,18-08-2024 00:18
7071,3,32,14-02-2025 02:14
7072,2,54,23-01-2025 05:05
7073,3,8,10-03-2025 05:41
7074,2,334,18-04-2024 16:34
7075,9,8,10-03-2025 22:12
7076,2,170,29-09-2024 23:01
7077,2,293,29-05-2024 04:19
7078,3,90,18-12-2024 07:36
7079,5,46,31-01-2025 01:10
7080,3,10,08-03-2025 19:35
7081,2,196,03-09-2024 04:24
7082,4,94,14-12-2024 15:28
7084,2,337,15-04-2024 13:10
7085,4,102,06-12-2024 17:30
7086,4,19,27-02-2025 14:06
7087,5,116,22-11-2024 09:36
7088,5,16,02-03-2025 11:43
7089,4,201,29-08-2024 06:18
7090,3,104,04-12-2024 19:17
7091,4,14,04-03-2025 04:11
7092,2,175,24-09-2024 09:00
7093,2,51,26-01-2025 09:36
7094,1,196,03-09-2024 23:22
7095,1,336,16-04-2024 13:18
7096,3,110,28-11-2024 16:42
7097,1,172,27-09-2024 06:21
7098,2,161,08-10-2024 18:35
7099,2,297,25-05-2024 14:13
7100,6,25,21-02-2025 22:33
7101,5,120,18-11-2024 02:57
7102,3,28,18-02-2025 16:58
7103,3,195,04-09-2024 18:52
7104,2,6,12-03-2025 22:18
7105,2,10,08-03-2025 08:07
7106,3,258,03-07-2024 11:14
7107,4,103,05-12-2024 23:08
7108,2,156,13-10-2024 07:36
7109,2,219,11-08-2024 03:22
7111,9,13,05-03-2025 05:28
7112,1,178,21-09-2024 22:45
7113,3,269,22-06-2024 16:12
7114,2,138,31-10-2024 01:39
7115,6,192,07-09-2024 16:38
7116,2,174,25-09-2024 13:02
7117,3,151,18-10-2024 18:32
7118,3,39,07-02-2025 21:42
7119,8,50,27-01-2025 08:56
7120,4,13,05-03-2025 14:02
7121,3,7,11-03-2025 07:00
7122,5,34,12-02-2025 06:16
7123,2,125,13-11-2024 06:49
7124,2,159,10-10-2024 15:06
7125,5,108,30-11-2024 19:11
7126,1,344,08-04-2024 03:41
7127,3,56,21-01-2025 15:11
7128,4,28,18-02-2025 02:00
7129,3,200,30-08-2024 22:25
7130,2,65,12-01-2025 19:16
7131,3,34,12-02-2025 02:02
7132,4,74,03-01-2025 11:56
7133,1,122,16-11-2024 03:48
7135,4,32,14-02-2025 05:51
7136,3,67,10-01-2025 19:39
7137,1,301,21-05-2024 00:41
7138,4,4,14-03-2025 13:25
7139,3,61,16-01-2025 07:35
7140,3,109,29-11-2024 11:41
7141,3,35,11-02-2025 10:52
7142,4,83,25-12-2024 02:02
7143,2,89,19-12-2024 01:33
7144,1,36,10-02-2025 18:26
7145,4,42,04-02-2025 00:52
7146,1,104,04-12-2024 17:12
7147,4,21,25-02-2025 21:41
7149,1,285,06-06-2024 13:56
7150,6,88,20-12-2024 01:40
7151,4,49,28-01-2025 15:56
7152,1,104,04-12-2024 22:36
7153,2,4,14-03-2025 22:17
7154,4,54,23-01-2025 03:24
7156,1,364,19-03-2024 21:21
7157,1,34,12-02-2025 22:47
7158,2,11,07-03-2025 09:01
7160,3,176,23-09-2024 03:13
7161,5,12,06-03-2025 02:29
7162,4,7,11-03-2025 06:25
7163,6,28,18-02-2025 23:23
7164,3,53,24-01-2025 06:21
7165,1,206,24-08-2024 14:21
7166,4,7,11-03-2025 14:04
7167,1,28,18-02-2025 07:01
7168,1,172,27-09-2024 11:58
7169,1,212,18-08-2024 06:16
7170,2,283,08-06-2024 02:10
7171,5,171,28-09-2024 02:27
7172,5,41,05-02-2025 12:46
7173,2,62,15-01-2025 19:21
7174,3,100,08-12-2024 00:17
7176,1,309,13-05-2024 15:23
7177,2,289,02-06-2024 12:35
7178,5,18,28-02-2025 11:17
7179,1,213,17-08-2024 08:00
7180,4,219,11-08-2024 08:01
7181,3,68,09-01-2025 18:33
7182,1,33,13-02-2025 15:50
7183,2,108,30-11-2024 19:49
7184,2,71,06-01-2025 15:30
7185,3,195,04-09-2024 11:34
7186,4,24,22-02-2025 22:27
7187,2,82,26-12-2024 11:01
7188,3,117,21-11-2024 05:28
7189,2,126,12-11-2024 06:30
7190,1,210,20-08-2024 15:07
7191,6,11,07-03-2025 15:33
7193,7,18,28-02-2025 21:36
7194,3,93,15-12-2024 10:43
7195,3,117,21-11-2024 02:12
7196,1,187,12-09-2024 09:49
7197,1,331,21-04-2024 17:56
7199,3,129,09-11-2024 04:47
7200,2,168,01-10-2024 23:01
7201,4,105,03-12-2024 10:49
7202,3,212,18-08-2024 05:05
7203,6,0,18-03-2025 07:10
7204,1,59,18-01-2025 11:59
7205,4,82,26-12-2024 10:28
7206,1,356,27-03-2024 01:24
7207,3,110,28-11-2024 21:01
7208,1,25,21-02-2025 06:02
7209,3,304,18-05-2024 09:05
7210,4,3,15-03-2025 08:21
7211,5,81,27-12-2024 02:46
7212,1,135,03-11-2024 13:35
7213,2,35,11-02-2025 12:24
7214,3,87,21-12-2024 11:59
7215,1,39,07-02-2025 09:02
7216,3,46,31-01-2025 12:20
7217,1,303,19-05-2024 22:31
7219,5,13,05-03-2025 16:34
7220,4,42,04-02-2025 22:11
7221,3,18,28-02-2025 21:46
7222,3,74,03-01-2025 23:53
7223,4,104,04-12-2024 07:11
7224,3,198,01-09-2024 23:16
7225,5,40,06-02-2025 20:19
7226,2,235,26-07-2024 15:14
7227,1,207,23-08-2024 21:09
7228,4,97,11-12-2024 13:37
7229,6,123,15-11-2024 03:44
7230,2,169,30-09-2024 14:50
7231,4,195,04-09-2024 15:02
7232,1,233,28-07-2024 10:11
7233,1,250,11-07-2024 12:51
7234,4,91,17-12-2024 14:39
7235,6,62,15-01-2025 08:33
7236,2,2,16-03-2025 23:02
7237,2,174,25-09-2024 11:55
7238,1,69,08-01-2025 08:52
7239,3,96,12-12-2024 22:26
7240,3,31,15-02-2025 14:15
7242,6,5,13-03-2025 02:59
7243,3,95,13-12-2024 16:30
7244,5,47,30-01-2025 09:13
7245,2,47,30-01-2025 06:07
7246,4,60,17-01-2025 12:11
7247,4,100,08-12-2024 17:34
7248,1,302,20-05-2024 02:54
7249,2,60,17-01-2025 17:34
7250,2,68,09-01-2025 22:55
7252,1,263,28-06-2024 10:46
7253,4,38,08-02-2025 13:43
7254,1,275,16-06-2024 05:17
7255,2,162,07-10-2024 14:03
7256,2,5,13-03-2025 04:43
7257,4,222,08-08-2024 03:41
7258,2,133,05-11-2024 22:33
7259,4,16,02-03-2025 19:07
7260,2,242,19-07-2024 02:06
7261,2,167,02-10-2024 12:48
7262,4,36,10-02-2025 09:52
7263,2,179,20-09-2024 19:28
7265,3,12,06-03-2025 04:17
7266,6,59,18-01-2025 13:27
7267,1,150,19-10-2024 18:03
7268,4,96,12-12-2024 07:09
7269,1,72,05-01-2025 04:19
7270,1,152,17-10-2024 09:03
7271,3,216,14-08-2024 16:35
7272,4,132,06-11-2024 11:10
7274,1,68,09-01-2025 12:29
7275,3,22,24-02-2025 20:35
7276,3,231,30-07-2024 08:28
7277,4,19,27-02-2025 22:43
7278,5,103,05-12-2024 04:43
7279,4,67,10-01-2025 19:59
7280,1,350,02-04-2024 03:05
7281,5,21,25-02-2025 12:26
7282,5,193,06-09-2024 11:14
7283,3,261,30-06-2024 18:57
7284,4,22,24-02-2025 20:36
7285,2,147,22-10-2024 02:05
7286,1,274,17-06-2024 12:10
7287,6,56,21-01-2025 21:42
7288,1,139,30-10-2024 16:07
7289,1,117,21-11-2024 09:15
7290,2,141,28-10-2024 13:34
7291,6,31,15-02-2025 22:05
7292,5,99,09-12-2024 15:24
7293,6,32,14-02-2025 06:42
7294,2,260,01-07-2024 04:25
7295,3,5,13-03-2025 10:24
7296,2,5,13-03-2025 05:45
7297,4,29,17-02-2025 19:05
7299,2,208,22-08-2024 15:57
7300,4,94,14-12-2024 06:42
7301,3,40,06-02-2025 22:22
7302,1,35,11-02-2025 14:43
7303,2,131,07-11-2024 07:25
7304,1,207,23-08-2024 08:25
7305,2,250,11-07-2024 02:31
7306,5,84,24-12-2024 11:08
7307,1,105,03-12-2024 23:18
7308,1,258,03-07-2024 21:59
7309,2,112,26-11-2024 10:48
7310,2,89,19-12-2024 21:41
7311,3,149,20-10-2024 00:02
7312,2,60,17-01-2025 15:05
7313,4,97,11-12-2024 20:52
7314,3,89,19-12-2024 06:00
7315,3,107,01-12-2024 05:51
7316,2,150,19-10-2024 17:17
7317,4,15,03-03-2025 19:53
7318,4,26,20-02-2025 03:38
7319,2,93,15-12-2024 07:37
7320,6,66,11-01-2025 08:36
7321,2,40,06-02-2025 17:08
7322,3,0,18-03-2025 00:44
7323,2,92,16-12-2024 13:32
7325,1,283,08-06-2024 18:57
7326,1,326,26-04-2024 09:33
7327,3,131,07-11-2024 15:52
7328,2,0,18-03-2025 09:29
7329,7,12,06-03-2025 11:40
7330,3,85,23-12-2024 22:10
7331,6,15,03-03-2025 00:40
7332,1,248,13-07-2024 01:44
7333,1,58,19-01-2025 15:32
7334,1,355,28-03-2024 20:13
7335,4,9,09-03-2025 06:21
7336,4,208,22-08-2024 18:48
7337,3,56,21-01-2025 23:52
7338,7,1,17-03-2025 06:14
7339,7,85,23-12-2024 13:24
7340,3,126,12-11-2024 14:54
7341,2,58,19-01-2025 18:04
7342,9,14,04-03-2025 07:14
7343,6,3,15-03-2025 01:47
7344,3,91,17-12-2024 19:17
7345,3,24,22-02-2025 23:59
7346,3,64,13-01-2025 09:11
7347,3,210,20-08-2024 05:04
7348,2,206,24-08-2024 01:04
7349,2,23,23-02-2025 21:27
7350,3,28,18-02-2025 11:58
7351,5,20,26-02-2025 15:18
7352,2,262,29-06-2024 13:09
7353,2,70,07-01-2025 15:49
7354,5,31,15-02-2025 22:21
7355,4,5,13-03-2025 13:34
7356,1,267,24-06-2024 19:06
7357,2,225,05-08-2024 03:00
7358,2,167,02-10-2024 03:35
7359,3,85,23-12-2024 07:33
7360,1,294,28-05-2024 11:07
7361,5,0,18-03-2025 09:56
7362,3,291,31-05-2024 20:19
7363,1,241,20-07-2024 16:26
7364,4,73,04-01-2025 03:59
7365,2,36,10-02-2025 03:05
7366,6,87,21-12-2024 13:54
7367,2,247,14-07-2024 10:29
7368,2,193,06-09-2024 01:47
7369,1,263,28-06-2024 15:04
7370,1,181,18-09-2024 03:33
7371,1,136,02-11-2024 06:28
7372,2,123,15-11-2024 07:53
7373,4,12,06-03-2025 11:37
7374,5,65,12-01-2025 00:01
7375,5,41,05-02-2025 18:35
7376,2,90,18-12-2024 07:43
7377,3,35,11-02-2025 15:00
7378,3,92,16-12-2024 14:20
7379,3,71,06-01-2025 09:55
7380,3,147,22-10-2024 05:43
7381,1,300,22-05-2024 09:27
7382,3,47,30-01-2025 16:10
7383,4,9,09-03-2025 21:12
7384,3,58,19-01-2025 19:35
7385,2,141,28-10-2024 04:52
7386,3,18,28-02-2025 15:49
7387,2,36,10-02-2025 03:44
7388,1,222,08-08-2024 23:15
7389,3,4,14-03-2025 23:42
7391,1,273,18-06-2024 06:05
7392,6,8,10-03-2025 20:37
7393,3,141,28-10-2024 22:07
7394,3,26,20-02-2025 02:39
7395,1,89,19-12-2024 07:38
7396,2,204,26-08-2024 06:51
7397,2,88,20-12-2024 23:24
7398,1,243,18-07-2024 05:07
7399,5,136,02-11-2024 10:06
7400,2,235,26-07-2024 06:33
7401,1,364,19-03-2024 05:14
7402,2,136,02-11-2024 21:51
7403,5,81,27-12-2024 07:27
7404,2,290,01-06-2024 22:38
7405,1,337,15-04-2024 22:16
7406,1,53,24-01-2025 07:08
7407,2,168,01-10-2024 21:24
7408,4,106,02-12-2024 16:45
7409,2,198,01-09-2024 01:21
7410,5,10,08-03-2025 14:17
7411,4,92,16-12-2024 14:14
7412,4,334,18-04-2024 14:59
7413,2,175,24-09-2024 19:58
7414,6,45,01-02-2025 09:53
7415,6,77,31-12-2024 12:26
7417,3,78,30-12-2024 20:50
7418,2,25,21-02-2025 08:59
7419,4,114,24-11-2024 21:34
7420,1,176,23-09-2024 07:16
7421,3,13,05-03-2025 01:15
7422,4,85,23-12-2024 08:45
7423,4,34,12-02-2025 12:50
7424,1,125,13-11-2024 22:42
7425,1,109,29-11-2024 16:26
7426,6,27,19-02-2025 08:46
7427,3,37,09-02-2025 15:39
7428,1,66,11-01-2025 01:09
7429,1,290,01-06-2024 01:31
7430,1,342,10-04-2024 16:30
7431,1,252,09-07-2024 00:58
7432,3,41,05-02-2025 19:43
7433,4,23,23-02-2025 01:51
7434,2,65,12-01-2025 12:07
7435,4,13,05-03-2025 23:49
7436,2,182,17-09-2024 19:39
7437,2,12,06-03-2025 16:40
7438,2,113,25-11-2024 05:37
7439,4,3,15-03-2025 01:13
7441,2,160,09-10-2024 23:48
7442,6,57,20-01-2025 19:55
7443,3,181,18-09-2024 00:13
7444,2,176,23-09-2024 11:13
7445,4,78,30-12-2024 07:01
7446,1,268,23-06-2024 04:52
7447,1,284,07-06-2024 13:42
7448,1,17,01-03-2025 14:54
7449,2,118,20-11-2024 04:50
7450,4,126,12-11-2024 23:01
7451,3,150,19-10-2024 12:03
7452,2,295,27-05-2024 06:52
7453,2,11,07-03-2025 18:53
7454,2,166,03-10-2024 14:43
7455,2,4,14-03-2025 22:23
7456,3,94,14-12-2024 06:18
7457,3,3,15-03-2025 11:13
7458,4,17,01-03-2025 10:27
7459,3,0,18-03-2025 02:37
7460,7,48,29-01-2025 14:46
7461,3,104,04-12-2024 22:30
7462,1,102,06-12-2024 10:21
7463,2,299,23-05-2024 17:21
7464,1,274,17-06-2024 09:49
7465,4,81,27-12-2024 04:14
7466,3,328,24-04-2024 22:27
7467,2,49,28-01-2025 06:23
7468,5,15,03-03-2025 04:15
7469,4,254,07-07-2024 03:41
7470,1,299,23-05-2024 09:29
7471,3,80,28-12-2024 09:45
7472,4,198,01-09-2024 23:38
7473,3,157,12-10-2024 19:55
7474,10,37,09-02-2025 10:55
7475,3,88,20-12-2024 08:34
7476,2,175,24-09-2024 22:55
7477,3,35,11-02-2025 13:11
7478,2,148,21-10-2024 01:35
7479,5,0,18-03-2025 02:47
7481,4,55,22-01-2025 02:45
7482,2,99,09-12-2024 08:08
7483,1,162,07-10-2024 13:21
7484,4,51,26-01-2025 22:47
7485,8,13,05-03-2025 16:29
7486,5,131,07-11-2024 00:46
7487,1,179,20-09-2024 20:54
7488,3,178,21-09-2024 17:42
7489,4,27,19-02-2025 10:38
7490,4,61,16-01-2025 02:02
7491,3,52,25-01-2025 00:31
7492,1,177,22-09-2024 01:38
7493,4,75,02-01-2025 11:39
7494,4,157,12-10-2024 18:09
7495,4,12,06-03-2025 17:18
7496,1,286,05-06-2024 09:25
7497,2,149,20-10-2024 06:52
7498,1,285,06-06-2024 19:20
7499,2,113,25-11-2024 05:31
7500,2,189,10-09-2024 12:05
7501,4,108,30-11-2024 03:04
7502,4,259,02-07-2024 07:05
7503,2,162,07-10-2024 20:16
7504,2,172,27-09-2024 13:51
7505,2,71,06-01-2025 18:03
7506,2,235,26-07-2024 04:57
7507,3,6,12-03-2025 19:09
7508,1,266,25-06-2024 23:09
7509,5,27,19-02-2025 01:12
7510,2,39,07-02-2025 06:12
7511,2,200,30-08-2024 02:18
7512,2,3,15-03-2025 04:42
7513,2,32,14-02-2025 20:57
7514,2,108,30-11-2024 14:22
7515,3,131,07-11-2024 16:17
7516,3,271,20-06-2024 11:10
7517,1,329,23-04-2024 12:24
7518,2,162,07-10-2024 04:13
7519,3,50,27-01-2025 12:24
7520,3,69,08-01-2025 14:30
7521,3,93,15-12-2024 01:36
7523,2,102,06-12-2024 10:41
7524,3,88,20-12-2024 16:09
7525,1,214,16-08-2024 04:51
7526,4,78,30-12-2024 00:53
7527,2,246,15-07-2024 18:02
7528,2,42,04-02-2025 07:22
7529,2,113,25-11-2024 03:50
7530,2,62,15-01-2025 21:09
7531,2,256,05-07-2024 04:22
7532,1,180,19-09-2024 09:23
7533,3,72,05-01-2025 06:40
7534,7,80,28-12-2024 07:05
7535,5,147,22-10-2024 06:09
7536,3,233,28-07-2024 08:37
7537,5,65,12-01-2025 01:13
7538,2,225,05-08-2024 18:12
7539,1,174,25-09-2024 09:59
7540,2,119,19-11-2024 07:10
7541,1,154,15-10-2024 21:02
7542,1,281,10-06-2024 09:45
7543,2,109,29-11-2024 02:01
7544,3,164,05-10-2024 13:45
7545,1,73,04-01-2025 03:24
7547,3,106,02-12-2024 14:03
7548,3,144,25-10-2024 06:09
7549,3,49,28-01-2025 23:35
7550,2,52,25-01-2025 20:13
7551,3,235,26-07-2024 03:10
7552,2,162,07-10-2024 02:42
7553,4,140,29-10-2024 21:43
7554,2,334,18-04-2024 19:53
7555,1,185,14-09-2024 04:08
7556,1,313,09-05-2024 03:17
7557,1,59,18-01-2025 09:25
7558,5,7,11-03-2025 08:18
7559,3,99,09-12-2024 01:11
7560,1,318,04-05-2024 17:22
7561,2,129,09-11-2024 13:24
7562,8,90,18-12-2024 07:18
7563,2,96,12-12-2024 05:31
7564,2,233,28-07-2024 09:27
7566,2,100,08-12-2024 07:21
7567,4,171,28-09-2024 11:15
7568,3,126,12-11-2024 10:52
7569,4,0,18-03-2025 22:14
7570,3,18,28-02-2025 16:13
7571,2,63,14-01-2025 03:23
7572,3,101,07-12-2024 02:47
7573,2,76,01-01-2025 18:40
7574,4,84,24-12-2024 09:43
7575,1,240,21-07-2024 22:48
7576,3,5,13-03-2025 12:57
7577,3,60,17-01-2025 09:24
7578,1,189,10-09-2024 21:20
7579,4,88,20-12-2024 06:30
7580,1,51,26-01-2025 17:35
7581,2,55,22-01-2025 20:34
7582,2,115,23-11-2024 15:40
7583,2,185,14-09-2024 16:22
7584,2,130,08-11-2024 03:56
7585,1,352,31-03-2024 11:30
7586,3,5,13-03-2025 09:36
7587,4,80,28-12-2024 00:02
7588,1,97,11-12-2024 07:58
7589,2,209,21-08-2024 05:55
7590,4,79,29-12-2024 23:57
7591,5,137,01-11-2024 06:52
7592,1,251,10-07-2024 03:21
7593,2,6,12-03-2025 02:04
7595,4,44,02-02-2025 19:59
7596,1,44,02-02-2025 20:10
7597,6,18,28-02-2025 18:59
7598,5,60,17-01-2025 01:35
7599,6,94,14-12-2024 09:55
7600,5,0,18-03-2025 21:38
7601,3,54,23-01-2025 17:57
7602,3,150,19-10-2024 06:53
7603,3,8,10-03-2025 07:51
7604,3,55,22-01-2025 18:48
7605,1,71,06-01-2025 18:14
7606,4,111,27-11-2024 04:39
7607,3,71,06-01-2025 02:32
7608,2,103,05-12-2024 09:12
7609,2,155,14-10-2024 15:50
7610,2,232,29-07-2024 15:23
7611,2,251,10-07-2024 15:59
7612,2,69,08-01-2025 07:06
7613,5,61,16-01-2025 18:06
7614,4,51,26-01-2025 06:19
7615,1,17,01-03-2025 15:21
7616,2,249,12-07-2024 17:51
7617,4,94,14-12-2024 11:55
7618,2,153,16-10-2024 07:48
7619,2,160,09-10-2024 20:38
7620,4,43,03-02-2025 17:11
7621,5,25,21-02-2025 21:58
7622,2,255,06-07-2024 15:24
7623,4,32,14-02-2025 14:40
7624,3,80,28-12-2024 14:08
7625,4,12,06-03-2025 13:50
7626,4,73,04-01-2025 07:09
7627,1,286,05-06-2024 21:14
7628,1,55,22-01-2025 20:08
7629,3,184,15-09-2024 20:57
7630,3,92,16-12-2024 02:16
7631,2,159,10-10-2024 19:04
7632,6,90,18-12-2024 03:37
7633,3,47,30-01-2025 17:55
7634,3,181,18-09-2024 15:48
7635,3,50,27-01-2025 13:01
7636,2,60,17-01-2025 05:04
7637,2,125,13-11-2024 05:49
7638,2,140,29-10-2024 21:25
7639,2,91,17-12-2024 20:58
7640,3,36,10-02-2025 10:36
7642,3,24,22-02-2025 13:46
7643,2,140,29-10-2024 09:17
7644,1,156,13-10-2024 13:50
7645,3,126,12-11-2024 04:05
7646,3,130,08-11-2024 17:47
7647,6,0,18-03-2025 20:05
7648,1,48,29-01-2025 22:32
7649,6,56,21-01-2025 05:57
7650,4,98,10-12-2024 02:50
7651,2,179,20-09-2024 16:42
7652,3,225,05-08-2024 03:11
7653,4,73,04-01-2025 12:12
7654,3,16,02-03-2025 23:00
7655,2,15,03-03-2025 03:38
7656,5,18,28-02-2025 09:51
7657,6,40,06-02-2025 16:12
7659,5,28,18-02-2025 03:45
7660,3,157,12-10-2024 20:32
7661,1,93,15-12-2024 19:04
7662,4,53,24-01-2025 01:02
7663,1,243,18-07-2024 10:15
7664,4,216,14-08-2024 13:06
7665,4,32,14-02-2025 02:57
7666,3,197,02-09-2024 02:13
7667,1,136,02-11-2024 09:10
7668,4,75,02-01-2025 10:12
7669,5,22,24-02-2025 07:36
7670,3,182,17-09-2024 08:33
7671,4,95,13-12-2024 20:42
7672,1,253,08-07-2024 16:16
7673,1,251,10-07-2024 03:14
7674,5,191,08-09-2024 10:59
7675,2,98,10-12-2024 18:24
7677,2,208,22-08-2024 02:05
7678,10,14,04-03-2025 01:56
7679,2,45,01-02-2025 18:12
7680,2,206,24-08-2024 19:18
7681,4,17,01-03-2025 10:02
7682,1,101,07-12-2024 13:23
7683,2,282,09-06-2024 10:29
7685,2,142,27-10-2024 06:28
7686,1,137,01-11-2024 17:37
7687,4,54,23-01-2025 11:29
7689,6,25,21-02-2025 07:52
7690,2,107,01-12-2024 22:04
7691,5,75,02-01-2025 21:10
7692,3,60,17-01-2025 20:20
7693,3,24,22-02-2025 07:34
7694,4,22,24-02-2025 22:18
7695,2,295,27-05-2024 10:10
7696,5,68,09-01-2025 17:13
7697,4,38,08-02-2025 23:20
7698,1,221,09-08-2024 04:21
7699,1,302,20-05-2024 03:39
7700,4,64,13-01-2025 08:58
7701,3,11,07-03-2025 04:31
7703,2,103,05-12-2024 17:05
7704,2,112,26-11-2024 18:19
7705,2,137,01-11-2024 04:18
7706,8,14,04-03-2025 09:34
7707,3,56,21-01-2025 09:49
7708,3,150,19-10-2024 20:34
7709,3,221,09-08-2024 02:58
7710,5,13,05-03-2025 10:35
7711,1,164,05-10-2024 03:15
7712,2,311,11-05-2024 06:45
7713,3,167,02-10-2024 16:27
7714,2,29,17-02-2025 09:20
7715,4,219,11-08-2024 21:40
7716,3,5,13-03-2025 21:52
7717,2,37,09-02-2025 04:39
7718,5,65,12-01-2025 20:09
7719,2,59,18-01-2025 22:38
7720,4,149,20-10-2024 22:10
7721,7,9,09-03-2025 21:49
7722,4,4,15-03-2025 00:00
7723,1,158,11-10-2024 13:03
7724,7,12,06-03-2025 18:52
7725,5,32,14-02-2025 20:44
7726,2,100,08-12-2024 04:59
7727,2,104,04-12-2024 16:31
7728,5,0,18-03-2025 02:43
7729,4,57,20-01-2025 00:59
7730,2,68,09-01-2025 10:47
7731,3,61,16-01-2025 16:50
7732,2,86,22-12-2024 07:22
7733,2,161,08-10-2024 06:22
7734,6,23,23-02-2025 00:18
7735,2,4,14-03-2025 02:18
7736,1,92,16-12-2024 03:39
7737,2,233,28-07-2024 11:13
7738,4,4,14-03-2025 15:02
7739,3,56,21-01-2025 21:46
7740,2,24,22-02-2025 02:08
7741,2,181,18-09-2024 12:32
7742,3,109,29-11-2024 07:30
7743,1,228,02-08-2024 22:44
7744,2,7,11-03-2025 18:46
7745,1,265,26-06-2024 18:29
7746,1,146,23-10-2024 16:44
7747,4,8,10-03-2025 07:39
7748,1,56,21-01-2025 21:56
7749,1,109,29-11-2024 23:43
7750,5,82,26-12-2024 22:01
7751,1,344,08-04-2024 21:17
7752,3,72,05-01-2025 19:57
7753,1,257,04-07-2024 03:32
7754,2,288,03-06-2024 22:31
7755,3,106,02-12-2024 08:41
7756,2,2,16-03-2025 08:58
7757,1,86,22-12-2024 13:02
7758,3,96,12-12-2024 12:27
7759,2,62,15-01-2025 21:15
7760,3,62,15-01-2025 05:01
7761,2,96,12-12-2024 11:05
7762,2,56,21-01-2025 04:42
7763,4,8,10-03-2025 09:08
7764,1,288,03-06-2024 12:03
7765,8,2,16-03-2025 06:55
7766,4,62,15-01-2025 03:12
7767,3,78,30-12-2024 10:20
7768,3,180,19-09-2024 18:37
7769,3,92,16-12-2024 12:20
7770,8,49,28-01-2025 01:45
7771,3,22,24-02-2025 12:23
7772,1,288,03-06-2024 14:11
7773,2,3,15-03-2025 08:27
7774,2,26,20-02-2025 20:47
7775,2,169,30-09-2024 13:28
7776,2,47,30-01-2025 21:11
7777,4,27,19-02-2025 08:17
7778,2,7,11-03-2025 15:34
7779,3,45,01-02-2025 19:18
7780,2,109,29-11-2024 17:16
7781,2,142,27-10-2024 23:59
7782,2,180,19-09-2024 11:31
7783,4,134,04-11-2024 09:09
7784,2,15,03-03-2025 17:01
7785,6,20,26-02-2025 11:31
7786,5,32,14-02-2025 17:06
7787,4,201,29-08-2024 16:03
7788,4,174,25-09-2024 20:16
7789,1,135,03-11-2024 12:46
7790,6,48,29-01-2025 21:52
7791,2,92,16-12-2024 11:55
7792,3,60,17-01-2025 13:58
7793,1,80,28-12-2024 02:38
7794,1,347,05-04-2024 09:41
7795,1,45,01-02-2025 08:52
7796,3,198,01-09-2024 20:15
7797,5,159,10-10-2024 08:40
7798,2,286,05-06-2024 23:44
7799,4,164,05-10-2024 17:56
7800,2,331,21-04-2024 12:45
7801,2,286,05-06-2024 01:48
7802,2,264,27-06-2024 19:28
7803,3,12,06-03-2025 21:52
7804,2,244,17-07-2024 05:29
7805,3,29,17-02-2025 17:33
7806,2,116,22-11-2024 07:19
7807,4,37,09-02-2025 01:30
7808,5,122,16-11-2024 04:25
7809,3,123,15-11-2024 08:57
7810,3,97,11-12-2024 11:13
7811,7,11,07-03-2025 05:59
7812,2,273,18-06-2024 09:41
7813,2,73,04-01-2025 23:11
7814,5,81,27-12-2024 20:50
7815,3,242,19-07-2024 00:23
7816,1,238,23-07-2024 04:05
7817,2,15,03-03-2025 00:05
7818,6,59,18-01-2025 13:08
7819,5,79,29-12-2024 08:36
7820,2,28,18-02-2025 19:28
7821,3,161,08-10-2024 16:13
7822,3,16,02-03-2025 12:06
7823,1,198,01-09-2024 04:02
7824,6,10,08-03-2025 17:16
7825,4,70,07-01-2025 10:27
7826,2,161,08-10-2024 02:08
7827,5,20,26-02-2025 09:12
7828,2,303,19-05-2024 23:44
7829,4,30,16-02-2025 08:03
7830,6,195,04-09-2024 09:11
7831,1,311,11-05-2024 01:32
7832,8,38,08-02-2025 14:31
7833,1,250,11-07-2024 03:31
7834,5,101,07-12-2024 08:41
7835,3,121,17-11-2024 17:36
7836,5,19,27-02-2025 07:23
7837,2,95,13-12-2024 01:31
7838,3,75,02-01-2025 11:26
7839,2,114,24-11-2024 23:21
7840,2,62,15-01-2025 00:44
7842,2,111,27-11-2024 00:55
7843,4,190,09-09-2024 11:26
7844,3,38,08-02-2025 13:45
7845,2,113,25-11-2024 15:31
7846,3,96,12-12-2024 00:57
7847,3,53,24-01-2025 18:30
7848,1,218,12-08-2024 14:09
7849,5,136,02-11-2024 00:39
7850,3,99,09-12-2024 13:25
7851,2,86,22-12-2024 02:34
7852,3,137,01-11-2024 01:23
7854,6,11,07-03-2025 02:29
7855,1,238,23-07-2024 18:42
7856,7,21,25-02-2025 21:49
7857,2,36,10-02-2025 03:59
7858,4,36,10-02-2025 21:40
7859,3,170,29-09-2024 05:14
7860,4,79,29-12-2024 10:38
7861,2,111,27-11-2024 09:24
7862,1,245,16-07-2024 22:36
7863,4,13,05-03-2025 10:38
7864,5,61,16-01-2025 01:12
7865,1,55,22-01-2025 06:02
7866,3,40,06-02-2025 02:09
7867,5,153,16-10-2024 11:22
7868,1,8,10-03-2025 21:21
7869,6,0,18-03-2025 10:27
7870,3,30,16-02-2025 06:38
7871,3,83,25-12-2024 21:00
7872,4,179,20-09-2024 16:18
7873,4,35,11-02-2025 17:48
7874,1,73,04-01-2025 07:59
7876,4,191,08-09-2024 18:51
7877,5,11,07-03-2025 04:38
7878,4,37,09-02-2025 03:17
7879,1,293,29-05-2024 17:25
7881,4,49,28-01-2025 20:54
7882,1,119,19-11-2024 15:17
7883,2,120,18-11-2024 16:19
7884,5,64,13-01-2025 18:15
7885,1,114,24-11-2024 17:29
7886,1,306,16-05-2024 18:43
7887,4,93,15-12-2024 02:31
7888,2,79,29-12-2024 14:33
7889,4,1,17-03-2025 12:54
7890,3,147,22-10-2024 07:07
7891,1,193,06-09-2024 03:18
7892,4,16,02-03-2025 07:02
7893,2,135,03-11-2024 10:55
7894,1,208,22-08-2024 18:02
7895,4,85,23-12-2024 05:15
7896,3,34,12-02-2025 20:59
7897,2,261,30-06-2024 07:45
7898,3,72,05-01-2025 12:59
7899,2,57,20-01-2025 17:42
7900,8,59,18-01-2025 03:48
7901,2,159,10-10-2024 22:18
7902,2,186,13-09-2024 00:40
7903,4,215,15-08-2024 06:15
7904,7,31,15-02-2025 08:47
7905,5,22,24-02-2025 14:28
7906,6,78,30-12-2024 02:52
7907,5,4,14-03-2025 12:09
7908,3,309,13-05-2024 03:21
7909,6,14,04-03-2025 11:51
7911,3,11,07-03-2025 05:43
7912,5,26,20-02-2025 07:25
7913,1,169,30-09-2024 22:55
7914,1,335,17-04-2024 08:39
7915,2,25,21-02-2025 08:45
7916,1,68,09-01-2025 09:29
7917,2,144,25-10-2024 09:59
7918,3,71,06-01-2025 13:01
7919,1,263,28-06-2024 23:35
7920,2,199,31-08-2024 15:23
7921,4,40,06-02-2025 06:15
7922,4,22,24-02-2025 01:01
7923,2,33,13-02-2025 20:43
7924,2,81,27-12-2024 08:07
7925,3,15,03-03-2025 09:50
7926,4,16,02-03-2025 19:16
7927,2,56,21-01-2025 06:30
7928,4,26,20-02-2025 01:17
7929,2,189,10-09-2024 11:21
7930,1,300,22-05-2024 08:02
7931,4,38,08-02-2025 12:55
7932,3,42,04-02-2025 21:20
7933,2,160,09-10-2024 19:49
7934,1,169,30-09-2024 14:59
7935,2,101,07-12-2024 01:26
7936,3,27,19-02-2025 22:36
7937,3,304,18-05-2024 05:01
7939,2,76,01-01-2025 10:02
7940,4,2,16-03-2025 21:38
7941,4,57,20-01-2025 02:48
7942,2,24,22-02-2025 02:38
7943,3,292,30-05-2024 04:27
7944,4,16,02-03-2025 05:50
7945,1,17,02-03-2025 00:00
7946,2,147,22-10-2024 11:06
7947,1,288,03-06-2024 09:30
7948,4,162,07-10-2024 08:19
7949,2,9,09-03-2025 13:11
7950,2,281,10-06-2024 03:48
7951,1,202,28-08-2024 17:58
7952,2,153,16-10-2024 19:01
7954,2,117,21-11-2024 06:14
7955,4,26,20-02-2025 13:25
7956,1,80,28-12-2024 17:15
7957,2,221,09-08-2024 20:22
7958,2,124,14-11-2024 22:58
7959,1,6,12-03-2025 13:55
7960,3,24,22-02-2025 17:12
7962,3,150,19-10-2024 09:45
7963,3,130,08-11-2024 19:02
7964,4,25,21-02-2025 02:18
7965,1,331,21-04-2024 21:42
7966,4,2,16-03-2025 13:57
7968,3,236,25-07-2024 20:06
7969,2,109,29-11-2024 19:20
7971,2,318,04-05-2024 14:02
7972,3,3,15-03-2025 06:51
7973,3,41,05-02-2025 05:51
7974,4,168,01-10-2024 20:54
7975,4,33,13-02-2025 21:24
7976,2,79,29-12-2024 07:12
7978,3,86,22-12-2024 12:52
7979,2,86,22-12-2024 22:40
7980,2,43,03-02-2025 21:45
7981,5,26,20-02-2025 00:01
7982,3,10,08-03-2025 02:30
7983,3,48,29-01-2025 20:30
7984,2,244,17-07-2024 11:18
7985,2,128,10-11-2024 10:21
7986,3,12,06-03-2025 10:22
7987,5,94,14-12-2024 13:11
7988,3,51,26-01-2025 23:29
7989,1,153,16-10-2024 22:47
7990,5,44,02-02-2025 10:54
7991,2,55,22-01-2025 14:16
7992,3,64,13-01-2025 19:30
7994,4,129,09-11-2024 05:39
7995,4,168,01-10-2024 16:16
7996,3,147,22-10-2024 16:25
7997,3,83,25-12-2024 23:45
7998,2,161,08-10-2024 16:53
7999,2,262,29-06-2024 22:02
8000,6,86,22-12-2024 05:28
8001,4,242,19-07-2024 04:31
8002,3,74,03-01-2025 08:35
8003,2,18,28-02-2025 05:13
8004,3,63,14-01-2025 15:05
8005,3,125,13-11-2024 18:52
8006,2,16,02-03-2025 22:14
8007,3,8,10-03-2025 17:53
8008,1,104,04-12-2024 05:21
8009,3,6,12-03-2025 06:44
8010,2,126,12-11-2024 20:33
8011,4,49,28-01-2025 18:33
8012,5,31,15-02-2025 15:32
8013,1,313,09-05-2024 13:11
8014,2,86,22-12-2024 05:15
8015,3,29,17-02-2025 08:36
8016,4,81,27-12-2024 11:42
8018,2,124,14-11-2024 21:30
8019,2,1,17-03-2025 13:17
8020,1,140,29-10-2024 02:01
8021,4,16,02-03-2025 22:55
8022,3,191,08-09-2024 13:25
8023,1,87,21-12-2024 18:14
8024,4,52,25-01-2025 21:22
8025,1,50,27-01-2025 12:27
8026,1,258,03-07-2024 21:06
8027,4,248,13-07-2024 16:33
8029,3,41,05-02-2025 12:11
8030,2,82,26-12-2024 23:42
8031,5,42,04-02-2025 11:26
8032,1,337,15-04-2024 09:59
8034,1,130,08-11-2024 08:22
8035,3,86,22-12-2024 14:08
8036,5,126,12-11-2024 18:47
8037,1,122,16-11-2024 08:28
8039,1,149,20-10-2024 11:56
8040,5,49,28-01-2025 02:08
8041,1,264,27-06-2024 09:43
8042,6,70,07-01-2025 21:41
8043,3,127,11-11-2024 10:40
8044,1,286,05-06-2024 12:01
8045,2,125,13-11-2024 22:28
8046,5,88,20-12-2024 16:20
8047,2,48,29-01-2025 09:55
8048,2,200,30-08-2024 13:24
8049,2,285,06-06-2024 14:38
8050,5,87,21-12-2024 14:24
8051,2,54,23-01-2025 01:20
8052,7,78,30-12-2024 18:31
8053,2,5,13-03-2025 23:02
8054,1,328,24-04-2024 00:55
8055,5,181,18-09-2024 11:43
8056,2,13,05-03-2025 11:35
8057,3,308,14-05-2024 13:44
8058,4,73,04-01-2025 09:06
8059,4,2,16-03-2025 03:28
8060,5,10,08-03-2025 21:25
8061,2,16,02-03-2025 08:37
8062,1,192,07-09-2024 07:53
8063,2,340,12-04-2024 22:22
8064,3,50,27-01-2025 07:48
8065,3,190,09-09-2024 07:14
8066,2,144,25-10-2024 15:24
8067,2,142,27-10-2024 04:01
8068,2,142,27-10-2024 01:41
8069,5,27,19-02-2025 03:26
8070,3,55,22-01-2025 10:24
8071,1,350,02-04-2024 03:37
8072,2,188,11-09-2024 19:59
8074,2,224,06-08-2024 12:17
8075,3,164,05-10-2024 04:46
8076,5,95,13-12-2024 05:19
8077,1,307,15-05-2024 22:29
8078,3,11,07-03-2025 01:29
8079,2,73,04-01-2025 10:14
8080,1,199,31-08-2024 04:20
8081,4,161,08-10-2024 00:11
8082,3,13,05-03-2025 14:11
8083,2,19,27-02-2025 13:07
8084,2,124,14-11-2024 01:23
8085,1,199,31-08-2024 02:00
8086,6,173,26-09-2024 04:59
8087,1,180,19-09-2024 16:11
8088,1,247,14-07-2024 19:27
8090,3,1,17-03-2025 02:43
8091,2,247,14-07-2024 15:56
8092,5,24,22-02-2025 04:45
8093,3,29,17-02-2025 08:26
8094,3,9,09-03-2025 14:36
8095,2,95,13-12-2024 03:20
8096,4,180,19-09-2024 01:15
8097,3,45,01-02-2025 17:08
8099,3,227,03-08-2024 20:50
8100,2,218,12-08-2024 18:50
8101,2,170,29-09-2024 11:30
8102,3,255,06-07-2024 20:42
8103,3,64,13-01-2025 19:23
8104,3,26,20-02-2025 04:30
8105,2,61,16-01-2025 18:40
8106,3,7,11-03-2025 05:22
8107,5,178,21-09-2024 11:06
8108,3,4,14-03-2025 03:45
8109,5,125,13-11-2024 23:05
8110,2,99,09-12-2024 13:06
8111,1,16,02-03-2025 05:52
8112,3,10,08-03-2025 12:50
8114,5,31,15-02-2025 13:21
8115,3,212,18-08-2024 06:44
8116,1,361,22-03-2024 00:18
8117,7,74,03-01-2025 09:18
8118,1,46,31-01-2025 01:44
8119,1,266,25-06-2024 18:54
8120,1,340,12-04-2024 13:24
8121,1,106,02-12-2024 09:05
8123,3,142,27-10-2024 11:58
8124,2,224,06-08-2024 01:29
8125,3,17,01-03-2025 10:22
8126,1,241,20-07-2024 05:35
8127,3,35,11-02-2025 20:14
8128,2,29,17-02-2025 21:26
8129,2,70,07-01-2025 09:08
8130,2,148,21-10-2024 21:52
8131,4,14,04-03-2025 22:38
8132,1,200,30-08-2024 07:47
8133,3,157,12-10-2024 21:54
8134,3,37,09-02-2025 04:15
8135,3,41,05-02-2025 10:29
8136,1,96,12-12-2024 23:02
8137,2,9,09-03-2025 03:47
8138,3,20,26-02-2025 23:51
8139,4,28,18-02-2025 12:23
8140,1,108,30-11-2024 04:32
8141,2,55,22-01-2025 01:40
8142,1,19,27-02-2025 03:35
8143,2,246,15-07-2024 23:44
8144,4,22,24-02-2025 08:32
8145,2,10,08-03-2025 10:08
8146,2,109,29-11-2024 20:37
8147,2,88,20-12-2024 21:14
8148,4,99,09-12-2024 18:19
8149,3,161,08-10-2024 11:13
8150,2,198,01-09-2024 19:21
8151,4,32,14-02-2025 05:56
8152,1,206,24-08-2024 21:31
8153,3,118,20-11-2024 07:20
8154,3,46,31-01-2025 01:33
8155,2,176,23-09-2024 14:24
8156,1,110,28-11-2024 12:48
8157,1,306,16-05-2024 06:40
8158,5,8,10-03-2025 01:25
8159,3,82,26-12-2024 12:11
8160,2,126,12-11-2024 21:13
8161,4,35,11-02-2025 12:37
8162,2,211,19-08-2024 21:19
8163,4,110,28-11-2024 04:26
8164,1,184,15-09-2024 18:53
8166,2,183,16-09-2024 02:06
8167,2,6,12-03-2025 14:38
8168,3,126,12-11-2024 12:06
8169,4,92,16-12-2024 20:57
8170,5,132,06-11-2024 15:30
8171,4,2,16-03-2025 23:45
8172,2,151,18-10-2024 04:32
8173,1,3,15-03-2025 10:40
8174,3,17,01-03-2025 18:34
8175,5,23,23-02-2025 01:29
8176,5,87,21-12-2024 18:10
8177,1,146,23-10-2024 08:38
8178,4,25,21-02-2025 21:50
8179,2,49,28-01-2025 05:28
8180,3,85,23-12-2024 07:32
8181,4,55,22-01-2025 22:25
8182,2,208,22-08-2024 05:53
8183,3,12,06-03-2025 06:44
8184,2,48,29-01-2025 07:25
8185,4,45,01-02-2025 20:33
8186,3,220,10-08-2024 11:47
8187,2,155,14-10-2024 11:09
8189,3,95,13-12-2024 12:28
8190,3,94,14-12-2024 11:49
8191,1,114,24-11-2024 01:27
8193,1,228,02-08-2024 17:20
8194,3,157,12-10-2024 07:39
8195,4,61,16-01-2025 09:24
8196,6,59,18-01-2025 02:38
8197,5,12,06-03-2025 23:14
8198,1,298,24-05-2024 02:55
8199,5,56,21-01-2025 06:35
8200,1,115,23-11-2024 14:42
8201,3,74,03-01-2025 23:15
8202,3,74,03-01-2025 08:40
8203,2,99,09-12-2024 09:07
8204,1,275,16-06-2024 08:00
8205,3,207,23-08-2024 20:26
8206,3,27,19-02-2025 19:12
8207,3,5,13-03-2025 22:16
8208,3,210,20-08-2024 14:41
8209,4,221,09-08-2024 02:49
8210,4,37,09-02-2025 03:40
8211,1,364,19-03-2024 23:57
8212,3,283,08-06-2024 05:51
8213,8,14,04-03-2025 19:57
8214,2,110,28-11-2024 01:51
8215,5,169,30-09-2024 00:13
8216,5,84,24-12-2024 07:10
8218,3,64,13-01-2025 10:29
8219,4,77,31-12-2024 01:49
8220,7,30,16-02-2025 13:47
8221,2,55,22-01-2025 17:27
8222,3,28,18-02-2025 23:27
8223,3,12,06-03-2025 07:59
8224,2,124,14-11-2024 03:00
8225,5,6,12-03-2025 05:03
8226,3,112,26-11-2024 22:06
8227,1,187,12-09-2024 14:14
8228,2,100,08-12-2024 22:12
8230,2,187,12-09-2024 15:15
8231,3,106,02-12-2024 02:46
8232,3,55,22-01-2025 20:41
8233,2,146,23-10-2024 21:05
8234,4,18,28-02-2025 01:47
8235,2,76,01-01-2025 16:40
8236,3,62,15-01-2025 15:13
8237,6,83,25-12-2024 19:40
8238,1,101,07-12-2024 04:04
8239,1,120,18-11-2024 19:02
8240,5,3,15-03-2025 11:56
8241,3,48,29-01-2025 05:44
8242,1,200,30-08-2024 07:59
8243,4,12,06-03-2025 10:42
8244,5,66,11-01-2025 12:17
8245,5,17,01-03-2025 09:31
8246,3,44,02-02-2025 08:14
8248,4,227,03-08-2024 22:13
8249,2,22,24-02-2025 21:47
8250,4,46,31-01-2025 09:02
8251,2,176,23-09-2024 08:28
8252,6,1,17-03-2025 04:39
8253,3,93,15-12-2024 00:20
8254,2,256,05-07-2024 07:18
8256,2,196,03-09-2024 20:09
8257,1,269,22-06-2024 11:06
8260,6,46,31-01-2025 07:54
8261,2,93,15-12-2024 16:02
8262,4,17,01-03-2025 13:20
8263,2,108,30-11-2024 01:57
8264,2,66,11-01-2025 03:53
8265,1,136,02-11-2024 17:34
8266,4,82,26-12-2024 03:33
8267,2,209,21-08-2024 00:04
8268,4,13,05-03-2025 00:46
8269,4,94,14-12-2024 15:11
8270,4,214,16-08-2024 15:55
8271,4,33,13-02-2025 15:21
8272,3,61,16-01-2025 19:23
8273,5,105,03-12-2024 14:33
8274,3,57,20-01-2025 08:51
8275,3,91,17-12-2024 14:30
8276,2,35,11-02-2025 15:32
8277,2,322,30-04-2024 23:50
8278,2,110,28-11-2024 22:38
8279,3,121,17-11-2024 20:12
8280,1,65,12-01-2025 00:14
8281,2,43,03-02-2025 01:56
8282,3,31,15-02-2025 18:32
8283,1,276,15-06-2024 11:31
8284,3,7,11-03-2025 18:52
8285,1,305,17-05-2024 17:39
8286,5,5,13-03-2025 07:49
8287,6,51,26-01-2025 20:22
8288,5,22,24-02-2025 21:24
8289,5,85,23-12-2024 13:26
8290,5,34,12-02-2025 15:57
8291,3,12,06-03-2025 03:12
8292,4,4,14-03-2025 09:14
8293,3,327,25-04-2024 13:13
8295,1,127,11-11-2024 02:31
8296,2,70,07-01-2025 12:54
8297,5,6,12-03-2025 12:51
8298,5,20,26-02-2025 11:51
8299,4,6,12-03-2025 08:21
8300,1,252,09-07-2024 08:40
8301,2,100,08-12-2024 18:03
8302,2,67,10-01-2025 00:05
8303,4,120,18-11-2024 03:32
8304,4,1,17-03-2025 05:08
8305,1,114,24-11-2024 02:54
8306,3,94,14-12-2024 08:45
8307,2,163,06-10-2024 09:51
8308,2,136,02-11-2024 14:39
8309,4,61,16-01-2025 03:04
8310,5,62,15-01-2025 11:18
8311,3,252,09-07-2024 17:25
8312,1,248,13-07-2024 06:20
8313,2,230,31-07-2024 06:31
8314,2,30,16-02-2025 21:03
8315,3,5,13-03-2025 13:45
8316,3,266,25-06-2024 22:37
8317,4,24,22-02-2025 05:36
8318,5,41,05-02-2025 13:36
8319,3,9,09-03-2025 08:46
8320,1,241,20-07-2024 13:56
8321,1,75,02-01-2025 04:51
8322,4,102,06-12-2024 13:20
8323,3,72,05-01-2025 06:45
8324,3,35,11-02-2025 22:08
8325,1,157,12-10-2024 06:44
8326,2,146,23-10-2024 21:05
8327,7,96,12-12-2024 22:04
8328,4,148,21-10-2024 20:23
8329,2,8,10-03-2025 04:34
8330,2,233,28-07-2024 04:24
8332,1,164,05-10-2024 17:32
8333,1,166,03-10-2024 18:09
8334,2,125,13-11-2024 22:23
8335,2,76,01-01-2025 23:17
8336,2,127,11-11-2024 14:50
8337,3,25,21-02-2025 05:58
8338,2,331,21-04-2024 18:48
8339,2,7,11-03-2025 20:00
8340,1,82,26-12-2024 06:17
8342,7,16,02-03-2025 12:01
8343,3,59,18-01-2025 18:32
8344,2,15,03-03-2025 03:43
8345,2,72,05-01-2025 08:57
8346,3,27,19-02-2025 06:35
8347,1,102,06-12-2024 02:36
8348,2,134,04-11-2024 03:00
8349,2,76,01-01-2025 14:59
8350,1,27,19-02-2025 11:13
8351,1,104,04-12-2024 01:13
8352,3,85,23-12-2024 05:50
8353,1,148,21-10-2024 21:04
8354,2,182,17-09-2024 17:11
8355,1,127,11-11-2024 00:24
8356,4,99,09-12-2024 06:42
8357,4,1,17-03-2025 06:41
8358,5,48,29-01-2025 05:18
8359,1,207,23-08-2024 10:46
8360,1,304,18-05-2024 03:31
8361,5,32,14-02-2025 21:36
8362,1,139,30-10-2024 12:17
8363,1,27,19-02-2025 23:35
8365,7,18,28-02-2025 07:53
8366,4,2,16-03-2025 22:05
8368,6,17,01-03-2025 11:36
8369,2,218,12-08-2024 10:36
8371,2,46,31-01-2025 04:51
8372,3,18,28-02-2025 17:59
8373,2,120,18-11-2024 02:18
8374,2,220,10-08-2024 16:58
8376,1,129,09-11-2024 18:34
8377,4,65,12-01-2025 17:39
8378,1,215,15-08-2024 20:22
8379,2,223,07-08-2024 09:24
8380,4,40,06-02-2025 21:03
8381,4,25,21-02-2025 09:53
8382,2,116,22-11-2024 13:40
8383,3,7,11-03-2025 17:21
8384,4,101,07-12-2024 03:06
8385,1,224,06-08-2024 18:28
8386,4,3,15-03-2025 00:58
8387,5,24,22-02-2025 06:33
8388,7,41,05-02-2025 00:03
8389,5,84,24-12-2024 19:32
8390,2,226,04-08-2024 07:24
8391,2,69,08-01-2025 04:03
8392,2,239,22-07-2024 20:06
8393,4,134,04-11-2024 01:08
8394,4,97,11-12-2024 11:08
8395,5,66,11-01-2025 16:05
8396,3,96,12-12-2024 11:33
8397,3,102,06-12-2024 01:19
8398,4,177,22-09-2024 06:54
8399,6,157,12-10-2024 00:33
8400,1,21,25-02-2025 05:55
8401,4,13,05-03-2025 09:27
8402,5,79,29-12-2024 14:22
8403,2,8,10-03-2025 00:30
8404,3,24,22-02-2025 14:18
8407,4,110,28-11-2024 00:07
8408,4,6,12-03-2025 17:59
8409,2,37,09-02-2025 17:24
8410,2,286,05-06-2024 18:12
8411,5,79,29-12-2024 19:00
8412,4,8,10-03-2025 19:09
8413,5,35,11-02-2025 22:15
8414,1,140,29-10-2024 14:12
8415,6,46,31-01-2025 19:05
8416,4,138,31-10-2024 07:21
8417,3,56,21-01-2025 09:06
8419,4,216,14-08-2024 07:07
8420,1,106,02-12-2024 06:26
8421,3,38,08-02-2025 17:29
8422,2,2,16-03-2025 12:23
8423,5,102,06-12-2024 11:31
8424,3,126,12-11-2024 05:48
8425,3,43,03-02-2025 02:53
8426,2,92,16-12-2024 19:27
8427,2,8,10-03-2025 04:30
8428,2,79,29-12-2024 17:45
8429,4,34,12-02-2025 12:19
8430,2,0,18-03-2025 08:12
8431,1,0,18-03-2025 13:45
8432,3,85,23-12-2024 04:45
8434,2,175,24-09-2024 02:56
8435,3,274,17-06-2024 01:24
8437,1,263,28-06-2024 10:49
8438,4,113,25-11-2024 13:28
8439,5,8,10-03-2025 14:32
8440,3,3,15-03-2025 18:25
8441,2,93,15-12-2024 20:05
8442,4,33,13-02-2025 00:04
8444,3,9,09-03-2025 21:45
8445,3,66,11-01-2025 00:37
8446,2,116,22-11-2024 02:23
8447,2,19,27-02-2025 10:26
8448,2,35,11-02-2025 17:40
8449,2,306,16-05-2024 17:26
8450,3,154,15-10-2024 09:49
8451,5,73,04-01-2025 00:56
8452,6,21,25-02-2025 14:01
8453,3,92,16-12-2024 15:44
8454,3,331,21-04-2024 01:53
8455,3,83,25-12-2024 23:45
8456,8,53,24-01-2025 14:30
8457,1,85,23-12-2024 20:46
8458,4,13,05-03-2025 08:21
8459,4,-1,19-03-2025 07:07
8460,4,136,02-11-2024 06:08
8461,4,24,22-02-2025 19:55
8462,1,63,14-01-2025 05:58
8463,2,265,26-06-2024 21:50
8464,5,45,01-02-2025 03:54
8465,1,169,30-09-2024 08:44
8466,1,241,20-07-2024 14:46
8467,2,146,23-10-2024 15:39
8468,2,204,26-08-2024 03:08
8470,2,65,12-01-2025 08:50
8471,1,29,17-02-2025 09:28
8472,4,47,30-01-2025 08:31
8474,1,186,13-09-2024 18:06
8475,4,52,25-01-2025 00:54
8476,3,31,15-02-2025 10:50
8477,2,109,29-11-2024 02:27
8478,1,302,20-05-2024 23:51
8479,4,121,17-11-2024 21:57
8480,3,23,23-02-2025 02:11
8481,5,21,25-02-2025 09:24
8482,6,36,10-02-2025 17:15
8483,3,118,20-11-2024 15:53
8484,2,309,13-05-2024 17:58
8485,4,79,29-12-2024 02:57
8486,1,297,25-05-2024 23:20
8487,1,5,13-03-2025 04:22
8488,5,140,29-10-2024 00:15
8489,2,83,25-12-2024 01:57
8490,5,20,26-02-2025 21:04
8491,7,47,30-01-2025 14:10
8492,4,22,24-02-2025 01:13
8493,3,255,06-07-2024 11:30
8495,3,7,11-03-2025 12:04
8496,3,106,02-12-2024 16:18
8497,5,83,25-12-2024 21:53
8498,5,29,17-02-2025 17:49
8499,4,15,03-03-2025 00:28
8501,3,23,23-02-2025 00:13
8502,4,37,09-02-2025 05:42
8503,1,147,22-10-2024 04:06
8504,4,191,08-09-2024 18:06
8505,1,167,02-10-2024 17:42
8506,2,253,08-07-2024 03:48
8508,2,14,04-03-2025 12:55
8509,1,115,23-11-2024 04:33
8510,4,94,14-12-2024 05:13
8512,2,49,28-01-2025 19:44
8513,3,147,22-10-2024 08:44
8514,3,177,22-09-2024 08:46
8516,2,3,15-03-2025 17:40
8517,4,119,19-11-2024 03:56
8518,1,119,19-11-2024 12:13
8519,1,100,08-12-2024 10:49
8521,3,130,08-11-2024 23:58
8522,4,15,03-03-2025 01:09
8523,2,86,22-12-2024 20:35
8524,2,67,10-01-2025 14:13
8525,3,106,02-12-2024 01:53
8526,2,175,24-09-2024 20:19
8527,3,1,17-03-2025 13:44
8528,6,128,10-11-2024 13:33
8529,1,335,17-04-2024 06:12
8530,4,136,02-11-2024 18:55
8531,1,147,22-10-2024 19:22
8532,5,39,07-02-2025 07:26
8533,3,163,06-10-2024 22:19
8534,3,80,28-12-2024 11:20
8535,4,23,23-02-2025 16:10
8536,1,232,29-07-2024 23:55
8537,3,62,15-01-2025 17:17
8538,3,5,13-03-2025 20:53
8539,3,57,20-01-2025 06:33
8540,6,142,27-10-2024 10:27
8541,2,28,18-02-2025 05:38
8542,4,45,01-02-2025 17:45
8543,2,151,18-10-2024 20:19
8544,2,58,19-01-2025 14:36
8545,3,29,17-02-2025 06:45
8547,1,102,06-12-2024 00:21
8548,4,62,15-01-2025 10:02
8549,3,105,03-12-2024 07:38
8550,1,147,22-10-2024 01:39
8551,3,65,12-01-2025 01:38
8552,1,310,12-05-2024 08:09
8553,3,116,22-11-2024 23:57
8554,2,333,19-04-2024 23:41
8555,4,12,06-03-2025 19:24
8556,2,57,20-01-2025 20:21
8557,2,69,08-01-2025 12:45
8558,3,70,07-01-2025 16:59
8559,1,217,13-08-2024 14:14
8560,1,33,13-02-2025 06:15
8561,2,145,24-10-2024 11:20
8562,4,38,08-02-2025 11:27
8563,4,96,12-12-2024 23:09
8564,1,317,05-05-2024 23:18
8565,6,17,01-03-2025 16:57
8566,1,180,19-09-2024 05:56
8567,4,3,15-03-2025 22:09
8568,4,115,23-11-2024 11:59
8569,1,263,28-06-2024 09:20
8570,5,60,17-01-2025 14:52
8571,4,17,01-03-2025 07:57
8572,1,293,29-05-2024 03:01
8573,2,42,04-02-2025 04:02
8574,6,69,08-01-2025 00:49
8575,2,149,20-10-2024 08:03
8576,1,200,30-08-2024 07:15
8577,2,192,07-09-2024 02:48
8578,2,92,16-12-2024 17:13
8579,2,104,04-12-2024 00:31
8581,2,26,20-02-2025 16:10
8583,1,217,13-08-2024 09:10
8584,5,104,04-12-2024 05:00
8585,6,109,29-11-2024 10:41
8586,2,27,19-02-2025 15:26
8587,2,67,10-01-2025 05:29
8588,5,50,27-01-2025 04:18
8589,1,257,04-07-2024 12:57
8590,4,75,02-01-2025 07:19
8591,7,127,11-11-2024 17:13
8592,3,216,14-08-2024 23:45
8593,3,63,14-01-2025 00:50
8594,3,44,02-02-2025 14:03
8595,2,84,24-12-2024 22:47
8596,3,88,20-12-2024 21:47
8597,4,4,14-03-2025 12:16
8598,5,9,09-03-2025 23:58
8599,1,250,11-07-2024 16:17
8600,2,51,26-01-2025 11:25
8601,3,54,23-01-2025 20:30
8602,3,6,12-03-2025 23:45
8603,2,3,15-03-2025 20:49
8604,2,227,03-08-2024 16:44
8605,2,13,05-03-2025 14:57
8606,5,74,03-01-2025 17:40
8607,6,70,07-01-2025 11:33
8608,5,74,03-01-2025 17:34
8610,4,35,11-02-2025 21:59
8611,2,116,22-11-2024 07:51
8612,1,98,10-12-2024 19:28
8613,4,38,08-02-2025 06:17
8614,2,85,23-12-2024 10:58
8615,4,66,11-01-2025 19:27
8616,1,23,23-02-2025 09:58
8617,3,148,21-10-2024 03:21
8618,2,15,03-03-2025 22:51
8619,2,21,25-02-2025 01:04
8620,1,117,21-11-2024 20:28
8621,2,126,12-11-2024 05:29
8622,4,66,11-01-2025 07:49
8623,2,88,20-12-2024 17:59
8624,2,72,05-01-2025 05:44
8625,5,162,07-10-2024 04:41
8626,2,258,03-07-2024 19:36
8627,5,16,02-03-2025 21:34
8628,2,95,13-12-2024 23:36
8629,1,154,15-10-2024 07:24
8630,4,78,30-12-2024 16:28
8631,4,4,14-03-2025 22:12
8632,3,169,30-09-2024 04:17
8633,4,3,15-03-2025 04:00
8634,5,88,20-12-2024 10:55
8635,1,43,03-02-2025 17:59
8636,1,111,27-11-2024 21:19
8637,1,37,09-02-2025 00:16
8638,3,65,12-01-2025 21:38
8640,4,83,25-12-2024 05:14
8641,5,21,25-02-2025 19:30
8642,5,107,01-12-2024 22:42
8643,3,131,07-11-2024 02:44
8644,1,224,06-08-2024 22:47
8645,5,36,10-02-2025 22:19
8646,3,85,23-12-2024 02:11
8647,3,134,04-11-2024 16:28
8648,3,96,12-12-2024 20:13
8649,2,45,01-02-2025 05:13
8650,4,170,29-09-2024 06:01
8652,1,203,27-08-2024 08:04
8653,1,242,19-07-2024 06:32
8654,5,135,03-11-2024 01:58
8655,3,12,06-03-2025 17:24
8656,3,190,09-09-2024 23:27
8657,2,47,30-01-2025 01:40
8658,3,8,10-03-2025 19:40
8659,1,62,15-01-2025 01:28
8660,5,56,21-01-2025 02:42
8661,4,28,18-02-2025 10:25
8662,2,116,22-11-2024 18:59
8664,2,216,14-08-2024 22:26
8665,3,308,14-05-2024 12:27
8666,2,83,25-12-2024 16:26
8667,5,48,29-01-2025 07:49
8668,1,31,15-02-2025 07:38
8669,1,278,13-06-2024 04:52
8670,5,93,15-12-2024 14:17
8671,6,80,28-12-2024 12:12
8672,3,142,27-10-2024 11:50
8673,5,9,09-03-2025 05:39
8674,1,103,05-12-2024 11:19
8675,5,34,12-02-2025 02:58
8676,1,131,07-11-2024 23:10
8677,3,66,11-01-2025 08:36
8678,9,7,11-03-2025 20:09
8679,1,100,08-12-2024 07:01
8681,2,159,10-10-2024 07:28
8682,1,346,06-04-2024 08:42
8683,1,322,30-04-2024 07:25
8684,6,3,15-03-2025 21:48
8685,5,16,02-03-2025 13:13
8686,1,279,12-06-2024 02:04
8687,1,127,11-11-2024 14:56
8688,2,17,01-03-2025 09:16
8689,1,298,24-05-2024 06:18
8690,2,143,26-10-2024 05:02
8691,2,77,31-12-2024 13:30
8692,3,121,17-11-2024 06:16
8693,2,110,28-11-2024 15:24
8694,1,143,26-10-2024 07:19
8695,2,194,05-09-2024 08:23
8696,2,78,30-12-2024 15:18
8697,3,156,13-10-2024 11:38
8698,1,315,07-05-2024 09:33
8700,1,343,09-04-2024 06:32
8701,4,110,28-11-2024 14:26
8702,2,260,01-07-2024 12:07
8703,2,48,29-01-2025 07:34
8704,2,211,19-08-2024 05:54
8705,7,17,01-03-2025 20:29
8706,1,267,24-06-2024 05:59
8707,4,26,20-02-2025 15:46
8708,6,101,07-12-2024 07:23
8709,2,268,23-06-2024 15:20
8710,2,302,20-05-2024 14:47
8711,2,24,22-02-2025 02:48
8712,4,71,06-01-2025 01:56
8713,1,133,05-11-2024 04:38
8714,6,6,12-03-2025 04:32
8715,4,152,17-10-2024 19:29
8716,1,363,20-03-2024 17:05
8717,6,112,26-11-2024 23:40
8718,1,168,01-10-2024 00:05
8719,2,103,05-12-2024 19:20
8720,6,13,05-03-2025 14:44
8721,1,263,28-06-2024 10:25
8722,2,30,16-02-2025 14:16
8723,2,189,10-09-2024 15:38
8724,3,2,16-03-2025 22:42
8725,3,32,14-02-2025 05:40
8726,4,39,07-02-2025 04:00
8727,4,169,30-09-2024 17:54
8728,2,244,17-07-2024 23:12
8729,5,27,19-02-2025 11:34
8730,1,31,15-02-2025 06:50
8731,6,78,30-12-2024 01:13
8732,1,83,25-12-2024 22:59
8734,3,154,15-10-2024 00:27
8735,4,9,09-03-2025 02:39
8736,4,72,05-01-2025 12:26
8737,3,8,10-03-2025 22:18
8738,1,314,08-05-2024 01:39
8739,4,66,11-01-2025 10:42
8741,2,6,12-03-2025 21:02
8742,5,78,30-12-2024 22:33
8743,2,121,17-11-2024 21:27
8744,3,48,29-01-2025 16:16
8745,3,27,19-02-2025 22:38
8746,4,239,22-07-2024 15:43
8747,2,52,25-01-2025 01:41
8748,4,87,21-12-2024 20:26
8749,3,147,22-10-2024 13:40
8751,4,31,15-02-2025 07:08
8752,2,70,07-01-2025 08:46
8753,2,173,26-09-2024 02:51
8755,1,147,22-10-2024 08:06
8756,1,75,02-01-2025 09:40
8758,2,69,08-01-2025 20:15
8759,4,37,09-02-2025 11:02
8760,2,19,27-02-2025 02:44
8761,1,347,05-04-2024 18:45
8762,3,7,11-03-2025 01:38
8763,1,273,18-06-2024 12:20
8764,2,62,15-01-2025 08:30
8765,4,7,11-03-2025 00:19
8766,3,132,06-11-2024 11:02
8767,4,169,30-09-2024 14:49
8768,8,21,25-02-2025 16:26
8769,1,266,25-06-2024 18:47
8770,4,46,31-01-2025 21:53
8771,2,60,17-01-2025 06:06
8772,2,223,07-08-2024 23:12
8773,6,1,17-03-2025 22:19
8775,5,6,12-03-2025 12:04
8776,3,5,13-03-2025 23:00
8777,5,165,04-10-2024 09:07
8778,6,88,20-12-2024 07:23
8779,1,316,06-05-2024 01:22
8780,8,28,18-02-2025 15:12
8781,1,96,12-12-2024 10:00
8782,4,240,21-07-2024 18:12
8783,3,172,27-09-2024 04:40
8784,4,143,26-10-2024 22:14
8785,2,132,06-11-2024 22:33
8786,3,75,02-01-2025 05:27
8787,4,6,12-03-2025 04:52
8788,2,32,14-02-2025 18:28
8789,2,89,19-12-2024 13:29
8790,3,63,14-01-2025 07:20
8792,2,111,27-11-2024 15:23
8793,1,180,19-09-2024 11:36
8795,2,26,20-02-2025 09:41
8796,2,240,21-07-2024 00:52
8797,2,16,02-03-2025 12:43
8798,2,116,22-11-2024 06:22
8799,2,230,31-07-2024 17:20
8800,3,15,03-03-2025 06:33
8802,2,137,01-11-2024 18:55
8803,2,26,20-02-2025 12:16
8804,2,111,27-11-2024 03:06
8805,2,97,11-12-2024 14:42
8806,1,76,01-01-2025 23:40
8807,3,65,12-01-2025 15:33
8808,3,9,09-03-2025 04:30
8809,2,91,17-12-2024 20:47
8810,2,336,16-04-2024 03:52
8811,2,241,20-07-2024 12:23
8812,4,98,10-12-2024 06:52
8813,2,171,28-09-2024 03:38
8814,3,3,15-03-2025 09:52
8815,1,284,07-06-2024 23:57
8816,4,48,29-01-2025 14:49
8817,4,95,13-12-2024 01:53
8818,2,190,09-09-2024 15:22
8819,3,109,29-11-2024 18:40
8820,2,113,25-11-2024 16:36
8822,2,218,12-08-2024 10:30
8823,1,165,04-10-2024 09:08
8824,4,51,26-01-2025 12:32
8825,2,131,07-11-2024 13:00
8826,2,63,14-01-2025 23:06
8827,6,84,24-12-2024 21:37
8828,2,62,15-01-2025 03:54
8829,1,260,01-07-2024 13:16
8830,3,13,05-03-2025 09:14
8831,3,197,02-09-2024 14:37
8832,4,87,21-12-2024 05:30
8833,6,44,02-02-2025 02:40
8834,5,178,21-09-2024 18:25
8835,3,21,25-02-2025 02:01
8836,3,20,26-02-2025 15:38
8837,4,20,26-02-2025 21:22
8838,2,45,01-02-2025 06:49
8840,3,27,19-02-2025 02:19
8841,2,230,31-07-2024 05:02
8842,2,159,10-10-2024 08:01
8843,5,89,19-12-2024 19:42
8844,7,21,25-02-2025 14:04
8845,4,37,09-02-2025 23:19
8846,3,34,12-02-2025 08:39
8848,2,7,11-03-2025 10:52
8850,1,6,12-03-2025 19:47
8851,1,321,01-05-2024 15:29
8852,1,140,29-10-2024 09:04
8853,5,18,28-02-2025 00:58
8854,5,65,12-01-2025 04:28
8855,3,325,27-04-2024 14:56
8856,1,221,09-08-2024 23:46
8857,2,91,17-12-2024 17:39
8858,2,82,26-12-2024 20:43
8859,4,5,13-03-2025 13:48
8860,4,49,28-01-2025 21:20
8861,2,53,24-01-2025 01:38
8862,4,145,24-10-2024 13:50
8863,1,174,25-09-2024 04:16
8864,3,176,23-09-2024 01:13
8865,5,5,13-03-2025 14:16
8866,3,22,24-02-2025 03:23
8867,5,7,11-03-2025 13:30
8868,3,27,19-02-2025 04:08
8869,3,47,30-01-2025 10:50
8871,1,314,08-05-2024 08:20
8873,4,124,14-11-2024 11:14
8874,1,124,14-11-2024 13:40
8875,3,164,05-10-2024 13:41
8877,2,34,12-02-2025 11:57
8878,1,238,23-07-2024 18:26
8879,1,78,30-12-2024 04:50
8880,6,0,18-03-2025 08:33
8881,1,114,24-11-2024 05:40
8882,4,32,14-02-2025 06:21
8883,3,189,10-09-2024 00:24
8884,3,265,26-06-2024 04:29
8885,2,158,11-10-2024 00:30
8886,3,155,14-10-2024 04:25
8887,2,115,23-11-2024 10:46
8888,2,131,07-11-2024 02:02
8889,4,85,23-12-2024 14:12
8890,2,279,12-06-2024 05:19
8891,1,109,29-11-2024 00:55
8892,2,199,31-08-2024 18:20
8893,5,27,19-02-2025 14:42
8894,2,120,18-11-2024 10:24
8895,5,8,10-03-2025 22:00
8896,1,293,29-05-2024 03:39
8897,4,179,20-09-2024 09:07
8898,6,53,24-01-2025 17:23
8899,5,29,17-02-2025 08:23
8900,3,38,08-02-2025 06:21
8902,2,16,02-03-2025 03:08
8903,3,190,09-09-2024 11:18
8905,1,175,24-09-2024 19:05
8906,1,56,21-01-2025 01:43
8907,3,33,13-02-2025 19:58
8908,1,33,13-02-2025 09:55
8909,2,200,30-08-2024 13:40
8910,4,177,22-09-2024 08:33
8911,6,106,02-12-2024 12:53
8912,4,16,02-03-2025 00:06
8913,3,101,07-12-2024 14:39
8914,2,160,09-10-2024 23:03
8915,3,81,27-12-2024 07:54
8916,3,42,04-02-2025 17:09
8917,2,183,16-09-2024 07:09
8918,4,35,11-02-2025 18:13
8919,2,101,07-12-2024 09:21
8920,4,98,10-12-2024 17:39
8921,2,80,28-12-2024 05:56
8922,2,68,09-01-2025 09:02
8923,2,112,26-11-2024 12:16
8924,1,286,05-06-2024 12:51
8925,1,59,18-01-2025 07:03
8926,1,301,21-05-2024 13:29
8927,5,94,14-12-2024 22:50
8929,2,74,03-01-2025 07:54
8931,1,316,06-05-2024 07:02
8932,4,121,17-11-2024 19:16
8933,7,10,08-03-2025 20:11
8934,2,319,03-05-2024 08:43
8935,5,14,04-03-2025 05:28
8936,3,162,07-10-2024 17:03
8937,1,212,18-08-2024 22:16
8938,4,60,17-01-2025 16:29
8939,3,232,29-07-2024 05:30
8940,1,227,03-08-2024 16:51
8941,4,28,18-02-2025 14:27
8942,5,92,16-12-2024 12:35
8943,3,271,20-06-2024 13:11
8944,7,32,14-02-2025 23:41
8945,1,59,18-01-2025 04:37
8946,1,201,29-08-2024 13:02
8947,2,62,15-01-2025 15:55
8948,1,53,24-01-2025 13:54
8949,6,88,20-12-2024 07:32
8950,3,0,18-03-2025 13:04
8951,1,57,20-01-2025 10:23
8952,2,230,31-07-2024 22:24
8953,3,15,03-03-2025 21:11
8955,1,122,16-11-2024 00:24
8956,4,65,12-01-2025 08:42
8957,4,68,09-01-2025 21:41
8958,1,361,22-03-2024 06:24
8959,2,242,19-07-2024 16:04
8960,2,3,15-03-2025 19:26
8961,3,145,24-10-2024 08:31
8962,2,127,11-11-2024 18:18
8964,2,4,14-03-2025 06:30
8965,3,28,18-02-2025 09:22
8966,4,46,31-01-2025 06:51
8967,4,82,26-12-2024 02:14
8968,3,93,15-12-2024 02:12
8969,4,65,12-01-2025 10:34
8970,3,83,25-12-2024 14:37
8971,2,233,28-07-2024 16:11
8972,3,122,16-11-2024 03:55
8973,2,108,30-11-2024 13:00
8974,3,163,06-10-2024 04:27
8975,1,130,08-11-2024 10:24
8976,2,158,11-10-2024 20:58
8977,4,19,27-02-2025 17:59
8978,3,19,27-02-2025 05:00
8979,4,5,13-03-2025 01:22
8980,2,82,26-12-2024 19:33
8981,1,143,26-10-2024 14:31
8982,4,120,18-11-2024 06:45
8983,1,292,30-05-2024 18:52
8984,7,67,10-01-2025 23:28
8985,1,257,04-07-2024 20:57
8986,6,17,01-03-2025 15:17
8987,7,4,14-03-2025 03:16
8988,1,15,03-03-2025 20:02
8989,5,106,02-12-2024 18:16
8990,1,167,02-10-2024 21:40
8991,2,60,17-01-2025 17:29
8992,1,129,09-11-2024 23:22
8993,3,120,18-11-2024 05:03
8994,2,54,23-01-2025 00:23
8995,1,160,09-10-2024 06:46
8996,4,28,18-02-2025 06:34
8997,4,50,27-01-2025 01:27
8998,1,15,03-03-2025 09:29
8999,1,327,25-04-2024 18:51
9001,6,23,23-02-2025 21:15
9002,4,214,16-08-2024 13:55
9003,3,121,17-11-2024 03:51
9004,4,30,16-02-2025 21:11
9005,2,18,28-02-2025 18:48
9006,1,264,27-06-2024 15:44
9007,2,12,06-03-2025 19:01
9008,2,285,06-06-2024 04:12
9009,1,313,09-05-2024 03:46
9010,2,286,05-06-2024 05:33
9011,5,43,03-02-2025 10:36
9012,2,104,04-12-2024 10:51
9013,4,59,18-01-2025 04:20
9014,1,261,30-06-2024 01:37
9015,1,87,21-12-2024 16:35
9016,3,-1,19-03-2025 03:55
9017,2,128,10-11-2024 20:33
9019,1,335,17-04-2024 20:13
9020,7,3,15-03-2025 18:16
9021,4,155,14-10-2024 16:28
9022,4,88,20-12-2024 06:52
9024,4,41,05-02-2025 09:09
9025,3,9,09-03-2025 08:11
9026,3,149,20-10-2024 06:35
9027,2,184,15-09-2024 00:23
9028,4,157,12-10-2024 11:58
9029,2,59,18-01-2025 05:16
9030,4,35,11-02-2025 11:59
9031,2,156,13-10-2024 15:43
9032,4,47,30-01-2025 22:48
9033,1,216,14-08-2024 03:35
9034,3,311,11-05-2024 05:22
9035,1,295,27-05-2024 01:09
9036,1,263,28-06-2024 11:30
9037,2,31,15-02-2025 06:48
9038,4,17,01-03-2025 19:55
9039,3,6,12-03-2025 06:37
9040,2,177,22-09-2024 21:17
9041,2,94,14-12-2024 11:56
9042,2,93,15-12-2024 01:48
9043,3,41,05-02-2025 12:14
9044,3,53,24-01-2025 11:47
9045,2,2,16-03-2025 14:47
9046,2,49,28-01-2025 12:18
9047,2,313,09-05-2024 12:28
9048,4,61,16-01-2025 18:36
9049,1,264,27-06-2024 20:18
9050,7,64,13-01-2025 23:12
9051,3,94,14-12-2024 12:21
9052,1,234,27-07-2024 04:07
9053,4,12,06-03-2025 20:48
9054,2,7,11-03-2025 08:11
9055,3,133,05-11-2024 10:12
9056,5,38,08-02-2025 18:08
9057,3,139,30-10-2024 22:07
9058,4,83,25-12-2024 04:53
9059,2,33,13-02-2025 04:31
9060,4,46,31-01-2025 07:31
9061,3,100,08-12-2024 08:03
9062,2,147,22-10-2024 10:48
9063,1,158,11-10-2024 03:43
9064,4,86,22-12-2024 01:06
9065,3,51,26-01-2025 04:25
9066,4,8,10-03-2025 05:17
9067,3,242,19-07-2024 21:16
9068,6,14,04-03-2025 10:43
9069,2,89,19-12-2024 11:06
9070,3,92,16-12-2024 07:39
9071,1,62,15-01-2025 15:25
9072,3,27,19-02-2025 03:00
9073,5,10,08-03-2025 13:37
9074,3,20,26-02-2025 06:55
9075,3,195,04-09-2024 11:40
9076,5,60,17-01-2025 15:28
9078,2,47,30-01-2025 16:25
9079,1,211,19-08-2024 22:25
9080,1,271,20-06-2024 19:20
9081,3,40,06-02-2025 07:03
9082,5,34,12-02-2025 01:54
9083,6,43,03-02-2025 16:31
9084,5,5,13-03-2025 01:44
9085,4,64,13-01-2025 19:48
9086,1,46,31-01-2025 15:36
9087,3,78,30-12-2024 09:04
9088,6,83,25-12-2024 09:54
9089,3,13,05-03-2025 07:19
9090,4,43,03-02-2025 10:38
9091,9,23,23-02-2025 04:24
9092,1,208,22-08-2024 14:41
9093,5,26,20-02-2025 22:46
9094,2,206,24-08-2024 20:22
9095,2,3,15-03-2025 18:35
9096,3,193,06-09-2024 23:49
9097,4,120,18-11-2024 04:44
9098,4,41,05-02-2025 03:25
9099,4,19,27-02-2025 16:05
9100,3,6,12-03-2025 11:09
9101,3,110,28-11-2024 00:10
9102,4,42,04-02-2025 02:34
9103,2,287,04-06-2024 00:43
9104,3,77,31-12-2024 13:34
9105,1,121,17-11-2024 01:27
9106,1,197,02-09-2024 21:13
9107,3,26,20-02-2025 16:40
9108,2,67,10-01-2025 14:56
9109,3,8,10-03-2025 12:08
9110,4,164,05-10-2024 05:55
9111,2,216,14-08-2024 09:23
9112,3,51,26-01-2025 16:07
9113,2,288,03-06-2024 10:49
9114,2,64,13-01-2025 11:45
9115,4,26,20-02-2025 03:36
9116,1,263,28-06-2024 00:42
9117,4,134,04-11-2024 18:01
9118,2,95,13-12-2024 05:45
9119,2,68,09-01-2025 17:42
9120,5,43,03-02-2025 00:21
9121,3,53,24-01-2025 16:34
9122,4,10,08-03-2025 07:29
9123,1,101,07-12-2024 07:12
9124,2,137,01-11-2024 20:33
9125,1,351,01-04-2024 17:53
9126,5,68,09-01-2025 19:26
9127,2,21,25-02-2025 17:45
9128,2,17,01-03-2025 04:13
9130,5,82,26-12-2024 08:43
9131,1,187,12-09-2024 05:48
9132,2,99,09-12-2024 12:13
9133,1,92,16-12-2024 07:44
9134,3,24,22-02-2025 20:19
9135,1,271,20-06-2024 18:06
9136,2,135,03-11-2024 09:50
9138,4,78,30-12-2024 01:14
9139,4,140,29-10-2024 02:31
9140,4,66,11-01-2025 20:21
9141,2,117,21-11-2024 15:07
9142,4,154,15-10-2024 15:53
9143,4,12,06-03-2025 14:40
9144,3,57,20-01-2025 03:07
9145,4,86,22-12-2024 05:59
9146,2,65,12-01-2025 16:08
9147,3,80,28-12-2024 05:04
9148,10,25,21-02-2025 05:47
9149,3,131,07-11-2024 06:41
9150,1,32,14-02-2025 03:20
9151,2,69,08-01-2025 17:25
9152,5,65,12-01-2025 19:26
9154,3,123,15-11-2024 11:29
9155,1,299,23-05-2024 16:46
9157,1,15,03-03-2025 17:41
9158,2,85,23-12-2024 06:27
9159,4,13,05-03-2025 22:08
9160,3,123,15-11-2024 23:47
9161,1,148,21-10-2024 17:21
9162,3,279,12-06-2024 00:06
9163,3,150,19-10-2024 03:39
9164,5,18,28-02-2025 01:34
9165,2,33,13-02-2025 09:23
9166,2,112,26-11-2024 09:58
9167,2,260,01-07-2024 13:30
9168,3,36,10-02-2025 16:37
9169,1,89,19-12-2024 09:50
9170,2,331,21-04-2024 00:42
9171,6,25,21-02-2025 07:35
9172,1,2,16-03-2025 12:55
9173,2,58,19-01-2025 12:55
9174,6,188,11-09-2024 05:49
9175,2,184,15-09-2024 11:49
9176,5,99,09-12-2024 21:17
9177,1,45,01-02-2025 07:22
9178,2,21,25-02-2025 14:13
9179,2,22,24-02-2025 13:20
9181,4,172,27-09-2024 06:14
9182,2,96,12-12-2024 03:17
9183,2,173,26-09-2024 08:48
9184,2,49,28-01-2025 14:03
9185,5,45,01-02-2025 22:34
9186,4,113,25-11-2024 00:19
9187,3,12,06-03-2025 05:33
9188,5,26,20-02-2025 19:31
9189,4,28,18-02-2025 21:49
9190,3,202,28-08-2024 08:17
9191,4,130,08-11-2024 22:56
9192,1,172,27-09-2024 18:24
9193,3,33,13-02-2025 00:04
9194,2,216,14-08-2024 16:02
9195,1,316,06-05-2024 20:58
9196,7,111,27-11-2024 14:56
9197,2,47,30-01-2025 03:38
9198,4,53,24-01-2025 02:22
9199,2,118,20-11-2024 16:52
9200,2,224,06-08-2024 07:21
9201,3,182,17-09-2024 13:49
9202,5,34,12-02-2025 18:17
9203,3,52,25-01-2025 20:01
9204,3,11,07-03-2025 18:03
9205,3,118,20-11-2024 12:58
9206,1,333,19-04-2024 17:00
9207,6,73,04-01-2025 03:37
9208,2,97,11-12-2024 06:41
9209,5,22,24-02-2025 23:10
9210,7,27,19-02-2025 08:38
9211,2,0,18-03-2025 15:37
9212,2,155,14-10-2024 12:04
9213,1,169,30-09-2024 12:18
9214,3,88,20-12-2024 17:23
9215,4,16,02-03-2025 14:15
9216,5,89,19-12-2024 02:12
9217,2,38,08-02-2025 10:46
9218,1,231,30-07-2024 01:57
9219,5,65,12-01-2025 04:11
9220,1,121,17-11-2024 22:11
9221,5,4,14-03-2025 08:07
9222,3,12,06-03-2025 07:44
9223,2,14,04-03-2025 01:34
9224,1,62,15-01-2025 00:18
9225,1,237,24-07-2024 20:36
9226,1,258,03-07-2024 04:03
9227,1,339,13-04-2024 00:57
9228,2,336,16-04-2024 08:51
9229,1,173,26-09-2024 06:55
9230,1,7,11-03-2025 04:20
9232,4,23,23-02-2025 05:10
9233,3,75,02-01-2025 13:21
9235,3,161,08-10-2024 00:07
9237,2,101,07-12-2024 16:55
9238,2,152,17-10-2024 12:31
9239,2,290,01-06-2024 20:52
9240,2,22,24-02-2025 12:09
9242,6,58,19-01-2025 17:49
9243,3,2,16-03-2025 01:37
9244,2,179,20-09-2024 07:35
9245,4,7,11-03-2025 19:48
9246,2,58,19-01-2025 13:40
9247,5,55,22-01-2025 00:08
9248,1,360,23-03-2024 01:38
9249,2,117,21-11-2024 13:19
9250,2,1,17-03-2025 20:03
9252,5,21,25-02-2025 19:13
9253,1,328,24-04-2024 20:00
9254,4,107,01-12-2024 03:41
9255,1,23,23-02-2025 19:09
9256,5,59,18-01-2025 06:03
9257,3,48,29-01-2025 11:17
9258,2,70,07-01-2025 05:55
9260,2,246,15-07-2024 06:12
9261,3,223,07-08-2024 10:45
9262,2,270,21-06-2024 18:14
9263,1,115,23-11-2024 00:21
9264,1,95,13-12-2024 15:18
9265,7,66,11-01-2025 12:44
9266,3,232,29-07-2024 06:44
9267,1,169,30-09-2024 15:00
9268,4,185,14-09-2024 10:21
9269,3,144,25-10-2024 22:38
9270,2,29,17-02-2025 01:08
9271,1,77,31-12-2024 00:21
9272,4,114,24-11-2024 12:03
9273,4,0,18-03-2025 18:45
9275,1,115,23-11-2024 13:49
9276,2,272,19-06-2024 12:29
9278,2,68,09-01-2025 05:05
9279,3,59,18-01-2025 11:49
9280,3,68,09-01-2025 14:43
9281,2,53,24-01-2025 03:35
9282,3,154,15-10-2024 03:36
9283,3,173,26-09-2024 17:05
9284,2,0,18-03-2025 14:36
9285,3,68,09-01-2025 04:25
9286,4,-1,19-03-2025 06:10
9287,2,66,11-01-2025 12:33
9288,2,5,13-03-2025 07:47
9289,1,229,01-08-2024 14:47
9290,2,181,18-09-2024 00:48
9291,2,264,27-06-2024 15:11
9292,2,294,28-05-2024 16:04
9293,1,11,07-03-2025 09:56
9294,5,43,03-02-2025 16:17
9295,5,0,18-03-2025 00:39
9296,4,116,22-11-2024 09:13
9298,3,187,12-09-2024 03:54
9299,2,20,26-02-2025 14:13
9300,3,77,31-12-2024 20:02
9301,5,156,13-10-2024 17:27
9302,4,147,22-10-2024 13:59
9303,4,44,02-02-2025 06:44
9304,1,272,19-06-2024 14:50
9305,3,200,30-08-2024 17:13
9306,2,33,13-02-2025 05:01
9307,6,80,28-12-2024 09:19
9309,4,10,08-03-2025 14:29
9310,1,341,11-04-2024 03:59
9311,6,12,06-03-2025 17:41
9312,4,285,06-06-2024 20:41
9313,4,156,13-10-2024 15:28
9314,2,236,25-07-2024 09:12
9315,6,59,18-01-2025 21:22
9316,2,131,07-11-2024 17:09
9317,3,0,18-03-2025 08:27
9318,1,300,22-05-2024 01:17
9319,2,212,18-08-2024 05:11
9321,5,16,02-03-2025 05:35
9323,6,14,04-03-2025 09:17
9324,3,3,15-03-2025 04:08
9325,2,76,01-01-2025 23:33
9326,6,38,08-02-2025 08:45
9327,8,25,21-02-2025 10:44
9328,5,29,17-02-2025 21:45
9329,3,93,15-12-2024 04:33
9330,4,73,04-01-2025 04:05
9331,2,109,29-11-2024 12:06
9332,3,273,18-06-2024 19:19
9333,1,51,26-01-2025 23:26
9334,2,53,24-01-2025 09:22
9335,8,26,20-02-2025 11:19
9336,6,21,25-02-2025 00:38
9337,3,79,29-12-2024 21:51
9338,2,138,31-10-2024 23:18
9339,4,187,12-09-2024 14:53
9340,3,144,25-10-2024 14:55
9341,3,72,05-01-2025 08:49
9342,2,96,12-12-2024 22:13
9343,4,16,02-03-2025 13:08
9344,3,2,16-03-2025 18:09
9345,4,61,16-01-2025 17:00
9346,2,321,01-05-2024 15:35
9347,3,131,07-11-2024 15:25
9348,1,324,28-04-2024 09:49
9349,7,70,07-01-2025 19:07
9350,3,17,01-03-2025 05:15
9351,2,56,21-01-2025 02:52
9352,4,37,09-02-2025 19:13
9353,1,169,30-09-2024 02:45
9354,5,76,01-01-2025 23:52
9355,2,94,14-12-2024 14:26
9356,1,259,02-07-2024 16:43
9357,4,35,11-02-2025 16:17
9359,3,89,19-12-2024 13:00
9360,4,21,25-02-2025 04:41
9361,1,55,22-01-2025 02:31
9362,4,102,06-12-2024 10:07
9363,3,80,28-12-2024 13:39
9364,2,156,13-10-2024 06:00
9365,3,38,08-02-2025 04:36
9366,1,97,11-12-2024 07:20
9367,3,151,18-10-2024 10:50
9368,1,316,06-05-2024 14:06
9369,5,6,12-03-2025 10:51
9370,1,83,25-12-2024 14:07
9372,1,242,19-07-2024 14:29
9374,2,-1,19-03-2025 05:42
9375,2,211,19-08-2024 20:53
9376,2,233,28-07-2024 18:29
9379,3,152,17-10-2024 05:28
9380,3,32,14-02-2025 03:16
9381,4,46,31-01-2025 15:41
9382,4,17,01-03-2025 03:33
9383,4,71,06-01-2025 05:44
9384,2,84,24-12-2024 20:49
9385,3,95,13-12-2024 15:07
9386,3,3,15-03-2025 04:37
9387,2,104,04-12-2024 21:52
9388,1,119,19-11-2024 15:50
9389,1,176,23-09-2024 14:05
9390,2,59,18-01-2025 09:37
9391,1,105,03-12-2024 23:54
9392,5,92,16-12-2024 10:22
9393,4,71,06-01-2025 06:40
9394,3,32,14-02-2025 22:32
9395,3,14,04-03-2025 06:13
9396,3,29,17-02-2025 08:27
9397,3,14,04-03-2025 00:52
9398,5,62,15-01-2025 03:33
9399,3,236,25-07-2024 01:23
9400,3,72,05-01-2025 13:58
9401,5,67,10-01-2025 15:11
9402,3,130,08-11-2024 10:57
9403,5,93,15-12-2024 03:42
9404,4,84,24-12-2024 17:22
9405,5,37,09-02-2025 06:07
9406,2,140,29-10-2024 20:13
9407,5,72,05-01-2025 15:00
9408,2,6,12-03-2025 00:21
9409,3,205,25-08-2024 09:56
9410,3,107,01-12-2024 20:11
9411,2,137,01-11-2024 17:54
9412,2,352,31-03-2024 06:31
9414,6,28,18-02-2025 15:06
9415,7,84,24-12-2024 19:38
9416,1,180,19-09-2024 16:02
9417,2,153,16-10-2024 16:45
9418,5,66,11-01-2025 20:28
9419,4,78,30-12-2024 09:05
9420,1,93,15-12-2024 22:21
9421,1,307,15-05-2024 17:05
9422,2,244,17-07-2024 18:17
9423,3,55,22-01-2025 15:52
9425,2,157,12-10-2024 10:57
9426,2,77,31-12-2024 11:36
9428,5,18,28-02-2025 14:31
9429,2,34,12-02-2025 18:42
9430,3,250,11-07-2024 19:23
9431,1,156,13-10-2024 01:21
9432,3,28,18-02-2025 08:16
9434,4,68,09-01-2025 13:08
9435,5,18,28-02-2025 09:25
9436,3,16,02-03-2025 05:55
9437,2,261,30-06-2024 02:15
9438,1,123,15-11-2024 03:09
9439,3,6,12-03-2025 14:07
9440,4,171,28-09-2024 20:06
9441,3,289,02-06-2024 12:57
9444,1,64,13-01-2025 11:14
9445,2,94,14-12-2024 07:32
9446,3,70,07-01-2025 14:49
9447,5,15,03-03-2025 04:56
9448,3,148,21-10-2024 00:16
9449,1,221,09-08-2024 23:30
9451,2,20,26-02-2025 09:57
9452,4,32,14-02-2025 09:12
9453,3,335,17-04-2024 01:08
9454,2,183,16-09-2024 09:54
9455,1,124,14-11-2024 11:18
9456,1,78,30-12-2024 13:23
9457,3,233,28-07-2024 15:00
9458,3,37,09-02-2025 11:09
9459,2,212,18-08-2024 09:37
9460,1,131,07-11-2024 17:25
9461,3,94,14-12-2024 13:15
9463,1,14,04-03-2025 00:30
9464,4,37,09-02-2025 04:55
9465,1,73,04-01-2025 07:22
9466,1,230,31-07-2024 00:19
9467,2,109,29-11-2024 22:17
9468,2,47,30-01-2025 15:51
9469,2,144,25-10-2024 13:36
9470,2,49,28-01-2025 05:20
9471,2,167,02-10-2024 01:00
9472,3,108,30-11-2024 09:57
9473,1,302,20-05-2024 20:01
9474,2,236,25-07-2024 02:26
9475,2,110,28-11-2024 00:27
9476,4,111,27-11-2024 03:09
9477,4,5,13-03-2025 03:14
9478,1,104,04-12-2024 06:28
9479,4,40,06-02-2025 06:24
9481,3,87,21-12-2024 17:31
9482,2,71,06-01-2025 10:25
9483,6,73,04-01-2025 03:58
9484,4,1,17-03-2025 15:19
9485,2,46,31-01-2025 17:19
9486,3,13,05-03-2025 18:03
9487,4,214,16-08-2024 19:49
9488,5,31,15-02-2025 07:01
9489,2,10,08-03-2025 23:59
9490,2,29,17-02-2025 19:01
9491,1,132,06-11-2024 22:25
9492,3,291,31-05-2024 03:47
9493,4,9,09-03-2025 03:08
9494,3,84,24-12-2024 06:56
9495,4,73,04-01-2025 00:03
9496,4,70,07-01-2025 22:24
9498,5,1,17-03-2025 21:34
9499,5,35,11-02-2025 15:15
9500,2,299,23-05-2024 17:20
9501,6,3,15-03-2025 06:26
9502,8,65,12-01-2025 02:10
9503,1,363,20-03-2024 21:46
9504,1,31,15-02-2025 09:38
9505,5,19,27-02-2025 13:29
9506,5,44,02-02-2025 16:53
9507,1,169,30-09-2024 16:09
9508,3,61,16-01-2025 02:21
9509,4,7,11-03-2025 18:31
9510,2,7,11-03-2025 05:04
9511,2,55,22-01-2025 23:18
9512,1,77,31-12-2024 14:17
9513,3,284,07-06-2024 21:16
9515,6,13,05-03-2025 17:43
9516,3,46,31-01-2025 09:43
9517,2,118,20-11-2024 06:25
9519,2,281,10-06-2024 09:20
9520,3,241,20-07-2024 20:22
9521,2,89,19-12-2024 17:17
9522,2,5,13-03-2025 19:20
9523,1,263,28-06-2024 11:41
9524,5,98,10-12-2024 23:15
9525,6,44,02-02-2025 21:28
9526,2,295,27-05-2024 17:52
9527,4,83,25-12-2024 14:57
9528,2,182,17-09-2024 19:30
9529,2,69,08-01-2025 07:28
9530,1,228,02-08-2024 00:38
9531,4,175,24-09-2024 12:53
9532,2,41,05-02-2025 20:26
9533,7,32,14-02-2025 04:35
9534,4,26,20-02-2025 11:23
9535,4,37,09-02-2025 13:05
9536,2,153,16-10-2024 00:54
9537,2,20,26-02-2025 10:36
9538,3,26,20-02-2025 17:38
9539,1,84,24-12-2024 04:21
9540,2,268,23-06-2024 04:57
9541,1,165,04-10-2024 20:42
9542,2,10,08-03-2025 23:48
9543,3,70,07-01-2025 14:06
9544,2,148,21-10-2024 01:02
9546,4,39,07-02-2025 13:26
9547,3,216,14-08-2024 09:44
9548,5,15,03-03-2025 00:30
9550,2,244,17-07-2024 20:59
9551,2,37,09-02-2025 18:59
9552,3,188,11-09-2024 16:24
9553,2,38,08-02-2025 10:23
9554,3,166,03-10-2024 04:53
9555,8,24,22-02-2025 13:58
9556,2,133,05-11-2024 15:10
9559,3,117,21-11-2024 02:23
9560,4,14,04-03-2025 13:19
9561,4,30,16-02-2025 22:10
9562,1,266,25-06-2024 20:46
9563,2,284,07-06-2024 04:30
9564,2,195,04-09-2024 03:27
9565,2,25,21-02-2025 03:32
9567,4,41,05-02-2025 00:57
9570,3,39,07-02-2025 18:27
9571,3,12,06-03-2025 11:42
9572,1,168,01-10-2024 22:41
9573,1,25,21-02-2025 22:38
9574,1,87,21-12-2024 03:34
9575,4,7,11-03-2025 21:49
9576,1,274,17-06-2024 00:37
9577,2,74,03-01-2025 05:47
9578,2,169,30-09-2024 15:10
9579,2,171,28-09-2024 19:08
9580,5,38,08-02-2025 21:28
9581,1,31,15-02-2025 00:57
9582,1,124,14-11-2024 20:38
9583,1,210,20-08-2024 18:46
9584,1,88,20-12-2024 05:35
9585,2,106,02-12-2024 06:35
9586,3,32,14-02-2025 15:16
9587,3,172,27-09-2024 07:01
9588,1,234,27-07-2024 14:12
9589,2,168,01-10-2024 04:44
9590,2,93,15-12-2024 15:38
9591,2,11,07-03-2025 17:25
9592,4,10,08-03-2025 17:23
9593,2,9,09-03-2025 14:36
9594,2,56,21-01-2025 03:15
9595,6,9,09-03-2025 11:58
9596,2,0,18-03-2025 14:26
9597,4,24,22-02-2025 23:39
9598,3,249,12-07-2024 03:55
9599,2,56,21-01-2025 07:05
9601,3,6,12-03-2025 06:03
9602,2,271,20-06-2024 00:09
9603,3,8,10-03-2025 12:49
9604,3,82,26-12-2024 18:50
9606,3,19,27-02-2025 09:54
9607,1,214,16-08-2024 05:12
9608,1,205,25-08-2024 15:01
9609,1,1,17-03-2025 17:29
9610,2,263,28-06-2024 11:22
9611,3,71,06-01-2025 20:03
9612,3,220,10-08-2024 00:57
9613,1,241,20-07-2024 18:26
9615,3,111,27-11-2024 18:06
9616,2,172,27-09-2024 10:57
9617,2,30,16-02-2025 04:27
9619,1,248,13-07-2024 19:22
9620,3,225,05-08-2024 03:02
9621,1,43,03-02-2025 04:18
9622,6,23,23-02-2025 16:19
9623,3,42,04-02-2025 00:46
9625,3,173,26-09-2024 15:32
9626,1,260,01-07-2024 20:43
9627,1,218,12-08-2024 08:51
9628,1,179,20-09-2024 20:15
9630,6,84,24-12-2024 13:32
9631,3,48,29-01-2025 16:20
9632,2,193,06-09-2024 17:36
9633,1,307,15-05-2024 14:18
9634,5,185,14-09-2024 02:02
9635,1,311,11-05-2024 02:08
9636,4,14,04-03-2025 07:35
9637,4,139,30-10-2024 18:15
9638,4,28,18-02-2025 19:07
9639,2,278,13-06-2024 05:35
9640,4,15,03-03-2025 08:02
9641,4,63,14-01-2025 16:08
9642,3,91,17-12-2024 19:38
9643,3,23,23-02-2025 22:30
9644,4,35,11-02-2025 22:20
9645,4,175,24-09-2024 00:02
9646,5,31,15-02-2025 05:38
9647,1,329,23-04-2024 17:29
9648,6,60,17-01-2025 19:03
9649,1,142,27-10-2024 18:03
9650,2,104,04-12-2024 01:17
9651,4,150,19-10-2024 15:38
9652,3,52,25-01-2025 00:33
9653,10,29,17-02-2025 16:05
9654,3,13,05-03-2025 21:30
9655,1,30,16-02-2025 23:05
9656,2,205,25-08-2024 21:20
9657,6,71,06-01-2025 09:09
9659,3,131,07-11-2024 17:14
9660,2,64,13-01-2025 19:53
9661,1,100,08-12-2024 17:05
9662,2,103,05-12-2024 04:11
9663,1,101,07-12-2024 18:17
9664,6,10,08-03-2025 07:49
9665,3,6,12-03-2025 22:42
9666,1,119,19-11-2024 09:07
9667,3,12,06-03-2025 12:53
9668,3,29,17-02-2025 13:12
9669,5,152,17-10-2024 22:31
9670,2,277,14-06-2024 01:19
9671,2,321,01-05-2024 16:09
9672,3,36,10-02-2025 23:08
9673,1,222,08-08-2024 09:31
9674,6,72,05-01-2025 05:27
9675,3,199,31-08-2024 18:51
9676,9,28,18-02-2025 17:50
9678,2,32,14-02-2025 22:21
9679,3,163,06-10-2024 16:29
9680,4,49,28-01-2025 22:37
9681,1,231,30-07-2024 02:28
9682,2,143,26-10-2024 18:36
9683,2,21,25-02-2025 16:40
9684,4,47,30-01-2025 10:37
9685,3,137,01-11-2024 11:01
9686,3,170,29-09-2024 08:16
9687,3,0,18-03-2025 01:59
9688,2,107,01-12-2024 09:58
9689,2,21,25-02-2025 14:03
9690,4,26,20-02-2025 07:08
9692,4,93,15-12-2024 04:44
9693,1,57,20-01-2025 10:19
9694,6,10,08-03-2025 12:08
9695,7,16,02-03-2025 01:31
9696,4,56,21-01-2025 07:51
9697,6,163,06-10-2024 22:23
9698,4,38,08-02-2025 21:33
9699,3,22,24-02-2025 00:25
9700,1,243,18-07-2024 06:17
9701,1,342,10-04-2024 06:05
9702,1,170,29-09-2024 09:57
9703,2,131,07-11-2024 04:39
9704,3,273,18-06-2024 23:52
9705,1,284,07-06-2024 04:34
9706,3,146,23-10-2024 10:12
9707,2,39,07-02-2025 23:55
9708,7,13,05-03-2025 17:39
9709,2,113,25-11-2024 13:41
9710,5,8,10-03-2025 01:56
9711,7,97,11-12-2024 09:02
9712,2,188,11-09-2024 04:47
9713,4,84,24-12-2024 13:38
9714,3,109,29-11-2024 15:47
9715,5,99,09-12-2024 20:27
9716,2,210,20-08-2024 10:32
9717,4,3,15-03-2025 04:07
9718,1,70,07-01-2025 10:47
9721,3,77,31-12-2024 18:56
9722,5,172,27-09-2024 00:08
9723,2,82,26-12-2024 00:12
9724,1,107,01-12-2024 08:25
9725,5,30,16-02-2025 02:24
9726,5,65,12-01-2025 19:41
9727,5,25,21-02-2025 14:51
9728,3,95,13-12-2024 03:37
9729,5,18,28-02-2025 17:57
9730,2,85,23-12-2024 07:46
9731,6,53,24-01-2025 02:25
9733,2,166,03-10-2024 15:52
9734,5,4,14-03-2025 09:56
9735,3,164,05-10-2024 01:15
9736,4,3,15-03-2025 20:42
9737,1,213,17-08-2024 05:11
9738,2,4,14-03-2025 07:54
9739,1,77,31-12-2024 07:58
9740,3,21,25-02-2025 00:42
9741,3,64,13-01-2025 22:25
9742,1,185,14-09-2024 22:41
9743,4,11,07-03-2025 13:17
9744,3,269,22-06-2024 08:39
9745,4,61,16-01-2025 09:17
9746,3,77,31-12-2024 08:32
9747,2,27,19-02-2025 03:58
9748,5,205,25-08-2024 19:59
9749,2,101,07-12-2024 12:57
9750,3,119,19-11-2024 05:06
9751,3,156,13-10-2024 09:58
9752,3,204,26-08-2024 13:57
9753,3,272,19-06-2024 19:02
9754,3,171,28-09-2024 12:09
9755,4,56,21-01-2025 15:28
9756,3,2,16-03-2025 00:44
9757,4,65,12-01-2025 23:07
9758,3,43,03-02-2025 06:51
9759,1,32,14-02-2025 02:14
9760,3,7,11-03-2025 05:34
9761,2,257,04-07-2024 02:00
9762,4,9,09-03-2025 00:23
9763,4,2,16-03-2025 03:46
9764,3,6,12-03-2025 23:48
9765,2,95,13-12-2024 14:55
9766,4,4,14-03-2025 06:24
9768,3,10,08-03-2025 18:49
9769,4,157,12-10-2024 19:47
9771,2,155,14-10-2024 20:19
9773,5,27,19-02-2025 23:03
9774,3,42,04-02-2025 10:05
9775,3,18,28-02-2025 16:24
9776,2,109,29-11-2024 15:23
9777,7,121,17-11-2024 04:14
9778,4,74,03-01-2025 21:00
9779,6,2,16-03-2025 03:01
9780,2,151,18-10-2024 22:03
9781,4,88,20-12-2024 05:38
9782,2,125,13-11-2024 02:32
9783,3,49,28-01-2025 18:20
9784,3,32,14-02-2025 23:57
9785,1,197,02-09-2024 04:03
9786,2,78,30-12-2024 23:49
9787,4,47,30-01-2025 14:57
9788,3,45,01-02-2025 17:16
9789,4,148,21-10-2024 09:23
9791,1,95,13-12-2024 08:03
9792,1,151,18-10-2024 14:38
9793,4,42,04-02-2025 23:27
9794,2,204,26-08-2024 11:35
9795,2,68,09-01-2025 03:32
9796,3,207,23-08-2024 14:05
9797,3,52,25-01-2025 13:41
9798,3,46,31-01-2025 22:36
9799,6,44,02-02-2025 15:33
9800,4,67,10-01-2025 08:47
9801,3,208,22-08-2024 06:21
9802,1,349,03-04-2024 02:06
9803,4,94,14-12-2024 15:31
9804,1,214,16-08-2024 07:28
9805,6,45,01-02-2025 18:35
9806,3,295,27-05-2024 08:28
9807,1,320,02-05-2024 15:23
9808,4,116,22-11-2024 11:05
9809,4,273,18-06-2024 01:53
9810,1,313,09-05-2024 00:43
9811,1,30,16-02-2025 00:02
9812,4,36,10-02-2025 14:45
9813,1,300,22-05-2024 23:06
9814,3,177,22-09-2024 16:07
9815,3,56,21-01-2025 11:26
9816,5,17,01-03-2025 10:57
9817,2,89,19-12-2024 06:27
9818,2,43,03-02-2025 18:28
9819,3,96,12-12-2024 23:06
9820,2,121,17-11-2024 04:35
9821,3,7,11-03-2025 19:39
9822,2,177,22-09-2024 04:56
9823,1,68,09-01-2025 14:53
9825,2,224,06-08-2024 09:22
9826,4,49,28-01-2025 12:24
9827,2,151,18-10-2024 10:01
9828,4,14,04-03-2025 14:44
9829,1,285,06-06-2024 18:04
9830,5,18,01-03-2025 00:00
9831,6,104,04-12-2024 22:39
9832,2,42,04-02-2025 21:56
9833,4,1,17-03-2025 12:51
9834,2,206,24-08-2024 00:14
9835,2,301,21-05-2024 07:01
9836,5,33,13-02-2025 09:13
9837,1,69,08-01-2025 01:51
9838,1,57,20-01-2025 17:53
9839,5,27,19-02-2025 07:00
9840,2,50,27-01-2025 18:59
9841,1,52,25-01-2025 10:20
9842,1,145,24-10-2024 19:33
9843,2,46,31-01-2025 02:22
9844,6,115,23-11-2024 15:42
9845,3,58,19-01-2025 09:15
9846,2,243,18-07-2024 05:28
9847,8,93,15-12-2024 20:23
9848,1,361,22-03-2024 00:08
9849,2,9,09-03-2025 01:39
9850,3,56,21-01-2025 14:54
9851,3,7,11-03-2025 13:37
9852,4,35,11-02-2025 18:30
9853,1,293,29-05-2024 03:20
9854,2,216,14-08-2024 12:12
9855,4,43,03-02-2025 15:38
9856,2,272,19-06-2024 01:55
9857,4,18,28-02-2025 05:41
9858,2,313,09-05-2024 02:00
9860,5,108,30-11-2024 23:06
9861,5,64,13-01-2025 06:36
9862,6,51,26-01-2025 11:39
9863,3,173,26-09-2024 05:44
9864,1,157,12-10-2024 21:26
9865,3,28,18-02-2025 17:34
9866,2,25,21-02-2025 19:04
9867,1,269,22-06-2024 16:22
9868,1,154,15-10-2024 08:12
9869,2,42,04-02-2025 18:53
9870,4,123,15-11-2024 13:45
9871,7,71,06-01-2025 20:03
9872,6,-1,19-03-2025 03:15
9873,1,158,11-10-2024 21:50
9874,2,3,15-03-2025 20:06
9875,5,238,23-07-2024 11:07
9876,3,12,06-03-2025 06:18
9877,2,240,21-07-2024 18:28
9878,4,192,07-09-2024 09:09
9879,2,18,28-02-2025 07:34
9880,4,151,18-10-2024 15:04
9881,6,70,07-01-2025 18:30
9882,1,137,01-11-2024 13:57
9883,4,93,15-12-2024 23:44
9884,4,87,21-12-2024 03:57
9885,1,103,05-12-2024 06:41
9886,5,15,03-03-2025 07:07
9887,6,15,03-03-2025 22:40
9888,2,115,23-11-2024 14:42
9889,2,225,05-08-2024 04:25
9890,4,25,21-02-2025 15:41
9891,1,357,26-03-2024 20:02
9893,1,304,18-05-2024 15:30
9894,2,211,19-08-2024 18:28
9895,4,116,22-11-2024 09:48
9896,2,65,12-01-2025 01:48
9897,2,151,18-10-2024 02:08
9898,3,40,06-02-2025 15:53
9899,1,222,08-08-2024 14:36
9900,2,0,18-03-2025 10:53
9901,3,170,29-09-2024 09:56
9902,4,79,29-12-2024 10:48
9903,2,159,10-10-2024 16:24
9904,3,167,02-10-2024 06:32
9905,3,72,05-01-2025 11:01
9906,1,153,16-10-2024 03:19
9907,2,99,09-12-2024 18:07
9908,4,143,26-10-2024 09:19
9909,3,19,27-02-2025 17:07
9910,5,46,31-01-2025 15:58
9911,3,12,06-03-2025 16:07
9912,4,4,14-03-2025 18:38
9913,5,15,03-03-2025 13:19
9914,1,20,26-02-2025 10:13
9915,4,42,04-02-2025 14:49
9916,2,201,29-08-2024 06:01
9917,2,95,13-12-2024 08:11
9918,5,7,11-03-2025 23:25
9919,4,39,07-02-2025 14:13
9920,1,260,01-07-2024 09:10
9922,4,2,16-03-2025 01:49
9924,5,71,06-01-2025 18:48
9925,4,15,03-03-2025 06:31
9926,7,15,03-03-2025 13:28
9928,2,214,16-08-2024 11:23
9929,2,111,27-11-2024 00:39
9930,3,20,26-02-2025 11:22
9931,5,147,22-10-2024 12:57
9932,6,55,22-01-2025 06:34
9933,1,66,11-01-2025 23:12
9934,2,171,28-09-2024 11:12
9935,1,364,19-03-2024 07:01
9936,2,90,18-12-2024 20:38
9937,3,310,12-05-2024 04:23
9938,3,185,14-09-2024 12:45
9939,3,200,30-08-2024 00:02
9941,3,98,10-12-2024 11:07
9942,2,333,19-04-2024 10:37
9943,3,27,19-02-2025 05:49
9944,2,313,09-05-2024 19:31
9945,2,153,16-10-2024 10:34
9946,4,19,27-02-2025 08:13
9947,4,135,03-11-2024 01:03
9948,3,101,07-12-2024 03:57
9949,3,36,10-02-2025 21:00
9950,3,60,17-01-2025 11:45
9951,3,137,01-11-2024 20:42
9952,3,9,09-03-2025 11:36
9953,2,71,06-01-2025 02:16
9954,1,169,30-09-2024 17:35
9955,3,31,15-02-2025 14:56
9956,2,162,07-10-2024 07:49
9957,3,98,10-12-2024 10:26
9959,4,39,07-02-2025 13:36
9960,2,16,02-03-2025 17:47
9961,2,35,11-02-2025 11:49
9962,4,47,30-01-2025 18:53
9963,2,198,01-09-2024 06:58
9964,5,105,03-12-2024 09:40
9965,2,36,10-02-2025 08:27
9966,4,166,03-10-2024 06:20
9967,5,60,17-01-2025 04:32
9968,2,83,25-12-2024 03:36
9969,6,1,17-03-2025 08:15
9970,3,59,18-01-2025 09:43
9971,4,92,16-12-2024 07:31
9972,3,175,24-09-2024 05:01
9974,3,3,15-03-2025 17:27
9975,7,21,25-02-2025 02:32
9976,3,108,30-11-2024 07:28
9977,5,14,04-03-2025 05:22
9978,2,152,17-10-2024 06:30
9979,6,27,19-02-2025 09:47
9980,5,13,05-03-2025 17:16
9981,3,76,01-01-2025 09:07
9982,2,19,27-02-2025 22:46
9984,6,95,13-12-2024 16:31
9985,5,75,02-01-2025 20:19
9986,1,234,27-07-2024 20:18
9987,4,195,04-09-2024 20:59
9988,5,25,21-02-2025 07:02
9989,2,57,20-01-2025 04:10
9990,3,167,02-10-2024 10:59
9991,2,5,13-03-2025 05:05
9992,4,47,30-01-2025 07:12
9993,2,58,19-01-2025 10:24
1,3,36,10-02-2025 11:32
10,3,20,26-02-2025 00:23
12,3,36,10-02-2025 21:30
51,3,0,18-03-2025 14:47
68,3,99,09-12-2024 18:30
81,3,87,21-12-2024 19:45
84,3,73,04-01-2025 02:13
112,3,63,14-01-2025 11:02
116,3,11,07-03-2025 19:52
136,3,3,15-03-2025 17:26
141,3,6,12-03-2025 16:41
147,3,57,20-01-2025 08:12
148,3,11,07-03-2025 13:00
161,3,44,02-02-2025 04:09
171,3,18,28-02-2025 09:05
198,3,128,10-11-2024 11:50
201,3,139,30-10-2024 15:00
203,3,28,18-02-2025 16:03
215,3,8,10-03-2025 00:03
217,3,89,19-12-2024 07:59
254,3,14,04-03-2025 21:31
256,3,34,12-02-2025 00:54
261,3,79,29-12-2024 00:58
266,3,30,16-02-2025 14:11
294,3,0,18-03-2025 14:06
298,3,15,03-03-2025 10:37
301,3,79,29-12-2024 19:34
306,3,202,28-08-2024 15:56
328,3,10,08-03-2025 00:12
347,3,60,17-01-2025 11:18
350,3,15,03-03-2025 12:42
363,3,68,09-01-2025 05:00
391,3,28,18-02-2025 07:44
401,3,113,25-11-2024 06:29
406,3,194,05-09-2024 03:59
408,3,9,09-03-2025 15:46
409,3,109,29-11-2024 14:23
438,3,53,24-01-2025 22:21
462,3,17,01-03-2025 11:10
483,3,23,23-02-2025 16:14
485,3,55,22-01-2025 19:49
510,3,51,26-01-2025 02:11
512,3,1,17-03-2025 21:54
593,3,57,20-01-2025 21:55
599,3,169,30-09-2024 00:53
603,3,0,18-03-2025 09:48
610,3,49,28-01-2025 13:45
612,3,39,07-02-2025 15:27
622,3,40,06-02-2025 23:59
625,3,13,05-03-2025 07:12
627,3,2,16-03-2025 04:24
634,3,65,12-01-2025 07:24
641,3,206,24-08-2024 00:21
650,3,62,15-01-2025 04:16
653,3,53,24-01-2025 02:06
660,3,10,08-03-2025 00:04
669,3,29,17-02-2025 05:36
685,3,93,15-12-2024 17:07
716,3,2,16-03-2025 18:01
740,3,97,11-12-2024 17:18
744,3,107,01-12-2024 06:02
750,3,32,14-02-2025 14:02
755,3,104,04-12-2024 16:39
761,3,33,13-02-2025 00:53
807,3,27,19-02-2025 00:07
814,3,33,13-02-2025 21:27
826,3,26,20-02-2025 10:27
829,3,2,16-03-2025 03:53
830,3,146,23-10-2024 18:21
832,3,4,14-03-2025 19:21
857,3,2,16-03-2025 01:30
858,3,7,11-03-2025 11:18
864,3,8,10-03-2025 15:56
879,3,24,22-02-2025 05:31
886,3,22,24-02-2025 08:56
890,3,70,07-01-2025 09:31
891,3,103,05-12-2024 10:06
950,3,0,18-03-2025 18:43
956,3,9,09-03-2025 09:36
977,3,38,08-02-2025 11:59
979,3,37,09-02-2025 07:08
998,3,13,05-03-2025 03:20
1003,3,0,18-03-2025 19:21
1013,3,0,18-03-2025 18:22
1040,3,20,26-02-2025 03:53
1041,3,18,28-02-2025 13:57
1052,3,82,26-12-2024 17:45
1059,3,62,15-01-2025 21:43
1063,3,42,04-02-2025 13:17
1064,3,79,29-12-2024 16:15
1092,3,91,17-12-2024 06:32
1096,3,31,15-02-2025 00:12
1124,3,58,19-01-2025 12:29
1140,3,7,11-03-2025 22:05
1145,3,10,08-03-2025 17:47
1174,3,54,23-01-2025 03:26
1201,3,-1,19-03-2025 05:23
1227,3,7,11-03-2025 12:16
1247,3,11,07-03-2025 07:10
1252,3,182,17-09-2024 05:45
1262,3,191,08-09-2024 22:50
1284,3,8,10-03-2025 18:08
1321,3,64,13-01-2025 13:23
1338,3,77,31-12-2024 01:50
1350,3,13,05-03-2025 23:54
1356,3,7,11-03-2025 14:43
1364,3,80,28-12-2024 15:45
1369,3,0,18-03-2025 22:59
1376,3,43,03-02-2025 10:16
1378,3,7,11-03-2025 21:30
1382,3,212,18-08-2024 03:29
1399,3,77,31-12-2024 14:58
1405,3,1,17-03-2025 20:20
1423,3,57,20-01-2025 20:52
1477,3,47,30-01-2025 03:16
1478,3,34,12-02-2025 14:57
1484,3,54,23-01-2025 17:17
1486,3,15,03-03-2025 09:21
1510,3,41,05-02-2025 18:19
1523,3,158,11-10-2024 03:59
1533,3,59,18-01-2025 20:52
1534,3,68,09-01-2025 15:13
1542,3,71,06-01-2025 22:01
1583,3,49,28-01-2025 22:19
1585,3,17,01-03-2025 09:09
1591,3,84,24-12-2024 04:14
1595,3,8,10-03-2025 17:55
1601,3,20,26-02-2025 21:19
1660,3,54,23-01-2025 09:03
1678,3,1,17-03-2025 02:45
1709,3,43,03-02-2025 09:45
1715,3,15,03-03-2025 19:02
1718,3,0,18-03-2025 20:07
1767,3,46,31-01-2025 01:47
1793,3,31,15-02-2025 04:36
1795,3,103,05-12-2024 05:44
1796,3,38,08-02-2025 09:38
1827,3,124,14-11-2024 03:54
1830,3,32,14-02-2025 15:31
1841,3,25,21-02-2025 19:52
1845,3,12,06-03-2025 12:25
1888,3,86,22-12-2024 17:53
1922,3,133,05-11-2024 21:51
1924,3,5,13-03-2025 17:46
1938,3,25,21-02-2025 09:59
1950,3,47,30-01-2025 07:17
1955,3,74,03-01-2025 19:07
1981,3,10,08-03-2025 19:52
1982,3,8,10-03-2025 06:43
1989,3,20,26-02-2025 19:38
2006,3,48,29-01-2025 04:16
2007,3,13,05-03-2025 21:28
2017,3,15,03-03-2025 23:05
2030,3,103,05-12-2024 12:49
2035,3,116,22-11-2024 05:58
2036,3,59,18-01-2025 21:08
2037,3,6,12-03-2025 07:21
2047,3,12,06-03-2025 09:17
2066,3,72,05-01-2025 10:13
2068,3,8,10-03-2025 14:45
2088,3,47,30-01-2025 19:20
2090,3,94,14-12-2024 02:34
2126,3,31,15-02-2025 14:54
2131,3,40,06-02-2025 00:32
2156,3,63,14-01-2025 21:41
2161,3,21,25-02-2025 23:07
2168,3,33,13-02-2025 14:13
2173,3,61,16-01-2025 16:12
2186,3,6,12-03-2025 15:08
2188,3,12,06-03-2025 10:51
2198,3,23,23-02-2025 19:54
2199,3,40,06-02-2025 13:38
2211,3,20,26-02-2025 04:14
2225,3,46,31-01-2025 09:22
2231,3,11,07-03-2025 00:15
2235,3,26,20-02-2025 12:28
2239,3,9,09-03-2025 00:28
2274,3,108,30-11-2024 15:50
2281,3,30,16-02-2025 12:41
2316,3,122,16-11-2024 00:48
2340,3,6,12-03-2025 01:32
2347,3,125,13-11-2024 19:04
2375,3,149,20-10-2024 07:46
2383,3,145,24-10-2024 06:57
2447,3,16,02-03-2025 07:10
2456,3,43,03-02-2025 06:31
2471,3,20,26-02-2025 17:20
2492,3,8,10-03-2025 12:49
2499,3,24,22-02-2025 10:12
2505,3,17,01-03-2025 17:14
2532,3,49,28-01-2025 21:09
2544,3,67,10-01-2025 08:11
2602,3,44,02-02-2025 12:32
2603,3,84,24-12-2024 06:35
2619,3,7,11-03-2025 17:24
2620,3,47,30-01-2025 19:53
2655,3,132,06-11-2024 14:56
2661,3,93,15-12-2024 00:26
2688,3,75,02-01-2025 17:24
2703,3,24,22-02-2025 00:23
2708,3,27,19-02-2025 13:22
2716,3,76,01-01-2025 22:00
2730,3,17,01-03-2025 05:02
2736,3,126,12-11-2024 07:00
2765,3,65,12-01-2025 04:38
2785,3,101,07-12-2024 10:36
2791,3,28,18-02-2025 08:56
2802,3,17,01-03-2025 13:55
2806,3,88,20-12-2024 08:12
2856,3,210,20-08-2024 23:20
2879,3,5,13-03-2025 10:54
2887,3,102,06-12-2024 20:43
2899,3,25,21-02-2025 08:57
2900,3,53,24-01-2025 00:29
2941,3,23,23-02-2025 03:04
2967,3,49,28-01-2025 13:04
2977,3,38,08-02-2025 14:02
2997,3,10,08-03-2025 00:28
3035,3,71,06-01-2025 22:57
3036,3,20,26-02-2025 05:31
3045,3,67,10-01-2025 18:41
3086,3,106,02-12-2024 10:09
3114,3,117,21-11-2024 20:44
3126,3,103,05-12-2024 01:27
3128,3,15,03-03-2025 11:43
3138,3,9,09-03-2025 11:21
3139,3,3,15-03-2025 01:16
3158,3,0,18-03-2025 11:50
3190,3,14,04-03-2025 05:17
3203,3,44,02-02-2025 01:11
3204,3,31,15-02-2025 05:58
3248,3,83,25-12-2024 17:40
3264,3,4,14-03-2025 16:38
3268,3,4,14-03-2025 09:17
3273,3,14,04-03-2025 02:17
3275,3,47,30-01-2025 18:04
3308,3,2,16-03-2025 14:32
3324,3,36,10-02-2025 06:56
3355,3,86,22-12-2024 03:04
3360,3,51,26-01-2025 14:05
3379,3,18,28-02-2025 07:01
3435,3,43,03-02-2025 00:34
3458,3,23,23-02-2025 05:21
3488,3,0,18-03-2025 19:48
3493,3,11,07-03-2025 02:26
3500,3,169,30-09-2024 23:22
3512,3,17,01-03-2025 20:30
3514,3,124,14-11-2024 13:32
3523,3,34,12-02-2025 20:21
3524,3,47,30-01-2025 23:15
3529,3,25,21-02-2025 05:18
3530,3,64,13-01-2025 02:02
3543,3,25,21-02-2025 01:02
3566,3,37,09-02-2025 02:43
3576,3,20,26-02-2025 06:19
3585,3,11,07-03-2025 06:45
3591,3,32,14-02-2025 16:01
3612,3,0,18-03-2025 05:25
3643,3,71,06-01-2025 16:24
3664,3,75,02-01-2025 01:02
3668,3,96,12-12-2024 15:41
3701,3,8,10-03-2025 05:45
3709,3,180,19-09-2024 23:50
3710,3,155,14-10-2024 23:20
3714,3,41,05-02-2025 23:19
3767,3,27,19-02-2025 12:43
3797,3,40,06-02-2025 11:19
3804,3,1,17-03-2025 12:10
3807,3,14,04-03-2025 06:19
3896,3,23,23-02-2025 20:08
3912,3,46,31-01-2025 11:56
3919,3,0,18-03-2025 20:46
3928,3,72,05-01-2025 00:41
3930,3,24,22-02-2025 01:25
3954,3,36,10-02-2025 02:34
3955,3,27,19-02-2025 00:52
3985,3,12,06-03-2025 05:06
3993,3,35,11-02-2025 06:05
3996,3,39,07-02-2025 03:56
4003,3,52,25-01-2025 06:33
4008,3,69,08-01-2025 10:22
4016,3,152,17-10-2024 16:52
4017,3,53,24-01-2025 12:44
4028,3,66,11-01-2025 19:37
4039,3,11,07-03-2025 09:37
4057,3,136,02-11-2024 12:07
4063,3,56,21-01-2025 22:23
4080,3,23,23-02-2025 02:50
4084,3,12,06-03-2025 11:57
4106,3,0,18-03-2025 20:52
4111,3,32,14-02-2025 08:48
4114,3,102,06-12-2024 17:33
4123,3,49,28-01-2025 22:24
4128,3,54,23-01-2025 05:13
4131,3,18,28-02-2025 09:39
4168,3,74,03-01-2025 14:52
4173,3,21,25-02-2025 07:56
4215,3,20,26-02-2025 17:49
4219,3,3,15-03-2025 08:20
4227,3,15,03-03-2025 12:23
4243,3,67,10-01-2025 00:36
4290,3,30,16-02-2025 17:05
4304,3,2,16-03-2025 02:09
4311,3,17,01-03-2025 21:11
4320,3,3,15-03-2025 02:00
4350,3,9,09-03-2025 19:37
4356,3,28,18-02-2025 11:52
4364,3,51,26-01-2025 10:13
4385,3,-1,19-03-2025 03:55
4387,3,93,15-12-2024 23:29
4419,3,4,14-03-2025 14:52
4442,3,16,02-03-2025 06:38
4446,3,10,08-03-2025 23:06
4452,3,0,18-03-2025 22:54
4533,3,5,13-03-2025 12:23
4545,3,14,04-03-2025 13:33
4569,3,75,02-01-2025 04:06
4653,3,25,21-02-2025 01:41
4685,3,15,03-03-2025 11:34
4697,3,142,27-10-2024 04:09
4705,3,8,10-03-2025 19:55
4711,3,95,13-12-2024 02:40
4726,3,0,18-03-2025 03:23
4744,3,62,15-01-2025 08:51
4834,3,10,08-03-2025 23:08
4835,3,55,22-01-2025 01:16
4848,3,1,17-03-2025 04:23
4876,3,19,27-02-2025 16:03
4906,3,29,17-02-2025 16:34
4917,3,89,19-12-2024 04:41
4947,3,56,21-01-2025 22:17
4958,3,36,10-02-2025 21:27
4971,3,68,09-01-2025 19:47
4975,3,35,11-02-2025 21:33
4977,3,39,07-02-2025 23:38
5005,3,69,08-01-2025 05:09
5030,3,10,08-03-2025 19:51
5091,3,6,12-03-2025 18:59
5094,3,136,02-11-2024 04:57
5117,3,12,06-03-2025 23:51
5121,3,1,17-03-2025 17:10
5127,3,46,31-01-2025 17:18
5134,3,62,15-01-2025 20:11
5145,3,31,15-02-2025 00:19
5147,3,88,20-12-2024 03:24
5149,3,43,03-02-2025 11:50
5150,3,118,20-11-2024 02:19
5154,3,41,05-02-2025 07:03
5171,3,16,02-03-2025 13:35
5195,3,148,21-10-2024 09:35
5202,3,49,28-01-2025 15:10
5207,3,103,05-12-2024 11:35
5211,3,34,12-02-2025 03:04
5218,3,44,02-02-2025 09:10
5220,3,82,26-12-2024 01:04
5222,3,129,09-11-2024 23:05
5226,3,17,01-03-2025 12:30
5253,3,70,07-01-2025 14:50
5270,3,2,16-03-2025 23:54
5286,3,216,14-08-2024 02:41
5292,3,9,09-03-2025 07:01
5301,3,34,12-02-2025 01:28
5305,3,44,02-02-2025 02:00
5315,3,13,05-03-2025 15:01
5319,3,18,28-02-2025 18:10
5363,3,26,20-02-2025 21:10
5365,3,30,16-02-2025 15:11
5374,3,18,28-02-2025 08:42
5384,3,1,17-03-2025 18:59
5454,3,51,26-01-2025 00:59
5515,3,104,04-12-2024 11:35
5521,3,92,16-12-2024 06:16
5524,3,2,16-03-2025 10:34
5534,3,3,15-03-2025 17:24
5536,3,22,24-02-2025 07:35
5545,3,49,28-01-2025 11:15
5551,3,61,16-01-2025 05:46
5593,3,26,20-02-2025 19:09
5595,3,99,09-12-2024 20:09
5602,3,32,14-02-2025 21:27
5608,3,19,27-02-2025 20:11
5615,3,16,02-03-2025 11:45
5634,3,159,10-10-2024 22:21
5635,3,74,03-01-2025 11:57
5637,3,8,10-03-2025 18:15
5646,3,82,26-12-2024 03:48
5703,3,59,18-01-2025 17:08
5705,3,82,26-12-2024 00:28
5724,3,12,06-03-2025 06:04
5759,3,86,22-12-2024 20:18
5771,3,7,11-03-2025 09:36
5811,3,17,01-03-2025 14:34
5841,3,84,24-12-2024 14:52
5842,3,46,31-01-2025 10:58
5852,3,37,09-02-2025 20:47
5879,3,30,16-02-2025 08:38
5881,3,110,28-11-2024 15:40
5890,3,61,16-01-2025 07:47
5896,3,4,14-03-2025 14:40
5906,3,7,11-03-2025 09:41
5983,3,6,12-03-2025 03:22
6009,3,4,14-03-2025 09:41
6016,3,21,25-02-2025 10:30
6029,3,35,11-02-2025 04:20
6037,3,38,08-02-2025 03:13
6039,3,-1,19-03-2025 04:51
6058,3,76,01-01-2025 11:04
6091,3,7,11-03-2025 06:43
6100,3,51,26-01-2025 00:37
6105,3,52,25-01-2025 17:50
6110,3,49,28-01-2025 19:31
6128,3,99,09-12-2024 10:54
6136,3,105,03-12-2024 21:13
6149,3,13,05-03-2025 09:20
6190,3,29,17-02-2025 10:44
6192,3,143,26-10-2024 05:19
6193,3,7,11-03-2025 07:23
6229,3,42,04-02-2025 10:30
6233,3,61,16-01-2025 07:30
6261,3,40,06-02-2025 00:07
6275,3,45,01-02-2025 01:23
6282,3,17,01-03-2025 10:08
6286,3,166,03-10-2024 06:34
6304,3,92,16-12-2024 01:11
6340,3,13,05-03-2025 01:48
6351,3,17,01-03-2025 20:33
6397,3,4,14-03-2025 23:28
6416,3,2,16-03-2025 14:28
6418,3,63,14-01-2025 16:32
6434,3,88,20-12-2024 19:35
6444,3,14,04-03-2025 01:47
6483,3,31,15-02-2025 12:36
6488,3,18,28-02-2025 05:27
6497,3,29,17-02-2025 01:32
6504,3,52,25-01-2025 10:57
6513,3,34,12-02-2025 00:34
6536,3,87,21-12-2024 19:46
6547,3,11,07-03-2025 10:06
6548,3,20,26-02-2025 11:02
6559,3,6,12-03-2025 21:35
6569,3,48,29-01-2025 15:53
6572,3,8,10-03-2025 07:10
6596,3,8,10-03-2025 17:27
6600,3,106,02-12-2024 15:49
6611,3,17,01-03-2025 22:02
6644,3,55,22-01-2025 17:11
6653,3,91,17-12-2024 18:48
6669,3,72,05-01-2025 15:05
6689,3,3,15-03-2025 10:46
6723,3,1,17-03-2025 17:21
6729,3,4,14-03-2025 01:39
6734,3,9,09-03-2025 23:05
6742,3,1,17-03-2025 17:31
6743,3,20,26-02-2025 03:00
6766,3,81,27-12-2024 19:14
6799,3,1,17-03-2025 09:29
6800,3,5,13-03-2025 22:31
6805,3,18,28-02-2025 22:17
6808,3,50,27-01-2025 21:58
6814,3,3,15-03-2025 09:15
6827,3,17,01-03-2025 11:34
6847,3,11,07-03-2025 00:05
6865,3,17,01-03-2025 07:10
6876,3,6,12-03-2025 03:36
6892,3,133,05-11-2024 05:59
6894,3,27,19-02-2025 01:45
6904,3,5,13-03-2025 16:49
6905,3,40,06-02-2025 20:42
6928,3,72,05-01-2025 23:22
6936,3,12,06-03-2025 20:24
6938,3,17,01-03-2025 00:37
6939,3,57,20-01-2025 01:24
6948,3,6,12-03-2025 14:32
6952,3,14,04-03-2025 01:21
6985,3,218,12-08-2024 01:53
6990,3,97,11-12-2024 02:53
6997,3,3,15-03-2025 04:29
6999,3,22,24-02-2025 16:02
7002,3,27,19-02-2025 18:42
7009,3,4,14-03-2025 21:09
7010,3,5,13-03-2025 22:05
7027,3,36,10-02-2025 08:38
7037,3,195,04-09-2024 03:40
7048,3,33,13-02-2025 15:13
7054,3,14,04-03-2025 18:32
7057,3,7,11-03-2025 17:36
7070,3,18,28-02-2025 18:31
7083,3,75,02-01-2025 14:56
7110,3,7,11-03-2025 08:27
7134,3,19,27-02-2025 13:19
7148,3,2,16-03-2025 17:14
7155,3,10,08-03-2025 21:24
7159,3,20,26-02-2025 07:33
7175,3,3,15-03-2025 12:46
7192,3,119,19-11-2024 19:29
7198,3,17,01-03-2025 18:41
7218,3,20,26-02-2025 19:21
7241,3,18,28-02-2025 04:53
7251,3,20,26-02-2025 12:02
7264,3,75,02-01-2025 19:10
7273,3,63,14-01-2025 07:11
7298,3,18,28-02-2025 17:54
7324,3,86,22-12-2024 04:46
7390,3,143,26-10-2024 17:56
7416,3,11,07-03-2025 21:14
7440,3,48,29-01-2025 19:54
7480,3,23,23-02-2025 09:56
7522,3,16,02-03-2025 12:47
7546,3,126,12-11-2024 01:57
7565,3,2,16-03-2025 20:47
7594,3,17,01-03-2025 06:41
7641,3,97,11-12-2024 02:35
7658,3,292,30-05-2024 03:34
7676,3,161,08-10-2024 14:44
7684,3,10,08-03-2025 05:23
7688,3,36,10-02-2025 07:22
7702,3,16,02-03-2025 23:05
7841,3,53,24-01-2025 18:27
7853,3,32,14-02-2025 16:33
7875,3,33,13-02-2025 11:00
7880,3,26,20-02-2025 10:50
7910,3,23,23-02-2025 21:31
7938,3,118,20-11-2024 15:35
7953,3,204,26-08-2024 20:55
7961,3,14,04-03-2025 18:59
7967,3,6,12-03-2025 03:37
7970,3,6,12-03-2025 16:37
7977,3,41,05-02-2025 13:33
7993,3,53,24-01-2025 00:38
8017,3,49,28-01-2025 15:43
8028,3,3,15-03-2025 03:49
8033,3,25,21-02-2025 11:53
8073,3,30,16-02-2025 00:42
8089,3,15,03-03-2025 18:53
8098,3,35,11-02-2025 18:04
8113,3,61,16-01-2025 02:11
8122,3,1,17-03-2025 11:51
8165,3,20,26-02-2025 10:04
8188,3,83,25-12-2024 07:23
8192,3,55,22-01-2025 11:49
8217,3,29,17-02-2025 07:32
8229,3,38,08-02-2025 23:22
8247,3,13,05-03-2025 16:55
8255,3,13,05-03-2025 18:31
8258,3,23,23-02-2025 19:26
8259,3,37,09-02-2025 19:08
8294,3,20,26-02-2025 07:37
8331,3,37,09-02-2025 06:14
8341,3,6,12-03-2025 14:14
8364,3,21,25-02-2025 03:39
8367,3,185,14-09-2024 14:27
8370,3,3,15-03-2025 00:11
8375,3,139,30-10-2024 10:46
8405,3,3,15-03-2025 02:27
8406,3,2,16-03-2025 14:04
8418,3,1,17-03-2025 06:52
8433,3,11,07-03-2025 17:52
8436,3,13,05-03-2025 15:53
8443,3,6,12-03-2025 16:15
8469,3,81,27-12-2024 03:52
8473,3,11,07-03-2025 14:28
8494,3,37,09-02-2025 04:26
8500,3,17,01-03-2025 08:01
8507,3,62,15-01-2025 22:05
8511,3,14,04-03-2025 22:46
8515,3,17,01-03-2025 15:09
8520,3,30,16-02-2025 12:06
8546,3,54,23-01-2025 16:10
8580,3,19,27-02-2025 18:04
8582,3,13,05-03-2025 12:56
8609,3,37,09-02-2025 19:47
8639,3,12,06-03-2025 05:02
8651,3,10,08-03-2025 09:30
8663,3,19,27-02-2025 14:59
8680,3,9,09-03-2025 00:01
8699,3,1,17-03-2025 08:44
8733,3,63,14-01-2025 19:02
8740,3,-1,19-03-2025 03:32
8750,3,76,01-01-2025 17:28
8754,3,27,19-02-2025 07:38
8757,3,17,01-03-2025 07:30
8774,3,24,22-02-2025 22:56
8791,3,4,14-03-2025 19:34
8794,3,30,16-02-2025 06:00
8801,3,24,22-02-2025 02:10
8821,3,49,28-01-2025 12:39
8839,3,42,04-02-2025 22:22
8847,3,31,15-02-2025 17:15
8849,3,8,10-03-2025 16:41
8870,3,9,09-03-2025 00:43
8872,3,-1,19-03-2025 04:04
8876,3,26,20-02-2025 13:11
8901,3,3,15-03-2025 01:21
8904,3,15,03-03-2025 00:23
8928,3,42,04-02-2025 10:50
8930,3,98,10-12-2024 13:02
8954,3,54,23-01-2025 23:04
8963,3,8,10-03-2025 14:11
9000,3,91,17-12-2024 16:55
9018,3,20,26-02-2025 09:12
9023,3,158,11-10-2024 13:06
9077,3,56,21-01-2025 17:20
9129,3,6,12-03-2025 06:24
9137,3,102,06-12-2024 01:16
9153,3,51,26-01-2025 17:02
9156,3,21,25-02-2025 01:19
9180,3,19,27-02-2025 19:44
9231,3,61,16-01-2025 20:23
9234,3,147,22-10-2024 11:10
9241,3,14,04-03-2025 00:43
9251,3,18,28-02-2025 22:43
9259,3,143,26-10-2024 03:04
9274,3,138,31-10-2024 21:17
9277,3,69,08-01-2025 09:23
9297,3,48,29-01-2025 16:02
9308,3,11,07-03-2025 20:54
9320,3,46,31-01-2025 20:49
9322,3,11,07-03-2025 13:34
9358,3,0,18-03-2025 07:10
9371,3,5,13-03-2025 01:07
9373,3,21,25-02-2025 08:24
9377,3,102,06-12-2024 14:43
9378,3,7,11-03-2025 06:27
9413,3,43,03-02-2025 12:05
9424,3,6,12-03-2025 17:34
9427,3,2,16-03-2025 17:28
9433,3,28,18-02-2025 16:39
9442,3,31,15-02-2025 07:15
9443,3,23,23-02-2025 22:54
9450,3,40,06-02-2025 06:24
9462,3,37,09-02-2025 16:29
9480,3,11,07-03-2025 17:38
9497,3,32,14-02-2025 20:08
9514,3,141,28-10-2024 05:29
9518,3,23,23-02-2025 03:21
9545,3,115,23-11-2024 05:32
9549,3,14,04-03-2025 12:55
9557,3,3,15-03-2025 17:12
9558,3,26,20-02-2025 12:17
9566,3,59,18-01-2025 17:32
9568,3,19,27-02-2025 05:55
9600,3,96,12-12-2024 21:29
9605,3,70,07-01-2025 12:43
9614,3,3,15-03-2025 20:06
9618,3,4,14-03-2025 02:17
9624,3,11,07-03-2025 07:15
9629,3,129,09-11-2024 18:36
9658,3,47,30-01-2025 21:57
9677,3,12,06-03-2025 03:23
9691,3,14,04-03-2025 11:14
9719,3,20,26-02-2025 21:03
9720,3,4,14-03-2025 21:13
9732,3,9,09-03-2025 04:37
9767,3,7,11-03-2025 14:34
9770,3,44,02-02-2025 15:19
9772,3,69,08-01-2025 13:15
9790,3,38,08-02-2025 19:59
9824,3,15,03-03-2025 09:46
9859,3,49,28-01-2025 00:26
9892,3,103,05-12-2024 05:21
9921,3,0,18-03-2025 05:24
9923,3,73,04-01-2025 07:23
9927,3,44,02-02-2025 18:46
9940,3,21,25-02-2025 16:39
9958,3,2,16-03-2025 08:12
9973,3,27,19-02-2025 16:14
9983,3,142,27-10-2024 21:26
9994,3,62,15-01-2025 18:04
9995,3,22,24-02-2025 01:49
9996,3,37,09-02-2025 13:31
9997,3,14,04-03-2025 01:48
9998,3,37,09-02-2025 13:51
9999,3,34,12-02-2025 09:48
10000,3,7,11-03-2025 14:55
1816,4,22,24-02-2025 02:43
3700,2,42,04-02-2025 05:37
5185,4,86,22-12-2024 12:15
8038,3,26,20-02-2025 11:00
9236,4,40,06-02-2025 01:04
9569,3,102,06-12-2024 12:45
